{
  "packets":{
    "actorList":["0-288","0-289","0-290","0-291","0-292"],
    "ai":[],
    "cellChangeFrom":[],
    "cellChangeTo":[],
    "container":["266232-0","266233-0","266312-0","266313-0","266315-0","266319-0","266320-0","266322-0","266332-0","266333-0","266382-0","266383-0","266386-0","266387-0","266388-0"],
    "death":[],
    "delete":[],
    "doorState":[],
    "equipment":[],
    "lock":[],
    "place":[],
    "position":["0-288","0-289","0-290","0-291","0-292"],
    "scale":[],
    "spawn":["0-288","0-289","0-290","0-291","0-292"],
    "state":[],
    "statsDynamic":["0-288","0-289","0-290","0-291","0-292"],
    "trap":[]
  },
  "entry":{
    "creationTime":1587716203,
    "description":"-2, -7"
  },
  "lastVisit":{
    "Spear":1587717301,
    "Jeff":1588220354,
    "Rick Harrison":1587716635
  },
  "recordLinks":[],
  "objectData":{
    "266386-0":{
      "refId":"flora_bc_mushroom_08",
      "inventory":[{
          "refId":"ingred_coprinus_01",
          "count":2,
          "charge":-1,
          "enchantmentCharge":-1,
          "soul":""
        }]
    },
    "266387-0":{
      "refId":"flora_bc_mushroom_08",
      "inventory":[{
          "refId":"ingred_coprinus_01",
          "count":2,
          "charge":-1,
          "enchantmentCharge":-1,
          "soul":""
        }]
    },
    "0-289":{
      "refId":"nix-hound",
      "location":{
        "posX":-11922.159179688,
        "posZ":1401.4621582031,
        "posY":-55229.1484375,
        "rotX":-0.38694021105766,
        "rotY":0,
        "rotZ":0.69618487358093
      },
      "stats":{
        "healthCurrent":23,
        "magickaCurrent":10,
        "healthModified":23,
        "fatigueBase":400,
        "fatigueModified":400,
        "healthBase":23,
        "magickaModified":10,
        "magickaBase":10,
        "fatigueCurrent":400
      }
    },
    "266388-0":{
      "refId":"flora_bc_mushroom_08",
      "inventory":[{
          "refId":"ingred_coprinus_01",
          "count":2,
          "charge":-1,
          "enchantmentCharge":-1,
          "soul":""
        }]
    },
    "0-291":{
      "refId":"scrib",
      "location":{
        "posX":-12825.853515625,
        "posZ":818.47955322266,
        "posY":-53707.3203125,
        "rotX":-0.028098667040467,
        "rotY":0,
        "rotZ":-0.8253116607666
      },
      "stats":{
        "healthCurrent":8,
        "magickaCurrent":12,
        "healthModified":8,
        "fatigueBase":300,
        "fatigueModified":300,
        "healthBase":8,
        "magickaModified":12,
        "magickaBase":12,
        "fatigueCurrent":300
      }
    },
    "266232-0":{
      "refId":"flora_bc_mushroom_07",
      "inventory":[]
    },
    "0-290":{
      "refId":"nix-hound",
      "location":{
        "posX":-13719.51953125,
        "posZ":687.72534179688,
        "posY":-55613.984375,
        "rotX":-1.0878386497498,
        "rotY":0,
        "rotZ":0.80864977836609
      },
      "stats":{
        "healthCurrent":23,
        "magickaCurrent":10,
        "healthModified":23,
        "fatigueBase":400,
        "fatigueModified":400,
        "healthBase":23,
        "magickaModified":10,
        "magickaBase":10,
        "fatigueCurrent":400
      }
    },
    "266313-0":{
      "refId":"flora_bc_mushroom_01",
      "inventory":[]
    },
    "266332-0":{
      "refId":"flora_bc_shelffungus_02",
      "inventory":[{
          "refId":"ingred_bc_bungler's_bane",
          "count":1,
          "charge":-1,
          "enchantmentCharge":-1,
          "soul":""
        }]
    },
    "266233-0":{
      "refId":"flora_bc_mushroom_07",
      "inventory":[]
    },
    "266322-0":{
      "refId":"flora_bc_fern_01",
      "inventory":[{
          "refId":"ingred_bc_spore_pod",
          "count":3,
          "charge":-1,
          "enchantmentCharge":-1,
          "soul":""
        }]
    },
    "0-292":{
      "refId":"rat",
      "location":{
        "posX":-14080.701171875,
        "posZ":-3.8427243232727,
        "posY":-56990.87109375,
        "rotX":-0.23178286850452,
        "rotY":0,
        "rotZ":2.5355236530304
      },
      "stats":{
        "healthCurrent":23,
        "magickaCurrent":10,
        "healthModified":23,
        "fatigueBase":300,
        "fatigueModified":300,
        "healthBase":23,
        "magickaModified":10,
        "magickaBase":10,
        "fatigueCurrent":300
      }
    },
    "266312-0":{
      "refId":"flora_bc_mushroom_02",
      "inventory":[{
          "refId":"ingred_russula_01",
          "count":2,
          "charge":-1,
          "enchantmentCharge":-1,
          "soul":""
        }]
    },
    "266320-0":{
      "refId":"flora_bc_fern_01",
      "inventory":[{
          "refId":"ingred_bc_spore_pod",
          "count":3,
          "charge":-1,
          "enchantmentCharge":-1,
          "soul":""
        }]
    },
    "266383-0":{
      "refId":"flora_bc_shelffungus_04",
      "inventory":[{
          "refId":"ingred_bc_hypha_facia",
          "count":1,
          "charge":-1,
          "enchantmentCharge":-1,
          "soul":""
        }]
    },
    "0-288":{
      "refId":"nix-hound",
      "location":{
        "posX":-11990.490234375,
        "posZ":1129.8973388672,
        "posY":-53784.703125,
        "rotX":-0.19024601578712,
        "rotY":0,
        "rotZ":0.80208897590637
      },
      "stats":{
        "healthCurrent":23,
        "magickaCurrent":10,
        "healthModified":23,
        "fatigueBase":400,
        "fatigueModified":400,
        "healthBase":23,
        "magickaModified":10,
        "magickaBase":10,
        "fatigueCurrent":400
      }
    },
    "266315-0":{
      "refId":"flora_bc_mushroom_08",
      "inventory":[{
          "refId":"ingred_coprinus_01",
          "count":2,
          "charge":-1,
          "enchantmentCharge":-1,
          "soul":""
        }]
    },
    "266333-0":{
      "refId":"flora_bc_shelffungus_04",
      "inventory":[{
          "refId":"ingred_bc_hypha_facia",
          "count":1,
          "charge":-1,
          "enchantmentCharge":-1,
          "soul":""
        }]
    },
    "266319-0":{
      "refId":"flora_bc_mushroom_03",
      "inventory":[]
    },
    "266382-0":{
      "refId":"flora_bc_shelffungus_02",
      "inventory":[{
          "refId":"ingred_bc_bungler's_bane",
          "count":1,
          "charge":-1,
          "enchantmentCharge":-1,
          "soul":""
        }]
    }
  }
}