{
  "packets":{
    "actorList":["0-931","0-932","0-933","0-934","276643-0","276644-0"],
    "ai":[],
    "cellChangeFrom":[],
    "cellChangeTo":[],
    "container":["276646-0","276647-0","276648-0","276643-0","276644-0"],
    "death":[],
    "delete":[],
    "doorState":[],
    "equipment":["276643-0","276644-0"],
    "lock":[],
    "place":[],
    "position":["276643-0","276644-0","0-931","0-932","0-933","0-934"],
    "scale":[],
    "spawn":["0-931","0-932","0-933","0-934"],
    "state":[],
    "statsDynamic":["276643-0","276644-0","0-931","0-932","0-933","0-934"],
    "trap":[]
  },
  "entry":{
    "creationTime":1588222052,
    "description":"-2, 11"
  },
  "lastVisit":{
    "Jeff":1588223809,
    "Spear":1588223623
  },
  "recordLinks":[],
  "objectData":{
    "0-934":{
      "refId":"rat_blighted",
      "location":{
        "posX":-11128.631835938,
        "posZ":3186.8996582031,
        "posY":93746.109375,
        "rotX":0.13990357518196,
        "rotY":0,
        "rotZ":2.8429052829742
      },
      "stats":{
        "healthCurrent":45,
        "magickaCurrent":10,
        "fatigueModified":84,
        "fatigueBase":84,
        "healthBase":45,
        "healthModified":45,
        "magickaModified":10,
        "magickaBase":10,
        "fatigueCurrent":84
      }
    },
    "0-931":{
      "refId":"corprus_lame",
      "location":{
        "posX":-10076.9765625,
        "posZ":4151.197265625,
        "posY":91673.984375,
        "rotX":-0.76109111309052,
        "rotY":0,
        "rotZ":-1.9550907611847
      },
      "stats":{
        "healthCurrent":90,
        "magickaCurrent":160,
        "fatigueModified":295,
        "fatigueBase":295,
        "healthBase":90,
        "healthModified":90,
        "magickaModified":160,
        "magickaBase":160,
        "fatigueCurrent":295
      }
    },
    "0-933":{
      "refId":"corprus_stalker",
      "location":{
        "posX":-8729.271484375,
        "posZ":4643.7065429688,
        "posY":94477.71875,
        "rotX":0.4834061563015,
        "rotY":0,
        "rotZ":1.2382500171661
      },
      "stats":{
        "healthCurrent":60,
        "magickaCurrent":50,
        "fatigueModified":300,
        "fatigueBase":300,
        "healthBase":60,
        "healthModified":60,
        "magickaModified":50,
        "magickaBase":50,
        "fatigueCurrent":300
      }
    },
    "276646-0":{
      "refId":"de_p_chest_02_gold_25",
      "inventory":[{
          "refId":"gold_001",
          "count":25,
          "charge":-1,
          "enchantmentCharge":-1,
          "soul":""
        }]
    },
    "276647-0":{
      "refId":"com_sack_02_chpfood3",
      "inventory":[{
          "refId":"ingred_hackle-lo_leaf_01",
          "count":3,
          "charge":-1,
          "enchantmentCharge":-1,
          "soul":""
        }]
    },
    "276643-0":{
      "refId":"zanat assarnuridan",
      "location":{
        "posX":-15837.006835938,
        "posZ":741.81573486328,
        "posY":96972.140625,
        "rotX":-0.044492464512587,
        "rotY":0,
        "rotZ":0.40489172935486
      },
      "stats":{
        "healthCurrent":90,
        "magickaCurrent":94,
        "fatigueModified":204,
        "fatigueBase":204,
        "healthBase":90,
        "healthModified":90,
        "magickaModified":94,
        "magickaBase":94,
        "fatigueCurrent":204
      },
      "equipment":{
        "7":{
          "refId":"common_shoes_01",
          "count":1,
          "charge":-1,
          "enchantmentCharge":-1
        },
        "8":{
          "refId":"common_shirt_02_r",
          "count":1,
          "charge":-1,
          "enchantmentCharge":-1
        },
        "16":{
          "refId":"chitin war axe",
          "count":1,
          "charge":-1,
          "enchantmentCharge":-1
        },
        "9":{
          "refId":"common_pants_01_u",
          "count":1,
          "charge":-1,
          "enchantmentCharge":-1
        }
      },
      "inventory":[{
          "refId":"common_shirt_02_r",
          "count":1,
          "charge":-1,
          "enchantmentCharge":-1,
          "soul":""
        },{
          "refId":"common_shoes_01",
          "count":1,
          "charge":-1,
          "enchantmentCharge":-1,
          "soul":""
        },{
          "refId":"common_pants_01_u",
          "count":1,
          "charge":-1,
          "enchantmentCharge":-1,
          "soul":""
        },{
          "refId":"gold_001",
          "count":5,
          "charge":-1,
          "enchantmentCharge":-1,
          "soul":""
        },{
          "refId":"chitin war axe",
          "count":1,
          "charge":-1,
          "enchantmentCharge":-1,
          "soul":""
        }]
    },
    "0-932":{
      "refId":"cliff racer",
      "location":{
        "posX":-11972.275390625,
        "posZ":6183.34375,
        "posY":90297.7890625,
        "rotX":0,
        "rotY":0,
        "rotZ":-2.4223730564117
      },
      "stats":{
        "healthCurrent":45,
        "magickaCurrent":20,
        "fatigueModified":400,
        "fatigueBase":400,
        "healthBase":45,
        "healthModified":45,
        "magickaModified":20,
        "magickaBase":20,
        "fatigueCurrent":400
      }
    },
    "276644-0":{
      "refId":"dakin kuntarnammu",
      "location":{
        "posX":-15658.043945313,
        "posZ":736.89599609375,
        "posY":96813.53125,
        "rotX":0,
        "rotY":0,
        "rotZ":-1.0222470760345
      },
      "stats":{
        "healthCurrent":96,
        "magickaCurrent":92,
        "fatigueModified":213,
        "fatigueBase":213,
        "healthBase":96,
        "healthModified":96,
        "magickaModified":92,
        "magickaBase":92,
        "fatigueCurrent":213
      },
      "equipment":{
        "1":{
          "refId":"netch_leather_boiled_cuirass",
          "count":1,
          "charge":-1,
          "enchantmentCharge":-1
        },
        "7":{
          "refId":"netch_leather_boots",
          "count":1,
          "charge":-1,
          "enchantmentCharge":-1
        },
        "8":{
          "refId":"common_shirt_03_c",
          "count":1,
          "charge":-1,
          "enchantmentCharge":-1
        },
        "16":{
          "refId":"chitin spear",
          "count":1,
          "charge":-1,
          "enchantmentCharge":-1
        },
        "9":{
          "refId":"common_pants_01_u",
          "count":1,
          "charge":-1,
          "enchantmentCharge":-1
        }
      },
      "inventory":[{
          "refId":"netch_leather_boots",
          "count":1,
          "charge":-1,
          "enchantmentCharge":-1,
          "soul":""
        },{
          "refId":"netch_leather_boiled_cuirass",
          "count":1,
          "charge":-1,
          "enchantmentCharge":-1,
          "soul":""
        },{
          "refId":"common_shirt_03_c",
          "count":1,
          "charge":-1,
          "enchantmentCharge":-1,
          "soul":""
        },{
          "refId":"common_shoes_01",
          "count":1,
          "charge":-1,
          "enchantmentCharge":-1,
          "soul":""
        },{
          "refId":"common_pants_01_u",
          "count":1,
          "charge":-1,
          "enchantmentCharge":-1,
          "soul":""
        },{
          "refId":"gold_001",
          "count":4,
          "charge":-1,
          "enchantmentCharge":-1,
          "soul":""
        },{
          "refId":"chitin spear",
          "count":1,
          "charge":-1,
          "enchantmentCharge":-1,
          "soul":""
        }]
    },
    "276648-0":{
      "refId":"com_sack_01_ingred",
      "inventory":[{
          "refId":"ingred_stoneflower_petals_01",
          "count":1,
          "charge":-1,
          "enchantmentCharge":-1,
          "soul":""
        }]
    }
  }
}