{
  "packets":{
    "actorList":["268906-0","268907-0","480591-0"],
    "ai":[],
    "cellChangeFrom":[],
    "cellChangeTo":[],
    "container":["67344-0","67345-0","67348-0","67349-0","67350-0","67351-0","67352-0","67353-0","67354-0","67355-0","67356-0","67357-0","67358-0","67359-0","67360-0","67361-0","67362-0","67363-0","67365-0","67375-0","67376-0","67377-0","67378-0","67379-0","67380-0","67383-0","67392-0","67396-0","67397-0","67398-0","67399-0","67400-0","67401-0","67408-0","76870-0","76871-0","76877-0","76879-0","76893-0","76896-0","76897-0","76898-0","268906-0","268907-0","480591-0"],
    "death":["268907-0","268906-0","480591-0"],
    "delete":["0-96"],
    "doorState":[],
    "equipment":["268906-0","268907-0"],
    "lock":[],
    "place":["0-133","0-134","0-135","0-136","0-137","0-138","0-139","0-140","0-141","0-586","0-587","0-588"],
    "position":["268906-0","268907-0","480591-0","0-96"],
    "scale":[],
    "spawn":[],
    "state":[],
    "statsDynamic":["268906-0","268907-0","480591-0","0-96"],
    "trap":[]
  },
  "entry":{
    "creationTime":1577768057,
    "description":"-4, -4"
  },
  "lastVisit":{
    "orphanedgodzilla":1577771483,
    "Jeff":1588222041,
    "DizzyDasher":1587713183,
    "Rick Harrison":1587853566,
    "Dizzy":1587712397,
    "Bizz":1587852883,
    "Deniella":1577768466,
    "Spear":1588221749,
    "Orphanedgodzilla":1577768967
  },
  "recordLinks":[],
  "objectData":{
    "67344-0":{
      "refId":"flora_heather_01",
      "inventory":[{
          "refId":"ingred_heather_01",
          "count":1,
          "charge":-1,
          "enchantmentCharge":-1,
          "soul":""
        }]
    },
    "76871-0":{
      "refId":"flora_corkbulb",
      "inventory":[{
          "refId":"ingred_corkbulb_root_01",
          "count":1,
          "charge":-1,
          "enchantmentCharge":-1,
          "soul":""
        }]
    },
    "0-135":{
      "refId":"darkbrotherhood pauldron_r",
      "location":{
        "posX":-29347.7578125,
        "posZ":649.57873535156,
        "posY":-28384.0078125,
        "rotX":0,
        "rotY":0,
        "rotZ":-2.6858646869659
      }
    },
    "67359-0":{
      "refId":"flora_heather_01",
      "inventory":[]
    },
    "67354-0":{
      "refId":"flora_heather_01",
      "inventory":[]
    },
    "0-587":{
      "refId":"common_pants_01",
      "location":{
        "posX":-30444.994140625,
        "posZ":590.39770507813,
        "posY":-28701.03125,
        "rotX":0,
        "rotY":0,
        "rotZ":2.6152164936066
      }
    },
    "0-134":{
      "refId":"darkbrotherhood pauldron_l",
      "location":{
        "posX":-29415.2890625,
        "posZ":696.00732421875,
        "posY":-28532.525390625,
        "rotX":0,
        "rotY":0,
        "rotZ":-2.6858646869659
      }
    },
    "76879-0":{
      "refId":"flora_comberry_01",
      "inventory":[]
    },
    "0-141":{
      "refId":"darkbrotherhood cuirass",
      "location":{
        "posX":-29346.0546875,
        "posZ":665.18237304688,
        "posY":-28383.17578125,
        "rotX":0,
        "rotY":0,
        "rotZ":-2.6858646869659
      }
    },
    "67349-0":{
      "refId":"flora_heather_01",
      "inventory":[{
          "refId":"ingred_heather_01",
          "count":2,
          "charge":-1,
          "enchantmentCharge":-1,
          "soul":""
        }]
    },
    "67363-0":{
      "refId":"flora_heather_01",
      "inventory":[{
          "refId":"ingred_heather_01",
          "count":2,
          "charge":-1,
          "enchantmentCharge":-1,
          "soul":""
        }]
    },
    "67401-0":{
      "refId":"flora_heather_01",
      "inventory":[{
          "refId":"ingred_heather_01",
          "count":2,
          "charge":-1,
          "enchantmentCharge":-1,
          "soul":""
        }]
    },
    "76893-0":{
      "refId":"flora_heather_01",
      "inventory":[]
    },
    "67355-0":{
      "refId":"flora_heather_01",
      "inventory":[]
    },
    "0-586":{
      "refId":"common_amulet_01",
      "location":{
        "posX":-30445.8125,
        "posZ":589.86737060547,
        "posY":-28700.71484375,
        "rotX":0,
        "rotY":0,
        "rotZ":2.6152164936066
      }
    },
    "67345-0":{
      "refId":"flora_corkbulb",
      "inventory":[]
    },
    "0-96":{
      "refId":"ancestor_ghost_summon",
      "location":{
        "posX":-29759.462890625,
        "posZ":605.22125244141,
        "posY":-26278.13671875,
        "rotX":0,
        "rotY":0,
        "rotZ":-2.4560286998749
      },
      "stats":{
        "healthCurrent":23,
        "magickaCurrent":400,
        "healthModified":23,
        "fatigueBase":400,
        "magickaModified":400,
        "fatigueModified":400,
        "healthBase":23,
        "magickaBase":400,
        "fatigueCurrent":400
      }
    },
    "67352-0":{
      "refId":"flora_heather_01",
      "inventory":[{
          "refId":"ingred_heather_01",
          "count":2,
          "charge":-1,
          "enchantmentCharge":-1,
          "soul":""
        }]
    },
    "76898-0":{
      "refId":"flora_heather_01",
      "inventory":[]
    },
    "67376-0":{
      "refId":"flora_heather_01",
      "inventory":[{
          "refId":"ingred_heather_01",
          "count":2,
          "charge":-1,
          "enchantmentCharge":-1,
          "soul":""
        }]
    },
    "0-137":{
      "refId":"darkbrotherhood helm",
      "location":{
        "posX":-29346.44921875,
        "posZ":667.97772216797,
        "posY":-28384.11328125,
        "rotX":0,
        "rotY":0,
        "rotZ":-2.6858646869659
      }
    },
    "67396-0":{
      "refId":"flora_heather_01",
      "inventory":[{
          "refId":"ingred_heather_01",
          "count":2,
          "charge":-1,
          "enchantmentCharge":-1,
          "soul":""
        }]
    },
    "67348-0":{
      "refId":"flora_heather_01",
      "inventory":[{
          "refId":"ingred_heather_01",
          "count":2,
          "charge":-1,
          "enchantmentCharge":-1,
          "soul":""
        }]
    },
    "268907-0":{
      "refId":"findulain",
      "location":{
        "posX":-30612.4296875,
        "posZ":722.87707519531,
        "posY":-26928.63671875,
        "rotX":0,
        "rotY":0,
        "rotZ":3.099999666214
      },
      "stats":{
        "healthCurrent":0,
        "magickaCurrent":86,
        "healthModified":72,
        "fatigueBase":191,
        "fatigueModified":191,
        "healthBase":72,
        "magickaModified":86,
        "magickaBase":86,
        "fatigueCurrent":191
      },
      "equipment":{
        "7":{
          "refId":"common_shoes_04",
          "count":1,
          "charge":-1,
          "enchantmentCharge":-1
        },
        "8":{
          "refId":"common_shirt_02",
          "count":1,
          "charge":-1,
          "enchantmentCharge":-1
        },
        "9":{
          "refId":"common_pants_04",
          "count":1,
          "charge":-1,
          "enchantmentCharge":-1
        },
        "12":{
          "refId":"common_ring_01",
          "count":1,
          "charge":-1,
          "enchantmentCharge":-1
        },
        "16":{
          "refId":"iron spear",
          "count":1,
          "charge":598,
          "enchantmentCharge":-1
        }
      },
      "inventory":[{
          "refId":"common_ring_01",
          "count":1,
          "charge":-1,
          "enchantmentCharge":-1,
          "soul":""
        },{
          "refId":"common_shirt_02",
          "count":1,
          "charge":-1,
          "enchantmentCharge":-1,
          "soul":""
        },{
          "refId":"common_shoes_04",
          "count":1,
          "charge":-1,
          "enchantmentCharge":-1,
          "soul":""
        },{
          "refId":"common_pants_04",
          "count":1,
          "charge":-1,
          "enchantmentCharge":-1,
          "soul":""
        },{
          "refId":"iron spear",
          "count":1,
          "charge":598,
          "enchantmentCharge":-1,