{
  "packets":{
    "actorList":["0-338","0-339","0-340","0-341","0-343"],
    "ai":[],
    "cellChangeFrom":[],
    "cellChangeTo":[],
    "container":["267691-0","267692-0","267693-0","267694-0","267695-0","267696-0","267697-0","267698-0","267741-0","267743-0","463534-0","463536-0","463541-0","463557-0","463561-0","482784-0"],
    "death":[],
    "delete":[],
    "doorState":[],
    "equipment":[],
    "lock":[],
    "place":[],
    "position":["0-338","0-339","0-340","0-341","0-343"],
    "scale":[],
    "spawn":["0-338","0-339","0-340","0-341","0-343"],
    "state":[],
    "statsDynamic":["0-338","0-339","0-340","0-341","0-343"],
    "trap":[]
  },
  "entry":{
    "creationTime":1587716428,
    "description":"-5, -8"
  },
  "lastVisit":{
    "Spear":1587716754,
    "Jeff":1587716691,
    "Rick Harrison":1587716565
  },
  "recordLinks":[],
  "objectData":{
    "463541-0":{
      "refId":"kollop_03_pearl",
      "inventory":[]
    },
    "267691-0":{
      "refId":"flora_bc_shelffungus_01",
      "inventory":[{
          "refId":"ingred_bc_bungler's_bane",
          "count":1,
          "charge":-1,
          "enchantmentCharge":-1,
          "soul":""
        }]
    },
    "267698-0":{
      "refId":"flora_bc_mushroom_01",
      "inventory":[{
          "refId":"ingred_russula_01",
          "count":1,
          "charge":-1,
          "enchantmentCharge":-1,
          "soul":""
        }]
    },
    "0-338":{
      "refId":"mudcrab",
      "location":{
        "posX":-35819.83984375,
        "posZ":68.744239807129,
        "posY":-58082.08203125,
        "rotX":-0.001525423489511,
        "rotY":0,
        "rotZ":1.881249666214
      },
      "stats":{
        "healthCurrent":15,
        "magickaCurrent":5,
        "healthModified":15,
        "fatigueBase":400,
        "fatigueModified":400,
        "healthBase":15,
        "magickaModified":5,
        "magickaBase":5,
        "fatigueCurrent":400
      }
    },
    "0-341":{
      "refId":"slaughterfish",
      "location":{
        "posX":-35072.3828125,
        "posZ":-216.52975463867,
        "posY":-64459.7578125,
        "rotX":0,
        "rotY":0,
        "rotZ":-1.3506281375885
      },
      "stats":{
        "healthCurrent":23,
        "magickaCurrent":10,
        "healthModified":23,
        "fatigueBase":400,
        "fatigueModified":400,
        "healthBase":23,
        "magickaModified":10,
        "magickaBase":10,
        "fatigueCurrent":399.96621704102
      }
    },
    "463557-0":{
      "refId":"kollop_03_pearl",
      "inventory":[]
    },
    "267697-0":{
      "refId":"flora_bc_mushroom_08",
      "inventory":[{
          "refId":"ingred_coprinus_01",
          "count":2,
          "charge":-1,
          "enchantmentCharge":-1,
          "soul":""
        }]
    },
    "463536-0":{
      "refId":"kollop_03_pearl",
      "inventory":[]
    },
    "0-339":{
      "refId":"slaughterfish_small",
      "location":{
        "posX":-36852.9453125,
        "posZ":-311.35711669922,
        "posY":-62390.046875,
        "rotX":0,
        "rotY":0,
        "rotZ":1.8180239200592
      },
      "stats":{
        "healthCurrent":15,
        "magickaCurrent":10,
        "healthModified":15,
        "fatigueBase":300,
        "fatigueModified":300,
        "healthBase":15,
        "magickaModified":10,
        "magickaBase":10,
        "fatigueCurrent":299.96621704102
      }
    },
    "267692-0":{
      "refId":"flora_bc_shelffungus_02",
      "inventory":[{
          "refId":"ingred_bc_bungler's_bane",
          "count":1,
          "charge":-1,
          "enchantmentCharge":-1,
          "soul":""
        }]
    },
    "482784-0":{
      "refId":"com_sack_02_gold_100",
      "inventory":[{
          "refId":"gold_001",
          "count":100,
          "charge":-1,
          "enchantmentCharge":-1,
          "soul":""
        }]
    },
    "267743-0":{
      "refId":"flora_bc_mushroom_01",
      "inventory":[{
          "refId":"ingred_russula_01",
          "count":1,
          "charge":-1,
          "enchantmentCharge":-1,
          "soul":""
        }]
    },
    "267741-0":{
      "refId":"flora_bc_mushroom_05",
      "inventory":[{
          "refId":"ingred_russula_01",
          "count":1,
          "charge":-1,
          "enchantmentCharge":-1,
          "soul":""
        }]
    },
    "463561-0":{
      "refId":"kollop_03_pearl",
      "inventory":[]
    },
    "267695-0":{
      "refId":"flora_bc_shelffungus_03",
      "inventory":[{
          "refId":"ingred_bc_hypha_facia",
          "count":1,
          "charge":-1,
          "enchantmentCharge":-1,
          "soul":""
        }]
    },
    "463534-0":{
      "refId":"kollop_02_pearl",
      "inventory":[{
          "refId":"ingred_pearl_01",
          "count":1,
          "charge":-1,
          "enchantmentCharge":-1,
          "soul":""
        }]
    },
    "267696-0":{
      "refId":"flora_bc_mushroom_04",
      "inventory":[{
          "refId":"ingred_russula_01",
          "count":2,
          "charge":-1,
          "enchantmentCharge":-1,
          "soul":""
        }]
    },
    "0-343":{
      "refId":"slaughterfish_small",
      "location":{
        "posX":-38574.44921875,
        "posZ":-197.7887878418,
        "posY":-58036.265625,
        "rotX":0.11652823537588,
        "rotY":0,
        "rotZ":-1.3539226055145
      },
      "stats":{
        "healthCurrent":15,
        "magickaCurrent":10,
        "healthModified":15,
        "fatigueBase":300,
        "fatigueModified":300,
        "healthBase":15,
        "magickaModified":10,
        "magickaBase":10,
        "fatigueCurrent":299.96621704102
      }
    },
    "267694-0":{
      "refId":"flora_bc_shelffungus_03",
      "inventory":[{
          "refId":"ingred_bc_hypha_facia",
          "count":1,
          "charge":-1,
          "enchantmentCharge":-1,
          "soul":""
        }]
    },
    "0-340":{
      "refId":"corprus_stalker",
      "location":{
        "posX":-39046.49609375,
        "posZ":-219.77795410156,
        "posY":-65406.87890625,
        "rotX":0,
        "rotY":0,
        "rotZ":0
      },
      "stats":{
        "healthCurrent":60,
        "magickaCurrent":50,
        "healthModified":60,
        "fatigueBase":300,
        "fatigueModified":300,
        "healthBase":60,
        "magickaModified":50,
        "magickaBase":50,
        "fatigueCurrent":299.96621704102
      }
    },
    "267693-0":{
      "refId":"flora_bc_shelffungus_02",
      "inventory":[{
          "refId":"ingred_bc_bungler's_bane",
          "count":1,
          "charge":-1,
          "enchantmentCharge":-1,
          "soul":""
        }]
    }
  }
}