{
  "packets":{
    "actorList":["0-1","0-2","0-38","0-4","0-8","0-9","0-3"],
    "ai":[],
    "cellChangeFrom":[],
    "cellChangeTo":[],
    "container":["253500-0","253501-0","253502-0","253503-0","253505-0","253507-0","253508-0","253555-0","253578-0","253579-0","253580-0","253588-0","253589-0","253591-0","253611-0","253614-0","253664-0","253665-0","253666-0","253667-0","253668-0","253669-0","253691-0","253693-0","253697-0","253698-0","253699-0","253700-0","253704-0","253708-0","253710-0","253717-0","253718-0","253719-0","253722-0","253725-0","253735-0","253736-0","468038-0","468040-0","468041-0","468043-0","468044-0","468045-0","468046-0","468047-0","468048-0","468049-0","468050-0","0-8","0-9","0-4"],
    "death":["0-8","0-9","0-4"],
    "delete":[],
    "doorState":[],
    "equipment":[],
    "lock":[],
    "place":[],
    "position":["0-1","0-2","0-38","0-4","0-8","0-9","0-3"],
    "scale":[],
    "spawn":["0-1","0-2","0-38","0-4","0-8","0-9","0-3"],
    "state":[],
    "statsDynamic":["0-1","0-2","0-38","0-4","0-8","0-9","0-3"],
    "trap":[]
  },
  "entry":{
    "creationTime":1577768057,
    "description":"-5, -4"
  },
  "lastVisit":{
    "Dizzy":1587712397,
    "orphanedgodzilla":1577771483,
    "Jeff":1588222041,
    "Spear":1587714547,
    "Rick Harrison":1587853525,
    "Bizz":1587852915
  },
  "recordLinks":[],
  "objectData":{
    "253614-0":{
      "refId":"flora_bc_mushroom_01",
      "inventory":[{
          "refId":"ingred_russula_01",
          "count":1,
          "charge":-1,
          "enchantmentCharge":-1,
          "soul":""
        }]
    },
    "253691-0":{
      "refId":"flora_bc_mushroom_05",
      "inventory":[]
    },
    "0-1":{
      "refId":"kwama forager",
      "location":{
        "posX":-38175.9375,
        "posZ":-45.917701721191,
        "posY":-29611.30859375,
        "rotX":-0.13966019451618,
        "rotY":0,
        "rotZ":-2.2075273990631
      },
      "stats":{
        "healthCurrent":23,
        "magickaCurrent":15,
        "healthModified":23,
        "fatigueBase":300,
        "fatigueModified":300,
        "healthBase":23,
        "magickaModified":15,
        "magickaBase":15,
        "fatigueCurrent":300
      }
    },
    "253664-0":{
      "refId":"flora_bc_mushroom_01",
      "inventory":[{
          "refId":"ingred_russula_01",
          "count":1,
          "charge":-1,
          "enchantmentCharge":-1,
          "soul":""
        }]
    },
    "253508-0":{
      "refId":"flora_bc_mushroom_06",
      "inventory":[{
          "refId":"ingred_coprinus_01",
          "count":1,
          "charge":-1,
          "enchantmentCharge":-1,
          "soul":""
        }]
    },
    "253501-0":{
      "refId":"flora_bc_podplant_01",
      "inventory":[{
          "refId":"ingred_bc_ampoule_pod",
          "count":1,
          "charge":-1,
          "enchantmentCharge":-1,
          "soul":""
        }]
    },
    "253500-0":{
      "refId":"flora_bc_podplant_01",
      "inventory":[{
          "refId":"ingred_bc_ampoule_pod",
          "count":1,
          "charge":-1,
          "enchantmentCharge":-1,
          "soul":""
        }]
    },
    "468043-0":{
      "refId":"flora_bc_mushroom_08",
      "inventory":[{
          "refId":"ingred_coprinus_01",
          "count":2,
          "charge":-1,
          "enchantmentCharge":-1,
          "soul":""
        }]
    },
    "0-2":{
      "refId":"scrib",
      "location":{
        "posX":-37712.484375,
        "posZ":-22.606678009033,
        "posY":-30132.38671875,
        "rotX":-0.39278960227966,
        "rotY":0,
        "rotZ":2.6779453754425
      },
      "stats":{
        "healthCurrent":8,
        "magickaCurrent":12,
        "healthModified":8,
        "fatigueBase":300,
        "fatigueModified":300,
        "healthBase":8,
        "magickaModified":12,
        "magickaBase":12,
        "fatigueCurrent":300
      }
    },
    "468046-0":{
      "refId":"flora_bc_mushroom_03",
      "inventory":[{
          "refId":"ingred_russula_01",
          "count":1,
          "charge":-1,
          "enchantmentCharge":-1,
          "soul":""
        }]
    },
    "0-9":{
      "refId":"kwama forager",
      "location":{
        "posX":-35363.0078125,
        "posZ":605.00329589844,
        "posY":-25617.869140625,
        "rotX":-0.45267742872238,
        "rotY":0,
        "rotZ":0.96568322181702
      },
      "stats":{
        "healthCurrent":0,
        "magickaCurrent":15,
        "healthModified":23,
        "fatigueBase":300,
        "fatigueModified":300,
        "healthBase":23,
        "magickaModified":15,
        "magickaBase":15,
        "fatigueCurrent":260.71829223633
      },
      "inventory":[],
      "killer":{
        "player":"Rick Harrison"
      }
    },
    "468038-0":{
      "refId":"flora_bc_mushroom_08",
      "inventory":[{
          "refId":"ingred_coprinus_01",
          "count":1,
          "charge":-1,
          "enchantmentCharge":-1,
          "soul":""
        }]
    },
    "253503-0":{
      "refId":"flora_bc_mushroom_07",
      "inventory":[]
    },
    "253704-0":{
      "refId":"flora_marshmerrow_01",
      "inventory":[{
          "refId":"ingred_marshmerrow_01",
          "count":1,
          "charge":-1,
          "enchantmentCharge":-1,
          "soul":""
        }]
    },
    "253502-0":{
      "refId":"flora_bc_podplant_03",
      "inventory":[{
          "refId":"ingred_bc_coda_flower",
          "count":1,
          "charge":-1,
          "enchantmentCharge":-1,
          "soul":""
        }]
    },
    "253580-0":{
      "refId":"flora_bc_mushroom_06",
      "inventory":[{
          "refId":"ingred_coprinus_01",
          "count":1,
          "charge":-1,
          "enchantmentCharge":-1,
          "soul":""
        }]
    },
    "468040-0":{
      "refId":"flora_bc_mushroom_07",
      "inventory":[]
    },
    "253735-0":{
      "refId":"flora_bc_shelffungus_04",
      "inventory":[{
          "refId":"ingred_bc_hypha_facia",
          "count":1,
          "charge":-1,
          "enchantmentCharge":-1,
          "soul":""
        }]
    },
    "253588-0":{
      "refId":"flora_bc_shelffungus_03",
      "inventory":[{
          "refId":"ingred_bc_hypha_facia",
          "count":1,
          "charge":-1,
          "enchantmentCharge":-1,
          "soul":""
        }]
    },
    "253507-0":{
      "refId":"flora_bc_mushroom_07",
      "inventory":[{
          "refId":"ingred_coprinus_01",
          "count":1,
          "charge":-1,
          "enchantmentCharge":-1,
          "soul":""
        }]
    },
    "253668-0":{
      "refId":"flora_bc_shelffungus_04",
      "inventory":[{
          "refId":"ingred_bc_hypha_facia",
          "count":1,
          "charge":-1,
          "enchantmentCharge":-1,
          "soul":""
        }]
    },
    "468049-0":{
      "refId":"flora_bc_shelffungus_02",
      "inventory":[]
    },
    "253717-0":{
      "refId":"flora_bc_shelffungus_02",
      "inventory":[{
          "refId":"ingred_bc_bungler's_bane",
          "count":1,
          "charge":-1,
          "enchantmentCharge":-1,
          "soul":""
        }]
    },
    "253589-0":{
      "refId":"flora_bc_shelffungus_04",
      "inventory":[{
          "refId":"ingred_bc_hypha_facia",
          "count":1,
          "charge":-1,
          "enchantmentCharge":-1,
          "soul":""
        }]
    },
    "253718-0":{
      "refId":"flora_bc_shelffungus_01",
      "inventory":[{
          "refId":"ingred_bc_bungler's_bane",
          "count":1,
          "charge":-1,
          "enchantmentCharge":-1,
          "soul":""
        }]
    },
    "253669-0":{
      "refId":"flora_bc_shelffungus_04",
      "inventory":[{
          "refId":"ingred_bc_hypha_facia",
          "count":1,
          "charge":-1,
          "enchantmentCharge":-1,
          "soul":""
        }]
    },
    "253665-0":{
      "refId":"flora_bc_mushroom_01",
      "inventory":[{
          "refId":"ingred_russula_01",
          "count":1,