{
  "packets":{
    "actorList":["0-961","0-962","0-963","0-965","0-960"],
    "ai":[],
    "cellChangeFrom":[],
    "cellChangeTo":[],
    "container":["49443-0","49453-0","49454-0","49455-0","49456-0","49457-0","49462-0","49463-0","49464-0","49465-0","49466-0","49467-0","49468-0","49469-0","49470-0","49471-0","474486-0","474487-0","474488-0","474489-0","474490-0","474491-0","474492-0","474493-0","474506-0","474507-0","474508-0","474509-0","474510-0","474511-0","474512-0","474513-0","474514-0","474515-0","474516-0","474517-0","474518-0","474519-0","474520-0","474521-0","474522-0","474523-0","474524-0","474525-0","474526-0","474527-0","474528-0","474529-0","474530-0","474531-0","474532-0","474533-0","474534-0","474535-0","474536-0","474537-0","474540-0","474545-0","474546-0"],
    "death":[],
    "delete":[],
    "doorState":[],
    "equipment":[],
    "lock":[],
    "place":[],
    "position":["0-961","0-962","0-963","0-965","0-960"],
    "scale":[],
    "spawn":["0-961","0-962","0-963","0-965","0-960"],
    "state":[],
    "statsDynamic":["0-961","0-962","0-963","0-965","0-960"],
    "trap":[]
  },
  "entry":{
    "creationTime":1588222095,
    "description":"-6, 12"
  },
  "lastVisit":{
    "Jeff":1588224273
  },
  "recordLinks":[],
  "objectData":{
    "474506-0":{
      "refId":"flora_stoneflower_01",
      "inventory":[{
          "refId":"ingred_stoneflower_petals_01",
          "count":1,
          "charge":-1,
          "enchantmentCharge":-1,
          "soul":""
        }]
    },
    "0-960":{
      "refId":"cliff racer",
      "location":{
        "posX":-48954.75,
        "posZ":3759.4311523438,
        "posY":98362.046875,
        "rotX":0,
        "rotY":0,
        "rotZ":-1.6044533252716
      },
      "stats":{
        "healthCurrent":45,
        "magickaCurrent":20,
        "fatigueModified":400,
        "fatigueBase":400,
        "healthBase":45,
        "healthModified":45,
        "magickaModified":20,
        "magickaBase":20,
        "fatigueCurrent":400
      }
    },
    "474536-0":{
      "refId":"flora_kreshweed_03",
      "inventory":[{
          "refId":"ingred_kresh_fiber_01",
          "count":1,
          "charge":-1,
          "enchantmentCharge":-1,
          "soul":""
        }]
    },
    "474519-0":{
      "refId":"flora_stoneflower_01",
      "inventory":[{
          "refId":"ingred_stoneflower_petals_01",
          "count":1,
          "charge":-1,
          "enchantmentCharge":-1,
          "soul":""
        }]
    },
    "49463-0":{
      "refId":"flora_chokeweed_02",
      "inventory":[{
          "refId":"ingred_chokeweed_01",
          "count":1,
          "charge":-1,
          "enchantmentCharge":-1,
          "soul":""
        }]
    },
    "474535-0":{
      "refId":"flora_kreshweed_01",
      "inventory":[]
    },
    "49453-0":{
      "refId":"flora_chokeweed_02",
      "inventory":[]
    },
    "474517-0":{
      "refId":"flora_stoneflower_02",
      "inventory":[{
          "refId":"ingred_stoneflower_petals_01",
          "count":1,
          "charge":-1,
          "enchantmentCharge":-1,
          "soul":""
        }]
    },
    "474532-0":{
      "refId":"flora_kreshweed_03",
      "inventory":[{
          "refId":"ingred_kresh_fiber_01",
          "count":1,
          "charge":-1,
          "enchantmentCharge":-1,
          "soul":""
        }]
    },
    "474528-0":{
      "refId":"flora_kreshweed_02",
      "inventory":[]
    },
    "0-965":{
      "refId":"rat",
      "location":{
        "posX":-45107.76953125,
        "posZ":2340.62890625,
        "posY":106224.65625,
        "rotX":-1.1081998348236,
        "rotY":0,
        "rotZ":3.0007846355438
      },
      "stats":{
        "healthCurrent":23,
        "magickaCurrent":10,
        "healthModified":23,
        "fatigueBase":300,
        "fatigueModified":300,
        "healthBase":23,
        "magickaModified":10,
        "magickaBase":10,
        "fatigueCurrent":300
      }
    },
    "0-962":{
      "refId":"scrib blighted",
      "location":{
        "posX":-48517.4140625,
        "posZ":1160.7895507813,
        "posY":99956.84375,
        "rotX":-0.84345585107803,
        "rotY":0,
        "rotZ":-0.81584429740906
      },
      "stats":{
        "healthCurrent":30,
        "magickaCurrent":12,
        "healthModified":30,
        "fatigueBase":400,
        "fatigueModified":400,
        "healthBase":30,
        "magickaModified":12,
        "magickaBase":12,
        "fatigueCurrent":400
      }
    },
    "474545-0":{
      "refId":"flora_kreshweed_02",
      "inventory":[{
          "refId":"ingred_kresh_fiber_01",
          "count":1,
          "charge":-1,
          "enchantmentCharge":-1,
          "soul":""
        }]
    },
    "474516-0":{
      "refId":"flora_stoneflower_01",
      "inventory":[{
          "refId":"ingred_stoneflower_petals_01",
          "count":1,
          "charge":-1,
          "enchantmentCharge":-1,
          "soul":""
        }]
    },
    "474488-0":{
      "refId":"flora_stoneflower_02",
      "inventory":[{
          "refId":"ingred_stoneflower_petals_01",
          "count":1,
          "charge":-1,
          "enchantmentCharge":-1,
          "soul":""
        }]
    },
    "0-963":{
      "refId":"cliff racer_diseased",
      "location":{
        "posX":-45035.99609375,
        "posZ":3912.6794433594,
        "posY":98750.703125,
        "rotX":0.019898118451238,
        "rotY":0,
        "rotZ":3.0337507724762
      },
      "stats":{
        "healthCurrent":45,
        "magickaCurrent":20,
        "healthModified":45,
        "fatigueBase":170,
        "fatigueModified":170,
        "healthBase":45,
        "magickaModified":20,
        "magickaBase":20,
        "fatigueCurrent":170
      }
    },
    "474513-0":{
      "refId":"flora_stoneflower_01",
      "inventory":[{
          "refId":"ingred_stoneflower_petals_01",
          "count":1,
          "charge":-1,
          "enchantmentCharge":-1,
          "soul":""
        }]
    },
    "474487-0":{
      "refId":"flora_stoneflower_02",
      "inventory":[{
          "refId":"ingred_stoneflower_petals_01",
          "count":1,
          "charge":-1,
          "enchantmentCharge":-1,
          "soul":""
        }]
    },
    "474486-0":{
      "refId":"flora_stoneflower_01",
      "inventory":[{
          "refId":"ingred_stoneflower_petals_01",
          "count":1,
          "charge":-1,
          "enchantmentCharge":-1,
          "soul":""
        }]
    },
    "49462-0":{
      "refId":"flora_chokeweed_02",
      "inventory":[{
          "refId":"ingred_chokeweed_01",
          "count":1,
          "charge":-1,
          "enchantmentCharge":-1,
          "soul":""
        }]
    },
    "49467-0":{
      "refId":"flora_chokeweed_02",
      "inventory":[{
          "refId":"ingred_chokeweed_01",
          "count":1,
          "charge":-1,
          "enchantmentCharge":-1,
          "soul":""
        }]
    },
    "49471-0":{
      "refId":"flora_chokeweed_02",
      "inventory":[{
          "refId":"ingred_chokeweed_01",
          "count":1,
          "charge":-1,
          "enchantmentCharge":-1,
          "soul":""
        }]
    },
    "474529-0":{
      "refId":"flora_kreshweed_03",
      "inventory":[{
          "refId":"ingred_kresh_fiber_01",
          "count":1,
          "charge":-1,
          "enchantmentCharge":-1,
          "soul":""
        }]
    },
    "474493-0":{
      "refId":"flora_stoneflower_01",
      "inventory":[{
          "refId":"ingred_stoneflower_petals_01",
          "count":1,
          "charge":-1,
          "enchantmentCharge":-1,
          "soul":""
        }]
    },
    "49470-0":{
      "refId":"flora_chokeweed_02",
      "inventory":[{
          "refId":"ingred_chokeweed_01",
          "count":1,
          "charge":-1,
          "enchantmentCharge":-1,
          "soul":""
        }]
    },
    "474512-0":{
      "refId":"flora_stoneflower_01",