{
  "packets":{
    "actorList":["0-608","0-609","0-610","0-611","0-612","0-613","0-614","0-615","0-616","0-617"],
    "ai":[],
    "cellChangeFrom":[],
    "cellChangeTo":[],
    "container":["255758-0","255759-0","255760-0","255770-0","255791-0","255792-0","255793-0","255794-0","255852-0","255853-0","255854-0","255860-0","255866-0","255920-0","255921-0","255922-0","255927-0","255928-0","255929-0","255943-0","255946-0","255986-0","255987-0"],
    "death":[],
    "delete":[],
    "doorState":[],
    "equipment":[],
    "lock":[],
    "place":[],
    "position":["0-608","0-609","0-610","0-611","0-612","0-613","0-614","0-615","0-616","0-617"],
    "scale":[],
    "spawn":["0-608","0-609","0-610","0-611","0-612","0-613","0-614","0-615","0-616","0-617"],
    "state":[],
    "statsDynamic":["0-608","0-609","0-610","0-611","0-612","0-613","0-614","0-615","0-616","0-617"],
    "trap":[]
  },
  "entry":{
    "creationTime":1587853346,
    "description":"-7, -2"
  },
  "lastVisit":{
    "Rick Harrison":1587853398
  },
  "recordLinks":[],
  "objectData":{
    "0-613":{
      "refId":"dreugh",
      "location":{
        "posX":-52204.265625,
        "posZ":-89.675216674805,
        "posY":-13085.849609375,
        "rotX":0.96962559223175,
        "rotY":0,
        "rotZ":2.5124266147614
      },
      "stats":{
        "healthCurrent":60,
        "magickaCurrent":75,
        "healthModified":60,
        "fatigueBase":400,
        "fatigueModified":400,
        "healthBase":60,
        "magickaModified":75,
        "magickaBase":75,
        "fatigueCurrent":399.98336791992
      }
    },
    "255852-0":{
      "refId":"flora_bc_mushroom_05",
      "inventory":[{
          "refId":"ingred_russula_01",
          "count":1,
          "charge":-1,
          "enchantmentCharge":-1,
          "soul":""
        }]
    },
    "255760-0":{
      "refId":"flora_bc_shelffungus_04",
      "inventory":[{
          "refId":"ingred_bc_hypha_facia",
          "count":1,
          "charge":-1,
          "enchantmentCharge":-1,
          "soul":""
        }]
    },
    "255929-0":{
      "refId":"flora_bc_shelffungus_02",
      "inventory":[{
          "refId":"ingred_bc_bungler's_bane",
          "count":1,
          "charge":-1,
          "enchantmentCharge":-1,
          "soul":""
        }]
    },
    "0-611":{
      "refId":"cliff racer_diseased",
      "location":{
        "posX":-50930.7265625,
        "posZ":133.77697753906,
        "posY":-9696.833984375,
        "rotX":0.034201446920633,
        "rotY":0,
        "rotZ":-2.7631123065948
      },
      "stats":{
        "healthCurrent":45,
        "magickaCurrent":20,
        "healthModified":45,
        "fatigueBase":170,
        "fatigueModified":170,
        "healthBase":45,
        "magickaModified":20,
        "magickaBase":20,
        "fatigueCurrent":170
      }
    },
    "0-616":{
      "refId":"netch_bull",
      "location":{
        "posX":-54334.53125,
        "posZ":264.28161621094,
        "posY":-11851.211914063,
        "rotX":0.089633509516716,
        "rotY":0,
        "rotZ":-0.74321556091309
      },
      "stats":{
        "healthCurrent":45,
        "magickaCurrent":100,
        "healthModified":45,
        "fatigueBase":400,
        "fatigueModified":400,
        "healthBase":45,
        "magickaModified":100,
        "magickaBase":100,
        "fatigueCurrent":400
      }
    },
    "255920-0":{
      "refId":"flora_bc_mushroom_06",
      "inventory":[{
          "refId":"ingred_coprinus_01",
          "count":1,
          "charge":-1,
          "enchantmentCharge":-1,
          "soul":""
        }]
    },
    "255921-0":{
      "refId":"flora_bc_mushroom_08",
      "inventory":[{
          "refId":"ingred_coprinus_01",
          "count":2,
          "charge":-1,
          "enchantmentCharge":-1,
          "soul":""
        }]
    },
    "255853-0":{
      "refId":"flora_bc_mushroom_06",
      "inventory":[{
          "refId":"ingred_coprinus_01",
          "count":1,
          "charge":-1,
          "enchantmentCharge":-1,
          "soul":""
        }]
    },
    "0-608":{
      "refId":"kwama forager",
      "location":{
        "posX":-52852.9140625,
        "posZ":220.21678161621,
        "posY":-14358.401367188,
        "rotX":0.007922581396997,
        "rotY":0,
        "rotZ":-2.6850783824921
      },
      "stats":{
        "healthCurrent":23,
        "magickaCurrent":15,
        "healthModified":23,
        "fatigueBase":300,
        "fatigueModified":300,
        "healthBase":23,
        "magickaModified":15,
        "magickaBase":15,
        "fatigueCurrent":300
      }
    },
    "0-614":{
      "refId":"slaughterfish",
      "location":{
        "posX":-54938.3046875,
        "posZ":-84.077209472656,
        "posY":-14160.166015625,
        "rotX":0.3617582321167,
        "rotY":0,
        "rotZ":2.42587018013
      },
      "stats":{
        "healthCurrent":23,
        "magickaCurrent":10,
        "healthModified":23,
        "fatigueBase":400,
        "fatigueModified":400,
        "healthBase":23,
        "magickaModified":10,
        "magickaBase":10,
        "fatigueCurrent":399.98336791992
      }
    },
    "255860-0":{
      "refId":"flora_bc_fern_01",
      "inventory":[{
          "refId":"ingred_bc_spore_pod",
          "count":3,
          "charge":-1,
          "enchantmentCharge":-1,
          "soul":""
        }]
    },
    "255946-0":{
      "refId":"flora_bc_shelffungus_04",
      "inventory":[{
          "refId":"ingred_bc_hypha_facia",
          "count":1,
          "charge":-1,
          "enchantmentCharge":-1,
          "soul":""
        }]
    },
    "255987-0":{
      "refId":"flora_bc_mushroom_01",
      "inventory":[{
          "refId":"ingred_russula_01",
          "count":1,
          "charge":-1,
          "enchantmentCharge":-1,
          "soul":""
        }]
    },
    "255943-0":{
      "refId":"flora_bc_shelffungus_04",
      "inventory":[{
          "refId":"ingred_bc_hypha_facia",
          "count":1,
          "charge":-1,
          "enchantmentCharge":-1,
          "soul":""
        }]
    },
    "255866-0":{
      "refId":"flora_bc_fern_01",
      "inventory":[{
          "refId":"ingred_bc_spore_pod",
          "count":3,
          "charge":-1,
          "enchantmentCharge":-1,
          "soul":""
        }]
    },
    "0-612":{
      "refId":"scrib",
      "location":{
        "posX":-50662.875,
        "posZ":54.160034179688,
        "posY":-13514.185546875,
        "rotX":-0.17970575392246,
        "rotY":0,
        "rotZ":-2.6246926784515
      },
      "stats":{
        "healthCurrent":8,
        "magickaCurrent":12,
        "healthModified":8,
        "fatigueBase":300,
        "fatigueModified":300,
        "healthBase":8,
        "magickaModified":12,
        "magickaBase":12,
        "fatigueCurrent":300
      }
    },
    "0-617":{
      "refId":"slaughterfish",
      "location":{
        "posX":-52809.3359375,
        "posZ":-161.40744018555,
        "posY":-8390.630859375,
        "rotX":0,
        "rotY":0,
        "rotZ":0.64676737785339
      },
      "stats":{
        "healthCurrent":23,
        "magickaCurrent":10,
        "healthModified":23,
        "fatigueBase":400,
        "fatigueModified":400,
        "healthBase":23,
        "magickaModified":10,
        "magickaBase":10,
        "fatigueCurrent":399.98336791992
      }
    },
    "255792-0":{
      "refId":"flora_bc_mushroom_01",
      "inventory":[{
          "refId":"ingred_russula_01",
          "count":1,
          "charge":-1,
          "enchantmentCharge":-1,
          "soul":""
        }]
    },
    "255927-0":{
      "refId":"flora_bc_shelffungus_02",
      "inventory":[{
          "refId":"ingred_bc_bungler's_bane",
          "count":1,
          "charge":-1,
          "enchantmentCharge":-1,
          "soul":""
        }]
    },
    "255791-0":{
      "refId":"flora_bc_mushroom_01",
      "inventory":[{
          "refId":"ingred_russula_01",