{
  "packets":{
    "actorList":["0-1044","0-1045","0-1046","0-1047","0-1048","0-1049","0-1050"],
    "ai":[],
    "cellChangeFrom":[],
    "cellChangeTo":[],
    "container":["49598-0","49599-0","49600-0","49601-0","49602-0","49603-0","49605-0","49606-0","49607-0","49608-0","49609-0","49610-0","49611-0","49612-0","49613-0","49614-0","49615-0","49616-0","49617-0","49618-0","49619-0","49620-0","333521-0","333522-0","333523-0","333524-0","333525-0","49604-0","474840-0"],
    "death":[],
    "delete":[],
    "doorState":[],
    "equipment":[],
    "lock":[],
    "place":[],
    "position":["0-1044","0-1045","0-1046","0-1047","0-1048","0-1049","0-1050"],
    "scale":[],
    "spawn":["0-1044","0-1045","0-1046","0-1047","0-1048","0-1049","0-1050"],
    "state":[],
    "statsDynamic":["0-1044","0-1045","0-1046","0-1047","0-1048","0-1049","0-1050"],
    "trap":[]
  },
  "entry":{
    "creationTime":1588222932,
    "description":"-7, 12"
  },
  "lastVisit":{
    "Jeff":1588224273
  },
  "recordLinks":[],
  "objectData":{
    "0-1050":{
      "refId":"kwama forager blighted",
      "location":{
        "posX":-49152.109375,
        "posZ":1181.8204345703,
        "posY":103085.6796875,
        "rotX":0.16383326053619,
        "rotY":0,
        "rotZ":1.4177076816559
      },
      "stats":{
        "healthCurrent":45,
        "magickaCurrent":100,
        "healthModified":45,
        "fatigueBase":400,
        "fatigueModified":400,
        "healthBase":45,
        "magickaModified":100,
        "magickaBase":100,
        "fatigueCurrent":400
      }
    },
    "49615-0":{
      "refId":"flora_chokeweed_02",
      "inventory":[{
          "refId":"ingred_chokeweed_01",
          "count":1,
          "charge":-1,
          "enchantmentCharge":-1,
          "soul":""
        }]
    },
    "0-1045":{
      "refId":"nix-hound",
      "location":{
        "posX":-55387.625,
        "posZ":1237.5692138672,
        "posY":99575.65625,
        "rotX":-1.4444644451141,
        "rotY":0,
        "rotZ":2.2524235248566
      },
      "stats":{
        "healthCurrent":23,
        "magickaCurrent":10,
        "healthModified":23,
        "fatigueBase":400,
        "fatigueModified":400,
        "healthBase":23,
        "magickaModified":10,
        "magickaBase":10,
        "fatigueCurrent":400
      }
    },
    "49620-0":{
      "refId":"flora_chokeweed_02",
      "inventory":[{
          "refId":"ingred_chokeweed_01",
          "count":1,
          "charge":-1,
          "enchantmentCharge":-1,
          "soul":""
        }]
    },
    "49609-0":{
      "refId":"flora_chokeweed_02",
      "inventory":[{
          "refId":"ingred_chokeweed_01",
          "count":1,
          "charge":-1,
          "enchantmentCharge":-1,
          "soul":""
        }]
    },
    "49607-0":{
      "refId":"flora_chokeweed_02",
      "inventory":[{
          "refId":"ingred_chokeweed_01",
          "count":1,
          "charge":-1,
          "enchantmentCharge":-1,
          "soul":""
        }]
    },
    "49614-0":{
      "refId":"flora_chokeweed_02",
      "inventory":[{
          "refId":"ingred_chokeweed_01",
          "count":1,
          "charge":-1,
          "enchantmentCharge":-1,
          "soul":""
        }]
    },
    "49602-0":{
      "refId":"flora_chokeweed_02",
      "inventory":[{
          "refId":"ingred_chokeweed_01",
          "count":1,
          "charge":-1,
          "enchantmentCharge":-1,
          "soul":""
        }]
    },
    "0-1047":{
      "refId":"scrib",
      "location":{
        "posX":-52622.8125,
        "posZ":1350.2253417969,
        "posY":101707.265625,
        "rotX":0.02884710021317,
        "rotY":0,
        "rotZ":3.0154411792755
      },
      "stats":{
        "healthCurrent":8,
        "magickaCurrent":12,
        "healthModified":8,
        "fatigueBase":300,
        "fatigueModified":300,
        "healthBase":8,
        "magickaModified":12,
        "magickaBase":12,
        "fatigueCurrent":300
      }
    },
    "49608-0":{
      "refId":"flora_chokeweed_02",
      "inventory":[{
          "refId":"ingred_chokeweed_01",
          "count":1,
          "charge":-1,
          "enchantmentCharge":-1,
          "soul":""
        }]
    },
    "49617-0":{
      "refId":"flora_chokeweed_02",
      "inventory":[]
    },
    "49610-0":{
      "refId":"flora_chokeweed_02",
      "inventory":[{
          "refId":"ingred_chokeweed_01",
          "count":1,
          "charge":-1,
          "enchantmentCharge":-1,
          "soul":""
        }]
    },
    "474840-0":{
      "refId":"flora_kreshweed_01",
      "inventory":[{
          "refId":"ingred_kresh_fiber_01",
          "count":1,
          "charge":-1,
          "enchantmentCharge":-1,
          "soul":""
        }]
    },
    "333522-0":{
      "refId":"flora_chokeweed_02",
      "inventory":[{
          "refId":"ingred_chokeweed_01",
          "count":1,
          "charge":-1,
          "enchantmentCharge":-1,
          "soul":""
        }]
    },
    "333523-0":{
      "refId":"flora_chokeweed_02",
      "inventory":[{
          "refId":"ingred_chokeweed_01",
          "count":1,
          "charge":-1,
          "enchantmentCharge":-1,
          "soul":""
        }]
    },
    "49603-0":{
      "refId":"flora_chokeweed_02",
      "inventory":[{
          "refId":"ingred_chokeweed_01",
          "count":1,
          "charge":-1,
          "enchantmentCharge":-1,
          "soul":""
        }]
    },
    "49605-0":{
      "refId":"flora_chokeweed_02",
      "inventory":[{
          "refId":"ingred_chokeweed_01",
          "count":1,
          "charge":-1,
          "enchantmentCharge":-1,
          "soul":""
        }]
    },
    "333524-0":{
      "refId":"flora_chokeweed_02",
      "inventory":[{
          "refId":"ingred_chokeweed_01",
          "count":1,
          "charge":-1,
          "enchantmentCharge":-1,
          "soul":""
        }]
    },
    "49599-0":{
      "refId":"flora_chokeweed_02",
      "inventory":[{
          "refId":"ingred_chokeweed_01",
          "count":1,
          "charge":-1,
          "enchantmentCharge":-1,
          "soul":""
        }]
    },
    "0-1044":{
      "refId":"rat",
      "location":{
        "posX":-54406,
        "posZ":1733.7482910156,
        "posY":102569.328125,
        "rotX":-0.098205424845219,
        "rotY":0,
        "rotZ":-1.4666264057159
      },
      "stats":{
        "healthCurrent":23,
        "magickaCurrent":10,
        "healthModified":23,
        "fatigueBase":300,
        "fatigueModified":300,
        "healthBase":23,
        "magickaModified":10,
        "magickaBase":10,
        "fatigueCurrent":300
      }
    },
    "49613-0":{
      "refId":"flora_chokeweed_02",
      "inventory":[{
          "refId":"ingred_chokeweed_01",
          "count":1,
          "charge":-1,
          "enchantmentCharge":-1,
          "soul":""
        }]
    },
    "333525-0":{
      "refId":"flora_chokeweed_02",
      "inventory":[{
          "refId":"ingred_chokeweed_01",
          "count":1,
          "charge":-1,
          "enchantmentCharge":-1,
          "soul":""
        }]
    },
    "49604-0":{
      "refId":"flora_chokeweed_02",
      "inventory":[{
          "refId":"ingred_chokeweed_01",
          "count":1,
          "charge":-1,
          "enchantmentCharge":-1,
          "soul":""
        }]
    },
    "0-1048":{
      "refId":"nix-hound",
      "location":{
        "posX":-53532.1875,
        "posZ":1714.8005371094,
        "posY":106300.0625,
        "rotX":1.4146983623505,
        "rotY":0,
        "rotZ":0.16631698608398
      },
      "stats":{
        "healthCurrent":23,
        "magickaCurrent":10,
        "healthModified":23,
        "fatigueBase":400,
        "fatigueModified":400,
        "healthBase":23,
        "magickaModified":10,
        "magickaBase":10,
        "fatigueCurrent":400
      }
    },
    "49598-0":{
      "refId":"flora_chokeweed_02",