{
  "packets":{
    "actorList":["0-29","0-56","0-775","0-30"],
    "ai":[],
    "cellChangeFrom":[],
    "cellChangeTo":["83144-0"],
    "container":["83134-0","83135-0","83137-0","83142-0","0-29","0-56","0-775"],
    "death":["0-29","0-56","0-775"],
    "delete":[],
    "doorState":[],
    "equipment":[],
    "lock":[],
    "place":[],
    "position":["0-29","0-56","0-775","0-30"],
    "scale":[],
    "spawn":["0-29","0-56","0-775","0-30"],
    "state":[],
    "statsDynamic":["0-29","0-56","0-775","0-30"],
    "trap":[]
  },
  "entry":{
    "creationTime":1577768305,
    "description":"0, -2"
  },
  "lastVisit":{
    "orphanedgodzilla":1577772268,
    "Jeff":1588219646,
    "DizzyDasher":1587713137,
    "Spear":1588221923,
    "Rick Harrison":1587852786,
    "Bizz":1587852778
  },
  "recordLinks":[],
  "objectData":{
    "0-775":{
      "refId":"rat",
      "location":{
        "posX":6197.7348632813,
        "posZ":3304.3034667969,
        "posY":-13053.932617188,
        "rotX":-0.39251071214676,
        "rotY":0,
        "rotZ":-0.46612906455994
      },
      "stats":{
        "healthCurrent":0,
        "magickaCurrent":10,
        "healthModified":23,
        "fatigueBase":300,
        "fatigueModified":300,
        "healthBase":23,
        "magickaModified":10,
        "magickaBase":10,
        "fatigueCurrent":300
      },
      "inventory":[{
          "refId":"ingred_rat_meat_01",
          "count":1,
          "charge":-1,
          "enchantmentCharge":-1,
          "soul":""
        }],
      "killer":{
        "player":"Spear"
      }
    },
    "0-30":{
      "refId":"kwama forager",
      "location":{
        "posX":285.88977050781,
        "posZ":539.69067382813,
        "posY":-8990.857421875,
        "rotX":-0.30275368690491,
        "rotY":0,
        "rotZ":-2.2824327945709
      },
      "stats":{
        "healthCurrent":23,
        "magickaCurrent":15,
        "healthModified":23,
        "fatigueBase":300,
        "fatigueModified":300,
        "healthBase":23,
        "magickaModified":15,
        "magickaBase":15,
        "fatigueCurrent":300
      }
    },
    "83137-0":{
      "refId":"crate_01",
      "inventory":[]
    },
    "0-29":{
      "refId":"scrib",
      "location":{
        "posX":3243.6474609375,
        "posZ":3533.15625,
        "posY":-14307.137695313,
        "rotX":-0.41246402263641,
        "rotY":0,
        "rotZ":1.8982536792755
      },
      "stats":{
        "healthCurrent":0,
        "magickaCurrent":12,
        "healthModified":8,
        "fatigueBase":300,
        "fatigueModified":300,
        "healthBase":8,
        "magickaModified":12,
        "magickaBase":12,
        "fatigueCurrent":300
      },
      "inventory":[],
      "killer":{
        "player":"Jeff"
      }
    },
    "83135-0":{
      "refId":"crate_01",
      "inventory":[]
    },
    "83144-0":{
      "cellChangeTo":"-1, -2"
    },
    "83142-0":{
      "refId":"dwrv_barrel00",
      "inventory":[{
          "refId":"ingred_scrap_metal_01",
          "count":1,
          "charge":-1,
          "enchantmentCharge":-1,
          "soul":""
        }]
    },
    "0-56":{
      "refId":"kwama forager",
      "location":{
        "posX":8085.5361328125,
        "posZ":2082.8544921875,
        "posY":-12255.545898438,
        "rotX":-0.37776431441307,
        "rotY":0,
        "rotZ":-0.19127702713013
      },
      "stats":{
        "healthCurrent":0,
        "magickaCurrent":15,
        "healthModified":23,
        "fatigueBase":300,
        "fatigueModified":300,
        "healthBase":23,
        "magickaModified":15,
        "magickaBase":15,
        "fatigueCurrent":300
      },
      "inventory":[{
          "refId":"ingred_kwama_cuttle_01",
          "count":1,
          "charge":-1,
          "enchantmentCharge":-1,
          "soul":""
        }],
      "killer":{
        "player":"Jeff"
      }
    },
    "83134-0":{
      "refId":"crate_01",
      "inventory":[]
    }
  }
}