{
  "packets":{
    "actorList":["0-618","0-619","0-623","0-624","0-625","0-312"],
    "ai":[],
    "cellChangeFrom":[],
    "cellChangeTo":[],
    "container":["478211-0","478212-0","478213-0","478214-0","478215-0","478216-0","478217-0","478218-0","478219-0","478221-0","478225-0","478227-0","478231-0","478232-0","478233-0","478234-0","478235-0","478236-0","478237-0","478242-0","478244-0","478246-0","0-619","0-618","0-624","0-623","0-312"],
    "death":["0-619","0-618","0-624","0-623","0-312"],
    "delete":[],
    "doorState":[],
    "equipment":[],
    "lock":[],
    "place":[],
    "position":["0-312","0-618","0-619","0-623","0-624","0-625"],
    "scale":[],
    "spawn":["0-618","0-619","0-623","0-624","0-625","0-312"],
    "state":[],
    "statsDynamic":["0-312","0-618","0-619","0-623","0-624","0-625"],
    "trap":[]
  },
  "entry":{
    "creationTime":1587853566,
    "description":"2, -10"
  },
  "lastVisit":{
    "Rick Harrison":1587853835,
    "Jeff":1588220962
  },
  "recordLinks":[],
  "objectData":{
    "478213-0":{
      "refId":"flora_black_anther_02",
      "inventory":[{
          "refId":"ingred_black_anther_01",
          "count":1,
          "charge":-1,
          "enchantmentCharge":-1,
          "soul":""
        }]
    },
    "0-625":{
      "refId":"slaughterfish_small",
      "location":{
        "posX":21234.685546875,
        "posZ":-184.00532531738,
        "posY":-80929.9765625,
        "rotX":9.0338289737701e-07,
        "rotY":0,
        "rotZ":-3.076112985611
      },
      "stats":{
        "healthCurrent":15,
        "magickaCurrent":10,
        "healthModified":15,
        "fatigueBase":300,
        "fatigueModified":300,
        "healthBase":15,
        "magickaModified":10,
        "magickaBase":10,
        "fatigueCurrent":299.82791137695
      }
    },
    "478234-0":{
      "refId":"flora_willow_flower_01",
      "inventory":[{
          "refId":"ingred_willow_anther_01",
          "count":1,
          "charge":-1,
          "enchantmentCharge":-1,
          "soul":""
        }]
    },
    "0-618":{
      "refId":"rat",
      "location":{
        "posX":22428.40625,
        "posZ":341.16162109375,
        "posY":-77446.390625,
        "rotX":-0.390281021595,
        "rotY":0,
        "rotZ":3.1055243015289
      },
      "stats":{
        "healthCurrent":0,
        "magickaCurrent":10,
        "healthModified":23,
        "fatigueBase":300,
        "fatigueModified":300,
        "healthBase":23,
        "magickaModified":10,
        "magickaBase":10,
        "fatigueCurrent":284.09252929688
      },
      "inventory":[],
      "killer":{
        "player":"Rick Harrison"
      }
    },
    "478242-0":{
      "refId":"flora_heather_01",
      "inventory":[]
    },
    "478211-0":{
      "refId":"flora_black_anther_02",
      "inventory":[{
          "refId":"ingred_black_anther_01",
          "count":1,
          "charge":-1,
          "enchantmentCharge":-1,
          "soul":""
        }]
    },
    "478221-0":{
      "refId":"flora_comberry_01",
      "inventory":[{
          "refId":"ingred_comberry_01",
          "count":1,
          "charge":-1,
          "enchantmentCharge":-1,
          "soul":""
        }]
    },
    "478232-0":{
      "refId":"flora_black_anther_01",
      "inventory":[]
    },
    "0-312":{
      "refId":"rat",
      "location":{
        "posX":16446.6328125,
        "posZ":513.14880371094,
        "posY":-78415.4609375,
        "rotX":-0.32902553677559,
        "rotY":0,
        "rotZ":-0.48626637458801
      },
      "stats":{
        "healthCurrent":0,
        "magickaCurrent":10,
        "healthModified":23,
        "fatigueBase":300,
        "fatigueModified":300,
        "healthBase":23,
        "magickaModified":10,
        "magickaBase":10,
        "fatigueCurrent":275.69619750977
      },
      "inventory":[{
          "refId":"ingred_rat_meat_01",
          "count":1,
          "charge":-1,
          "enchantmentCharge":-1,
          "soul":""
        }],
      "killer":{
        "player":"Rick Harrison"
      }
    },
    "478219-0":{
      "refId":"flora_corkbulb",
      "inventory":[{
          "refId":"ingred_corkbulb_root_01",
          "count":1,
          "charge":-1,
          "enchantmentCharge":-1,
          "soul":""
        }]
    },
    "0-623":{
      "refId":"mudcrab-diseased",
      "location":{
        "posX":19687.45703125,
        "posZ":230.42587280273,
        "posY":-77822.7265625,
        "rotX":0.061350099742413,
        "rotY":0,
        "rotZ":-0.56741857528687
      },
      "stats":{
        "healthCurrent":0,
        "magickaCurrent":5,
        "healthModified":15,
        "fatigueBase":55,
        "fatigueModified":55,
        "healthBase":15,
        "magickaModified":5,
        "magickaBase":5,
        "fatigueCurrent":44.446006774902
      },
      "inventory":[{
          "refId":"ingred_crab_meat_01",
          "count":1,
          "charge":-1,
          "enchantmentCharge":-1,
          "soul":""
        }],
      "killer":{
        "player":"Rick Harrison"
      }
    },
    "478212-0":{
      "refId":"flora_black_anther_01",
      "inventory":[{
          "refId":"ingred_black_anther_01",
          "count":1,
          "charge":-1,
          "enchantmentCharge":-1,
          "soul":""
        }]
    },
    "478233-0":{
      "refId":"flora_black_anther_01",
      "inventory":[]
    },
    "478225-0":{
      "refId":"flora_heather_01",
      "inventory":[{
          "refId":"ingred_heather_01",
          "count":1,
          "charge":-1,
          "enchantmentCharge":-1,
          "soul":""
        }]
    },
    "478214-0":{
      "refId":"flora_black_anther_01",
      "inventory":[{
          "refId":"ingred_black_anther_01",
          "count":2,
          "charge":-1,
          "enchantmentCharge":-1,
          "soul":""
        }]
    },
    "478231-0":{
      "refId":"flora_black_anther_02",
      "inventory":[{
          "refId":"ingred_black_anther_01",
          "count":1,
          "charge":-1,
          "enchantmentCharge":-1,
          "soul":""
        }]
    },
    "478236-0":{
      "refId":"flora_willow_flower_01",
      "inventory":[]
    },
    "478215-0":{
      "refId":"flora_willow_flower_01",
      "inventory":[{
          "refId":"ingred_willow_anther_01",
          "count":1,
          "charge":-1,
          "enchantmentCharge":-1,
          "soul":""
        }]
    },
    "478227-0":{
      "refId":"flora_heather_01",
      "inventory":[{
          "refId":"ingred_heather_01",
          "count":2,
          "charge":-1,
          "enchantmentCharge":-1,
          "soul":""
        }]
    },
    "478218-0":{
      "refId":"flora_willow_flower_02",
      "inventory":[{
          "refId":"ingred_willow_anther_01",
          "count":1,
          "charge":-1,
          "enchantmentCharge":-1,
          "soul":""
        }]
    },
    "478216-0":{
      "refId":"flora_willow_flower_02",
      "inventory":[{
          "refId":"ingred_willow_anther_01",
          "count":1,
          "charge":-1,
          "enchantmentCharge":-1,
          "soul":""
        }]
    },
    "0-624":{
      "refId":"mudcrab",
      "location":{
        "posX":19567.9765625,
        "posZ":203.09190368652,
        "posY":-77696.0546875,
        "rotX":-0.052823230624199,
        "rotY":0,
        "rotZ":0.44487881660461
      },
      "stats":{
        "healthCurrent":0,
        "magickaCurrent":5,
        "healthModified":15,
        "fatigueBase":400,
        "fatigueModified":400,
        "healthBase":15,
        "magickaModified":5,
        "magickaBase":5,
        "fatigueCurrent":380.80917358398
      },
      "inventory":[],
      "killer":{
        "player":"Rick Harrison"
      }
    },
    "478237-0":{
      "refId":"flora_willow_flower_02",
      "inventory":[]
    },
    "478235-0":{
      "refId":"flora_willow_flower_02",
      "inventory":[]
    },
    "478244-0":{
      "refId":"flora_heather_01",
      "inventory":[]
    },