{
  "packets":{
    "actorList":["261697-0","261693-0","261695-0","0-742"],
    "ai":[],
    "cellChangeFrom":[],
    "cellChangeTo":[],
    "container":["359113-0","359114-0","359126-0","359164-0","476984-0","476985-0","476986-0","476987-0","476988-0","476989-0","476990-0","476991-0","476992-0","476993-0","476994-0","476995-0","476996-0","476997-0","476999-0","477000-0","477005-0","477008-0","477013-0","477014-0","477015-0","477016-0","261697-0","261693-0","261695-0","0-742"],
    "death":["261695-0","0-742"],
    "delete":[],
    "doorState":[],
    "equipment":["261697-0","0-742"],
    "lock":[],
    "place":[],
    "position":["261693-0","261697-0","261695-0","0-742"],
    "scale":[],
    "spawn":["0-742"],
    "state":[],
    "statsDynamic":["261693-0","261697-0","261695-0","0-742"],
    "trap":[]
  },
  "entry":{
    "creationTime":1587934681,
    "description":"2, -4"
  },
  "lastVisit":{
    "Jeff":1588220169,
    "Spear":1587934989
  },
  "recordLinks":[],
  "objectData":{
    "476997-0":{
      "refId":"flora_heather_01",
      "inventory":[{
          "refId":"ingred_heather_01",
          "count":2,
          "charge":-1,
          "enchantmentCharge":-1,
          "soul":""
        }]
    },
    "477005-0":{
      "refId":"flora_comberry_01",
      "inventory":[{
          "refId":"ingred_comberry_01",
          "count":1,
          "charge":-1,
          "enchantmentCharge":-1,
          "soul":""
        }]
    },
    "476987-0":{
      "refId":"flora_black_anther_02",
      "inventory":[{
          "refId":"ingred_black_anther_01",
          "count":1,
          "charge":-1,
          "enchantmentCharge":-1,
          "soul":""
        }]
    },
    "0-742":{
      "refId":"db_assassin1b",
      "location":{
        "posX":16710.45703125,
        "posZ":682.99639892578,
        "posY":-29028.572265625,
        "rotX":0.026371007785201,
        "rotY":0,
        "rotZ":0.18344330787659
      },
      "stats":{
        "healthCurrent":0,
        "magickaCurrent":100,
        "healthModified":40,
        "fatigueBase":150,
        "fatigueModified":150,
        "healthBase":40,
        "magickaModified":100,
        "magickaBase":100,
        "fatigueCurrent":150
      },
      "equipment":[],
      "inventory":[{
          "refId":"darkbrotherhood gauntlet_r",
          "count":1,
          "charge":-1,
          "enchantmentCharge":-1,
          "soul":""
        },{
          "refId":"darkbrotherhood gauntlet_l",
          "count":1,
          "charge":-1,
          "enchantmentCharge":-1,
          "soul":""
        },{
          "refId":"darkbrotherhood boots",
          "count":1,
          "charge":182,
          "enchantmentCharge":-1,
          "soul":""
        },{
          "refId":"darkbrotherhood greaves",
          "count":1,
          "charge":229,
          "enchantmentCharge":-1,
          "soul":""
        },{
          "refId":"darkbrotherhood pauldron_r",
          "count":1,
          "charge":-1,
          "enchantmentCharge":-1,
          "soul":""
        },{
          "refId":"darkbrotherhood pauldron_l",
          "count":1,
          "charge":-1,
          "enchantmentCharge":-1,
          "soul":""
        },{
          "refId":"darkbrotherhood cuirass",
          "count":1,
          "charge":282,
          "enchantmentCharge":-1,
          "soul":""
        },{
          "refId":"darkbrotherhood helm",
          "count":1,
          "charge":-1,
          "enchantmentCharge":-1,
          "soul":""
        },{
          "refId":"silver dagger",
          "count":1,
          "charge":-1,
          "enchantmentCharge":-1,
          "soul":""
        }],
      "killer":{
        "player":"Spear"
      }
    },
    "476989-0":{
      "refId":"flora_black_anther_02",
      "inventory":[{
          "refId":"ingred_black_anther_01",
          "count":1,
          "charge":-1,
          "enchantmentCharge":-1,
          "soul":""
        }]
    },
    "476990-0":{
      "refId":"flora_black_anther_01",
      "inventory":[{
          "refId":"ingred_black_anther_01",
          "count":2,
          "charge":-1,
          "enchantmentCharge":-1,
          "soul":""
        }]
    },
    "476996-0":{
      "refId":"flora_heather_01",
      "inventory":[{
          "refId":"ingred_heather_01",
          "count":2,
          "charge":-1,
          "enchantmentCharge":-1,
          "soul":""
        }]
    },
    "476999-0":{
      "refId":"flora_gold_kanet_01",
      "inventory":[{
          "refId":"ingred_gold_kanet_01",
          "count":1,
          "charge":-1,
          "enchantmentCharge":-1,
          "soul":""
        }]
    },
    "476995-0":{
      "refId":"flora_corkbulb",
      "inventory":[{
          "refId":"ingred_corkbulb_root_01",
          "count":1,
          "charge":-1,
          "enchantmentCharge":-1,
          "soul":""
        }]
    },
    "359113-0":{
      "refId":"flora_comberry_01",
      "inventory":[{
          "refId":"ingred_comberry_01",
          "count":1,
          "charge":-1,
          "enchantmentCharge":-1,
          "soul":""
        }]
    },
    "476984-0":{
      "refId":"flora_gold_kanet_02",
      "inventory":[{
          "refId":"ingred_gold_kanet_01",
          "count":1,
          "charge":-1,
          "enchantmentCharge":-1,
          "soul":""
        }]
    },
    "359164-0":{
      "refId":"flora_corkbulb",
      "inventory":[]
    },
    "476993-0":{
      "refId":"flora_willow_flower_01",
      "inventory":[{
          "refId":"ingred_willow_anther_01",
          "count":1,
          "charge":-1,
          "enchantmentCharge":-1,
          "soul":""
        }]
    },
    "477000-0":{
      "refId":"flora_gold_kanet_02",
      "inventory":[{
          "refId":"ingred_gold_kanet_01",
          "count":1,
          "charge":-1,
          "enchantmentCharge":-1,
          "soul":""
        }]
    },
    "476986-0":{
      "refId":"flora_stoneflower_01",
      "inventory":[{
          "refId":"ingred_stoneflower_petals_01",
          "count":1,
          "charge":-1,
          "enchantmentCharge":-1,
          "soul":""
        }]
    },
    "476992-0":{
      "refId":"flora_willow_flower_02",
      "inventory":[{
          "refId":"ingred_willow_anther_01",
          "count":1,
          "charge":-1,
          "enchantmentCharge":-1,
          "soul":""
        }]
    },
    "477014-0":{
      "refId":"flora_gold_kanet_01",
      "inventory":[]
    },
    "477016-0":{
      "refId":"flora_heather_01",
      "inventory":[]
    },
    "261693-0":{
      "refId":"kagouti_mating",
      "location":{
        "posX":19116.484375,
        "posZ":1176.2894287109,
        "posY":-30932.59375,
        "rotX":-0.78969693183899,
        "rotY":0,
        "rotZ":0.056266069412231
      },
      "stats":{
        "healthCurrent":45,
        "magickaCurrent":10,
        "healthModified":45,
        "fatigueBase":500,
        "fatigueModified":500,
        "healthBase":45,
        "magickaModified":10,
        "magickaBase":10,
        "fatigueCurrent":500
      },
      "inventory":[{
          "refId":"ingred_kagouti_hide_01",
          "count":1,
          "charge":-1,
          "enchantmentCharge":-1,
          "soul":""
        }]
    },
    "476994-0":{
      "refId":"flora_willow_flower_02",
      "inventory":[{
          "refId":"ingred_willow_anther_01",
          "count":1,
          "charge":-1,
          "enchantmentCharge":-1,
          "soul":""
        }]
    },
    "359114-0":{
      "refId":"flora_corkbulb",
      "inventory":[{
          "refId":"ingred_corkbulb_root_01",
          "count":1,
          "charge":-1,
          "enchantmentCharge":-1,
          "soul":""
        }]
    },
    "359126-0":{
      "refId":"flora_corkbulb",
      "inventory":[{
          "refId":"ingred_corkbulb_root_01",
          "count":1,
          "charge":-1,
          "enchantmentCharge":-1,
          "soul":""
        }]
    },
    "261697-0":{
      "refId":"thoronor",