{
  "packets":{
    "actorList":["0-439","0-440","574178-0"],
    "ai":[],
    "cellChangeFrom":[],
    "cellChangeTo":[],
    "container":["574213-0","574214-0","574215-0","574220-0","574225-0","574226-0","574227-0","574235-0","574236-0","574237-0","574238-0","574239-0","574240-0","574244-0","574252-0","574257-0","574258-0","574260-0","574261-0","574262-0","574263-0","574264-0","574279-0","574280-0","574281-0","574283-0","574284-0","574285-0","574286-0","574287-0","574294-0","574295-0","574296-0","574297-0","574298-0","574299-0","574300-0","574301-0","574302-0","574303-0","574178-0"],
    "death":[],
    "delete":[],
    "doorState":[],
    "equipment":["574178-0"],
    "lock":[],
    "place":[],
    "position":["574178-0","0-439","0-440"],
    "scale":[],
    "spawn":["0-439","0-440"],
    "state":[],
    "statsDynamic":["574178-0","0-439","0-440"],
    "trap":[]
  },
  "entry":{
    "creationTime":1587717685,
    "description":"2, -19"
  },
  "lastVisit":{
    "Jeff":1587717773
  },
  "recordLinks":[],
  "objectData":{
    "0-440":{
      "refId":"netch_bull",
      "location":{
        "posX":16797.759765625,
        "posZ":891.42333984375,
        "posY":-150995.8125,
        "rotX":0,
        "rotY":0,
        "rotZ":0
      },
      "stats":{
        "healthCurrent":45,
        "magickaCurrent":100,
        "healthModified":45,
        "fatigueBase":400,
        "fatigueModified":400,
        "healthBase":45,
        "magickaModified":100,
        "magickaBase":100,
        "fatigueCurrent":400
      }
    },
    "574302-0":{
      "refId":"t_mw_flora_bluefoot02",
      "inventory":[{
          "refId":"t_ingflor_bluefoot_01",
          "count":1,
          "charge":-1,
          "enchantmentCharge":-1,
          "soul":""
        }]
    },
    "574240-0":{
      "refId":"flora_hackle-lo_01",
      "inventory":[{
          "refId":"ingred_hackle-lo_leaf_01",
          "count":1,
          "charge":-1,
          "enchantmentCharge":-1,
          "soul":""
        }]
    },
    "574287-0":{
      "refId":"flora_muckspunge_05",
      "inventory":[{
          "refId":"ingred_muck_01",
          "count":1,
          "charge":-1,
          "enchantmentCharge":-1,
          "soul":""
        }]
    },
    "574297-0":{
      "refId":"t_mw_flora_templedom01",
      "inventory":[{
          "refId":"t_ingflor_templedome_01",
          "count":1,
          "charge":-1,
          "enchantmentCharge":-1,
          "soul":""
        }]
    },
    "574239-0":{
      "refId":"flora_hackle-lo_02",
      "inventory":[{
          "refId":"ingred_hackle-lo_leaf_01",
          "count":1,
          "charge":-1,
          "enchantmentCharge":-1,
          "soul":""
        }]
    },
    "574226-0":{
      "refId":"flora_hackle-lo_02",
      "inventory":[{
          "refId":"ingred_hackle-lo_leaf_01",
          "count":1,
          "charge":-1,
          "enchantmentCharge":-1,
          "soul":""
        }]
    },
    "0-439":{
      "refId":"rat",
      "location":{
        "posX":20806.189453125,
        "posZ":1932.3618164063,
        "posY":-155066.671875,
        "rotX":0,
        "rotY":0,
        "rotZ":5.1831860542297
      },
      "stats":{
        "healthCurrent":23,
        "magickaCurrent":10,
        "healthModified":23,
        "fatigueBase":300,
        "fatigueModified":300,
        "healthBase":23,
        "magickaModified":10,
        "magickaBase":10,
        "fatigueCurrent":300
      }
    },
    "574284-0":{
      "refId":"flora_muckspunge_03",
      "inventory":[{
          "refId":"ingred_muck_01",
          "count":1,
          "charge":-1,
          "enchantmentCharge":-1,
          "soul":""
        }]
    },
    "574281-0":{
      "refId":"t_mw_flora_bluefoot02",
      "inventory":[]
    },
    "574257-0":{
      "refId":"flora_stoneflower_01",
      "inventory":[{
          "refId":"ingred_stoneflower_petals_01",
          "count":1,
          "charge":-1,
          "enchantmentCharge":-1,
          "soul":""
        }]
    },
    "574280-0":{
      "refId":"t_mw_flora_bluefoot04",
      "inventory":[{
          "refId":"t_ingflor_bluefoot_01",
          "count":3,
          "charge":-1,
          "enchantmentCharge":-1,
          "soul":""
        }]
    },
    "574263-0":{
      "refId":"flora_stoneflower_01",
      "inventory":[]
    },
    "574294-0":{
      "refId":"t_mw_flora_templedom01",
      "inventory":[{
          "refId":"t_ingflor_templedome_01",
          "count":1,
          "charge":-1,
          "enchantmentCharge":-1,
          "soul":""
        }]
    },
    "574295-0":{
      "refId":"t_mw_flora_templedom01",
      "inventory":[{
          "refId":"t_ingflor_templedome_01",
          "count":1,
          "charge":-1,
          "enchantmentCharge":-1,
          "soul":""
        }]
    },
    "574261-0":{
      "refId":"flora_corkbulb",
      "inventory":[{
          "refId":"ingred_corkbulb_root_01",
          "count":1,
          "charge":-1,
          "enchantmentCharge":-1,
          "soul":""
        }]
    },
    "574214-0":{
      "refId":"flora_hackle-lo_01",
      "inventory":[{
          "refId":"ingred_hackle-lo_leaf_01",
          "count":1,
          "charge":-1,
          "enchantmentCharge":-1,
          "soul":""
        }]
    },
    "574252-0":{
      "refId":"flora_hackle-lo_01",
      "inventory":[{
          "refId":"ingred_hackle-lo_leaf_01",
          "count":1,
          "charge":-1,
          "enchantmentCharge":-1,
          "soul":""
        }]
    },
    "574225-0":{
      "refId":"flora_stoneflower_01",
      "inventory":[{
          "refId":"ingred_stoneflower_petals_01",
          "count":1,
          "charge":-1,
          "enchantmentCharge":-1,
          "soul":""
        }]
    },
    "574301-0":{
      "refId":"t_mw_flora_templedom02",
      "inventory":[]
    },
    "574236-0":{
      "refId":"flora_stoneflower_01",
      "inventory":[]
    },
    "574260-0":{
      "refId":"flora_corkbulb",
      "inventory":[{
          "refId":"ingred_corkbulb_root_01",
          "count":1,
          "charge":-1,
          "enchantmentCharge":-1,
          "soul":""
        }]
    },
    "574286-0":{
      "refId":"flora_muckspunge_04",
      "inventory":[]
    },
    "574220-0":{
      "refId":"flora_hackle-lo_02",
      "inventory":[]
    },
    "574178-0":{
      "refId":"tr_m4_darvas dreth",
      "location":{
        "posX":18843.0625,
        "posZ":402.85345458984,
        "posY":-149018.96875,
        "rotX":0,
        "rotY":0,
        "rotZ":3.58318567276
      },
      "stats":{
        "healthCurrent":84,
        "magickaCurrent":126,
        "healthModified":84,
        "fatigueBase":209,
        "fatigueModified":209,
        "healthBase":84,
        "magickaModified":126,
        "magickaBase":126,
        "fatigueCurrent":209
      },
      "equipment":{
        "1":{
          "refId":"netch_leather_boiled_cuirass",
          "count":1,
          "charge":-1,
          "enchantmentCharge":-1
        },
        "4":{
          "refId":"netch_leather_pauldron_right",
          "count":1,
          "charge":-1,
          "enchantmentCharge":-1
        },
        "6":{
          "refId":"netch_leather_gauntlet_right",
          "count":1,
          "charge":-1,
          "enchantmentCharge":-1
        },
        "7":{
          "refId":"netch_leather_boots",
          "count":1,
          "charge":-1,
          "enchantmentCharge":-1
        },
        "9":{
          "refId":"common_pants_06",
          "count":1,
          "charge":-1,
          "enchantmentCharge":-1
        },
        "16":{
          "refId":"flying viper",
          "count":6,
          "charge":-1,
          "enchantmentCharge":-1
        },
        "17":{
          "refId":"chitin_shield",
          "count":1,
          "charge":-1,
          "enchantmentCharge":-1
        }
      },
      "inventory":[{
          "refId":"potion_local_brew_01",
          "count":1,
          "charge":-1,