{
  "packets":{
    "actorList":["0-507","0-508","0-509"],
    "ai":[],
    "cellChangeFrom":[],
    "cellChangeTo":[],
    "container":["298091-0","298092-0","298093-0","298094-0","298095-0","298096-0","298097-0","298098-0","298099-0","298100-0","298101-0","298102-0","298103-0","298104-0","298105-0","298106-0","298107-0","298108-0","298109-0","298110-0","298111-0","298112-0","298113-0","298114-0","298115-0","298116-0","298132-0","298133-0","298161-0","298162-0","298163-0","298168-0","298187-0","298193-0","298194-0","298213-0","298214-0","298238-0","298239-0","298242-0","298243-0","298244-0","298245-0","298246-0","298247-0","298248-0","298249-0","298250-0","298251-0","298252-0","298253-0","298254-0","298255-0","0-508"],
    "death":["0-508"],
    "delete":[],
    "doorState":[],
    "equipment":[],
    "lock":[],
    "place":[],
    "position":["0-507","0-508","0-509"],
    "scale":[],
    "spawn":["0-507","0-508","0-509"],
    "state":[],
    "statsDynamic":["0-507","0-508","0-509"],
    "trap":[]
  },
  "entry":{
    "creationTime":1587717815,
    "description":"20, 15"
  },
  "lastVisit":{
    "Jeff":1587718111
  },
  "recordLinks":[],
  "objectData":{
    "0-508":{
      "refId":"nix-hound",
      "location":{
        "posX":165605.421875,
        "posZ":1107.7368164063,
        "posY":129977.9375,
        "rotX":0,
        "rotY":0,
        "rotZ":5.043185710907
      },
      "stats":{
        "healthCurrent":0,
        "magickaCurrent":10,
        "healthModified":23,
        "fatigueBase":400,
        "fatigueModified":400,
        "healthBase":23,
        "magickaModified":10,
        "magickaBase":10,
        "fatigueCurrent":400
      },
      "inventory":[{
          "refId":"ingred_hound_meat_01",
          "count":1,
          "charge":-1,
          "enchantmentCharge":-1,
          "soul":""
        }]
    },
    "298213-0":{
      "refId":"flora_wickwheat_03",
      "inventory":[{
          "refId":"ingred_wickwheat_01",
          "count":1,
          "charge":-1,
          "enchantmentCharge":-1,
          "soul":""
        }]
    },
    "298106-0":{
      "refId":"flora_wickwheat_01",
      "inventory":[{
          "refId":"ingred_wickwheat_01",
          "count":1,
          "charge":-1,
          "enchantmentCharge":-1,
          "soul":""
        }]
    },
    "298214-0":{
      "refId":"flora_wickwheat_03",
      "inventory":[{
          "refId":"ingred_wickwheat_01",
          "count":1,
          "charge":-1,
          "enchantmentCharge":-1,
          "soul":""
        }]
    },
    "298238-0":{
      "refId":"flora_wickwheat_01",
      "inventory":[{
          "refId":"ingred_wickwheat_01",
          "count":1,
          "charge":-1,
          "enchantmentCharge":-1,
          "soul":""
        }]
    },
    "298249-0":{
      "refId":"flora_wickwheat_02",
      "inventory":[{
          "refId":"ingred_wickwheat_01",
          "count":1,
          "charge":-1,
          "enchantmentCharge":-1,
          "soul":""
        }]
    },
    "298133-0":{
      "refId":"flora_wickwheat_04",
      "inventory":[{
          "refId":"ingred_wickwheat_01",
          "count":1,
          "charge":-1,
          "enchantmentCharge":-1,
          "soul":""
        }]
    },
    "298107-0":{
      "refId":"flora_wickwheat_03",
      "inventory":[]
    },
    "298242-0":{
      "refId":"flora_stoneflower_02",
      "inventory":[{
          "refId":"ingred_stoneflower_petals_01",
          "count":1,
          "charge":-1,
          "enchantmentCharge":-1,
          "soul":""
        }]
    },
    "298095-0":{
      "refId":"flora_wickwheat_02",
      "inventory":[{
          "refId":"ingred_wickwheat_01",
          "count":1,
          "charge":-1,
          "enchantmentCharge":-1,
          "soul":""
        }]
    },
    "298244-0":{
      "refId":"flora_hackle-lo_02",
      "inventory":[{
          "refId":"ingred_hackle-lo_leaf_01",
          "count":1,
          "charge":-1,
          "enchantmentCharge":-1,
          "soul":""
        }]
    },
    "298248-0":{
      "refId":"flora_wickwheat_02",
      "inventory":[{
          "refId":"ingred_wickwheat_01",
          "count":1,
          "charge":-1,
          "enchantmentCharge":-1,
          "soul":""
        }]
    },
    "298113-0":{
      "refId":"flora_wickwheat_03",
      "inventory":[{
          "refId":"ingred_wickwheat_01",
          "count":1,
          "charge":-1,
          "enchantmentCharge":-1,
          "soul":""
        }]
    },
    "298111-0":{
      "refId":"flora_wickwheat_04",
      "inventory":[{
          "refId":"ingred_wickwheat_01",
          "count":1,
          "charge":-1,
          "enchantmentCharge":-1,
          "soul":""
        }]
    },
    "298247-0":{
      "refId":"flora_wickwheat_01",
      "inventory":[{
          "refId":"ingred_wickwheat_01",
          "count":1,
          "charge":-1,
          "enchantmentCharge":-1,
          "soul":""
        }]
    },
    "298253-0":{
      "refId":"flora_wickwheat_01",
      "inventory":[{
          "refId":"ingred_wickwheat_01",
          "count":1,
          "charge":-1,
          "enchantmentCharge":-1,
          "soul":""
        }]
    },
    "298245-0":{
      "refId":"flora_wickwheat_02",
      "inventory":[{
          "refId":"ingred_wickwheat_01",
          "count":1,
          "charge":-1,
          "enchantmentCharge":-1,
          "soul":""
        }]
    },
    "298194-0":{
      "refId":"flora_wickwheat_03",
      "inventory":[{
          "refId":"ingred_wickwheat_01",
          "count":1,
          "charge":-1,
          "enchantmentCharge":-1,
          "soul":""
        }]
    },
    "298252-0":{
      "refId":"flora_wickwheat_02",
      "inventory":[{
          "refId":"ingred_wickwheat_01",
          "count":1,
          "charge":-1,
          "enchantmentCharge":-1,
          "soul":""
        }]
    },
    "298112-0":{
      "refId":"flora_wickwheat_01",
      "inventory":[{
          "refId":"ingred_wickwheat_01",
          "count":1,
          "charge":-1,
          "enchantmentCharge":-1,
          "soul":""
        }]
    },
    "0-507":{
      "refId":"t_glb_fau_bflygrn_01",
      "location":{
        "posX":165850.953125,
        "posZ":782.66937255859,
        "posY":124532.4296875,
        "rotX":0,
        "rotY":0,
        "rotZ":3.0199999809265
      },
      "stats":{
        "healthCurrent":10,
        "magickaCurrent":50,
        "healthModified":10,
        "fatigueBase":50,
        "fatigueModified":50,
        "healthBase":10,
        "magickaModified":50,
        "magickaBase":50,
        "fatigueCurrent":50
      }
    },
    "298254-0":{
      "refId":"flora_stoneflower_02",
      "inventory":[{
          "refId":"ingred_stoneflower_petals_01",
          "count":1,
          "charge":-1,
          "enchantmentCharge":-1,
          "soul":""
        }]
    },
    "298114-0":{
      "refId":"flora_wickwheat_01",
      "inventory":[{
          "refId":"ingred_wickwheat_01",
          "count":1,
          "charge":-1,
          "enchantmentCharge":-1,
          "soul":""
        }]
    },
    "298168-0":{
      "refId":"flora_hackle-lo_02",
      "inventory":[{
          "refId":"ingred_hackle-lo_leaf_01",
          "count":1,
          "charge":-1,
          "enchantmentCharge":-1,
          "soul":""
        }]
    },
    "298091-0":{
      "refId":"flora_wickwheat_01",
      "inventory":[{
          "refId":"ingred_wickwheat_01",
          "count":1,
          "charge":-1,
          "enchantmentCharge":-1,
          "soul":""
        }]
    },
    "298104-0":{
      "refId":"flora_wickwheat_03",
      "inventory":[{
          "refId":"ingred_wickwheat_01",
          "count":1,
          "charge":-1,
          "enchantmentCharge":-1,
          "soul":""
        }]
    },
    "298103-0":{
      "refId":"flora_wickwheat_04",
      "inventory":[{
          "refId":"ingred_wickwheat_01",
          "count":1,
          "charge":-1,
          "enchantmentCharge":-1,