{
  "packets":{
    "actorList":["0-631","0-632","193704-0","363340-0","399159-0","193702-0","476733-0","193703-0"],
    "ai":[],
    "cellChangeFrom":[],
    "cellChangeTo":[],
    "container":["318800-0","318801-0","318802-0","318803-0","318804-0","318805-0","318806-0","318807-0","318808-0","460737-0","478107-0","478111-0","478112-0","478114-0","478118-0","478122-0","193704-0","363340-0","399159-0","193702-0","476733-0","193703-0"],
    "death":[],
    "delete":[],
    "doorState":[],
    "equipment":["193704-0","363340-0","399159-0"],
    "lock":[],
    "place":[],
    "position":["193702-0","193704-0","363340-0","399159-0","476733-0","0-631","0-632","193703-0"],
    "scale":[],
    "spawn":["0-631","0-632"],
    "state":[],
    "statsDynamic":["193702-0","193704-0","363340-0","399159-0","476733-0","0-631","0-632","193703-0"],
    "trap":[]
  },
  "entry":{
    "creationTime":1587853566,
    "description":"3, -9"
  },
  "lastVisit":{
    "Rick Harrison":1587853787,
    "Jeff":1588220962
  },
  "recordLinks":[],
  "objectData":{
    "0-632":{
      "refId":"rat",
      "location":{
        "posX":30241.083984375,
        "posZ":381.58099365234,
        "posY":-65735.0859375,
        "rotX":-1.0423909425735,
        "rotY":0,
        "rotZ":-0.11320853233337
      },
      "stats":{
        "healthCurrent":23,
        "magickaCurrent":10,
        "healthModified":23,
        "fatigueBase":300,
        "fatigueModified":300,
        "healthBase":23,
        "magickaModified":10,
        "magickaBase":10,
        "fatigueCurrent":300
      }
    },
    "318806-0":{
      "refId":"flora_willow_flower_02",
      "inventory":[{
          "refId":"ingred_willow_anther_01",
          "count":1,
          "charge":-1,
          "enchantmentCharge":-1,
          "soul":""
        }]
    },
    "363340-0":{
      "refId":"adondasi sadalvel",
      "location":{
        "posX":32318.9921875,
        "posZ":913.12622070313,
        "posY":-72129.9375,
        "rotX":0,
        "rotY":0,
        "rotZ":4.7123889923096
      },
      "stats":{
        "healthCurrent":67,
        "magickaCurrent":110,
        "healthModified":67,
        "fatigueBase":177,
        "fatigueModified":177,
        "healthBase":67,
        "magickaModified":110,
        "magickaBase":110,
        "fatigueCurrent":177
      },
      "equipment":{
        "7":{
          "refId":"common_shoes_01",
          "count":1,
          "charge":-1,
          "enchantmentCharge":-1
        },
        "8":{
          "refId":"common_shirt_01",
          "count":1,
          "charge":-1,
          "enchantmentCharge":-1
        },
        "15":{
          "refId":"common_belt_01",
          "count":1,
          "charge":-1,
          "enchantmentCharge":-1
        },
        "9":{
          "refId":"common_pants_01",
          "count":1,
          "charge":-1,
          "enchantmentCharge":-1
        }
      },
      "inventory":[{
          "refId":"common_belt_01",
          "count":1,
          "charge":-1,
          "enchantmentCharge":-1,
          "soul":""
        },{
          "refId":"common_shirt_01",
          "count":1,
          "charge":-1,
          "enchantmentCharge":-1,
          "soul":""
        },{
          "refId":"common_shoes_01",
          "count":1,
          "charge":-1,
          "enchantmentCharge":-1,
          "soul":""
        },{
          "refId":"common_pants_01",
          "count":1,
          "charge":-1,
          "enchantmentCharge":-1,
          "soul":""
        },{
          "refId":"gold_001",
          "count":10,
          "charge":-1,
          "enchantmentCharge":-1,
          "soul":""
        }]
    },
    "0-631":{
      "refId":"kwama forager",
      "location":{
        "posX":30444.703125,
        "posZ":635.50567626953,
        "posY":-67026.484375,
        "rotX":-0.0045187175273895,
        "rotY":0,
        "rotZ":2.8835723400116
      },
      "stats":{
        "healthCurrent":23,
        "magickaCurrent":15,
        "healthModified":23,
        "fatigueBase":300,
        "fatigueModified":300,
        "healthBase":23,
        "magickaModified":15,
        "magickaBase":15,
        "fatigueCurrent":300
      }
    },
    "478112-0":{
      "refId":"flora_comberry_01",
      "inventory":[{
          "refId":"ingred_comberry_01",
          "count":1,
          "charge":-1,
          "enchantmentCharge":-1,
          "soul":""
        }]
    },
    "399159-0":{
      "refId":"tarvyn faren",
      "location":{
        "posX":29528.26171875,
        "posZ":451.54077148438,
        "posY":-72897.5,
        "rotX":0.038904175162315,
        "rotY":0,
        "rotZ":2.4383623600006
      },
      "stats":{
        "healthCurrent":106,
        "magickaCurrent":116,
        "healthModified":106,
        "fatigueBase":223,
        "fatigueModified":223,
        "healthBase":106,
        "magickaModified":116,
        "magickaBase":116,
        "fatigueCurrent":223
      },
      "equipment":[null,null,null,null,null,null,{
          "refId":"extravagant_shoes_01",
          "count":1,
          "charge":-1,
          "enchantmentCharge":-1
        },{
          "refId":"extravagant_shirt_01_h",
          "count":1,
          "charge":-1,
          "enchantmentCharge":-1
        },{
          "refId":"extravagant_pants_01",
          "count":1,
          "charge":-1,
          "enchantmentCharge":-1
        }],
      "inventory":[{
          "refId":"extravagant_shirt_01_h",
          "count":1,
          "charge":-1,
          "enchantmentCharge":-1,
          "soul":""
        },{
          "refId":"extravagant_shoes_01",
          "count":1,
          "charge":-1,
          "enchantmentCharge":-1,
          "soul":""
        },{
          "refId":"extravagant_pants_01",
          "count":1,
          "charge":-1,
          "enchantmentCharge":-1,
          "soul":""
        },{
          "refId":"misc_com_plate_01",
          "count":1,
          "charge":-1,
          "enchantmentCharge":-1,
          "soul":""
        },{
          "refId":"misc_com_plate_02",
          "count":2,
          "charge":-1,
          "enchantmentCharge":-1,
          "soul":""
        },{
          "refId":"misc_com_plate_03",
          "count":2,
          "charge":-1,
          "enchantmentCharge":-1,
          "soul":""
        },{
          "refId":"misc_com_plate_04",
          "count":1,
          "charge":-1,
          "enchantmentCharge":-1,
          "soul":""
        },{
          "refId":"misc_com_plate_05",
          "count":2,
          "charge":-1,
          "enchantmentCharge":-1,
          "soul":""
        },{
          "refId":"misc_com_plate_06",
          "count":1,
          "charge":-1,
          "enchantmentCharge":-1,
          "soul":""
        },{
          "refId":"misc_com_plate_07",
          "count":1,
          "charge":-1,
          "enchantmentCharge":-1,
          "soul":""
        },{
          "refId":"misc_com_plate_08",
          "count":2,
          "charge":-1,
          "enchantmentCharge":-1,
          "soul":""
        }]
    },
    "193702-0":{
      "refId":"netch_betty_ranched",
      "location":{
        "posX":26056.87890625,
        "posZ":964.15533447266,
        "posY":-66671.6171875,
        "rotX":0,
        "rotY":0,
        "rotZ":-1.283659696579
      },
      "stats":{
        "healthCurrent":113,
        "magickaCurrent":75,
        "healthModified":113,
        "fatigueBase":400,
        "fatigueModified":400,
        "healthBase":113,
        "magickaModified":75,
        "magickaBase":75,
        "fatigueCurrent":400
      },
      "inventory":[]
    },
    "476733-0":{
      "refId":"kwama worker entrance",
      "location":{
        "posX":29307.978515625,
        "posZ":619.99395751953,
        "posY":-69369.8046875,
        "rotX":-0.031331699341536,
        "rotY":0,
        "rotZ":-2.1327178478241
      },
      "stats":{
        "healthCurrent":30,
        "magickaCurrent":8,