{
  "packets":{
    "actorList":["0-659","0-660","193645-0","193646-0"],
    "ai":[],
    "cellChangeFrom":[],
    "cellChangeTo":[],
    "container":["193594-0","193595-0","193600-0","193601-0","193603-0","193606-0","309280-0","309281-0","309282-0","309285-0","309287-0","309294-0","309295-0","309296-0","309297-0","309298-0","309299-0","309300-0","309301-0","309302-0","309303-0","309304-0","309305-0","309306-0","309307-0","309308-0","309309-0","309310-0","309311-0","309312-0","309313-0","309314-0","318339-0","318340-0","318341-0","318342-0","318343-0","318344-0","318345-0","318346-0","318347-0","318348-0","318349-0","193645-0","193646-0"],
    "death":[],
    "delete":[],
    "doorState":[],
    "equipment":["193645-0","193646-0"],
    "lock":[],
    "place":[],
    "position":["193645-0","193646-0","0-659","0-660"],
    "scale":[],
    "spawn":["0-659","0-660"],
    "state":[],
    "statsDynamic":["193645-0","193646-0","0-659","0-660"],
    "trap":[]
  },
  "entry":{
    "creationTime":1587932579,
    "description":"4, -7"
  },
  "lastVisit":{
    "Jeff":1588220169
  },
  "recordLinks":[],
  "objectData":{
    "309312-0":{
      "refId":"flora_ash_yam_02",
      "inventory":[{
          "refId":"ingred_ash_yam_01",
          "count":1,
          "charge":-1,
          "enchantmentCharge":-1,
          "soul":""
        }]
    },
    "0-659":{
      "refId":"rat",
      "location":{
        "posX":40735.6328125,
        "posZ":1123.1104736328,
        "posY":-54689.96875,
        "rotX":-0.61877703666687,
        "rotY":0,
        "rotZ":2.4798038005829
      },
      "stats":{
        "healthCurrent":23,
        "magickaCurrent":10,
        "healthModified":23,
        "fatigueBase":300,
        "fatigueModified":300,
        "healthBase":23,
        "magickaModified":10,
        "magickaBase":10,
        "fatigueCurrent":300
      }
    },
    "309310-0":{
      "refId":"flora_ash_yam_01",
      "inventory":[{
          "refId":"ingred_ash_yam_01",
          "count":1,
          "charge":-1,
          "enchantmentCharge":-1,
          "soul":""
        }]
    },
    "193601-0":{
      "refId":"flora_corkbulb",
      "inventory":[{
          "refId":"ingred_corkbulb_root_01",
          "count":1,
          "charge":-1,
          "enchantmentCharge":-1,
          "soul":""
        }]
    },
    "318346-0":{
      "refId":"flora_marshmerrow_01",
      "inventory":[{
          "refId":"ingred_marshmerrow_01",
          "count":1,
          "charge":-1,
          "enchantmentCharge":-1,
          "soul":""
        }]
    },
    "193594-0":{
      "refId":"flora_corkbulb",
      "inventory":[{
          "refId":"ingred_corkbulb_root_01",
          "count":1,
          "charge":-1,
          "enchantmentCharge":-1,
          "soul":""
        }]
    },
    "309311-0":{
      "refId":"flora_ash_yam_02",
      "inventory":[{
          "refId":"ingred_ash_yam_01",
          "count":1,
          "charge":-1,
          "enchantmentCharge":-1,
          "soul":""
        }]
    },
    "318345-0":{
      "refId":"flora_saltrice_02",
      "inventory":[{
          "refId":"ingred_saltrice_01",
          "count":1,
          "charge":-1,
          "enchantmentCharge":-1,
          "soul":""
        }]
    },
    "309297-0":{
      "refId":"flora_willow_flower_01",
      "inventory":[{
          "refId":"ingred_willow_anther_01",
          "count":1,
          "charge":-1,
          "enchantmentCharge":-1,
          "soul":""
        }]
    },
    "309301-0":{
      "refId":"flora_stoneflower_01",
      "inventory":[{
          "refId":"ingred_stoneflower_petals_01",
          "count":1,
          "charge":-1,
          "enchantmentCharge":-1,
          "soul":""
        }]
    },
    "318348-0":{
      "refId":"flora_marshmerrow_02",
      "inventory":[{
          "refId":"ingred_marshmerrow_01",
          "count":1,
          "charge":-1,
          "enchantmentCharge":-1,
          "soul":""
        }]
    },
    "318342-0":{
      "refId":"flora_marshmerrow_01",
      "inventory":[{
          "refId":"ingred_marshmerrow_01",
          "count":1,
          "charge":-1,
          "enchantmentCharge":-1,
          "soul":""
        }]
    },
    "309300-0":{
      "refId":"flora_stoneflower_02",
      "inventory":[{
          "refId":"ingred_stoneflower_petals_01",
          "count":1,
          "charge":-1,
          "enchantmentCharge":-1,
          "soul":""
        }]
    },
    "309309-0":{
      "refId":"flora_marshmerrow_01",
      "inventory":[{
          "refId":"ingred_marshmerrow_01",
          "count":1,
          "charge":-1,
          "enchantmentCharge":-1,
          "soul":""
        }]
    },
    "309304-0":{
      "refId":"flora_saltrice_01",
      "inventory":[{
          "refId":"ingred_saltrice_01",
          "count":1,
          "charge":-1,
          "enchantmentCharge":-1,
          "soul":""
        }]
    },
    "318343-0":{
      "refId":"flora_marshmerrow_02",
      "inventory":[{
          "refId":"ingred_marshmerrow_01",
          "count":1,
          "charge":-1,
          "enchantmentCharge":-1,
          "soul":""
        }]
    },
    "193606-0":{
      "refId":"flora_corkbulb",
      "inventory":[{
          "refId":"ingred_corkbulb_root_01",
          "count":1,
          "charge":-1,
          "enchantmentCharge":-1,
          "soul":""
        }]
    },
    "309305-0":{
      "refId":"flora_saltrice_02",
      "inventory":[{
          "refId":"ingred_saltrice_01",
          "count":1,
          "charge":-1,
          "enchantmentCharge":-1,
          "soul":""
        }]
    },
    "309306-0":{
      "refId":"flora_saltrice_02",
      "inventory":[]
    },
    "309307-0":{
      "refId":"flora_marshmerrow_01",
      "inventory":[{
          "refId":"ingred_marshmerrow_01",
          "count":1,
          "charge":-1,
          "enchantmentCharge":-1,
          "soul":""
        }]
    },
    "309285-0":{
      "refId":"flora_heather_01",
      "inventory":[{
          "refId":"ingred_heather_01",
          "count":1,
          "charge":-1,
          "enchantmentCharge":-1,
          "soul":""
        }]
    },
    "0-660":{
      "refId":"kwama forager",
      "location":{
        "posX":35204.21484375,
        "posZ":1054.2438964844,
        "posY":-55838.859375,
        "rotX":-0.17212472856045,
        "rotY":0,
        "rotZ":-2.9038898944855
      },
      "stats":{
        "healthCurrent":23,
        "magickaCurrent":15,
        "healthModified":23,
        "fatigueBase":300,
        "fatigueModified":300,
        "healthBase":23,
        "magickaModified":15,
        "magickaBase":15,
        "fatigueCurrent":300
      }
    },
    "309296-0":{
      "refId":"flora_comberry_01",
      "inventory":[]
    },
    "309313-0":{
      "refId":"flora_ash_yam_02",
      "inventory":[{
          "refId":"ingred_ash_yam_01",
          "count":1,
          "charge":-1,
          "enchantmentCharge":-1,
          "soul":""
        }]
    },
    "309299-0":{
      "refId":"flora_willow_flower_02",
      "inventory":[{
          "refId":"ingred_willow_anther_01",
          "count":1,
          "charge":-1,
          "enchantmentCharge":-1,
          "soul":""
        }]
    },
    "309302-0":{
      "refId":"flora_gold_kanet_01",
      "inventory":[{
          "refId":"ingred_gold_kanet_01",
          "count":1,
          "charge":-1,
          "enchantmentCharge":-1,
          "soul":""
        }]
    },
    "309287-0":{
      "refId":"flora_heather_01",
      "inventory":[{
          "refId":"ingred_heather_01",
          "count":1,
          "charge":-1,
          "enchantmentCharge":-1,
          "soul":""
        }]
    },
    "309314-0":{
      "refId":"flora_ash_yam_02",
      "inventory":[{
          "refId":"ingred_ash_yam_01",
          "count":1,
          "charge":-1,
          "enchantmentCharge":-1,
          "soul":""
        }]
    },
    "309282-0":{
      "refId":"urn_02_food",