{
  "packets":{
    "actorList":["0-783","0-784","0-786","0-787","276611-0","276612-0","0-772","0-770"],
    "ai":[],
    "cellChangeFrom":[],
    "cellChangeTo":[],
    "container":["276614-0","276615-0","276616-0","174662-0","174670-0","174671-0","276611-0","276612-0","0-772","0-770"],
    "death":[],
    "delete":[],
    "doorState":[],
    "equipment":["276611-0","276612-0"],
    "lock":[],
    "place":[],
    "position":["276611-0","276612-0","0-783","0-784","0-786","0-787","0-772","0-770"],
    "scale":[],
    "spawn":["0-783","0-784","0-786","0-787","0-772","0-770"],
    "state":[],
    "statsDynamic":["276611-0","276612-0","0-783","0-784","0-786","0-787","0-772","0-770"],
    "trap":[]
  },
  "entry":{
    "creationTime":1587936557,
    "description":"4, 0"
  },
  "lastVisit":{
    "Jeff":1587937737,
    "Spear":1587937544
  },
  "recordLinks":[],
  "objectData":{
    "0-784":{
      "refId":"cliff racer",
      "location":{
        "posX":38612.296875,
        "posZ":3596.3510742188,
        "posY":1836.9626464844,
        "rotX":0.27067551016808,
        "rotY":0,
        "rotZ":1.5835497379303
      },
      "stats":{
        "healthCurrent":45,
        "magickaCurrent":20,
        "healthModified":45,
        "fatigueBase":400,
        "fatigueModified":400,
        "healthBase":45,
        "magickaModified":20,
        "magickaBase":20,
        "fatigueCurrent":400
      }
    },
    "0-772":{
      "refId":"cliff racer",
      "location":{
        "posX":32964.046875,
        "posZ":4225.3852539063,
        "posY":4909.8608398438,
        "rotX":0.78690141439438,
        "rotY":0,
        "rotZ":-1.7829477787018
      },
      "stats":{
        "healthCurrent":45,
        "magickaCurrent":20,
        "healthModified":45,
        "fatigueBase":400,
        "fatigueModified":400,
        "healthBase":45,
        "magickaModified":20,
        "magickaBase":20,
        "fatigueCurrent":400
      },
      "inventory":[{
          "refId":"ingred_racer_plumes_01",
          "count":1,
          "charge":-1,
          "enchantmentCharge":-1,
          "soul":""
        }]
    },
    "174671-0":{
      "refId":"flora_fire_fern_03",
      "inventory":[{
          "refId":"ingred_fire_petal_01",
          "count":1,
          "charge":-1,
          "enchantmentCharge":-1,
          "soul":""
        }]
    },
    "0-786":{
      "refId":"scrib",
      "location":{
        "posX":38847.92578125,
        "posZ":3504.5092773438,
        "posY":4716.0522460938,
        "rotX":-0.47188943624496,
        "rotY":0,
        "rotZ":-1.0756628513336
      },
      "stats":{
        "healthCurrent":8,
        "magickaCurrent":12,
        "healthModified":8,
        "fatigueBase":300,
        "fatigueModified":300,
        "healthBase":8,
        "magickaModified":12,
        "magickaBase":12,
        "fatigueCurrent":300
      }
    },
    "276616-0":{
      "refId":"de_p_chest_02_gold_25",
      "inventory":[{
          "refId":"gold_001",
          "count":25,
          "charge":-1,
          "enchantmentCharge":-1,
          "soul":""
        }]
    },
    "0-783":{
      "refId":"cliff racer",
      "location":{
        "posX":33255.41796875,
        "posZ":3971.4291992188,
        "posY":4819.5126953125,
        "rotX":1.1629232168198,
        "rotY":0,
        "rotZ":-1.38547539711
      },
      "stats":{
        "healthCurrent":45,
        "magickaCurrent":20,
        "healthModified":45,
        "fatigueBase":400,
        "fatigueModified":400,
        "healthBase":45,
        "magickaModified":20,
        "magickaBase":20,
        "fatigueCurrent":400
      }
    },
    "276614-0":{
      "refId":"com_sack_03_chpfood5",
      "inventory":[{
          "refId":"ingred_saltrice_01",
          "count":5,
          "charge":-1,
          "enchantmentCharge":-1,
          "soul":""
        }]
    },
    "276611-0":{
      "refId":"yassour hairshumusa",
      "location":{
        "posX":35255.74609375,
        "posZ":1479.3107910156,
        "posY":771.70416259766,
        "rotX":-0.14325673878193,
        "rotY":0,
        "rotZ":-1.6120421886444
      },
      "stats":{
        "healthCurrent":71,
        "magickaCurrent":86,
        "healthModified":71,
        "fatigueBase":200,
        "fatigueModified":200,
        "healthBase":71,
        "magickaModified":86,
        "magickaBase":86,
        "fatigueCurrent":200
      },
      "equipment":{
        "1":{
          "refId":"chitin cuirass",
          "count":1,
          "charge":-1,
          "enchantmentCharge":-1
        },
        "3":{
          "refId":"chitin pauldron - left",
          "count":1,
          "charge":-1,
          "enchantmentCharge":-1
        },
        "4":{
          "refId":"chitin pauldron - right",
          "count":1,
          "charge":-1,
          "enchantmentCharge":-1
        },
        "7":{
          "refId":"chitin boots",
          "count":1,
          "charge":-1,
          "enchantmentCharge":-1
        },
        "8":{
          "refId":"common_shirt_01_z",
          "count":1,
          "charge":-1,
          "enchantmentCharge":-1
        },
        "9":{
          "refId":"common_pants_01_z",
          "count":1,
          "charge":-1,
          "enchantmentCharge":-1
        },
        "16":{
          "refId":"chitin short bow",
          "count":1,
          "charge":-1,
          "enchantmentCharge":-1
        }
      },
      "inventory":[{
          "refId":"chitin boots",
          "count":1,
          "charge":-1,
          "enchantmentCharge":-1,
          "soul":""
        },{
          "refId":"chitin pauldron - right",
          "count":1,
          "charge":-1,
          "enchantmentCharge":-1,
          "soul":""
        },{
          "refId":"chitin pauldron - left",
          "count":1,
          "charge":-1,
          "enchantmentCharge":-1,
          "soul":""
        },{
          "refId":"chitin cuirass",
          "count":1,
          "charge":-1,
          "enchantmentCharge":-1,
          "soul":""
        },{
          "refId":"common_shirt_01_z",
          "count":1,
          "charge":-1,
          "enchantmentCharge":-1,
          "soul":""
        },{
          "refId":"common_shoes_01",
          "count":1,
          "charge":-1,
          "enchantmentCharge":-1,
          "soul":""
        },{
          "refId":"common_pants_01_z",
          "count":1,
          "charge":-1,
          "enchantmentCharge":-1,
          "soul":""
        },{
          "refId":"chitin arrow",
          "count":40,
          "charge":-1,
          "enchantmentCharge":-1,
          "soul":""
        },{
          "refId":"chitin short bow",
          "count":1,
          "charge":-1,
          "enchantmentCharge":-1,
          "soul":""
        },{
          "refId":"chitin shortsword",
          "count":1,
          "charge":-1,
          "enchantmentCharge":-1,
          "soul":""
        }]
    },
    "276615-0":{
      "refId":"com_sack_03_chpfood5",
      "inventory":[{
          "refId":"ingred_hackle-lo_leaf_01",
          "count":5,
          "charge":-1,
          "enchantmentCharge":-1,
          "soul":""
        }]
    },
    "276612-0":{
      "refId":"hibaddar ilath-pal",
      "location":{
        "posX":35058.6796875,
        "posZ":1458.16796875,
        "posY":717.72650146484,
        "rotX":0.039603102952242,
        "rotY":0,
        "rotZ":2.9473516941071
      },
      "stats":{
        "healthCurrent":88,
        "magickaCurrent":90,
        "healthModified":88,
        "fatigueBase":205,
        "fatigueModified":205,
        "healthBase":88,
        "magickaModified":90,
        "magickaBase":90,
        "fatigueCurrent":205
      },
      "equipment":{
        "1":{
          "refId":"netch_leather_boiled_cuirass",
          "count":1,
          "charge":-1,
          "enchantmentCharge":-1
        },
        "6":{
          "refId":"netch_leather_gauntlet_right",
          "count":1,
          "charge":-1,