{
  "packets":{
    "actorList":["147922-0","147923-0","147924-0","147925-0","147920-0","147921-0","141914-0","141915-0"],
    "ai":[],
    "cellChangeFrom":["261841-0"],
    "cellChangeTo":["261841-0"],
    "container":["141934-0","141955-0","321907-0","321917-0","321918-0","321919-0","321920-0","321921-0","321922-0","321923-0","321924-0","321925-0","321926-0","321927-0","321928-0","321929-0","321930-0","147922-0","147923-0","147924-0","147925-0","147920-0","147921-0","141914-0","141915-0"],
    "death":[],
    "delete":[],
    "doorState":["141916-0"],
    "equipment":["147920-0","147921-0","147922-0","147923-0","147924-0","147925-0"],
    "lock":[],
    "place":[],
    "position":["141914-0","141915-0","147920-0","147921-0","147922-0","147923-0","147924-0","147925-0"],
    "scale":[],
    "spawn":[],
    "state":[],
    "statsDynamic":["141914-0","141915-0","147920-0","147921-0","147922-0","147923-0","147924-0","147925-0"],
    "trap":[]
  },
  "entry":{
    "creationTime":1587853903,
    "description":"Ebonheart, Argonian Mission"
  },
  "lastVisit":{
    "Rick Harrison":1587854035
  },
  "recordLinks":[],
  "objectData":{
    "141916-0":{
      "refId":"in_impsmall_door_01",
      "doorState":1
    },
    "321928-0":{
      "refId":"flora_bc_mushroom_07",
      "inventory":[{
          "refId":"ingred_coprinus_01",
          "count":1,
          "charge":-1,
          "enchantmentCharge":-1,
          "soul":""
        }]
    },
    "147922-0":{
      "refId":"onasha",
      "location":{
        "posX":183.22732543945,
        "posZ":257,
        "posY":-289.47198486328,
        "rotX":0.0072017591446638,
        "rotY":0,
        "rotZ":-1.0532877445221
      },
      "stats":{
        "healthCurrent":76,
        "magickaCurrent":118,
        "healthModified":76,
        "fatigueBase":207,
        "fatigueModified":207,
        "healthBase":76,
        "magickaModified":118,
        "magickaBase":118,
        "fatigueCurrent":207
      },
      "equipment":[null,null,null,null,null,null,null,{
          "refId":"expensive_shirt_03",
          "count":1,
          "charge":-1,
          "enchantmentCharge":-1
        },null,{
          "refId":"expensive_skirt_03",
          "count":1,
          "charge":-1,
          "enchantmentCharge":-1
        }],
      "inventory":[{
          "refId":"expensive_skirt_03",
          "count":1,
          "charge":-1,
          "enchantmentCharge":-1,
          "soul":""
        },{
          "refId":"expensive_shirt_03",
          "count":1,
          "charge":-1,
          "enchantmentCharge":-1,
          "soul":""
        },{
          "refId":"gold_001",
          "count":11,
          "charge":-1,
          "enchantmentCharge":-1,
          "soul":""
        }]
    },
    "321921-0":{
      "refId":"flora_bc_podplant_01",
      "inventory":[{
          "refId":"ingred_bc_ampoule_pod",
          "count":1,
          "charge":-1,
          "enchantmentCharge":-1,
          "soul":""
        }]
    },
    "261841-0":{
      "location":{
        "posX":-268.03298950195,
        "posZ":340.19500732422,
        "posY":-487.74499511719,
        "rotX":-0.21279074251652,
        "rotY":0,
        "rotZ":-2.0764725208282
      },
      "cellChangeFrom":"Hla Oad, Fatleg's Drop Off",
      "cellChangeTo":"Hla Oad, Fatleg's Drop Off"
    },
    "321907-0":{
      "refId":"crate_02_bottle05_16",
      "inventory":[{
          "refId":"misc_com_bottle_05",
          "count":16,
          "charge":-1,
          "enchantmentCharge":-1,
          "soul":""
        }]
    },
    "321918-0":{
      "refId":"flora_bc_mushroom_03",
      "inventory":[{
          "refId":"ingred_russula_01",
          "count":1,
          "charge":-1,
          "enchantmentCharge":-1,
          "soul":""
        }]
    },
    "321924-0":{
      "refId":"flora_bc_podplant_03",
      "inventory":[{
          "refId":"ingred_bc_coda_flower",
          "count":1,
          "charge":-1,
          "enchantmentCharge":-1,
          "soul":""
        }]
    },
    "141915-0":{
      "refId":"slaughterfish",
      "location":{
        "posX":535.65258789063,
        "posZ":-508.17407226563,
        "posY":351.93841552734,
        "rotX":-0.0035346718505025,
        "rotY":0,
        "rotZ":2.9466545581818
      },
      "stats":{
        "healthCurrent":23,
        "magickaCurrent":10,
        "healthModified":23,
        "fatigueBase":400,
        "fatigueModified":400,
        "healthBase":23,
        "magickaModified":10,
        "magickaBase":10,
        "fatigueCurrent":399.8747253418
      },
      "inventory":[]
    },
    "321920-0":{
      "refId":"flora_bc_mushroom_07",
      "inventory":[{
          "refId":"ingred_coprinus_01",
          "count":1,
          "charge":-1,
          "enchantmentCharge":-1,
          "soul":""
        }]
    },
    "147921-0":{
      "refId":"ukawei",
      "location":{
        "posX":-861.27374267578,
        "posZ":257,
        "posY":-435.45837402344,
        "rotX":0,
        "rotY":0,
        "rotZ":0.45753598213196
      },
      "stats":{
        "healthCurrent":66,
        "magickaCurrent":98,
        "healthModified":66,
        "fatigueBase":210,
        "fatigueModified":210,
        "healthBase":66,
        "magickaModified":98,
        "magickaBase":98,
        "fatigueCurrent":210
      },
      "equipment":{
        "11":{
          "refId":"expensive_robe_02",
          "count":1,
          "charge":-1,
          "enchantmentCharge":-1
        }
      },
      "inventory":[{
          "refId":"p_disease_resistance_b",
          "count":1,
          "charge":-1,
          "enchantmentCharge":-1,
          "soul":""
        },{
          "refId":"expensive_robe_02",
          "count":1,
          "charge":-1,
          "enchantmentCharge":-1,
          "soul":""
        },{
          "refId":"gold_001",
          "count":14,
          "charge":-1,
          "enchantmentCharge":-1,
          "soul":""
        }]
    },
    "147920-0":{
      "refId":"im_kilaya",
      "location":{
        "posX":-258.81640625,
        "posZ":256.99996948242,
        "posY":-66.855010986328,
        "rotX":0.012778204865754,
        "rotY":0,
        "rotZ":-2.8554136753082
      },
      "stats":{
        "healthCurrent":123,
        "magickaCurrent":162,
        "healthModified":123,
        "fatigueBase":263,
        "fatigueModified":263,
        "healthBase":103,
        "magickaModified":162,
        "magickaBase":162,
        "fatigueCurrent":263
      },
      "equipment":{
        "11":{
          "refId":"exquisite_robe_01",
          "count":1,
          "charge":-1,
          "enchantmentCharge":-1
        },
        "16":{
          "refId":"glass jinkblade",
          "count":1,
          "charge":-1,
          "enchantmentCharge":-1
        },
        "15":{
          "refId":"blood belt",
          "count":1,
          "charge":-1,
          "enchantmentCharge":-1
        },
        "14":{
          "refId":"extravagant_amulet_02",
          "count":1,
          "charge":-1,
          "enchantmentCharge":-1
        }
      },
      "inventory":[{
          "refId":"extravagant_amulet_02",
          "count":1,
          "charge":-1,
          "enchantmentCharge":-1,
          "soul":""
        },{
          "refId":"exquisite_robe_01",
          "count":1,
          "charge":-1,
          "enchantmentCharge":-1,
          "soul":""
        },{
          "refId":"blood belt",
          "count":1,
          "charge":-1,
          "enchantmentCharge":-1,
          "soul":""
        },{
          "refId":"gold_001",
          "count":42,
          "charge":-1,
          "enchantmentCharge":-1,
          "soul":""
        },{
          "refId":"glass jinkblade",
          "count":1,
          "charge":-1,
          "enchantmentCharge":-1,
          "soul":""
        }]
    },
    "321917-0":{
      "refId":"flora_bc_mushroom_01",
      "inventory":[{
          "refId":"ingred_russula_01",