{
  "packets":{
    "actorList":["0-860","0-861","0-862","0-863","391877-0","391878-0"],
    "ai":[],
    "cellChangeFrom":[],
    "cellChangeTo":[],
    "container":["391041-0","391040-0","391022-0","391023-0","391024-0","391025-0","391026-0","391027-0","391028-0","391029-0","391030-0","391052-0","391054-0","391877-0","391878-0","0-860","0-861","0-863"],
    "death":["0-860","0-861","0-863"],
    "delete":[],
    "doorState":["167642-0","167640-0"],
    "equipment":["391877-0","391878-0","0-860","0-862","0-863"],
    "lock":["167640-0"],
    "place":[],
    "position":["391877-0","391878-0","0-860","0-861","0-862","0-863"],
    "scale":[],
    "spawn":["0-860","0-861","0-862","0-863"],
    "state":["391877-0","391878-0"],
    "statsDynamic":["391877-0","391878-0","0-860","0-861","0-862","0-863"],
    "trap":[]
  },
  "entry":{
    "creationTime":1588219804,
    "description":"Sandas Ancestral Tomb"
  },
  "lastVisit":{
    "Jeff":1588220248
  },
  "recordLinks":[],
  "objectData":{
    "0-860":{
      "refId":"skeleton warrior",
      "location":{
        "posX":1492.0823974609,
        "posZ":247.72045898438,
        "posY":20.845615386963,
        "rotX":-0.13318714499474,
        "rotY":0,
        "rotZ":1.7163679599762
      },
      "stats":{
        "healthCurrent":0,
        "magickaCurrent":30,
        "healthModified":80,
        "fatigueBase":1000,
        "fatigueModified":1000,
        "healthBase":80,
        "magickaModified":30,
        "magickaBase":30,
        "fatigueCurrent":998.02215576172
      },
      "equipment":{
        "17":{
          "refId":"iron_shield",
          "count":1,
          "charge":-1,
          "enchantmentCharge":-1
        },
        "16":{
          "refId":"steel spear",
          "count":1,
          "charge":987,
          "enchantmentCharge":-1
        }
      },
      "inventory":[{
          "refId":"iron_shield",
          "count":1,
          "charge":-1,
          "enchantmentCharge":-1,
          "soul":""
        },{
          "refId":"ingred_bonemeal_01",
          "count":2,
          "charge":-1,
          "enchantmentCharge":-1,
          "soul":""
        },{
          "refId":"steel spear",
          "count":1,
          "charge":987,
          "enchantmentCharge":-1,
          "soul":""
        }],
      "killer":{
        "player":"Jeff"
      }
    },
    "167640-0":{
      "refId":"in_velothismall_ndoor_01",
      "doorState":1,
      "lockLevel":0
    },
    "391877-0":{
      "refId":"skeleton champ_sandas00",
      "location":{
        "posX":950.07470703125,
        "posZ":1,
        "posY":987.05059814453,
        "rotX":0,
        "rotY":0,
        "rotZ":4.7231826782227
      },
      "stats":{
        "healthCurrent":200,
        "magickaCurrent":0,
        "fatigueModified":1000,
        "fatigueBase":1000,
        "healthBase":200,
        "healthModified":200,
        "magickaModified":0,
        "magickaBase":0,
        "fatigueCurrent":1000
      },
      "equipment":[],
      "inventory":[{
          "refId":"silver claymore",
          "count":1,
          "charge":-1,
          "enchantmentCharge":-1,
          "soul":""
        }],
      "state":false
    },
    "391052-0":{
      "refId":"chest_tomb_small00",
      "inventory":[{
          "refId":"expensive_ring_01",
          "count":1,
          "charge":-1,
          "enchantmentCharge":-1,
          "soul":""
        }]
    },
    "391878-0":{
      "refId":"skeleton champ_sandas10",
      "location":{
        "posX":492.87487792969,
        "posZ":1,
        "posY":1003.4468994141,
        "rotX":0,
        "rotY":0,
        "rotZ":4.663182258606
      },
      "stats":{
        "healthCurrent":200,
        "magickaCurrent":0,
        "fatigueModified":1000,
        "fatigueBase":1000,
        "healthBase":200,
        "healthModified":200,
        "magickaModified":0,
        "magickaBase":0,
        "fatigueCurrent":1000
      },
      "equipment":{
        "17":{
          "refId":"trollbone_shield",
          "count":1,
          "charge":-1,
          "enchantmentCharge":-1
        }
      },
      "inventory":[{
          "refId":"trollbone_shield",
          "count":1,
          "charge":-1,
          "enchantmentCharge":-1,
          "soul":""
        },{
          "refId":"nordic broadsword",
          "count":1,
          "charge":-1,
          "enchantmentCharge":-1,
          "soul":""
        }],
      "state":false
    },
    "167642-0":{
      "refId":"in_velothismall_ndoor_01",
      "doorState":1
    },
    "391029-0":{
      "refId":"urn_ash00",
      "inventory":[{
          "refId":"ingred_bonemeal_01",
          "count":1,
          "charge":-1,
          "enchantmentCharge":-1,
          "soul":""
        }]
    },
    "391040-0":{
      "refId":"contain_corpse_sandas10",
      "inventory":[{
          "refId":"ingred_bonemeal_01",
          "count":1,
          "charge":-1,
          "enchantmentCharge":-1,
          "soul":""
        }]
    },
    "391030-0":{
      "refId":"urn_ash00",
      "inventory":[{
          "refId":"ingred_bonemeal_01",
          "count":1,
          "charge":-1,
          "enchantmentCharge":-1,
          "soul":""
        }]
    },
    "391041-0":{
      "refId":"contain_corpse_sandas00",
      "inventory":[{
          "refId":"ingred_bonemeal_01",
          "count":1,
          "charge":-1,
          "enchantmentCharge":-1,
          "soul":""
        }]
    },
    "391022-0":{
      "refId":"urn_ash00",
      "inventory":[{
          "refId":"ingred_bonemeal_01",
          "count":1,
          "charge":-1,
          "enchantmentCharge":-1,
          "soul":""
        }]
    },
    "391023-0":{
      "refId":"urn_ash00",
      "inventory":[{
          "refId":"ingred_bonemeal_01",
          "count":1,
          "charge":-1,
          "enchantmentCharge":-1,
          "soul":""
        }]
    },
    "0-862":{
      "refId":"skeleton champion",
      "location":{
        "posX":369.35333251953,
        "posZ":1,
        "posY":493.39596557617,
        "rotX":0.0075717456638813,
        "rotY":0,
        "rotZ":-0.078566074371338
      },
      "stats":{
        "healthCurrent":82.332313537598,
        "magickaCurrent":30,
        "healthModified":150,
        "fatigueBase":1000,
        "fatigueModified":1000,
        "healthBase":150,
        "magickaModified":30,
        "magickaBase":30,
        "fatigueCurrent":998.70355224609
      },
      "equipment":{
        "17":{
          "refId":"iron_shield",
          "count":1,
          "charge":-1,
          "enchantmentCharge":-1
        },
        "16":{
          "refId":"silver spear",
          "count":1,
          "charge":-1,
          "enchantmentCharge":-1
        }
      }
    },
    "391027-0":{
      "refId":"urn_ash00",
      "inventory":[{
          "refId":"ingred_bonemeal_01",
          "count":1,
          "charge":-1,
          "enchantmentCharge":-1,
          "soul":""
        }]
    },
    "391054-0":{
      "refId":"chest_tomb_sandas",
      "inventory":[{
          "refId":"potion_cyro_whiskey_01",
          "count":1,
          "charge":-1,
          "enchantmentCharge":-1,
          "soul":""
        },{
          "refId":"orcish_bracer_right",
          "count":1,
          "charge":-1,
          "enchantmentCharge":-1,
          "soul":""
        },{
          "refId":"orcish_bracer_left",
          "count":1,
          "charge":-1,
          "enchantmentCharge":-1,
          "soul":""
        },{
          "refId":"orcish_cuirass",
          "count":1,
          "charge":-1,
          "enchantmentCharge":-1,
          "soul":""
        },{
          "refId":"orcish_helm",
          "count":1,
          "charge":-1,
          "enchantmentCharge":-1,
          "soul":""
        },{
          "refId":"gold_001",
          "count":25,
          "charge":-1,
          "enchantmentCharge":-1,
          "soul":""
        }]
    },
    "0-861":{
      "refId":"bonewalker_greater",