{
  "packets":{
    "actorList":["3821-0","0-609","0-610","0-611","0-613","0-614","0-615","0-616"],
    "ai":[],
    "cellChangeFrom":[],
    "cellChangeTo":[],
    "container":["3744-0","3749-0","3818-0","67247-0","67248-0","146723-0","146722-0","146721-0","477341-0","477342-0","477343-0","477344-0","477345-0","477346-0","477347-0","477348-0","477349-0","477350-0","477351-0","477354-0","477355-0","477356-0","477357-0","477358-0","477359-0","477360-0","477361-0","477362-0","477363-0","477364-0","477367-0","477368-0","3821-0","0-609","0-611","0-610","0-613","0-614","0-615","0-616"],
    "death":["0-609","0-611","0-610","0-613","0-614","3821-0","0-615","0-616"],
    "delete":[],
    "doorState":[],
    "equipment":["0-611"],
    "lock":[],
    "place":[],
    "position":["3821-0","0-609","0-610","0-611","0-613","0-614","0-615","0-616"],
    "scale":[],
    "spawn":["0-609","0-610","0-611","0-613","0-614","0-615","0-616"],
    "state":[],
    "statsDynamic":["3821-0","0-609","0-610","0-611","0-613","0-614","0-615","0-616"],
    "trap":[]
  },
  "entry":{
    "creationTime":1568693959,
    "description":"-1, -8"
  },
  "lastVisit":{
    "Dizzy":1569297731,
    "whisker":1568767795,
    "Tanis":1569298122,
    "Dr,Kups":1568821982
  },
  "recordLinks":[],
  "objectData":{
    "0-613":{
      "refId":"rat",
      "location":{
        "posX":-1638.0500488281,
        "posZ":790.84008789063,
        "posY":-60571.2109375,
        "rotX":-0.35728734731674,
        "rotY":0,
        "rotZ":-1.0963065624237
      },
      "stats":{
        "healthCurrent":0,
        "magickaCurrent":10,
        "healthModified":23,
        "fatigueBase":300,
        "fatigueModified":300,
        "healthBase":23,
        "magickaModified":10,
        "magickaBase":10,
        "fatigueCurrent":300
      },
      "inventory":[],
      "killer":{
        "player":"Tanis"
      }
    },
    "477341-0":{
      "refId":"flora_gold_kanet_01",
      "inventory":[{
          "refId":"ingred_gold_kanet_01",
          "count":1,
          "charge":-1,
          "enchantmentCharge":-1,
          "soul":""
        }]
    },
    "477354-0":{
      "refId":"flora_comberry_01",
      "inventory":[]
    },
    "67248-0":{
      "refId":"flora_heather_01",
      "inventory":[{
          "refId":"ingred_heather_01",
          "count":2,
          "charge":-1,
          "enchantmentCharge":-1,
          "soul":""
        }]
    },
    "3744-0":{
      "refId":"flora_heather_01",
      "inventory":[{
          "refId":"ingred_heather_01",
          "count":2,
          "charge":-1,
          "enchantmentCharge":-1,
          "soul":""
        }]
    },
    "0-611":{
      "refId":"db_assassin1b",
      "location":{
        "posX":-1711.2939453125,
        "posZ":828.18518066406,
        "posY":-60323.703125,
        "rotX":-0.21602989733219,
        "rotY":0,
        "rotZ":-0.87514710426331
      },
      "stats":{
        "healthCurrent":0,
        "magickaCurrent":100,
        "healthModified":40,
        "fatigueBase":150,
        "fatigueModified":150,
        "healthBase":40,
        "magickaModified":100,
        "magickaBase":100,
        "fatigueCurrent":150
      },
      "equipment":{
        "0":{
          "refId":"darkbrotherhood helm",
          "count":1,
          "charge":295,
          "enchantmentCharge":-1
        },
        "1":{
          "refId":"darkbrotherhood cuirass",
          "count":1,
          "charge":-1,
          "enchantmentCharge":-1
        },
        "2":{
          "refId":"darkbrotherhood greaves",
          "count":1,
          "charge":244,
          "enchantmentCharge":-1
        },
        "3":{
          "refId":"darkbrotherhood pauldron_l",
          "count":1,
          "charge":-1,
          "enchantmentCharge":-1
        },
        "4":{
          "refId":"darkbrotherhood pauldron_r",
          "count":1,
          "charge":243,
          "enchantmentCharge":-1
        },
        "5":{
          "refId":"darkbrotherhood gauntlet_l",
          "count":1,
          "charge":-1,
          "enchantmentCharge":-1
        },
        "6":{
          "refId":"darkbrotherhood gauntlet_r",
          "count":1,
          "charge":-1,
          "enchantmentCharge":-1
        },
        "7":{
          "refId":"darkbrotherhood boots",
          "count":1,
          "charge":-1,
          "enchantmentCharge":-1
        },
        "16":{
          "refId":"silver dagger",
          "count":1,
          "charge":395,
          "enchantmentCharge":-1
        }
      },
      "inventory":[{
          "refId":"darkbrotherhood gauntlet_r",
          "count":1,
          "charge":-1,
          "enchantmentCharge":-1,
          "soul":""
        },{
          "refId":"darkbrotherhood gauntlet_l",
          "count":1,
          "charge":-1,
          "enchantmentCharge":-1,
          "soul":""
        },{
          "refId":"darkbrotherhood boots",
          "count":1,
          "charge":-1,
          "enchantmentCharge":-1,
          "soul":""
        },{
          "refId":"darkbrotherhood greaves",
          "count":1,
          "charge":244,
          "enchantmentCharge":-1,
          "soul":""
        },{
          "refId":"darkbrotherhood pauldron_r",
          "count":1,
          "charge":243,
          "enchantmentCharge":-1,
          "soul":""
        },{
          "refId":"darkbrotherhood pauldron_l",
          "count":1,
          "charge":-1,
          "enchantmentCharge":-1,
          "soul":""
        },{
          "refId":"darkbrotherhood cuirass",
          "count":1,
          "charge":-1,
          "enchantmentCharge":-1,
          "soul":""
        },{
          "refId":"darkbrotherhood helm",
          "count":1,
          "charge":295,
          "enchantmentCharge":-1,
          "soul":""
        },{
          "refId":"silver dagger",
          "count":1,
          "charge":395,
          "enchantmentCharge":-1,
          "soul":""
        }],
      "killer":{
        "player":"whisker"
      }
    },
    "3818-0":{
      "refId":"flora_comberry_01",
      "inventory":[{
          "refId":"ingred_comberry_01",
          "count":1,
          "charge":-1,
          "enchantmentCharge":-1,
          "soul":""
        }]
    },
    "0-616":{
      "refId":"scrib",
      "location":{
        "posX":-1683.8896484375,
        "posZ":928.50775146484,
        "posY":-59011.7734375,
        "rotX":0,
        "rotY":0,
        "rotZ":-3.0452044010162
      },
      "stats":{
        "healthCurrent":0,
        "magickaCurrent":12,
        "healthModified":8,
        "fatigueBase":300,
        "fatigueModified":300,
        "healthBase":8,
        "magickaModified":12,
        "magickaBase":12,
        "fatigueCurrent":300
      },
      "inventory":[{
          "refId":"ingred_scrib_jelly_01",
          "count":1,
          "charge":-1,
          "enchantmentCharge":-1,
          "soul":""
        }],
      "killer":{
        "player":"whisker"
      }
    },
    "477350-0":{
      "refId":"flora_willow_flower_02",
      "inventory":[]
    },
    "146723-0":{
      "refId":"flora_gold_kanet_01",
      "inventory":[{
          "refId":"ingred_gold_kanet_01",
          "count":1,
          "charge":-1,
          "enchantmentCharge":-1,
          "soul":""
        }]
    },
    "477356-0":{
      "refId":"flora_black_anther_02",
      "inventory":[{
          "refId":"ingred_black_anther_01",
          "count":1,
          "charge":-1,
          "enchantmentCharge":-1,
          "soul":""
        }]
    },
    "477345-0":{
      "refId":"flora_black_anther_02",
      "inventory":[{
          "refId":"ingred_black_anther_01",
          "count":1,
          "charge":-1,
          "enchantmentCharge":-1,
          "soul":""
        }]
    },
    "477346-0":{
      "refId":"flora_black_anther_01",
      "inventory":[]
    },
    "477351-0":{
      "refId":"flora_corkbulb",
      "inventory":[]
    },
    "477342-0":{
      "refId":"flora_gold_kanet_01",