{
  "packets":{
    "actorList":["0-2466","0-2467","0-2468","0-2469","0-2470","149292-0","149284-0","355235-0","370961-0","370962-0"],
    "ai":[],
    "cellChangeFrom":[],
    "cellChangeTo":[],
    "container":["166680-0","430559-0","430560-0","430564-0","430593-0","430594-0","430595-0","430596-0","430597-0","430603-0","149292-0","149284-0","355235-0","370961-0","370962-0"],
    "death":[],
    "delete":[],
    "doorState":[],
    "equipment":["149284-0","149292-0","0-2468"],
    "lock":[],
    "place":[],
    "position":["149284-0","149292-0","355235-0","370961-0","370962-0","0-2466","0-2467","0-2468","0-2469","0-2470"],
    "scale":[],
    "spawn":["0-2466","0-2467","0-2468","0-2469","0-2470"],
    "state":[],
    "statsDynamic":["149284-0","149292-0","355235-0","370961-0","370962-0","0-2466","0-2467","0-2468","0-2469","0-2470"],
    "trap":[]
  },
  "entry":{
    "creationTime":1569021675,
    "description":"-1, 22"
  },
  "lastVisit":{
    "Dizzy":1569021676
  },
  "recordLinks":[],
  "objectData":{
    "0-2469":{
      "refId":"hunger",
      "location":{
        "posX":-3571.9523925781,
        "posZ":35.536285400391,
        "posY":180533.03125,
        "rotX":0,
        "rotY":0,
        "rotZ":0
      },
      "stats":{
        "healthCurrent":170,
        "magickaCurrent":250,
        "healthModified":170,
        "fatigueBase":400,
        "fatigueModified":400,
        "healthBase":170,
        "magickaModified":250,
        "magickaBase":250,
        "fatigueCurrent":400
      }
    },
    "430560-0":{
      "refId":"kollop_03_pearl",
      "inventory":[]
    },
    "430603-0":{
      "refId":"kollop_02_pearl",
      "inventory":[{
          "refId":"ingred_pearl_01",
          "count":1,
          "charge":-1,
          "enchantmentCharge":-1,
          "soul":""
        }]
    },
    "0-2468":{
      "refId":"dremora",
      "location":{
        "posX":-1915.9113769531,
        "posZ":375.07293701172,
        "posY":182537.96875,
        "rotX":0,
        "rotY":0,
        "rotZ":0.40000000596046
      },
      "stats":{
        "healthCurrent":160,
        "magickaCurrent":100,
        "healthModified":160,
        "fatigueBase":400,
        "fatigueModified":400,
        "healthBase":160,
        "magickaModified":100,
        "magickaBase":100,
        "fatigueCurrent":400
      },
      "equipment":[]
    },
    "0-2466":{
      "refId":"slaughterfish",
      "location":{
        "posX":-7848.8515625,
        "posZ":-318.30233764648,
        "posY":181591.515625,
        "rotX":0,
        "rotY":0,
        "rotZ":0
      },
      "stats":{
        "healthCurrent":23,
        "magickaCurrent":10,
        "healthModified":23,
        "fatigueBase":400,
        "fatigueModified":400,
        "healthBase":23,
        "magickaModified":10,
        "magickaBase":10,
        "fatigueCurrent":399.97732543945
      }
    },
    "430564-0":{
      "refId":"kollop_02_pearl",
      "inventory":[{
          "refId":"ingred_pearl_01",
          "count":1,
          "charge":-1,
          "enchantmentCharge":-1,
          "soul":""
        }]
    },
    "355235-0":{
      "refId":"slaughterfish",
      "location":{
        "posX":-1231.0933837891,
        "posZ":-501.86511230469,
        "posY":184920.09375,
        "rotX":0,
        "rotY":0,
        "rotZ":5.6831860542297
      },
      "stats":{
        "healthCurrent":23,
        "magickaCurrent":10,
        "healthModified":23,
        "fatigueBase":400,
        "fatigueModified":400,
        "healthBase":23,
        "magickaModified":10,
        "magickaBase":10,
        "fatigueCurrent":399.86254882813
      },
      "inventory":[{
          "refId":"ingred_scales_01",
          "count":2,
          "charge":-1,
          "enchantmentCharge":-1,
          "soul":""
        }]
    },
    "370961-0":{
      "refId":"slaughterfish",
      "location":{
        "posX":-5844.16796875,
        "posZ":-626.61950683594,
        "posY":184733.03125,
        "rotX":0,
        "rotY":0,
        "rotZ":0
      },
      "stats":{
        "healthCurrent":23,
        "magickaCurrent":10,
        "healthModified":23,
        "fatigueBase":400,
        "fatigueModified":400,
        "healthBase":23,
        "magickaModified":10,
        "magickaBase":10,
        "fatigueCurrent":399.86254882813
      },
      "inventory":[{
          "refId":"ingred_scales_01",
          "count":2,
          "charge":-1,
          "enchantmentCharge":-1,
          "soul":""
        }]
    },
    "430594-0":{
      "refId":"kollop_03_pearl",
      "inventory":[]
    },
    "166680-0":{
      "refId":"flora_kreshweed_02",
      "inventory":[]
    },
    "430593-0":{
      "refId":"kollop_01_pearl",
      "inventory":[{
          "refId":"ingred_pearl_01",
          "count":1,
          "charge":-1,
          "enchantmentCharge":-1,
          "soul":""
        }]
    },
    "149284-0":{
      "refId":"thunmund",
      "location":{
        "posX":-4349.3828125,
        "posZ":141.05476379395,
        "posY":181704.90625,
        "rotX":0,
        "rotY":0,
        "rotZ":1.200000166893
      },
      "stats":{
        "healthCurrent":167,
        "magickaCurrent":88,
        "healthModified":167,
        "fatigueBase":295,
        "fatigueModified":295,
        "healthBase":167,
        "magickaModified":88,
        "magickaBase":88,
        "fatigueCurrent":295
      },
      "equipment":{
        "16":{
          "refId":"nordic battle axe",
          "count":1,
          "charge":-1,
          "enchantmentCharge":-1
        },
        "9":{
          "refId":"common_pants_04",
          "count":1,
          "charge":-1,
          "enchantmentCharge":-1
        }
      },
      "inventory":[{
          "refId":"fur_bracer_right",
          "count":1,
          "charge":-1,
          "enchantmentCharge":-1,
          "soul":""
        },{
          "refId":"fur_bracer_left",
          "count":1,
          "charge":-1,
          "enchantmentCharge":-1,
          "soul":""
        },{
          "refId":"fur_boots",
          "count":1,
          "charge":-1,
          "enchantmentCharge":-1,
          "soul":""
        },{
          "refId":"fur_greaves",
          "count":1,
          "charge":-1,
          "enchantmentCharge":-1,
          "soul":""
        },{
          "refId":"fur_pauldron_right",
          "count":1,
          "charge":-1,
          "enchantmentCharge":-1,
          "soul":""
        },{
          "refId":"fur_pauldron_left",
          "count":1,
          "charge":-1,
          "enchantmentCharge":-1,
          "soul":""
        },{
          "refId":"fur_cuirass",
          "count":1,
          "charge":-1,
          "enchantmentCharge":-1,
          "soul":""
        },{
          "refId":"fur_helm",
          "count":1,
          "charge":-1,
          "enchantmentCharge":-1,
          "soul":""
        },{
          "refId":"common_pants_04",
          "count":1,
          "charge":-1,
          "enchantmentCharge":-1,
          "soul":""
        },{
          "refId":"nordic battle axe",
          "count":1,
          "charge":-1,
          "enchantmentCharge":-1,
          "soul":""
        }]
    },
    "370962-0":{
      "refId":"slaughterfish",
      "location":{
        "posX":-6650.9086914063,
        "posZ":-211.037109375,
        "posY":181596.484375,
        "rotX":0,
        "rotY":0,
        "rotZ":0
      },
      "stats":{
        "healthCurrent":23,
        "magickaCurrent":10,
        "healthModified":23,
        "fatigueBase":400,
        "fatigueModified":400,
        "healthBase":23,
        "magickaModified":10,
        "magickaBase":10,
        "fatigueCurrent":399.86254882813
      },
      "inventory":[]
    },
    "0-2470":{
      "refId":"clannfear",
      "location":{
        "posX":-2365.2048339844,
        "posZ":71.46630859375,
        "posY":180458.0625,
        "rotX":0,
        "rotY":0,
        "rotZ":1.700000166893
      },