{
  "packets":{
    "actorList":["0-352","0-354","0-355","0-356","146755-0","0-274","0-353","175662-0"],
    "ai":[],
    "cellChangeFrom":["175662-0"],
    "cellChangeTo":[],
    "container":["182697-0","182698-0","182699-0","182700-0","182701-0","182702-0","182703-0","182705-0","182716-0","182717-0","182718-0","182728-0","182729-0","182730-0","182731-0","182732-0","182733-0","182734-0","182735-0","182736-0","182743-0","182744-0","300314-0","300315-0","146755-0","175662-0"],
    "death":[],
    "delete":[],
    "doorState":[],
    "equipment":["146755-0","175662-0"],
    "lock":[],
    "place":[],
    "position":["146755-0","0-352","0-354","0-355","0-356","0-274","0-353","175662-0"],
    "scale":[],
    "spawn":["0-352","0-354","0-355","0-356","0-274","0-353"],
    "state":[],
    "statsDynamic":["146755-0","0-352","0-354","0-355","0-356","0-274","0-353","175662-0"],
    "trap":[]
  },
  "entry":{
    "creationTime":1568699963,
    "description":"-1, 4"
  },
  "lastVisit":{
    "Dizzy":1569611401,
    "Fendryn":1568951919,
    "Tanis":1569295195,
    "Dr,Kups":1569441050
  },
  "recordLinks":[],
  "objectData":{
    "182729-0":{
      "refId":"flora_fire_fern_02",
      "inventory":[{
          "refId":"ingred_fire_petal_01",
          "count":1,
          "charge":-1,
          "enchantmentCharge":-1,
          "soul":""
        }]
    },
    "182697-0":{
      "refId":"flora_rm_scathecraw_01",
      "inventory":[{
          "refId":"ingred_scathecraw_01",
          "count":1,
          "charge":-1,
          "enchantmentCharge":-1,
          "soul":""
        }]
    },
    "182701-0":{
      "refId":"tramaroot_04",
      "inventory":[{
          "refId":"ingred_trama_root_01",
          "count":1,
          "charge":-1,
          "enchantmentCharge":-1,
          "soul":""
        }]
    },
    "0-352":{
      "refId":"kagouti",
      "location":{
        "posX":-3365.9975585938,
        "posZ":1175.3455810547,
        "posY":32965.796875,
        "rotX":0.0034310519695282,
        "rotY":0,
        "rotZ":3.039883852005
      },
      "stats":{
        "healthCurrent":45,
        "magickaCurrent":10,
        "fatigueModified":400,
        "fatigueBase":400,
        "healthBase":45,
        "healthModified":45,
        "magickaModified":10,
        "magickaBase":10,
        "fatigueCurrent":400
      }
    },
    "182718-0":{
      "refId":"tramaroot_01",
      "inventory":[{
          "refId":"ingred_trama_root_01",
          "count":2,
          "charge":-1,
          "enchantmentCharge":-1,
          "soul":""
        }]
    },
    "182733-0":{
      "refId":"tramaroot_01",
      "inventory":[{
          "refId":"ingred_trama_root_01",
          "count":3,
          "charge":-1,
          "enchantmentCharge":-1,
          "soul":""
        }]
    },
    "182731-0":{
      "refId":"flora_rm_scathecraw_02",
      "inventory":[{
          "refId":"ingred_scathecraw_01",
          "count":1,
          "charge":-1,
          "enchantmentCharge":-1,
          "soul":""
        }]
    },
    "182705-0":{
      "refId":"tramaroot_03",
      "inventory":[]
    },
    "182732-0":{
      "refId":"tramaroot_03",
      "inventory":[{
          "refId":"ingred_trama_root_01",
          "count":1,
          "charge":-1,
          "enchantmentCharge":-1,
          "soul":""
        }]
    },
    "182703-0":{
      "refId":"tramaroot_06",
      "inventory":[]
    },
    "175662-0":{
      "refId":"imperial guard",
      "location":{
        "posX":-5713.2524414063,
        "posZ":740.20257568359,
        "posY":40959.96875,
        "rotX":0,
        "rotY":0,
        "rotZ":2.3561944961548
      },
      "stats":{
        "healthCurrent":276.35705566406,
        "magickaCurrent":110,
        "healthModified":285,
        "fatigueBase":309,
        "magickaModified":110,
        "fatigueModified":309,
        "healthBase":285,
        "magickaBase":110,
        "fatigueCurrent":309
      },
      "cellChangeFrom":"-2, 5",
      "equipment":{
        "0":{
          "refId":"imperial helmet armor",
          "count":1,
          "charge":-1,
          "enchantmentCharge":-1
        },
        "1":{
          "refId":"imperial cuirass_armor",
          "count":1,
          "charge":-1,
          "enchantmentCharge":-1
        },
        "2":{
          "refId":"imperial_greaves",
          "count":1,
          "charge":-1,
          "enchantmentCharge":-1
        },
        "3":{
          "refId":"imperial left pauldron",
          "count":1,
          "charge":-1,
          "enchantmentCharge":-1
        },
        "4":{
          "refId":"imperial right pauldron",
          "count":1,
          "charge":-1,
          "enchantmentCharge":-1
        },
        "5":{
          "refId":"imperial left gauntlet",
          "count":1,
          "charge":-1,
          "enchantmentCharge":-1
        },
        "6":{
          "refId":"imperial right gauntlet",
          "count":1,
          "charge":-1,
          "enchantmentCharge":-1
        },
        "7":{
          "refId":"imperial boots",
          "count":1,
          "charge":-1,
          "enchantmentCharge":-1
        },
        "10":{
          "refId":"imperial skirt_clothing",
          "count":1,
          "charge":-1,
          "enchantmentCharge":-1
        },
        "15":{
          "refId":"imperial belt",
          "count":1,
          "charge":-1,
          "enchantmentCharge":-1
        },
        "16":{
          "refId":"imperial broadsword",
          "count":1,
          "charge":-1,
          "enchantmentCharge":-1
        },
        "17":{
          "refId":"torch_infinite_time",
          "count":1,
          "charge":-1,
          "enchantmentCharge":-1
        }
      },
      "inventory":[{
          "refId":"imperial right gauntlet",
          "count":1,
          "charge":-1,
          "enchantmentCharge":-1,
          "soul":""
        },{
          "refId":"imperial left gauntlet",
          "count":1,
          "charge":-1,
          "enchantmentCharge":-1,
          "soul":""
        },{
          "refId":"imperial boots",
          "count":1,
          "charge":-1,
          "enchantmentCharge":-1,
          "soul":""
        },{
          "refId":"imperial_greaves",
          "count":1,
          "charge":-1,
          "enchantmentCharge":-1,
          "soul":""
        },{
          "refId":"imperial cuirass_armor",
          "count":1,
          "charge":-1,
          "enchantmentCharge":-1,
          "soul":""
        },{
          "refId":"imperial_chain_coif_helm",
          "count":1,
          "charge":-1,
          "enchantmentCharge":-1,
          "soul":""
        },{
          "refId":"imperial left pauldron",
          "count":1,
          "charge":-1,
          "enchantmentCharge":-1,
          "soul":""
        },{
          "refId":"imperial right pauldron",
          "count":1,
          "charge":-1,
          "enchantmentCharge":-1,
          "soul":""
        },{
          "refId":"imperial shield",
          "count":1,
          "charge":-1,
          "enchantmentCharge":-1,
          "soul":""
        },{
          "refId":"imperial belt",
          "count":1,
          "charge":-1,
          "enchantmentCharge":-1,
          "soul":""
        },{
          "refId":"imperial skirt_clothing",
          "count":1,
          "charge":-1,
          "enchantmentCharge":-1,
          "soul":""
        },{
          "refId":"torch_infinite_time",
          "count":1,
          "charge":-1,
          "enchantmentCharge":-1,
          "soul":""
        },{
          "refId":"silver spear",
          "count":1,
          "charge":-1,
          "enchantmentCharge":-1,
          "soul":""
        }]
    },
    "0-356":{
      "refId":"scamp",
      "location":{
        "posX":-3123.9165039063,
        "posZ":2050.4528808594,
        "posY":38373.64453125,
        "rotX":0.014425804838538,
        "rotY":0,
        "rotZ":0.12630820274353
      },