{
  "packets":{
    "actorList":["0-1444","0-1445","0-1446","471435-0"],
    "ai":[],
    "cellChangeFrom":[],
    "cellChangeTo":["355379-0"],
    "container":["367641-0","471439-0","471440-0","471441-0","472236-0","472237-0","472238-0","472239-0","472240-0","472241-0","472242-0","472245-0","472246-0","472247-0","472248-0","472249-0","472252-0","472253-0","472254-0","472255-0","472257-0","472258-0","472259-0","472260-0","472261-0","472262-0","472263-0","472264-0","471435-0"],
    "death":[],
    "delete":[],
    "doorState":[],
    "equipment":["471435-0"],
    "lock":[],
    "place":[],
    "position":["471435-0","0-1444","0-1445","0-1446"],
    "scale":[],
    "spawn":["0-1444","0-1445","0-1446"],
    "state":[],
    "statsDynamic":["471435-0","0-1444","0-1445","0-1446"],
    "trap":[]
  },
  "entry":{
    "creationTime":1568869451,
    "description":"-10, 13"
  },
  "lastVisit":{
    "Tanis":1569035510,
    "Dizzy":1569471253
  },
  "recordLinks":[],
  "objectData":{
    "472263-0":{
      "refId":"flora_stoneflower_01",
      "inventory":[]
    },
    "471441-0":{
      "refId":"crate_smuggler_01",
      "inventory":[{
          "refId":"gold_001",
          "count":104,
          "charge":-1,
          "enchantmentCharge":-1,
          "soul":""
        },{
          "refId":"misc_soulgem_greater",
          "count":1,
          "charge":-1,
          "enchantmentCharge":-1,
          "soul":""
        }]
    },
    "472264-0":{
      "refId":"flora_stoneflower_01",
      "inventory":[]
    },
    "0-1445":{
      "refId":"nix-hound blighted",
      "location":{
        "posX":-78795.15625,
        "posZ":1672.0516357422,
        "posY":111510.296875,
        "rotX":-0.0016301870346069,
        "rotY":0,
        "rotZ":1.7126839160919
      },
      "stats":{
        "healthCurrent":68,
        "magickaCurrent":10,
        "healthModified":68,
        "fatigueBase":147,
        "fatigueModified":147,
        "healthBase":68,
        "magickaModified":10,
        "magickaBase":10,
        "fatigueCurrent":147
      }
    },
    "472247-0":{
      "refId":"flora_chokeweed_02",
      "inventory":[{
          "refId":"ingred_chokeweed_01",
          "count":1,
          "charge":-1,
          "enchantmentCharge":-1,
          "soul":""
        }]
    },
    "472248-0":{
      "refId":"flora_chokeweed_02",
      "inventory":[{
          "refId":"ingred_chokeweed_01",
          "count":1,
          "charge":-1,
          "enchantmentCharge":-1,
          "soul":""
        }]
    },
    "472236-0":{
      "refId":"flora_kreshweed_01",
      "inventory":[{
          "refId":"ingred_kresh_fiber_01",
          "count":1,
          "charge":-1,
          "enchantmentCharge":-1,
          "soul":""
        }]
    },
    "471440-0":{
      "refId":"barrel_smuggler_01",
      "inventory":[{
          "refId":"potion_comberry_brandy_01",
          "count":1,
          "charge":-1,
          "enchantmentCharge":-1,
          "soul":""
        },{
          "refId":"ring of hornhand",
          "count":1,
          "charge":-1,
          "enchantmentCharge":-1,
          "soul":""
        },{
          "refId":"gold_001",
          "count":200,
          "charge":-1,
          "enchantmentCharge":-1,
          "soul":""
        }]
    },
    "471439-0":{
      "refId":"barrel_smuggler_01",
      "inventory":[{
          "refId":"potion_comberry_brandy_01",
          "count":1,
          "charge":-1,
          "enchantmentCharge":-1,
          "soul":""
        },{
          "refId":"ingred_moon_sugar_01",
          "count":1,
          "charge":-1,
          "enchantmentCharge":-1,
          "soul":""
        },{
          "refId":"gold_001",
          "count":100,
          "charge":-1,
          "enchantmentCharge":-1,
          "soul":""
        },{
          "refId":"silver claymore",
          "count":1,
          "charge":-1,
          "enchantmentCharge":-1,
          "soul":""
        }]
    },
    "472238-0":{
      "refId":"flora_bittergreen_01",
      "inventory":[{
          "refId":"ingred_bittergreen_petals_01",
          "count":1,
          "charge":-1,
          "enchantmentCharge":-1,
          "soul":""
        }]
    },
    "472249-0":{
      "refId":"flora_chokeweed_02",
      "inventory":[{
          "refId":"ingred_chokeweed_01",
          "count":1,
          "charge":-1,
          "enchantmentCharge":-1,
          "soul":""
        }]
    },
    "471435-0":{
      "refId":"smuggler_dead_03",
      "location":{
        "posX":-81635.796875,
        "posZ":20.998031616211,
        "posY":113816.75,
        "rotX":0,
        "rotY":0,
        "rotZ":0
      },
      "stats":{
        "healthCurrent":0,
        "magickaCurrent":60,
        "healthModified":0,
        "fatigueBase":180,
        "fatigueModified":180,
        "healthBase":0,
        "magickaModified":60,
        "magickaBase":60,
        "fatigueCurrent":180
      },
      "equipment":{
        "2":{
          "refId":"netch_leather_greaves",
          "count":1,
          "charge":-1,
          "enchantmentCharge":-1
        },
        "14":{
          "refId":"common_amulet_03",
          "count":1,
          "charge":-1,
          "enchantmentCharge":-1
        },
        "16":{
          "refId":"short bow",
          "count":1,
          "charge":-1,
          "enchantmentCharge":-1
        },
        "9":{
          "refId":"common_pants_03_b",
          "count":1,
          "charge":-1,
          "enchantmentCharge":-1
        }
      },
      "inventory":[{
          "refId":"netch_leather_greaves",
          "count":1,
          "charge":-1,
          "enchantmentCharge":-1,
          "soul":""
        },{
          "refId":"common_pants_03_b",
          "count":1,
          "charge":-1,
          "enchantmentCharge":-1,
          "soul":""
        },{
          "refId":"common_amulet_03",
          "count":1,
          "charge":-1,
          "enchantmentCharge":-1,
          "soul":""
        },{
          "refId":"pick_apprentice_01",
          "count":1,
          "charge":-1,
          "enchantmentCharge":-1,
          "soul":""
        },{
          "refId":"probe_journeyman_01",
          "count":1,
          "charge":-1,
          "enchantmentCharge":-1,
          "soul":""
        },{
          "refId":"arrow of wasting flame",
          "count":1,
          "charge":-1,
          "enchantmentCharge":-1,
          "soul":""
        },{
          "refId":"short bow",
          "count":1,
          "charge":-1,
          "enchantmentCharge":-1,
          "soul":""
        }]
    },
    "472254-0":{
      "refId":"flora_roobrush_02",
      "inventory":[]
    },
    "472240-0":{
      "refId":"flora_bittergreen_03",
      "inventory":[{
          "refId":"ingred_bittergreen_petals_01",
          "count":2,
          "charge":-1,
          "enchantmentCharge":-1,
          "soul":""
        }]
    },
    "355379-0":{
      "cellChangeTo":"-10, 14"
    },
    "0-1444":{
      "refId":"scrib",
      "location":{
        "posX":-74960.46875,
        "posZ":339.45013427734,
        "posY":110380.8515625,
        "rotX":-0.3722737133503,
        "rotY":0,
        "rotZ":1.1279046535492
      },
      "stats":{
        "healthCurrent":8,
        "magickaCurrent":12,
        "healthModified":8,
        "fatigueBase":300,
        "fatigueModified":300,
        "healthBase":8,
        "magickaModified":12,
        "magickaBase":12,
        "fatigueCurrent":300
      }
    },
    "472252-0":{
      "refId":"flora_stoneflower_01",
      "inventory":[{
          "refId":"ingred_stoneflower_petals_01",
          "count":1,
          "charge":-1,
          "enchantmentCharge":-1,
          "soul":""
        }]
    },
    "0-1446":{
      "refId":"rat_blighted",
      "location":{
        "posX":-81686.8125,
        "posZ":927.5556640625,
        "posY":111363.828125,
        "rotX":-0.41588950157166,
        "rotY":0,
        "rotZ":-0.044319868087769
      },