{
  "packets":{
    "actorList":["0-756","0-757","0-758","0-739"],
    "ai":[],
    "cellChangeFrom":[],
    "cellChangeTo":[],
    "container":["28533-0","28534-0","28535-0","28536-0","28537-0","28538-0","28539-0","28540-0","28541-0","28546-0","28547-0","28548-0","28549-0","28561-0","28566-0","28567-0","28568-0","28569-0","28570-0","28571-0","28572-0","28573-0","28574-0","28575-0","28576-0","28577-0","28578-0","28579-0","28580-0","28581-0","28582-0","28615-0","28616-0","28617-0","28618-0"],
    "death":[],
    "delete":[],
    "doorState":[],
    "equipment":[],
    "lock":[],
    "place":[],
    "position":["0-756","0-757","0-758","0-739"],
    "scale":[],
    "spawn":["0-756","0-757","0-758","0-739"],
    "state":[],
    "statsDynamic":["0-756","0-757","0-758","0-739"],
    "trap":[]
  },
  "entry":{
    "creationTime":1568769217,
    "description":"-105, 7"
  },
  "lastVisit":{
    "whisker":1568769304,
    "Tanis":1568769297,
    "Dizzy":1568769310
  },
  "recordLinks":[],
  "objectData":{
    "28581-0":{
      "refId":"t_sky_flora_withwheat03",
      "inventory":[{
          "refId":"t_ingfood_wheat_01",
          "count":2,
          "charge":-1,
          "enchantmentCharge":-1,
          "soul":""
        }]
    },
    "28577-0":{
      "refId":"t_sky_flora_withwheat03",
      "inventory":[{
          "refId":"t_ingfood_wheat_01",
          "count":1,
          "charge":-1,
          "enchantmentCharge":-1,
          "soul":""
        }]
    },
    "28573-0":{
      "refId":"t_sky_flora_withwheat03",
      "inventory":[{
          "refId":"t_ingfood_wheat_01",
          "count":2,
          "charge":-1,
          "enchantmentCharge":-1,
          "soul":""
        }]
    },
    "0-758":{
      "refId":"t_ham_fau_goat_01",
      "location":{
        "posX":-853116.8125,
        "posZ":1574.9864501953,
        "posY":58440.05859375,
        "rotX":0.006825222633779,
        "rotY":0,
        "rotZ":1.6123397350311
      },
      "stats":{
        "healthCurrent":30,
        "magickaCurrent":10,
        "healthModified":30,
        "fatigueBase":400,
        "fatigueModified":400,
        "healthBase":30,
        "magickaModified":10,
        "magickaBase":10,
        "fatigueCurrent":400
      }
    },
    "28618-0":{
      "refId":"t_sky_flora_apple03",
      "inventory":[{
          "refId":"t_ingfood_appleskyrim_01",
          "count":1,
          "charge":-1,
          "enchantmentCharge":-1,
          "soul":""
        }]
    },
    "28582-0":{
      "refId":"t_sky_flora_withwheat03",
      "inventory":[{
          "refId":"t_ingfood_wheat_01",
          "count":1,
          "charge":-1,
          "enchantmentCharge":-1,
          "soul":""
        }]
    },
    "28617-0":{
      "refId":"t_sky_flora_rustruss05",
      "inventory":[{
          "refId":"t_ingflor_rustrussula_01",
          "count":1,
          "charge":-1,
          "enchantmentCharge":-1,
          "soul":""
        }]
    },
    "28549-0":{
      "refId":"t_sky_flora_withwheat03",
      "inventory":[{
          "refId":"t_ingfood_wheat_01",
          "count":2,
          "charge":-1,
          "enchantmentCharge":-1,
          "soul":""
        }]
    },
    "28568-0":{
      "refId":"t_sky_flora_withwheat03",
      "inventory":[{
          "refId":"t_ingfood_wheat_01",
          "count":1,
          "charge":-1,
          "enchantmentCharge":-1,
          "soul":""
        }]
    },
    "28616-0":{
      "refId":"t_sky_flora_rustruss04",
      "inventory":[{
          "refId":"t_ingflor_rustrussula_01",
          "count":1,
          "charge":-1,
          "enchantmentCharge":-1,
          "soul":""
        }]
    },
    "28538-0":{
      "refId":"t_sky_flora_rustruss02",
      "inventory":[{
          "refId":"t_ingflor_rustrussula_01",
          "count":1,
          "charge":-1,
          "enchantmentCharge":-1,
          "soul":""
        }]
    },
    "28569-0":{
      "refId":"t_sky_flora_withwheat02",
      "inventory":[{
          "refId":"t_ingfood_wheat_01",
          "count":2,
          "charge":-1,
          "enchantmentCharge":-1,
          "soul":""
        }]
    },
    "28576-0":{
      "refId":"t_sky_flora_withwheat01",
      "inventory":[{
          "refId":"t_ingfood_wheat_01",
          "count":2,
          "charge":-1,
          "enchantmentCharge":-1,
          "soul":""
        }]
    },
    "28534-0":{
      "refId":"t_ham_flora_persarine01",
      "inventory":[{
          "refId":"t_ingflor_persarine_01",
          "count":1,
          "charge":-1,
          "enchantmentCharge":-1,
          "soul":""
        }]
    },
    "28537-0":{
      "refId":"t_sky_flora_rustruss01",
      "inventory":[{
          "refId":"t_ingflor_rustrussula_01",
          "count":1,
          "charge":-1,
          "enchantmentCharge":-1,
          "soul":""
        }]
    },
    "28536-0":{
      "refId":"t_ham_flora_persarine02",
      "inventory":[{
          "refId":"t_ingflor_persarine_01",
          "count":1,
          "charge":-1,
          "enchantmentCharge":-1,
          "soul":""
        }]
    },
    "28570-0":{
      "refId":"t_sky_flora_withwheat02",
      "inventory":[{
          "refId":"t_ingfood_wheat_01",
          "count":2,
          "charge":-1,
          "enchantmentCharge":-1,
          "soul":""
        }]
    },
    "28541-0":{
      "refId":"t_sky_flora_rustruss05",
      "inventory":[]
    },
    "28539-0":{
      "refId":"t_sky_flora_rustruss03",
      "inventory":[{
          "refId":"t_ingflor_rustrussula_01",
          "count":1,
          "charge":-1,
          "enchantmentCharge":-1,
          "soul":""
        }]
    },
    "28533-0":{
      "refId":"t_sky_flora_bksporecp02",
      "inventory":[{
          "refId":"t_ingflor_blacksporecap_01",
          "count":1,
          "charge":-1,
          "enchantmentCharge":-1,
          "soul":""
        }]
    },
    "28561-0":{
      "refId":"t_hr_flora_dragynia02",
      "inventory":[{
          "refId":"t_ingflor_dragynia_01",
          "count":1,
          "charge":-1,
          "enchantmentCharge":-1,
          "soul":""
        }]
    },
    "28578-0":{
      "refId":"t_sky_flora_withwheat01",
      "inventory":[{
          "refId":"t_ingfood_wheat_01",
          "count":2,
          "charge":-1,
          "enchantmentCharge":-1,
          "soul":""
        }]
    },
    "28579-0":{
      "refId":"t_sky_flora_withwheat03",
      "inventory":[{
          "refId":"t_ingfood_wheat_01",
          "count":2,
          "charge":-1,
          "enchantmentCharge":-1,
          "soul":""
        }]
    },
    "28615-0":{
      "refId":"t_sky_flora_apple03",
      "inventory":[]
    },
    "0-739":{
      "refId":"t_glb_fau_birdspr_01",
      "location":{
        "posX":-859710.125,
        "posZ":1952,
        "posY":61107.05859375,
        "rotX":0,
        "rotY":0,
        "rotZ":-0.36515545845032
      },
      "stats":{
        "healthCurrent":50,
        "magickaCurrent":50,
        "healthModified":50,
        "fatigueBase":50,
        "fatigueModified":50,
        "healthBase":50,
        "magickaModified":50,
        "magickaBase":50,
        "fatigueCurrent":50
      }
    },
    "0-757":{
      "refId":"t_glb_fau_birdspr_02",
      "location":{
        "posX":-857139.8125,
        "posZ":1566.0825195313,
        "posY":59869.70703125,
        "rotX":0.79444181919098,
        "rotY":0,
        "rotZ":2.9641411304474
      },
      "stats":{
        "healthCurrent":50,
        "magickaCurrent":50,
        "healthModified":50,
        "fatigueBase":50,
        "fatigueModified":50,
        "healthBase":50,
        "magickaModified":50,
        "magickaBase":50,
        "fatigueCurrent":50
      }
    },
    "28548-0":{
      "refId":"t_sky_flora_withwheat01",
      "inventory":[{
          "refId":"t_ingfood_wheat_01",
          "count":1,
          "charge":-1,
          "enchantmentCharge":-1,
          "soul":""
        }]
    },