{
  "packets":{
    "actorList":["0-728","0-729","0-730","0-731","0-732","0-733","0-734"],
    "ai":[],
    "cellChangeFrom":[],
    "cellChangeTo":[],
    "container":["5653-0","5654-0","5655-0","5656-0","5657-0","5731-0","5732-0","5733-0","5734-0","5735-0","5766-0","5767-0","5768-0","5769-0","5770-0","5771-0","5772-0","5773-0","5774-0","5775-0","5776-0","5777-0","5778-0","5779-0","5780-0","5781-0","5782-0","5783-0","5784-0","5785-0","5786-0","5787-0","5788-0","5789-0","5790-0","5791-0","5792-0","5793-0","5794-0","5795-0","5796-0","5797-0","5798-0","5807-0","5808-0","5809-0","5810-0","5811-0","5812-0","5813-0","5814-0","5815-0","5816-0","5817-0"],
    "death":[],
    "delete":[],
    "doorState":[],
    "equipment":[],
    "lock":[],
    "place":[],
    "position":["0-728","0-729","0-730","0-731","0-732","0-733","0-734"],
    "scale":[],
    "spawn":["0-728","0-729","0-730","0-731","0-732","0-733","0-734"],
    "state":[],
    "statsDynamic":["0-728","0-729","0-730","0-731","0-732","0-733","0-734"],
    "trap":[]
  },
  "entry":{
    "creationTime":1568769217,
    "description":"-107, 8"
  },
  "lastVisit":{
    "whisker":1568769304,
    "Tanis":1568769297,
    "Dizzy":1568769310
  },
  "recordLinks":[],
  "objectData":{
    "5790-0":{
      "refId":"t_hr_flora_shadowfly02",
      "inventory":[{
          "refId":"t_ingflor_shadowfly_01",
          "count":1,
          "charge":-1,
          "enchantmentCharge":-1,
          "soul":""
        }]
    },
    "5766-0":{
      "refId":"t_sky_flora_rustruss03",
      "inventory":[{
          "refId":"t_ingflor_rustrussula_01",
          "count":1,
          "charge":-1,
          "enchantmentCharge":-1,
          "soul":""
        }]
    },
    "5809-0":{
      "refId":"t_sky_flora_bearclaw02",
      "inventory":[{
          "refId":"t_ingflor_bearclaw_01",
          "count":1,
          "charge":-1,
          "enchantmentCharge":-1,
          "soul":""
        }]
    },
    "5797-0":{
      "refId":"t_sky_flora_bksporecp01",
      "inventory":[]
    },
    "0-734":{
      "refId":"t_glb_fau_birdspr_02",
      "location":{
        "posX":-876344.625,
        "posZ":2804.5344238281,
        "posY":70063.6171875,
        "rotX":0,
        "rotY":0,
        "rotZ":-2.6831848621368
      },
      "stats":{
        "healthCurrent":50,
        "magickaCurrent":50,
        "healthModified":50,
        "fatigueBase":50,
        "fatigueModified":50,
        "healthBase":50,
        "magickaModified":50,
        "magickaBase":50,
        "fatigueCurrent":50
      }
    },
    "5732-0":{
      "refId":"t_sky_flora_bksporecp03",
      "inventory":[{
          "refId":"t_ingflor_blacksporecap_01",
          "count":1,
          "charge":-1,
          "enchantmentCharge":-1,
          "soul":""
        }]
    },
    "5770-0":{
      "refId":"t_sky_flora_rustruss03",
      "inventory":[{
          "refId":"t_ingflor_rustrussula_01",
          "count":1,
          "charge":-1,
          "enchantmentCharge":-1,
          "soul":""
        }]
    },
    "5814-0":{
      "refId":"t_sky_flora_taragetis04",
      "inventory":[]
    },
    "0-728":{
      "refId":"t_sky_fau_wolfred_01",
      "location":{
        "posX":-871521.125,
        "posZ":670.09924316406,
        "posY":66073.34375,
        "rotX":-1.1356635093689,
        "rotY":0,
        "rotZ":-2.4016177654266
      },
      "stats":{
        "healthCurrent":60,
        "magickaCurrent":50,
        "healthModified":60,
        "fatigueBase":270,
        "fatigueModified":270,
        "healthBase":60,
        "magickaModified":50,
        "magickaBase":50,
        "fatigueCurrent":270
      }
    },
    "5657-0":{
      "refId":"flora_bm_holly_04",
      "inventory":[{
          "refId":"ingred_holly_01",
          "count":1,
          "charge":-1,
          "enchantmentCharge":-1,
          "soul":""
        }]
    },
    "0-733":{
      "refId":"t_glb_fau_birdgfnch_02",
      "location":{
        "posX":-873206.8125,
        "posZ":3291.1232910156,
        "posY":73070.515625,
        "rotX":0,
        "rotY":0,
        "rotZ":-1.1020815372467
      },
      "stats":{
        "healthCurrent":50,
        "magickaCurrent":50,
        "healthModified":50,
        "fatigueBase":50,
        "fatigueModified":50,
        "healthBase":50,
        "magickaModified":50,
        "magickaBase":50,
        "fatigueCurrent":50
      }
    },
    "0-732":{
      "refId":"t_glb_fau_birdspr_01",
      "location":{
        "posX":-873500.4375,
        "posZ":2148.4926757813,
        "posY":72298.7421875,
        "rotX":0,
        "rotY":0,
        "rotZ":0.43467020988464
      },
      "stats":{
        "healthCurrent":50,
        "magickaCurrent":50,
        "healthModified":50,
        "fatigueBase":50,
        "fatigueModified":50,
        "healthBase":50,
        "magickaModified":50,
        "magickaBase":50,
        "fatigueCurrent":50
      }
    },
    "0-731":{
      "refId":"t_glb_fau_birdgfnch_02",
      "location":{
        "posX":-870724.6875,
        "posZ":1468.5140380859,
        "posY":70082.09375,
        "rotX":0,
        "rotY":0,
        "rotZ":1.7650372982025
      },
      "stats":{
        "healthCurrent":50,
        "magickaCurrent":50,
        "healthModified":50,
        "fatigueBase":50,
        "fatigueModified":50,
        "healthBase":50,
        "magickaModified":50,
        "magickaBase":50,
        "fatigueCurrent":50
      }
    },
    "0-730":{
      "refId":"t_glb_fau_birdspr_02",
      "location":{
        "posX":-873255.3125,
        "posZ":1337.9689941406,
        "posY":68031.796875,
        "rotX":0.078794829547405,
        "rotY":0,
        "rotZ":-2.8698008060455
      },
      "stats":{
        "healthCurrent":50,
        "magickaCurrent":50,
        "healthModified":50,
        "fatigueBase":50,
        "fatigueModified":50,
        "healthBase":50,
        "magickaModified":50,
        "magickaBase":50,
        "fatigueCurrent":50
      }
    },
    "0-729":{
      "refId":"t_sky_fau_bearbr_01",
      "location":{
        "posX":-874682.8125,
        "posZ":1375.3941650391,
        "posY":67117.6875,
        "rotX":-1.1827759742737,
        "rotY":0,
        "rotZ":1.5108773708344
      },
      "stats":{
        "healthCurrent":260,
        "magickaCurrent":50,
        "healthModified":260,
        "fatigueBase":260,
        "fatigueModified":260,
        "healthBase":260,
        "magickaModified":50,
        "magickaBase":50,
        "fatigueCurrent":260
      }
    },
    "5810-0":{
      "refId":"t_sky_flora_rustruss05",
      "inventory":[]
    },
    "5817-0":{
      "refId":"t_ham_flora_persarine02",
      "inventory":[{
          "refId":"t_ingflor_persarine_01",
          "count":1,
          "charge":-1,
          "enchantmentCharge":-1,
          "soul":""
        }]
    },
    "5786-0":{
      "refId":"t_sky_flora_honeylill03",
      "inventory":[{
          "refId":"t_ingflor_honeylily_02",
          "count":1,
          "charge":-1,
          "enchantmentCharge":-1,
          "soul":""
        }]
    },
    "5769-0":{
      "refId":"t_sky_flora_rustruss03",
      "inventory":[{
          "refId":"t_ingflor_rustrussula_01",
          "count":1,
          "charge":-1,
          "enchantmentCharge":-1,
          "soul":""
        }]
    },
    "5816-0":{
      "refId":"t_sky_flora_taragetis04",
      "inventory":[{
          "refId":"t_ingflor_taragetis_01",
          "count":1,
          "charge":-1,
          "enchantmentCharge":-1,
          "soul":""
        }]
    },
    "5734-0":{
      "refId":"t_sky_flora_bksporecp01",
      "inventory":[]
    },
    "5787-0":{
      "refId":"t_sky_flora_honeylill01",
      "inventory":[{
          "refId":"t_ingflor_honeylily_01",
          "count":1,
          "charge":-1,
          "enchantmentCharge":-1,
          "soul":""
        }]
    },
    "5815-0":{
      "refId":"t_sky_flora_taragetis02",
      "inventory":[{
          "refId":"t_ingflor_taragetis_01",