{
  "packets":{
    "actorList":["0-769","0-770","0-771","0-772","20999-0","21000-0"],
    "ai":[],
    "cellChangeFrom":[],
    "cellChangeTo":[],
    "container":["21078-0","21130-0","21131-0","21132-0","21133-0","21136-0","21158-0","21162-0","21327-0","21328-0","21329-0","21330-0","21352-0","21353-0","21354-0","21356-0","21377-0","21421-0","21422-0","21436-0","21446-0","21482-0","21483-0","21487-0","21561-0","21562-0","21563-0","20999-0","21000-0"],
    "death":[],
    "delete":[],
    "doorState":[],
    "equipment":[],
    "lock":[],
    "place":[],
    "position":["20999-0","21000-0"],
    "scale":[],
    "spawn":["0-769","0-770","0-771","0-772"],
    "state":[],
    "statsDynamic":["20999-0","21000-0"],
    "trap":[]
  },
  "entry":{
    "creationTime":1568769235,
    "description":"-108, 6"
  },
  "lastVisit":{
    "Tanis":1568769297
  },
  "recordLinks":[],
  "objectData":{
    "0-772":{
      "refId":"t_sky_fau_goatmn_01",
      "location":{
        "posX":-880244.0625,
        "posZ":2696.2197265625,
        "posY":51179.75390625,
        "rotX":0,
        "rotY":0,
        "rotZ":6.0831861495972
      }
    },
    "21328-0":{
      "refId":"t_ham_flora_silverplm01",
      "inventory":[]
    },
    "21487-0":{
      "refId":"t_skynor_dngbarr_u1potio",
      "inventory":[{
          "refId":"ingred_gravetar_01",
          "count":1,
          "charge":-1,
          "enchantmentCharge":-1,
          "soul":""
        }]
    },
    "21353-0":{
      "refId":"t_sky_flora_withwheat01",
      "inventory":[{
          "refId":"t_ingfood_wheat_01",
          "count":2,
          "charge":-1,
          "enchantmentCharge":-1,
          "soul":""
        }]
    },
    "0-771":{
      "refId":"t_sky_fau_goatmn_01",
      "location":{
        "posX":-879893.75,
        "posZ":2675.2685546875,
        "posY":56755.5390625,
        "rotX":0,
        "rotY":0,
        "rotZ":0
      }
    },
    "21158-0":{
      "refId":"t_sky_flora_apple02",
      "inventory":[{
          "refId":"t_ingfood_appleskyrim_01",
          "count":2,
          "charge":-1,
          "enchantmentCharge":-1,
          "soul":""
        }]
    },
    "0-769":{
      "refId":"t_glb_fau_birdchi_03",
      "location":{
        "posX":-879332.25,
        "posZ":2624.9555664063,
        "posY":55348.4296875,
        "rotX":0,
        "rotY":0,
        "rotZ":1
      }
    },
    "20999-0":{
      "refId":"sky_qre_ald1_chick",
      "location":{
        "posX":-878930.625,
        "posZ":2644,
        "posY":55475.5,
        "rotX":0,
        "rotY":0,
        "rotZ":5.1831855773926
      },
      "stats":{
        "healthCurrent":10,
        "magickaCurrent":50,
        "healthModified":10,
        "fatigueBase":50,
        "fatigueModified":50,
        "healthBase":10,
        "magickaModified":50,
        "magickaBase":50,
        "fatigueCurrent":50
      },
      "inventory":[{
          "refId":"t_ingfood_meatchicken_01",
          "count":1,
          "charge":-1,
          "enchantmentCharge":-1,
          "soul":""
        }]
    },
    "21329-0":{
      "refId":"t_sky_flora_apple03",
      "inventory":[{
          "refId":"t_ingfood_appleskyrim_01",
          "count":2,
          "charge":-1,
          "enchantmentCharge":-1,
          "soul":""
        }]
    },
    "21377-0":{
      "refId":"contain_corpse20",
      "inventory":[{
          "refId":"ingred_bonemeal_01",
          "count":1,
          "charge":-1,
          "enchantmentCharge":-1,
          "soul":""
        }]
    },
    "21356-0":{
      "refId":"t_sky_flora_withwheat03",
      "inventory":[{
          "refId":"t_ingfood_wheat_01",
          "count":1,
          "charge":-1,
          "enchantmentCharge":-1,
          "soul":""
        }]
    },
    "21482-0":{
      "refId":"t_skynor_dngbarr_u2jewel",
      "inventory":[{
          "refId":"t_nor_cm_amulet_01",
          "count":1,
          "charge":-1,
          "enchantmentCharge":-1,
          "soul":""
        },{
          "refId":"ingred_gravedust_01",
          "count":1,
          "charge":-1,
          "enchantmentCharge":-1,
          "soul":""
        }]
    },
    "21446-0":{
      "refId":"t_sky_flora_apple03",
      "inventory":[{
          "refId":"t_ingfood_appleskyrim_01",
          "count":2,
          "charge":-1,
          "enchantmentCharge":-1,
          "soul":""
        }]
    },
    "21162-0":{
      "refId":"t_sky_flora_apple03",
      "inventory":[{
          "refId":"t_ingfood_appleskyrim_01",
          "count":1,
          "charge":-1,
          "enchantmentCharge":-1,
          "soul":""
        }]
    },
    "21421-0":{
      "refId":"t_hr_flora_dragynia01",
      "inventory":[{
          "refId":"t_ingflor_dragynia_01",
          "count":1,
          "charge":-1,
          "enchantmentCharge":-1,
          "soul":""
        }]
    },
    "21561-0":{
      "refId":"t_sky_flora_withwheat01",
      "inventory":[{
          "refId":"t_ingfood_wheat_01",
          "count":2,
          "charge":-1,
          "enchantmentCharge":-1,
          "soul":""
        }]
    },
    "21436-0":{
      "refId":"t_skynor_furn_cho1barr3",
      "inventory":[{
          "refId":"iron bolt",
          "count":40,
          "charge":-1,
          "enchantmentCharge":-1,
          "soul":""
        }]
    },
    "21132-0":{
      "refId":"t_hr_flora_dragynia02",
      "inventory":[]
    },
    "21136-0":{
      "refId":"t_skycom_var_bl1hunter",
      "inventory":[{
          "refId":"ingred_boar_leather",
          "count":1,
          "charge":-1,
          "enchantmentCharge":-1,
          "soul":""
        },{
          "refId":"ingred_bear_pelt",
          "count":1,
          "charge":-1,
          "enchantmentCharge":-1,
          "soul":""
        },{
          "refId":"iron arrow",
          "count":25,
          "charge":-1,
          "enchantmentCharge":-1,
          "soul":""
        }]
    },
    "21422-0":{
      "refId":"t_sky_flora_withwheat01",
      "inventory":[{
          "refId":"t_ingfood_wheat_01",
          "count":2,
          "charge":-1,
          "enchantmentCharge":-1,
          "soul":""
        }]
    },
    "21000-0":{
      "refId":"sky_qre_ald1_trollsurf",
      "location":{
        "posX":-878962.75,
        "posZ":2674.7458496094,
        "posY":55713.3671875,
        "rotX":0,
        "rotY":0,
        "rotZ":2
      },
      "stats":{
        "healthCurrent":200,
        "magickaCurrent":250,
        "healthModified":200,
        "fatigueBase":1000,
        "fatigueModified":1000,
        "healthBase":200,
        "magickaModified":250,
        "magickaBase":250,
        "fatigueCurrent":1000
      },
      "inventory":[{
          "refId":"t_ingfood_eggchicken_01",
          "count":1,
          "charge":-1,
          "enchantmentCharge":-1,
          "soul":""
        },{
          "refId":"t_ingfood_meatchicken_01",
          "count":1,
          "charge":-1,
          "enchantmentCharge":-1,
          "soul":""
        }]
    },
    "21563-0":{
      "refId":"t_sky_flora_withwheat03",
      "inventory":[{
          "refId":"t_ingfood_wheat_01",
          "count":1,
          "charge":-1,
          "enchantmentCharge":-1,
          "soul":""
        }]
    },
    "0-770":{
      "refId":"t_glb_fau_birdchirs_01",
      "location":{
        "posX":-878960.625,
        "posZ":2623.1325683594,
        "posY":55230.36328125,
        "rotX":0,
        "rotY":0,
        "rotZ":6.08318567276
      }
    },
    "21352-0":{
      "refId":"t_ham_flora_silverplm02",
      "inventory":[{
          "refId":"t_ingfood_silverpalmfruit_01",
          "count":1,
          "charge":-1,
          "enchantmentCharge":-1,
          "soul":""
        }]
    },
    "21483-0":{
      "refId":"t_skynor_dngbarr_u2ing",
      "inventory":[{
          "refId":"ingred_gravetar_01",
          "count":1,
          "charge":-1,
          "enchantmentCharge":-1,
          "soul":""
        },{
          "refId":"ingred_belladonna_02",