{
  "packets":{
    "actorList":["0-1426","0-1427","0-1428","0-1429","0-1430","261838-0","323335-0","323336-0"],
    "ai":[],
    "cellChangeFrom":[],
    "cellChangeTo":[],
    "container":["24132-0","24133-0","25527-0","472454-0","472455-0","472456-0","472457-0","472458-0","472459-0","472461-0","472462-0","472463-0","472468-0","472469-0","472470-0","261838-0","323335-0","323336-0"],
    "death":[],
    "delete":[],
    "doorState":[],
    "equipment":["261838-0","323335-0","323336-0"],
    "lock":[],
    "place":[],
    "position":["261838-0","323335-0","323336-0","0-1426","0-1427","0-1428","0-1429","0-1430"],
    "scale":[],
    "spawn":["0-1426","0-1427","0-1428","0-1429","0-1430"],
    "state":[],
    "statsDynamic":["261838-0","323335-0","323336-0","0-1426","0-1427","0-1428","0-1429","0-1430"],
    "trap":[]
  },
  "entry":{
    "creationTime":1568869451,
    "description":"-12, 13"
  },
  "lastVisit":{
    "Tanis":1569035510,
    "Dizzy":1569471241
  },
  "recordLinks":[],
  "objectData":{
    "472454-0":{
      "refId":"flora_kreshweed_01",
      "inventory":[{
          "refId":"ingred_kresh_fiber_01",
          "count":1,
          "charge":-1,
          "enchantmentCharge":-1,
          "soul":""
        }]
    },
    "472461-0":{
      "refId":"flora_stoneflower_01",
      "inventory":[{
          "refId":"ingred_stoneflower_petals_01",
          "count":1,
          "charge":-1,
          "enchantmentCharge":-1,
          "soul":""
        }]
    },
    "0-1427":{
      "refId":"rat_diseased",
      "location":{
        "posX":-92845.765625,
        "posZ":857.34533691406,
        "posY":110250.21875,
        "rotX":-0.4198302924633,
        "rotY":0,
        "rotZ":3.0602304935455
      },
      "stats":{
        "healthCurrent":23,
        "magickaCurrent":10,
        "healthModified":23,
        "fatigueBase":103,
        "fatigueModified":103,
        "healthBase":23,
        "magickaModified":10,
        "magickaBase":10,
        "fatigueCurrent":103
      }
    },
    "472459-0":{
      "refId":"flora_kreshweed_01",
      "inventory":[{
          "refId":"ingred_kresh_fiber_01",
          "count":1,
          "charge":-1,
          "enchantmentCharge":-1,
          "soul":""
        }]
    },
    "323336-0":{
      "refId":"synette jeline",
      "location":{
        "posX":-96111.515625,
        "posZ":583.04888916016,
        "posY":113498.546875,
        "rotX":-0.016003243625164,
        "rotY":0,
        "rotZ":2.2583448886871
      },
      "stats":{
        "healthCurrent":61,
        "magickaCurrent":152,
        "healthModified":61,
        "fatigueBase":202,
        "fatigueModified":202,
        "healthBase":61,
        "magickaModified":152,
        "magickaBase":152,
        "fatigueCurrent":202
      },
      "equipment":{
        "7":{
          "refId":"common_shoes_01",
          "count":1,
          "charge":-1,
          "enchantmentCharge":-1
        },
        "8":{
          "refId":"common_shirt_01",
          "count":1,
          "charge":-1,
          "enchantmentCharge":-1
        },
        "10":{
          "refId":"common_skirt_05",
          "count":1,
          "charge":-1,
          "enchantmentCharge":-1
        },
        "12":{
          "refId":"cruel viperbolt ring",
          "count":1,
          "charge":-1,
          "enchantmentCharge":-1
        },
        "15":{
          "refId":"common_belt_01",
          "count":1,
          "charge":-1,
          "enchantmentCharge":-1
        },
        "16":{
          "refId":"cruel viperstar",
          "count":12,
          "charge":-1,
          "enchantmentCharge":-1
        }
      },
      "inventory":[{
          "refId":"cruel viperbolt ring",
          "count":1,
          "charge":-1,
          "enchantmentCharge":-1,
          "soul":""
        },{
          "refId":"common_skirt_05",
          "count":1,
          "charge":-1,
          "enchantmentCharge":-1,
          "soul":""
        },{
          "refId":"common_belt_01",
          "count":1,
          "charge":-1,
          "enchantmentCharge":-1,
          "soul":""
        },{
          "refId":"common_shirt_01",
          "count":1,
          "charge":-1,
          "enchantmentCharge":-1,
          "soul":""
        },{
          "refId":"common_shoes_01",
          "count":1,
          "charge":-1,
          "enchantmentCharge":-1,
          "soul":""
        },{
          "refId":"gold_001",
          "count":130,
          "charge":-1,
          "enchantmentCharge":-1,
          "soul":""
        },{
          "refId":"cruel viperstar",
          "count":12,
          "charge":-1,
          "enchantmentCharge":-1,
          "soul":""
        },{
          "refId":"dire viperblade",
          "count":1,
          "charge":-1,
          "enchantmentCharge":-1,
          "soul":""
        }]
    },
    "25527-0":{
      "refId":"flora_chokeweed_02",
      "inventory":[{
          "refId":"ingred_chokeweed_01",
          "count":1,
          "charge":-1,
          "enchantmentCharge":-1,
          "soul":""
        }]
    },
    "24133-0":{
      "refId":"flora_chokeweed_02",
      "inventory":[]
    },
    "0-1429":{
      "refId":"rat_blighted",
      "location":{
        "posX":-96651.953125,
        "posZ":1760.0477294922,
        "posY":111269.3671875,
        "rotX":-0.09355154633522,
        "rotY":0,
        "rotZ":1.0554411411285
      },
      "stats":{
        "healthCurrent":45,
        "magickaCurrent":10,
        "healthModified":45,
        "fatigueBase":70,
        "fatigueModified":70,
        "healthBase":45,
        "magickaModified":10,
        "magickaBase":10,
        "fatigueCurrent":70
      }
    },
    "0-1428":{
      "refId":"nix-hound",
      "location":{
        "posX":-92834.2890625,
        "posZ":1444.30078125,
        "posY":112319.0703125,
        "rotX":-0.40969944000244,
        "rotY":0,
        "rotZ":-1.2638437747955
      },
      "stats":{
        "healthCurrent":23,
        "magickaCurrent":10,
        "healthModified":23,
        "fatigueBase":400,
        "fatigueModified":400,
        "healthBase":23,
        "magickaModified":10,
        "magickaBase":10,
        "fatigueCurrent":400
      }
    },
    "472455-0":{
      "refId":"flora_kreshweed_02",
      "inventory":[{
          "refId":"ingred_kresh_fiber_01",
          "count":1,
          "charge":-1,
          "enchantmentCharge":-1,
          "soul":""
        }]
    },
    "472457-0":{
      "refId":"flora_chokeweed_02",
      "inventory":[{
          "refId":"ingred_chokeweed_01",
          "count":1,
          "charge":-1,
          "enchantmentCharge":-1,
          "soul":""
        }]
    },
    "323335-0":{
      "refId":"tavynu tedran",
      "location":{
        "posX":-94678.734375,
        "posZ":745.02612304688,
        "posY":114351.734375,
        "rotX":0,
        "rotY":0,
        "rotZ":1.3336266279221
      },
      "stats":{
        "healthCurrent":97,
        "magickaCurrent":40,
        "healthModified":97,
        "fatigueBase":241,
        "fatigueModified":241,
        "healthBase":97,
        "magickaModified":40,
        "magickaBase":40,
        "fatigueCurrent":241
      },
      "equipment":{
        "0":{
          "refId":"chitin helm",
          "count":1,
          "charge":-1,
          "enchantmentCharge":-1
        },
        "1":{
          "refId":"chitin cuirass",
          "count":1,
          "charge":-1,
          "enchantmentCharge":-1
        },
        "2":{
          "refId":"chitin greaves",
          "count":1,
          "charge":-1,
          "enchantmentCharge":-1
        },
        "5":{
          "refId":"chitin guantlet - left",
          "count":1,
          "charge":-1,
          "enchantmentCharge":-1
        },
        "6":{
          "refId":"chitin guantlet - right",
          "count":1,
          "charge":-1,
          "enchantmentCharge":-1
        },
        "7":{
          "refId":"chitin boots",