{
  "packets":{
    "actorList":["0-1418","0-1419","0-1420","0-1421","274708-0","274709-0"],
    "ai":[],
    "cellChangeFrom":[],
    "cellChangeTo":[],
    "container":["274714-0","274715-0","472497-0","472498-0","472499-0","472502-0","472503-0","472504-0","472505-0","472507-0","472508-0","472509-0","472510-0","472511-0","472512-0","472513-0","472514-0","472515-0","472516-0","472517-0","472518-0","472521-0","472522-0","472523-0","472524-0","472528-0","472529-0","274708-0","274709-0"],
    "death":[],
    "delete":[],
    "doorState":[],
    "equipment":["274708-0","274709-0"],
    "lock":[],
    "place":[],
    "position":["274708-0","274709-0","0-1418","0-1419","0-1420","0-1421"],
    "scale":[],
    "spawn":["0-1418","0-1419","0-1420","0-1421"],
    "state":[],
    "statsDynamic":["274708-0","274709-0","0-1418","0-1419","0-1420","0-1421"],
    "trap":[]
  },
  "entry":{
    "creationTime":1568869451,
    "description":"-13, 12"
  },
  "lastVisit":{
    "Tanis":1569035510
  },
  "recordLinks":[],
  "objectData":{
    "0-1420":{
      "refId":"scrib",
      "location":{
        "posX":-103555.78125,
        "posZ":1909.0096435547,
        "posY":98638.7421875,
        "rotX":0,
        "rotY":0,
        "rotZ":0
      },
      "stats":{
        "healthCurrent":8,
        "magickaCurrent":12,
        "healthModified":8,
        "fatigueBase":300,
        "fatigueModified":300,
        "healthBase":8,
        "magickaModified":12,
        "magickaBase":12,
        "fatigueCurrent":300
      }
    },
    "0-1418":{
      "refId":"scrib diseased",
      "location":{
        "posX":-101207.7734375,
        "posZ":1072.9891357422,
        "posY":103842.59375,
        "rotX":0,
        "rotY":0,
        "rotZ":3.58318567276
      },
      "stats":{
        "healthCurrent":8,
        "magickaCurrent":12,
        "healthModified":8,
        "fatigueBase":71,
        "fatigueModified":71,
        "healthBase":8,
        "magickaModified":12,
        "magickaBase":12,
        "fatigueCurrent":71
      }
    },
    "472497-0":{
      "refId":"flora_roobrush_02",
      "inventory":[{
          "refId":"ingred_roobrush_01",
          "count":1,
          "charge":-1,
          "enchantmentCharge":-1,
          "soul":""
        }]
    },
    "472516-0":{
      "refId":"flora_roobrush_02",
      "inventory":[]
    },
    "472523-0":{
      "refId":"flora_stoneflower_01",
      "inventory":[{
          "refId":"ingred_stoneflower_petals_01",
          "count":1,
          "charge":-1,
          "enchantmentCharge":-1,
          "soul":""
        }]
    },
    "274708-0":{
      "refId":"assamanut sonnerralit",
      "location":{
        "posX":-103414.40625,
        "posZ":1825.7504882813,
        "posY":101515.09375,
        "rotX":0,
        "rotY":0,
        "rotZ":2.8000001907349
      },
      "stats":{
        "healthCurrent":75,
        "magickaCurrent":88,
        "healthModified":75,
        "fatigueBase":189,
        "fatigueModified":189,
        "healthBase":75,
        "magickaModified":88,
        "magickaBase":88,
        "fatigueCurrent":189
      },
      "equipment":{
        "7":{
          "refId":"common_shoes_01",
          "count":1,
          "charge":-1,
          "enchantmentCharge":-1
        },
        "16":{
          "refId":"chitin war axe",
          "count":1,
          "charge":-1,
          "enchantmentCharge":-1
        },
        "9":{
          "refId":"common_pants_03_c",
          "count":1,
          "charge":-1,
          "enchantmentCharge":-1
        }
      },
      "inventory":[{
          "refId":"common_shoes_01",
          "count":1,
          "charge":-1,
          "enchantmentCharge":-1,
          "soul":""
        },{
          "refId":"common_pants_03_c",
          "count":1,
          "charge":-1,
          "enchantmentCharge":-1,
          "soul":""
        },{
          "refId":"chitin war axe",
          "count":1,
          "charge":-1,
          "enchantmentCharge":-1,
          "soul":""
        }]
    },
    "472512-0":{
      "refId":"flora_bittergreen_03",
      "inventory":[{
          "refId":"ingred_bittergreen_petals_01",
          "count":2,
          "charge":-1,
          "enchantmentCharge":-1,
          "soul":""
        }]
    },
    "472528-0":{
      "refId":"flora_kreshweed_03",
      "inventory":[{
          "refId":"ingred_kresh_fiber_01",
          "count":1,
          "charge":-1,
          "enchantmentCharge":-1,
          "soul":""
        }]
    },
    "472521-0":{
      "refId":"flora_kreshweed_03",
      "inventory":[{
          "refId":"ingred_kresh_fiber_01",
          "count":1,
          "charge":-1,
          "enchantmentCharge":-1,
          "soul":""
        }]
    },
    "0-1419":{
      "refId":"netch_betty",
      "location":{
        "posX":-102050.140625,
        "posZ":1642.4938964844,
        "posY":99334.703125,
        "rotX":0,
        "rotY":0,
        "rotZ":0
      },
      "stats":{
        "healthCurrent":113,
        "magickaCurrent":75,
        "healthModified":113,
        "fatigueBase":500,
        "fatigueModified":500,
        "healthBase":113,
        "magickaModified":75,
        "magickaBase":75,
        "fatigueCurrent":500
      }
    },
    "472517-0":{
      "refId":"flora_roobrush_02",
      "inventory":[{
          "refId":"ingred_roobrush_01",
          "count":1,
          "charge":-1,
          "enchantmentCharge":-1,
          "soul":""
        }]
    },
    "472513-0":{
      "refId":"flora_bittergreen_06",
      "inventory":[]
    },
    "472509-0":{
      "refId":"flora_bittergreen_pod_01",
      "inventory":[]
    },
    "472514-0":{
      "refId":"flora_stoneflower_01",
      "inventory":[{
          "refId":"ingred_stoneflower_petals_01",
          "count":1,
          "charge":-1,
          "enchantmentCharge":-1,
          "soul":""
        }]
    },
    "472499-0":{
      "refId":"flora_kreshweed_01",
      "inventory":[{
          "refId":"ingred_kresh_fiber_01",
          "count":1,
          "charge":-1,
          "enchantmentCharge":-1,
          "soul":""
        }]
    },
    "472529-0":{
      "refId":"flora_kreshweed_02",
      "inventory":[{
          "refId":"ingred_kresh_fiber_01",
          "count":1,
          "charge":-1,
          "enchantmentCharge":-1,
          "soul":""
        }]
    },
    "472502-0":{
      "refId":"flora_kreshweed_02",
      "inventory":[{
          "refId":"ingred_kresh_fiber_01",
          "count":1,
          "charge":-1,
          "enchantmentCharge":-1,
          "soul":""
        }]
    },
    "472507-0":{
      "refId":"flora_kreshweed_03",
      "inventory":[{
          "refId":"ingred_kresh_fiber_01",
          "count":1,
          "charge":-1,
          "enchantmentCharge":-1,
          "soul":""
        }]
    },
    "472498-0":{
      "refId":"flora_kreshweed_03",
      "inventory":[{
          "refId":"ingred_kresh_fiber_01",
          "count":1,
          "charge":-1,
          "enchantmentCharge":-1,
          "soul":""
        }]
    },
    "472524-0":{
      "refId":"flora_kreshweed_03",
      "inventory":[]
    },
    "274714-0":{
      "refId":"barrel_01_empty",
      "inventory":[]
    },
    "472503-0":{
      "refId":"flora_green_lichen_01",
      "inventory":[{
          "refId":"ingred_green_lichen_01",
          "count":1,
          "charge":-1,
          "enchantmentCharge":-1,
          "soul":""
        }]
    },
    "472508-0":{
      "refId":"flora_kreshweed_02",
      "inventory":[{
          "refId":"ingred_kresh_fiber_01",
          "count":1,
          "charge":-1,
          "enchantmentCharge":-1,
          "soul":""
        }]
    },
    "472522-0":{
      "refId":"flora_kreshweed_02",
      "inventory":[{
          "refId":"ingred_kresh_fiber_01",
          "count":1,
          "charge":-1,
          "enchantmentCharge":-1,
          "soul":""
        }]
    },
    "472504-0":{
      "refId":"flora_green_lichen_02",