{
  "packets":{
    "actorList":["0-1386","0-1387","0-1388","0-1389","0-1390","30717-0","30718-0","30719-0","30720-0","30721-0","30722-0","30723-0","30724-0","30725-0"],
    "ai":[],
    "cellChangeFrom":[],
    "cellChangeTo":[],
    "container":["24002-0","24007-0","24008-0","24012-0","24017-0","24018-0","24022-0","24027-0","24028-0","24035-0","24037-0","24040-0","24044-0","24046-0","24049-0","30717-0","30718-0","30719-0","30720-0","30721-0","30722-0","30723-0","30724-0","30725-0"],
    "death":[],
    "delete":[],
    "doorState":[],
    "equipment":["0-1386","0-1388"],
    "lock":[],
    "place":[],
    "position":["30717-0","30718-0","30719-0","30720-0","30721-0","30722-0","30723-0","30724-0","30725-0","0-1386","0-1387","0-1388","0-1389","0-1390"],
    "scale":[],
    "spawn":["0-1386","0-1387","0-1388","0-1389","0-1390"],
    "state":["30717-0","30718-0","30719-0","30720-0","30721-0","30722-0","30723-0","30724-0","30725-0"],
    "statsDynamic":["30717-0","30718-0","30719-0","30720-0","30721-0","30722-0","30723-0","30724-0","30725-0","0-1386","0-1387","0-1388","0-1389","0-1390"],
    "trap":[]
  },
  "entry":{
    "creationTime":1568869162,
    "description":"-18, 23"
  },
  "lastVisit":{
    "Tanis":1568940810
  },
  "recordLinks":[],
  "objectData":{
    "24002-0":{
      "refId":"flora_bm_belladonna_02",
      "inventory":[{
          "refId":"ingred_belladonna_02",
          "count":1,
          "charge":-1,
          "enchantmentCharge":-1,
          "soul":""
        }]
    },
    "24018-0":{
      "refId":"flora_bm_belladonna_02",
      "inventory":[{
          "refId":"ingred_belladonna_02",
          "count":1,
          "charge":-1,
          "enchantmentCharge":-1,
          "soul":""
        }]
    },
    "0-1390":{
      "refId":"bm_horker_large",
      "location":{
        "posX":-140937.40625,
        "posZ":-391.04290771484,
        "posY":189298.96875,
        "rotX":0,
        "rotY":0,
        "rotZ":0
      },
      "stats":{
        "healthCurrent":100,
        "magickaCurrent":50,
        "healthModified":100,
        "fatigueBase":500,
        "fatigueModified":500,
        "healthBase":100,
        "magickaModified":50,
        "magickaBase":50,
        "fatigueCurrent":499.5
      }
    },
    "0-1389":{
      "refId":"bm_riekling_mounted",
      "location":{
        "posX":-146495.34375,
        "posZ":1081.2260742188,
        "posY":190236.71875,
        "rotX":-0.11106038093567,
        "rotY":0,
        "rotZ":2.1123106479645
      },
      "stats":{
        "healthCurrent":400,
        "magickaCurrent":50,
        "healthModified":400,
        "fatigueBase":800,
        "fatigueModified":800,
        "healthBase":400,
        "magickaModified":50,
        "magickaBase":50,
        "fatigueCurrent":800
      }
    },
    "24035-0":{
      "refId":"flora_bm_belladonna_02",
      "inventory":[{
          "refId":"ingred_belladonna_02",
          "count":1,
          "charge":-1,
          "enchantmentCharge":-1,
          "soul":""
        }]
    },
    "24007-0":{
      "refId":"flora_bm_belladonna_02",
      "inventory":[{
          "refId":"ingred_belladonna_02",
          "count":1,
          "charge":-1,
          "enchantmentCharge":-1,
          "soul":""
        }]
    },
    "24022-0":{
      "refId":"flora_bm_belladonna_02",
      "inventory":[{
          "refId":"ingred_belladonna_02",
          "count":1,
          "charge":-1,
          "enchantmentCharge":-1,
          "soul":""
        }]
    },
    "30720-0":{
      "refId":"bm_horker_dead",
      "location":{
        "posX":-144896.265625,
        "posZ":69.3173828125,
        "posY":193874.8125,
        "rotX":0,
        "rotY":0,
        "rotZ":4.08318567276
      },
      "stats":{
        "healthCurrent":0,
        "magickaCurrent":50,
        "fatigueModified":500,
        "fatigueBase":500,
        "healthBase":0,
        "healthModified":0,
        "magickaModified":50,
        "magickaBase":50,
        "fatigueCurrent":500
      },
      "inventory":[{
          "refId":"ingred_horker_tusk_01",
          "count":1,
          "charge":-1,
          "enchantmentCharge":-1,
          "soul":""
        }],
      "state":false
    },
    "24027-0":{
      "refId":"flora_bm_belladonna_02",
      "inventory":[{
          "refId":"ingred_belladonna_02",
          "count":1,
          "charge":-1,
          "enchantmentCharge":-1,
          "soul":""
        }]
    },
    "24008-0":{
      "refId":"flora_bm_belladonna_02",
      "inventory":[{
          "refId":"ingred_belladonna_02",
          "count":1,
          "charge":-1,
          "enchantmentCharge":-1,
          "soul":""
        }]
    },
    "30719-0":{
      "refId":"bm_horker_dead",
      "location":{
        "posX":-145637.75,
        "posZ":127.25411987305,
        "posY":195512.140625,
        "rotX":0,
        "rotY":0,
        "rotZ":0.20000013709068
      },
      "stats":{
        "healthCurrent":0,
        "magickaCurrent":50,
        "fatigueModified":500,
        "fatigueBase":500,
        "healthBase":0,
        "healthModified":0,
        "magickaModified":50,
        "magickaBase":50,
        "fatigueCurrent":500
      },
      "inventory":[],
      "state":false
    },
    "30717-0":{
      "refId":"bm_horker_dead",
      "location":{
        "posX":-142223.296875,
        "posZ":200.87474060059,
        "posY":190195.609375,
        "rotX":0,
        "rotY":0,
        "rotZ":2.1831870079041
      },
      "stats":{
        "healthCurrent":0,
        "magickaCurrent":50,
        "fatigueModified":500,
        "fatigueBase":500,
        "healthBase":0,
        "healthModified":0,
        "magickaModified":50,
        "magickaBase":50,
        "fatigueCurrent":500
      },
      "inventory":[],
      "state":false
    },
    "24017-0":{
      "refId":"flora_bm_belladonna_02",
      "inventory":[{
          "refId":"ingred_belladonna_02",
          "count":1,
          "charge":-1,
          "enchantmentCharge":-1,
          "soul":""
        }]
    },
    "0-1386":{
      "refId":"bm_riekling",
      "location":{
        "posX":-144358.796875,
        "posZ":263.70172119141,
        "posY":192760.625,
        "rotX":-1.4239947795868,
        "rotY":0,
        "rotZ":0.52327823638916
      },
      "stats":{
        "healthCurrent":100,
        "magickaCurrent":50,
        "healthModified":100,
        "fatigueBase":800,
        "fatigueModified":800,
        "healthBase":100,
        "magickaModified":50,
        "magickaBase":50,
        "fatigueCurrent":800
      },
      "equipment":{
        "17":{
          "refId":"bm_ice minion_shield1",
          "count":1,
          "charge":-1,
          "enchantmentCharge":-1
        }
      }
    },
    "30723-0":{
      "refId":"bm_horker_dead",
      "location":{
        "posX":-144050,
        "posZ":276.8623046875,
        "posY":192491.171875,
        "rotX":0,
        "rotY":0,
        "rotZ":4.9831857681274
      },
      "stats":{
        "healthCurrent":0,
        "magickaCurrent":50,
        "fatigueModified":500,
        "fatigueBase":500,
        "healthBase":0,
        "healthModified":0,
        "magickaModified":50,
        "magickaBase":50,
        "fatigueCurrent":500
      },
      "inventory":[{
          "refId":"ingred_horker_tusk_01",
          "count":1,
          "charge":-1,
          "enchantmentCharge":-1,
          "soul":""
        }],
      "state":false
    },
    "30721-0":{
      "refId":"bm_horker_dead",
      "location":{
        "posX":-144157.59375,
        "posZ":123.23732757568,
        "posY":193020.90625,
        "rotX":0,
        "rotY":0,
        "rotZ":0.19999980926514
      },
      "stats":{
        "healthCurrent":0,
        "magickaCurrent":50,
        "fatigueModified":500,
        "fatigueBase":500,
        "healthBase":0,
        "healthModified":0,
        "magickaModified":50,
        "magickaBase":50,
        "fatigueCurrent":500
      },
      "inventory":[],