{
  "packets":{
    "actorList":["0-1368","0-1370","30726-0","30727-0","30728-0","30729-0","30730-0","30731-0","30732-0","0-1369","0-1367"],
    "ai":[],
    "cellChangeFrom":[],
    "cellChangeTo":[],
    "container":["24052-0","24057-0","24058-0","24064-0","24065-0","24067-0","24072-0","24073-0","30726-0","30727-0","30728-0","30729-0","30730-0","30731-0","30732-0"],
    "death":[],
    "delete":[],
    "doorState":[],
    "equipment":["0-1369","0-1367"],
    "lock":[],
    "place":[],
    "position":["30726-0","30727-0","30728-0","30729-0","30730-0","30731-0","30732-0","0-1368","0-1370","0-1369","0-1367"],
    "scale":[],
    "spawn":["0-1368","0-1370","0-1369","0-1367"],
    "state":["30726-0","30727-0","30728-0","30729-0","30730-0","30731-0","30732-0"],
    "statsDynamic":["30726-0","30727-0","30728-0","30729-0","30730-0","30731-0","30732-0","0-1368","0-1370","0-1369","0-1367"],
    "trap":[]
  },
  "entry":{
    "creationTime":1568868319,
    "description":"-18, 22"
  },
  "lastVisit":{
    "Tanis":1568998643
  },
  "recordLinks":[],
  "objectData":{
    "24065-0":{
      "refId":"flora_bm_belladonna_02",
      "inventory":[{
          "refId":"ingred_belladonna_02",
          "count":1,
          "charge":-1,
          "enchantmentCharge":-1,
          "soul":""
        }]
    },
    "24057-0":{
      "refId":"flora_bm_belladonna_02",
      "inventory":[{
          "refId":"ingred_belladonna_02",
          "count":1,
          "charge":-1,
          "enchantmentCharge":-1,
          "soul":""
        }]
    },
    "30731-0":{
      "refId":"bm_horker_dead",
      "location":{
        "posX":-142725.796875,
        "posZ":303.76232910156,
        "posY":182969.734375,
        "rotX":0,
        "rotY":0,
        "rotZ":1
      },
      "stats":{
        "healthCurrent":0,
        "magickaCurrent":50,
        "healthModified":0,
        "fatigueBase":500,
        "magickaModified":50,
        "fatigueModified":500,
        "healthBase":0,
        "magickaBase":50,
        "fatigueCurrent":500
      },
      "inventory":[],
      "state":false
    },
    "30732-0":{
      "refId":"bm_horker_dead",
      "location":{
        "posX":-142858.28125,
        "posZ":302.80035400391,
        "posY":183132.5625,
        "rotX":0,
        "rotY":0,
        "rotZ":0
      },
      "stats":{
        "healthCurrent":0,
        "magickaCurrent":50,
        "healthModified":0,
        "fatigueBase":500,
        "magickaModified":50,
        "fatigueModified":500,
        "healthBase":0,
        "magickaBase":50,
        "fatigueCurrent":500
      },
      "inventory":[{
          "refId":"ingred_horker_tusk_01",
          "count":1,
          "charge":-1,
          "enchantmentCharge":-1,
          "soul":""
        }],
      "state":false
    },
    "0-1367":{
      "refId":"bm_riekling",
      "location":{
        "posX":-147451.40625,
        "posZ":1397.5207519531,
        "posY":187292.421875,
        "rotX":1.0414218902588,
        "rotY":0,
        "rotZ":1.2382528781891
      },
      "stats":{
        "healthCurrent":100,
        "magickaCurrent":50,
        "healthModified":100,
        "fatigueBase":800,
        "fatigueModified":800,
        "healthBase":100,
        "magickaModified":50,
        "magickaBase":50,
        "fatigueCurrent":800
      },
      "equipment":{
        "17":{
          "refId":"bm_ice minion_shield1",
          "count":1,
          "charge":-1,
          "enchantmentCharge":-1
        }
      }
    },
    "24064-0":{
      "refId":"flora_bm_belladonna_02",
      "inventory":[{
          "refId":"ingred_belladonna_02",
          "count":1,
          "charge":-1,
          "enchantmentCharge":-1,
          "soul":""
        }]
    },
    "24073-0":{
      "refId":"flora_bm_belladonna_02",
      "inventory":[{
          "refId":"ingred_belladonna_02",
          "count":1,
          "charge":-1,
          "enchantmentCharge":-1,
          "soul":""
        }]
    },
    "0-1369":{
      "refId":"bm_riekling",
      "location":{
        "posX":-143515.328125,
        "posZ":345.50033569336,
        "posY":188374.015625,
        "rotX":-0.12504735589027,
        "rotY":0,
        "rotZ":1.8168361186981
      },
      "stats":{
        "healthCurrent":100,
        "magickaCurrent":50,
        "healthModified":100,
        "fatigueBase":800,
        "fatigueModified":800,
        "healthBase":100,
        "magickaModified":50,
        "magickaBase":50,
        "fatigueCurrent":800
      },
      "equipment":{
        "17":{
          "refId":"bm_ice minion_shield1",
          "count":1,
          "charge":-1,
          "enchantmentCharge":-1
        }
      }
    },
    "24058-0":{
      "refId":"flora_bm_belladonna_02",
      "inventory":[{
          "refId":"ingred_belladonna_02",
          "count":1,
          "charge":-1,
          "enchantmentCharge":-1,
          "soul":""
        }]
    },
    "30726-0":{
      "refId":"bm_horker_dead",
      "location":{
        "posX":-143117.125,
        "posZ":208.17156982422,
        "posY":187488.859375,
        "rotX":0,
        "rotY":0,
        "rotZ":5.6831860542297
      },
      "stats":{
        "healthCurrent":0,
        "magickaCurrent":50,
        "healthModified":0,
        "fatigueBase":500,
        "magickaModified":50,
        "fatigueModified":500,
        "healthBase":0,
        "magickaBase":50,
        "fatigueCurrent":500
      },
      "inventory":[],
      "state":false
    },
    "30729-0":{
      "refId":"bm_horker_dead",
      "location":{
        "posX":-143303.0625,
        "posZ":179.6484375,
        "posY":185855.1875,
        "rotX":0,
        "rotY":0,
        "rotZ":0.80000007152557
      },
      "stats":{
        "healthCurrent":0,
        "magickaCurrent":50,
        "healthModified":0,
        "fatigueBase":500,
        "magickaModified":50,
        "fatigueModified":500,
        "healthBase":0,
        "magickaBase":50,
        "fatigueCurrent":500
      },
      "inventory":[],
      "state":false
    },
    "24072-0":{
      "refId":"flora_bm_belladonna_02",
      "inventory":[]
    },
    "24067-0":{
      "refId":"flora_bm_belladonna_02",
      "inventory":[{
          "refId":"ingred_belladonna_02",
          "count":1,
          "charge":-1,
          "enchantmentCharge":-1,
          "soul":""
        }]
    },
    "30730-0":{
      "refId":"bm_horker_dead",
      "location":{
        "posX":-143258.59375,
        "posZ":199.26756286621,
        "posY":184272.34375,
        "rotX":0,
        "rotY":0,
        "rotZ":1.5000001192093
      },
      "stats":{
        "healthCurrent":0,
        "magickaCurrent":50,
        "healthModified":0,
        "fatigueBase":500,
        "magickaModified":50,
        "fatigueModified":500,
        "healthBase":0,
        "magickaBase":50,
        "fatigueCurrent":500
      },
      "inventory":[{
          "refId":"ingred_horker_tusk_01",
          "count":1,
          "charge":-1,
          "enchantmentCharge":-1,
          "soul":""
        }],
      "state":false
    },
    "24052-0":{
      "refId":"flora_bm_belladonna_02",
      "inventory":[{
          "refId":"ingred_belladonna_02",
          "count":1,
          "charge":-1,
          "enchantmentCharge":-1,
          "soul":""
        }]
    },
    "30727-0":{
      "refId":"bm_horker_dead",
      "location":{
        "posX":-142989.734375,
        "posZ":145.86135864258,
        "posY":188175.953125,
        "rotX":0,
        "rotY":0,
        "rotZ":1.0000001192093
      },
      "stats":{
        "healthCurrent":0,
        "magickaCurrent":50,
        "healthModified":0,
        "fatigueBase":500,
        "magickaModified":50,
        "fatigueModified":500,
        "healthBase":0,
        "magickaBase":50,
        "fatigueCurrent":500
      },
      "inventory":[{
          "refId":"ingred_horker_tusk_01",
          "count":1,
          "charge":-1,
          "enchantmentCharge":-1,
          "soul":""
        }],
      "state":false
    },