{
  "packets":{
    "actorList":["0-1354","0-1355","0-1356","0-1357"],
    "ai":[],
    "cellChangeFrom":[],
    "cellChangeTo":[],
    "container":["32264-0"],
    "death":[],
    "delete":[],
    "doorState":[],
    "equipment":[],
    "lock":[],
    "place":[],
    "position":["0-1354","0-1355","0-1356","0-1357"],
    "scale":[],
    "spawn":["0-1354","0-1355","0-1356","0-1357"],
    "state":[],
    "statsDynamic":["0-1354","0-1355","0-1356","0-1357"],
    "trap":[]
  },
  "entry":{
    "creationTime":1568868253,
    "description":"-18, 21"
  },
  "lastVisit":{
    "Tanis":1568998643,
    "Dizzy":1568868455
  },
  "recordLinks":[],
  "objectData":{
    "0-1356":{
      "refId":"bm_horker_large",
      "location":{
        "posX":-139791.65625,
        "posZ":-564.21685791016,
        "posY":173223.03125,
        "rotX":0,
        "rotY":0,
        "rotZ":0
      },
      "stats":{
        "healthCurrent":100,
        "magickaCurrent":50,
        "healthModified":100,
        "fatigueBase":500,
        "fatigueModified":500,
        "healthBase":100,
        "magickaModified":50,
        "magickaBase":50,
        "fatigueCurrent":499.93469238281
      }
    },
    "0-1357":{
      "refId":"bm_horker_large",
      "location":{
        "posX":-139942.4375,
        "posZ":-226.10848999023,
        "posY":178130.8125,
        "rotX":0,
        "rotY":0,
        "rotZ":0
      },
      "stats":{
        "healthCurrent":100,
        "magickaCurrent":50,
        "healthModified":100,
        "fatigueBase":500,
        "fatigueModified":500,
        "healthBase":100,
        "magickaModified":50,
        "magickaBase":50,
        "fatigueCurrent":499.93469238281
      }
    },
    "0-1354":{
      "refId":"bm_frost_boar",
      "location":{
        "posX":-145168.28125,
        "posZ":946.92779541016,
        "posY":179942.890625,
        "rotX":-1.1282165050507,
        "rotY":0,
        "rotZ":1.3476407527924
      },
      "stats":{
        "healthCurrent":200,
        "magickaCurrent":50,
        "healthModified":200,
        "fatigueBase":800,
        "fatigueModified":800,
        "healthBase":200,
        "magickaModified":50,
        "magickaBase":50,
        "fatigueCurrent":800
      }
    },
    "0-1355":{
      "refId":"bm_wolf_grey_lvl_1",
      "location":{
        "posX":-141938.40625,
        "posZ":100.4139175415,
        "posY":177489.03125,
        "rotX":-0.036568235605955,
        "rotY":0,
        "rotZ":2.5270082950592
      },
      "stats":{
        "healthCurrent":40,
        "magickaCurrent":50,
        "healthModified":40,
        "fatigueBase":400,
        "fatigueModified":400,
        "healthBase":40,
        "magickaModified":50,
        "magickaBase":50,
        "fatigueCurrent":400
      }
    },
    "32264-0":{
      "refId":"flora_bm_belladonna_03",
      "inventory":[{
          "refId":"ingred_belladonna_01",
          "count":1,
          "charge":-1,
          "enchantmentCharge":-1,
          "soul":""
        }]
    }
  }
}