{
  "packets":{
    "actorList":["0-2160","0-2161","0-2162","0-2163","0-2164","276643-0","276644-0","0-2167","0-2168"],
    "ai":[],
    "cellChangeFrom":[],
    "cellChangeTo":[],
    "container":["276646-0","276647-0","276648-0","276643-0","276644-0"],
    "death":[],
    "delete":[],
    "doorState":[],
    "equipment":["276643-0","276644-0"],
    "lock":[],
    "place":[],
    "position":["276643-0","276644-0","0-2160","0-2161","0-2162","0-2163","0-2164","0-2167","0-2168"],
    "scale":[],
    "spawn":["0-2160","0-2161","0-2162","0-2163","0-2164","0-2167","0-2168"],
    "state":[],
    "statsDynamic":["276643-0","276644-0","0-2160","0-2161","0-2162","0-2163","0-2164","0-2167","0-2168"],
    "trap":[]
  },
  "entry":{
    "creationTime":1569007910,
    "description":"-2, 11"
  },
  "lastVisit":{
    "Dizzy":1569470577,
    "Tanis":1569267621
  },
  "recordLinks":[],
  "objectData":{
    "276648-0":{
      "refId":"com_sack_01_ingred",
      "inventory":[{
          "refId":"ingred_sload_soap_01",
          "count":1,
          "charge":-1,
          "enchantmentCharge":-1,
          "soul":""
        },{
          "refId":"ingred_comberry_01",
          "count":1,
          "charge":-1,
          "enchantmentCharge":-1,
          "soul":""
        }]
    },
    "0-2164":{
      "refId":"cliff racer",
      "location":{
        "posX":-12542.513671875,
        "posZ":4171.2080078125,
        "posY":96501.4296875,
        "rotX":-0.0012992806732655,
        "rotY":0,
        "rotZ":2.9010584354401
      },
      "stats":{
        "healthCurrent":45,
        "magickaCurrent":20,
        "healthModified":45,
        "fatigueBase":400,
        "fatigueModified":400,
        "healthBase":45,
        "magickaModified":20,
        "magickaBase":20,
        "fatigueCurrent":400
      }
    },
    "0-2168":{
      "refId":"cliff racer",
      "location":{
        "posX":-8383.4521484375,
        "posZ":6661.9565429688,
        "posY":96965.2734375,
        "rotX":-0.0001231487840414,
        "rotY":0,
        "rotZ":2.4266445636749
      },
      "stats":{
        "healthCurrent":45,
        "magickaCurrent":20,
        "healthModified":45,
        "fatigueBase":400,
        "fatigueModified":400,
        "healthBase":45,
        "magickaModified":20,
        "magickaBase":20,
        "fatigueCurrent":400
      }
    },
    "0-2162":{
      "refId":"ash_zombie",
      "location":{
        "posX":-11595.426757813,
        "posZ":3267.7734375,
        "posY":93762.34375,
        "rotX":-1.382817029953,
        "rotY":0,
        "rotZ":-2.5796711444855
      },
      "stats":{
        "healthCurrent":90,
        "magickaCurrent":100,
        "healthModified":90,
        "fatigueBase":400,
        "fatigueModified":400,
        "healthBase":90,
        "magickaModified":100,
        "magickaBase":100,
        "fatigueCurrent":400
      }
    },
    "0-2163":{
      "refId":"cliff racer",
      "location":{
        "posX":-11296.306640625,
        "posZ":3581.1049804688,
        "posY":94472.953125,
        "rotX":1.2401490211487,
        "rotY":0,
        "rotZ":2.1763708591461
      },
      "stats":{
        "healthCurrent":45,
        "magickaCurrent":20,
        "healthModified":45,
        "fatigueBase":400,
        "fatigueModified":400,
        "healthBase":45,
        "magickaModified":20,
        "magickaBase":20,
        "fatigueCurrent":400
      }
    },
    "0-2161":{
      "refId":"corprus_stalker",
      "location":{
        "posX":-9696.1162109375,
        "posZ":4211.0600585938,
        "posY":93863.1171875,
        "rotX":-0.1518149971962,
        "rotY":0,
        "rotZ":-1.469836473465
      },
      "stats":{
        "healthCurrent":60,
        "magickaCurrent":50,
        "healthModified":60,
        "fatigueBase":300,
        "fatigueModified":300,
        "healthBase":60,
        "magickaModified":50,
        "magickaBase":50,
        "fatigueCurrent":300
      }
    },
    "276646-0":{
      "refId":"de_p_chest_02_gold_25",
      "inventory":[{
          "refId":"gold_001",
          "count":25,
          "charge":-1,
          "enchantmentCharge":-1,
          "soul":""
        }]
    },
    "276647-0":{
      "refId":"com_sack_02_chpfood3",
      "inventory":[{
          "refId":"food_kwama_egg_02",
          "count":3,
          "charge":-1,
          "enchantmentCharge":-1,
          "soul":""
        }]
    },
    "276643-0":{
      "refId":"zanat assarnuridan",
      "location":{
        "posX":-15907.071289063,
        "posZ":739.2490234375,
        "posY":96873.1171875,
        "rotX":-0.031998295336962,
        "rotY":0,
        "rotZ":2.446854352951
      },
      "stats":{
        "healthCurrent":90,
        "magickaCurrent":94,
        "healthModified":90,
        "fatigueBase":204,
        "fatigueModified":204,
        "healthBase":90,
        "magickaModified":94,
        "magickaBase":94,
        "fatigueCurrent":204
      },
      "equipment":{
        "7":{
          "refId":"common_shoes_01",
          "count":1,
          "charge":-1,
          "enchantmentCharge":-1
        },
        "8":{
          "refId":"common_shirt_02_r",
          "count":1,
          "charge":-1,
          "enchantmentCharge":-1
        },
        "16":{
          "refId":"chitin spear",
          "count":1,
          "charge":-1,
          "enchantmentCharge":-1
        },
        "9":{
          "refId":"common_pants_01_u",
          "count":1,
          "charge":-1,
          "enchantmentCharge":-1
        }
      },
      "inventory":[{
          "refId":"common_shirt_02_r",
          "count":1,
          "charge":-1,
          "enchantmentCharge":-1,
          "soul":""
        },{
          "refId":"common_shoes_01",
          "count":1,
          "charge":-1,
          "enchantmentCharge":-1,
          "soul":""
        },{
          "refId":"common_pants_01_u",
          "count":1,
          "charge":-1,
          "enchantmentCharge":-1,
          "soul":""
        },{
          "refId":"gold_001",
          "count":5,
          "charge":-1,
          "enchantmentCharge":-1,
          "soul":""
        },{
          "refId":"chitin spear",
          "count":1,
          "charge":-1,
          "enchantmentCharge":-1,
          "soul":""
        }]
    },
    "0-2167":{
      "refId":"ash_slave",
      "location":{
        "posX":-8390.015625,
        "posZ":4709.556640625,
        "posY":96905.375,
        "rotX":0.38100957870483,
        "rotY":0,
        "rotZ":1.4713885784149
      },
      "stats":{
        "healthCurrent":60,
        "magickaCurrent":124,
        "healthModified":60,
        "fatigueBase":352,
        "fatigueModified":352,
        "healthBase":60,
        "magickaModified":124,
        "magickaBase":124,
        "fatigueCurrent":352
      }
    },
    "276644-0":{
      "refId":"dakin kuntarnammu",
      "location":{
        "posX":-15733.764648438,
        "posZ":736.99987792969,
        "posY":96799.71875,
        "rotX":-0.78127020597458,
        "rotY":0,
        "rotZ":2.4789984226227
      },
      "stats":{
        "healthCurrent":96,
        "magickaCurrent":92,
        "healthModified":96,
        "fatigueBase":213,
        "fatigueModified":213,
        "healthBase":96,
        "magickaModified":92,
        "magickaBase":92,
        "fatigueCurrent":213
      },
      "equipment":{
        "1":{
          "refId":"netch_leather_boiled_cuirass",
          "count":1,
          "charge":-1,
          "enchantmentCharge":-1
        },
        "7":{
          "refId":"netch_leather_boots",
          "count":1,
          "charge":-1,
          "enchantmentCharge":-1
        },
        "8":{
          "refId":"common_shirt_03_c",
          "count":1,
          "charge":-1,
          "enchantmentCharge":-1
        },
        "16":{
          "refId":"chitin war axe",
          "count":1,
          "charge":-1,
          "enchantmentCharge":-1
        },
        "9":{
          "refId":"common_pants_01_u",