{
  "packets":{
    "actorList":["0-34","41612-0","0-457","0-1257"],
    "ai":[],
    "cellChangeFrom":[],
    "cellChangeTo":[],
    "container":["33998-0","33999-0","34001-0","34002-0","34004-0","34005-0","34000-0","34003-0","476158-0","476159-0","41612-0","0-457","0-1257","0-34"],
    "death":["0-457","0-1257","0-34"],
    "delete":[],
    "doorState":[],
    "equipment":["41612-0"],
    "lock":[],
    "place":["0-3864"],
    "position":["41612-0","0-34","0-457","0-1257"],
    "scale":[],
    "spawn":["0-34","0-457","0-1257"],
    "state":[],
    "statsDynamic":["41612-0","0-34","0-457","0-1257"],
    "trap":[]
  },
  "entry":{
    "creationTime":1568693269,
    "description":"-2, -2"
  },
  "lastVisit":{
    "Dizzy":1570146271,
    "Bank":1577764607,
    "DizzyDasher":1570149876,
    "Dr,Kups":1569618877,
    "whisker":1568939622,
    "Fendryn":1568999715,
    "Tanis":1570146995,
    "whiskers":1568695552
  },
  "recordLinks":[],
  "objectData":{
    "34002-0":{
      "refId":"com_basket_01_empty",
      "inventory":[]
    },
    "0-1257":{
      "refId":"nix-hound",
      "location":{
        "posX":-9697.265625,
        "posZ":1177.66015625,
        "posY":-8222.740234375,
        "rotX":0,
        "rotY":0,
        "rotZ":0.66249823570251
      },
      "stats":{
        "healthCurrent":0,
        "magickaCurrent":10,
        "healthModified":23,
        "fatigueBase":400,
        "fatigueModified":400,
        "healthBase":23,
        "magickaModified":10,
        "magickaBase":10,
        "fatigueCurrent":400
      },
      "inventory":[{
          "refId":"ingred_hound_meat_01",
          "count":1,
          "charge":-1,
          "enchantmentCharge":-1,
          "soul":""
        }],
      "killer":{
        "player":"whisker"
      }
    },
    "0-34":{
      "refId":"scrib",
      "location":{
        "posX":-11468.365234375,
        "posZ":1736.9261474609,
        "posY":-10627.38671875,
        "rotX":-0.11962335556746,
        "rotY":0,
        "rotZ":-1.8427259922028
      },
      "stats":{
        "healthCurrent":0,
        "magickaCurrent":12,
        "healthModified":8,
        "fatigueBase":300,
        "fatigueModified":300,
        "healthBase":8,
        "magickaModified":12,
        "magickaBase":12,
        "fatigueCurrent":300
      },
      "inventory":[{
          "refId":"ingred_scrib_jelly_01",
          "count":1,
          "charge":-1,
          "enchantmentCharge":-1,
          "soul":""
        }],
      "killer":{
        "player":"Dr,Kups"
      }
    },
    "34004-0":{
      "refId":"com_basket_01_empty",
      "inventory":[]
    },
    "34005-0":{
      "refId":"com_basket_01_empty",
      "inventory":[]
    },
    "0-3864":{
      "refId":"misc_uni_pillow_01",
      "charge":1,
      "location":{
        "posX":-12523.856445313,
        "posZ":2296.3435058594,
        "posY":-12145.448242188,
        "rotX":0,
        "rotY":0,
        "rotZ":-2.9570310115814
      }
    },
    "34003-0":{
      "refId":"com_basket_01_empty",
      "inventory":[]
    },
    "476158-0":{
      "refId":"flora_roobrush_02",
      "inventory":[{
          "refId":"ingred_roobrush_01",
          "count":1,
          "charge":-1,
          "enchantmentCharge":-1,
          "soul":""
        }]
    },
    "33998-0":{
      "refId":"com_basket_01_empty",
      "inventory":[]
    },
    "476159-0":{
      "refId":"flora_kreshweed_01",
      "inventory":[{
          "refId":"ingred_kresh_fiber_01",
          "count":1,
          "charge":-1,
          "enchantmentCharge":-1,
          "soul":""
        }]
    },
    "33999-0":{
      "refId":"com_basket_01_empty",
      "inventory":[]
    },
    "41612-0":{
      "refId":"dralcea arethi",
      "location":{
        "posX":-15384.662109375,
        "posZ":401,
        "posY":-13007.454101563,
        "rotX":0.0084771197289228,
        "rotY":0,
        "rotZ":-3.0598900318146
      },
      "stats":{
        "healthCurrent":58,
        "magickaCurrent":86,
        "healthModified":58,
        "fatigueBase":162,
        "fatigueModified":162,
        "healthBase":58,
        "magickaModified":86,
        "magickaBase":86,
        "fatigueCurrent":162
      },
      "equipment":{
        "7":{
          "refId":"common_shoes_03",
          "count":1,
          "charge":-1,
          "enchantmentCharge":-1
        },
        "8":{
          "refId":"common_shirt_01",
          "count":1,
          "charge":-1,
          "enchantmentCharge":-1
        },
        "10":{
          "refId":"common_skirt_02",
          "count":1,
          "charge":-1,
          "enchantmentCharge":-1
        },
        "12":{
          "refId":"common_ring_02",
          "count":1,
          "charge":-1,
          "enchantmentCharge":-1
        }
      },
      "inventory":[{
          "refId":"common_ring_02",
          "count":1,
          "charge":-1,
          "enchantmentCharge":-1,
          "soul":""
        },{
          "refId":"common_skirt_02",
          "count":1,
          "charge":-1,
          "enchantmentCharge":-1,
          "soul":""
        },{
          "refId":"common_shirt_01",
          "count":1,
          "charge":-1,
          "enchantmentCharge":-1,
          "soul":""
        },{
          "refId":"common_shoes_03",
          "count":1,
          "charge":-1,
          "enchantmentCharge":-1,
          "soul":""
        }]
    },
    "34000-0":{
      "refId":"com_basket_01_empty",
      "inventory":[]
    },
    "34001-0":{
      "refId":"com_basket_01_empty",
      "inventory":[]
    },
    "0-457":{
      "refId":"kwama forager",
      "location":{
        "posX":-8987.095703125,
        "posZ":957.89758300781,
        "posY":-16133.86328125,
        "rotX":-0.59991693496704,
        "rotY":0,
        "rotZ":0.18759822845459
      },
      "stats":{
        "healthCurrent":0,
        "magickaCurrent":15,
        "healthModified":23,
        "fatigueBase":300,
        "fatigueModified":300,
        "healthBase":23,
        "magickaModified":15,
        "magickaBase":15,
        "fatigueCurrent":300
      },
      "inventory":[],
      "killer":{
        "player":"whisker"
      }
    }
  }
}