{
  "packets":{
    "actorList":["0-1077","0-1078","0-1079","0-1375","0-1376"],
    "ai":[],
    "cellChangeFrom":[],
    "cellChangeTo":[],
    "container":["1346-0","32273-0","32274-0","0-1079","0-1375","0-1376"],
    "death":["0-1079","0-1375","0-1376"],
    "delete":[],
    "doorState":[],
    "equipment":[],
    "lock":[],
    "place":[],
    "position":["0-1077","0-1078","0-1079","0-1375","0-1376"],
    "scale":[],
    "spawn":["0-1077","0-1078","0-1079","0-1375","0-1376"],
    "state":[],
    "statsDynamic":["0-1077","0-1078","0-1079","0-1375","0-1376"],
    "trap":[]
  },
  "entry":{
    "creationTime":1568771890,
    "description":"-20, 19"
  },
  "lastVisit":{
    "whisker":1568869163,
    "Tanis":1568998643,
    "Dizzy":1568868832
  },
  "recordLinks":[],
  "objectData":{
    "0-1078":{
      "refId":"bm_bear_brown",
      "location":{
        "posX":-156920.25,
        "posZ":764.24206542969,
        "posY":157449.453125,
        "rotX":-0.083582878112793,
        "rotY":0,
        "rotZ":-3.0589516162872
      },
      "stats":{
        "healthCurrent":180,
        "magickaCurrent":50,
        "healthModified":180,
        "fatigueBase":260,
        "fatigueModified":260,
        "healthBase":180,
        "magickaModified":50,
        "magickaBase":50,
        "fatigueCurrent":260
      }
    },
    "0-1077":{
      "refId":"bm_wolf_red",
      "location":{
        "posX":-157480.90625,
        "posZ":808.35284423828,
        "posY":158133.8125,
        "rotX":-0.57427895069122,
        "rotY":0,
        "rotZ":2.3938419818878
      },
      "stats":{
        "healthCurrent":120,
        "magickaCurrent":50,
        "healthModified":120,
        "fatigueBase":270,
        "fatigueModified":270,
        "healthBase":120,
        "magickaModified":50,
        "magickaBase":50,
        "fatigueCurrent":270
      }
    },
    "32273-0":{
      "refId":"flora_bm_belladonna_03",
      "inventory":[{
          "refId":"ingred_belladonna_01",
          "count":1,
          "charge":-1,
          "enchantmentCharge":-1,
          "soul":""
        }]
    },
    "32274-0":{
      "refId":"flora_bm_belladonna_03",
      "inventory":[]
    },
    "0-1376":{
      "refId":"bm_bear_brown",
      "location":{
        "posX":-161894.296875,
        "posZ":967.42663574219,
        "posY":162319.5,
        "rotX":0.067627295851707,
        "rotY":0,
        "rotZ":-2.872771024704
      },
      "stats":{
        "healthCurrent":0,
        "magickaCurrent":50,
        "healthModified":180,
        "fatigueBase":280,
        "fatigueModified":280,
        "healthBase":180,
        "magickaModified":50,
        "magickaBase":50,
        "fatigueCurrent":280
      },
      "inventory":[{
          "refId":"ingred_bear_pelt",
          "count":1,
          "charge":-1,
          "enchantmentCharge":-1,
          "soul":""
        }],
      "killer":{
        "player":"whisker"
      }
    },
    "0-1079":{
      "refId":"bm_bear_brown",
      "location":{
        "posX":-159718.96875,
        "posZ":892.19641113281,
        "posY":162587.234375,
        "rotX":0.42769688367844,
        "rotY":0,
        "rotZ":0.603755235672
      },
      "stats":{
        "healthCurrent":0,
        "magickaCurrent":50,
        "healthModified":180,
        "fatigueBase":280,
        "fatigueModified":280,
        "healthBase":180,
        "magickaModified":50,
        "magickaBase":50,
        "fatigueCurrent":280
      },
      "inventory":[{
          "refId":"ingred_bear_pelt",
          "count":1,
          "charge":-1,
          "enchantmentCharge":-1,
          "soul":""
        }],
      "killer":{
        "player":"whisker"
      }
    },
    "0-1375":{
      "refId":"bm_wolf_red",
      "location":{
        "posX":-161855.25,
        "posZ":958.57141113281,
        "posY":162308.890625,
        "rotX":-0.28123462200165,
        "rotY":0,
        "rotZ":-3.0072777271271
      },
      "stats":{
        "healthCurrent":0,
        "magickaCurrent":50,
        "healthModified":120,
        "fatigueBase":280,
        "fatigueModified":280,
        "healthBase":120,
        "magickaModified":50,
        "magickaBase":50,
        "fatigueCurrent":280
      },
      "inventory":[{
          "refId":"ingred_wolf_pelt",
          "count":1,
          "charge":-1,
          "enchantmentCharge":-1,
          "soul":""
        }],
      "killer":{
        "player":"Tanis"
      }
    },
    "1346-0":{
      "refId":"flora_bm_holly_06",
      "inventory":[{
          "refId":"ingred_holly_01",
          "count":1,
          "charge":-1,
          "enchantmentCharge":-1,
          "soul":""
        }]
    }
  }
}