{
  "packets":{
    "actorList":["0-1102","0-1103","0-1104","0-1105","0-1106","0-1107","0-1108","0-1109","0-1373","0-1110","0-1111"],
    "ai":[],
    "cellChangeFrom":[],
    "cellChangeTo":[],
    "container":["6220-0","0-1108","0-1109","0-1373","0-1111","0-1110"],
    "death":["0-1108","0-1109","0-1373","0-1111","0-1110"],
    "delete":[],
    "doorState":[],
    "equipment":["0-1108","0-1109","0-1110","0-1111"],
    "lock":[],
    "place":[],
    "position":["0-1102","0-1103","0-1104","0-1105","0-1106","0-1107","0-1108","0-1109","0-1373","0-1110","0-1111"],
    "scale":[],
    "spawn":["0-1102","0-1103","0-1104","0-1105","0-1106","0-1107","0-1108","0-1109","0-1373","0-1110","0-1111"],
    "state":[],
    "statsDynamic":["0-1102","0-1103","0-1104","0-1105","0-1106","0-1107","0-1108","0-1109","0-1373","0-1110","0-1111"],
    "trap":[]
  },
  "entry":{
    "creationTime":1568772896,
    "description":"-21, 20"
  },
  "lastVisit":{
    "whisker":1568869381,
    "Dizzy":1568922003,
    "Tanis":1568998643,
    "Dr,Kups":1568922001
  },
  "recordLinks":[],
  "objectData":{
    "0-1103":{
      "refId":"bm_wolf_red",
      "location":{
        "posX":-168732.390625,
        "posZ":197.99044799805,
        "posY":170649.9375,
        "rotX":0.12941631674767,
        "rotY":0,
        "rotZ":1.5408689975739
      },
      "stats":{
        "healthCurrent":120,
        "magickaCurrent":50,
        "healthModified":120,
        "fatigueBase":270,
        "fatigueModified":270,
        "healthBase":120,
        "magickaModified":50,
        "magickaBase":50,
        "fatigueCurrent":270
      }
    },
    "0-1105":{
      "refId":"bm_horker_large",
      "location":{
        "posX":-169072.9375,
        "posZ":-30.999969482422,
        "posY":164772.34375,
        "rotX":0,
        "rotY":0,
        "rotZ":0
      },
      "stats":{
        "healthCurrent":100,
        "magickaCurrent":50,
        "healthModified":100,
        "fatigueBase":500,
        "fatigueModified":500,
        "healthBase":100,
        "magickaModified":50,
        "magickaBase":50,
        "fatigueCurrent":500
      }
    },
    "0-1102":{
      "refId":"bm_bear_brown",
      "location":{
        "posX":-164106.203125,
        "posZ":347.82885742188,
        "posY":171133,
        "rotX":0.25125551223755,
        "rotY":0,
        "rotZ":0.69264197349548
      },
      "stats":{
        "healthCurrent":180,
        "magickaCurrent":50,
        "healthModified":180,
        "fatigueBase":260,
        "fatigueModified":260,
        "healthBase":180,
        "magickaModified":50,
        "magickaBase":50,
        "fatigueCurrent":260
      }
    },
    "0-1107":{
      "refId":"bm_horker_large",
      "location":{
        "posX":-168578.5,
        "posZ":-40.350646972656,
        "posY":164696.390625,
        "rotX":0,
        "rotY":0,
        "rotZ":0
      },
      "stats":{
        "healthCurrent":100,
        "magickaCurrent":50,
        "healthModified":100,
        "fatigueBase":500,
        "fatigueModified":500,
        "healthBase":100,
        "magickaModified":50,
        "magickaBase":50,
        "fatigueCurrent":500
      }
    },
    "0-1104":{
      "refId":"bm_bear_brown",
      "location":{
        "posX":-169194.28125,
        "posZ":304.01959228516,
        "posY":169114.96875,
        "rotX":0.020935183390975,
        "rotY":0,
        "rotZ":-2.7570288181305
      },
      "stats":{
        "healthCurrent":180,
        "magickaCurrent":50,
        "healthModified":180,
        "fatigueBase":260,
        "fatigueModified":260,
        "healthBase":180,
        "magickaModified":50,
        "magickaBase":50,
        "fatigueCurrent":260
      }
    },
    "0-1106":{
      "refId":"bm_horker_large",
      "location":{
        "posX":-168763.171875,
        "posZ":-58.433822631836,
        "posY":165178.09375,
        "rotX":0,
        "rotY":0,
        "rotZ":0
      },
      "stats":{
        "healthCurrent":100,
        "magickaCurrent":50,
        "healthModified":100,
        "fatigueBase":500,
        "fatigueModified":500,
        "healthBase":100,
        "magickaModified":50,
        "magickaBase":50,
        "fatigueCurrent":500
      }
    },
    "0-1111":{
      "refId":"bm_reaver_archer_10",
      "location":{
        "posX":-169699.125,
        "posZ":6.7247314453125,
        "posY":164361.359375,
        "rotX":-0.093358345329762,
        "rotY":0,
        "rotZ":-1.0348656177521
      },
      "stats":{
        "healthCurrent":0,
        "magickaCurrent":74,
        "healthModified":113,
        "fatigueBase":259,
        "fatigueModified":259,
        "healthBase":113,
        "magickaModified":74,
        "magickaBase":74,
        "fatigueCurrent":258.77297973633
      },
      "equipment":{
        "0":{
          "refId":"fur_helm",
          "count":1,
          "charge":46,
          "enchantmentCharge":-1
        },
        "1":{
          "refId":"fur_cuirass",
          "count":1,
          "charge":146,
          "enchantmentCharge":-1
        },
        "2":{
          "refId":"fur_greaves",
          "count":1,
          "charge":48,
          "enchantmentCharge":-1
        },
        "7":{
          "refId":"fur_boots",
          "count":1,
          "charge":44,
          "enchantmentCharge":-1
        }
      },
      "inventory":[{
          "refId":"fur_boots",
          "count":1,
          "charge":44,
          "enchantmentCharge":-1,
          "soul":""
        },{
          "refId":"fur_greaves",
          "count":1,
          "charge":48,
          "enchantmentCharge":-1,
          "soul":""
        },{
          "refId":"fur_cuirass",
          "count":1,
          "charge":146,
          "enchantmentCharge":-1,
          "soul":""
        },{
          "refId":"fur_helm",
          "count":1,
          "charge":46,
          "enchantmentCharge":-1,
          "soul":""
        },{
          "refId":"iron dagger",
          "count":1,
          "charge":-1,
          "enchantmentCharge":-1,
          "soul":""
        }],
      "killer":{
        "player":"Tanis"
      }
    },
    "0-1109":{
      "refId":"bm_reaver_10",
      "location":{
        "posX":-164841.9375,
        "posZ":633.11553955078,
        "posY":165961.40625,
        "rotX":-0.15468963980675,
        "rotY":0,
        "rotZ":2.4821197986603
      },
      "stats":{
        "healthCurrent":0,
        "magickaCurrent":74,
        "healthModified":137,
        "fatigueBase":260,
        "fatigueModified":260,
        "healthBase":137,
        "magickaModified":74,
        "magickaBase":74,
        "fatigueCurrent":230.08963012695
      },
      "equipment":{
        "1":{
          "refId":"fur_cuirass",
          "count":1,
          "charge":144,
          "enchantmentCharge":-1
        },
        "2":{
          "refId":"fur_greaves",
          "count":1,
          "charge":47,
          "enchantmentCharge":-1
        },
        "7":{
          "refId":"fur_boots",
          "count":1,
          "charge":-1,
          "enchantmentCharge":-1
        },
        "17":{
          "refId":"nordic_leather_shield",
          "count":1,
          "charge":87,
          "enchantmentCharge":-1
        },
        "16":{
          "refId":"steel axe",
          "count":1,
          "charge":1199,
          "enchantmentCharge":-1
        }
      },
      "inventory":[{
          "refId":"nordic_leather_shield",
          "count":1,
          "charge":87,
          "enchantmentCharge":-1,
          "soul":""
        },{
          "refId":"fur_boots",
          "count":1,
          "charge":-1,
          "enchantmentCharge":-1,
          "soul":""
        },{
          "refId":"fur_greaves",
          "count":1,
          "charge":47,
          "enchantmentCharge":-1,
          "soul":""
        },{
          "refId":"fur_cuirass",
          "count":1,
          "charge":144,
          "enchantmentCharge":-1,
          "soul":""
        },{
          "refId":"steel axe",