{
  "packets":{
    "actorList":["0-1379","0-1380","0-1381","0-1382","23701-0","32643-0","19440-0"],
    "ai":[],
    "cellChangeFrom":[],
    "cellChangeTo":[],
    "container":["5927-0","5938-0","23701-0","32643-0","19440-0"],
    "death":[],
    "delete":[],
    "doorState":[],
    "equipment":["23701-0","32643-0"],
    "lock":[],
    "place":[],
    "position":["19440-0","23701-0","32643-0","0-1379","0-1380","0-1381","0-1382"],
    "scale":[],
    "spawn":["0-1379","0-1380","0-1381","0-1382"],
    "state":["32644-0","19440-0","32643-0"],
    "statsDynamic":["19440-0","23701-0","32643-0","0-1379","0-1380","0-1381","0-1382"],
    "trap":[]
  },
  "entry":{
    "creationTime":1568869162,
    "description":"-21, 23"
  },
  "lastVisit":{
    "whisker":1568869475,
    "Dizzy":1568923320,
    "Tanis":1568940810,
    "Dr,Kups":1568923321
  },
  "recordLinks":[],
  "objectData":{
    "0-1381":{
      "refId":"bm_horker",
      "location":{
        "posX":-164984.53125,
        "posZ":-717.25317382813,
        "posY":192001.8125,
        "rotX":0,
        "rotY":0,
        "rotZ":0
      },
      "stats":{
        "healthCurrent":100,
        "magickaCurrent":50,
        "healthModified":100,
        "fatigueBase":500,
        "fatigueModified":500,
        "healthBase":100,
        "magickaModified":50,
        "magickaBase":50,
        "fatigueCurrent":499.54699707031
      }
    },
    "5927-0":{
      "refId":"flora_bm_holly_06",
      "inventory":[{
          "refId":"ingred_holly_01",
          "count":1,
          "charge":-1,
          "enchantmentCharge":-1,
          "soul":""
        }]
    },
    "0-1379":{
      "refId":"bm_horker",
      "location":{
        "posX":-164652.5,
        "posZ":4.9557628631592,
        "posY":194601.96875,
        "rotX":0,
        "rotY":0,
        "rotZ":2.3273532390594
      },
      "stats":{
        "healthCurrent":100,
        "magickaCurrent":50,
        "healthModified":100,
        "fatigueBase":500,
        "fatigueModified":500,
        "healthBase":100,
        "magickaModified":50,
        "magickaBase":50,
        "fatigueCurrent":500
      }
    },
    "32643-0":{
      "refId":"skaal_tracker",
      "location":{
        "posX":-170941.171875,
        "posZ":514.57513427734,
        "posY":194223.390625,
        "rotX":0,
        "rotY":0,
        "rotZ":0
      },
      "stats":{
        "healthCurrent":364,
        "magickaCurrent":130,
        "healthModified":364,
        "fatigueBase":375,
        "magickaModified":130,
        "fatigueModified":375,
        "healthBase":364,
        "magickaBase":130,
        "fatigueCurrent":375
      },
      "equipment":{
        "0":{
          "refId":"bm bear helmet",
          "count":1,
          "charge":-1,
          "enchantmentCharge":-1
        },
        "2":{
          "refId":"bm bear greaves",
          "count":1,
          "charge":-1,
          "enchantmentCharge":-1
        },
        "5":{
          "refId":"bm bear left gauntlet",
          "count":1,
          "charge":-1,
          "enchantmentCharge":-1
        },
        "4":{
          "refId":"bm bear right pauldron",
          "count":1,
          "charge":-1,
          "enchantmentCharge":-1
        },
        "17":{
          "refId":"bm bear shield",
          "count":1,
          "charge":-1,
          "enchantmentCharge":-1
        },
        "16":{
          "refId":"bm nordic_longsword_tracker",
          "count":1,
          "charge":-1,
          "enchantmentCharge":-1
        },
        "7":{
          "refId":"bm bear boots",
          "count":1,
          "charge":-1,
          "enchantmentCharge":-1
        },
        "1":{
          "refId":"bm bear cuirass",
          "count":1,
          "charge":-1,
          "enchantmentCharge":-1
        },
        "6":{
          "refId":"bm wolf right gauntlet",
          "count":1,
          "charge":-1,
          "enchantmentCharge":-1
        }
      },
      "inventory":[{
          "refId":"bm bear boots",
          "count":1,
          "charge":-1,
          "enchantmentCharge":-1,
          "soul":""
        },{
          "refId":"bm bear greaves",
          "count":1,
          "charge":-1,
          "enchantmentCharge":-1,
          "soul":""
        },{
          "refId":"bm bear cuirass",
          "count":1,
          "charge":-1,
          "enchantmentCharge":-1,
          "soul":""
        },{
          "refId":"bm bear helmet",
          "count":1,
          "charge":-1,
          "enchantmentCharge":-1,
          "soul":""
        },{
          "refId":"bm bear left gauntlet",
          "count":1,
          "charge":-1,
          "enchantmentCharge":-1,
          "soul":""
        },{
          "refId":"bm wolf right gauntlet",
          "count":1,
          "charge":-1,
          "enchantmentCharge":-1,
          "soul":""
        },{
          "refId":"bm bear right pauldron",
          "count":1,
          "charge":-1,
          "enchantmentCharge":-1,
          "soul":""
        },{
          "refId":"bm bear shield",
          "count":1,
          "charge":-1,
          "enchantmentCharge":-1,
          "soul":""
        },{
          "refId":"bm nordic_longsword_tracker",
          "count":1,
          "charge":-1,
          "enchantmentCharge":-1,
          "soul":""
        }],
      "state":false
    },
    "19440-0":{
      "refId":"bm_bear_spr_unique",
      "location":{
        "posX":-171735.734375,
        "posZ":705.00006103516,
        "posY":189015.59375,
        "rotX":0,
        "rotY":0,
        "rotZ":0
      },
      "stats":{
        "healthCurrent":750,
        "magickaCurrent":50,
        "healthModified":750,
        "fatigueBase":700,
        "magickaModified":50,
        "fatigueModified":700,
        "healthBase":750,
        "magickaBase":50,
        "fatigueCurrent":700
      },
      "inventory":[{
          "refId":"bm_bearheart_unique",
          "count":1,
          "charge":-1,
          "enchantmentCharge":-1,
          "soul":""
        }],
      "state":false
    },
    "32644-0":{
      "refId":"bm_firepit_uni",
      "state":false
    },
    "0-1380":{
      "refId":"bm_horker",
      "location":{
        "posX":-166371.375,
        "posZ":4.9557647705078,
        "posY":189722.40625,
        "rotX":0,
        "rotY":0,
        "rotZ":1.6932942867279
      },
      "stats":{
        "healthCurrent":100,
        "magickaCurrent":50,
        "healthModified":100,
        "fatigueBase":500,
        "fatigueModified":500,
        "healthBase":100,
        "magickaModified":50,
        "magickaBase":50,
        "fatigueCurrent":500
      }
    },
    "5938-0":{
      "refId":"flora_bm_holly_05",
      "inventory":[{
          "refId":"ingred_holly_01",
          "count":1,
          "charge":-1,
          "enchantmentCharge":-1,
          "soul":""
        }]
    },
    "23701-0":{
      "refId":"grerid axe-wife",
      "location":{
        "posX":-171376.796875,
        "posZ":982.90490722656,
        "posY":196573.5625,
        "rotX":0,
        "rotY":0,
        "rotZ":0
      },
      "stats":{
        "healthCurrent":364,
        "magickaCurrent":130,
        "healthModified":364,
        "fatigueBase":385,
        "fatigueModified":385,
        "healthBase":364,
        "magickaModified":130,
        "magickaBase":130,
        "fatigueCurrent":385
      },
      "equipment":{
        "1":{
          "refId":"bm wolf cuirass",
          "count":1,
          "charge":-1,
          "enchantmentCharge":-1
        },
        "2":{
          "refId":"bm wolf greaves",
          "count":1,
          "charge":-1,
          "enchantmentCharge":-1
        },
        "5":{
          "refId":"bm_nordic02_glovel",
          "count":1,
          "charge":-1,
          "enchantmentCharge":-1
        },
        "6":{
          "refId":"bm_nordic02_glover",
          "count":1,
          "charge":-1,
          "enchantmentCharge":-1
        },