{
  "packets":{
    "actorList":["0-1479","0-1480","0-1481","0-1483"],
    "ai":[],
    "cellChangeFrom":[],
    "cellChangeTo":[],
    "container":["27427-0"],
    "death":[],
    "delete":[],
    "doorState":[],
    "equipment":[],
    "lock":[],
    "place":[],
    "position":["0-1479","0-1480","0-1481","0-1483"],
    "scale":[],
    "spawn":["0-1479","0-1480","0-1481","0-1483"],
    "state":[],
    "statsDynamic":["0-1479","0-1480","0-1481","0-1483"],
    "trap":[]
  },
  "entry":{
    "creationTime":1568869958,
    "description":"-21, 25"
  },
  "lastVisit":{
    "Dizzy":1568923496,
    "Tanis":1568940544,
    "Dr,Kups":1568923677
  },
  "recordLinks":[],
  "objectData":{
    "0-1483":{
      "refId":"bm_horker_large",
      "location":{
        "posX":-170437.28125,
        "posZ":-346.44009399414,
        "posY":206779.125,
        "rotX":0,
        "rotY":0,
        "rotZ":0
      },
      "stats":{
        "healthCurrent":100,
        "magickaCurrent":50,
        "healthModified":100,
        "fatigueBase":500,
        "fatigueModified":500,
        "healthBase":100,
        "magickaModified":50,
        "magickaBase":50,
        "fatigueCurrent":499.80981445313
      }
    },
    "0-1480":{
      "refId":"bm_wolf_red",
      "location":{
        "posX":-170290.890625,
        "posZ":35.937034606934,
        "posY":208573.46875,
        "rotX":-0.19436837732792,
        "rotY":0,
        "rotZ":-0.857581615448
      },
      "stats":{
        "healthCurrent":120,
        "magickaCurrent":50,
        "healthModified":120,
        "fatigueBase":270,
        "fatigueModified":270,
        "healthBase":120,
        "magickaModified":50,
        "magickaBase":50,
        "fatigueCurrent":270
      }
    },
    "0-1481":{
      "refId":"bm_bear_brown",
      "location":{
        "posX":-169959.625,
        "posZ":49.000053405762,
        "posY":208308.8125,
        "rotX":0.0080687049776316,
        "rotY":0,
        "rotZ":-2.2616655826569
      },
      "stats":{
        "healthCurrent":180,
        "magickaCurrent":50,
        "healthModified":180,
        "fatigueBase":260,
        "fatigueModified":260,
        "healthBase":180,
        "magickaModified":50,
        "magickaBase":50,
        "fatigueCurrent":260
      }
    },
    "0-1479":{
      "refId":"bm_frost_boar",
      "location":{
        "posX":-171303.234375,
        "posZ":149.82806396484,
        "posY":211043.078125,
        "rotX":-0.016543809324503,
        "rotY":0,
        "rotZ":0.89610362052917
      },
      "stats":{
        "healthCurrent":200,
        "magickaCurrent":50,
        "healthModified":200,
        "fatigueBase":800,
        "fatigueModified":800,
        "healthBase":200,
        "magickaModified":50,
        "magickaBase":50,
        "fatigueCurrent":800
      }
    },
    "27427-0":{
      "refId":"flora_bm_belladonna_02",
      "inventory":[{
          "refId":"ingred_belladonna_02",
          "count":1,
          "charge":-1,
          "enchantmentCharge":-1,
          "soul":""
        }]
    }
  }
}