{
  "packets":{
    "actorList":["0-1189","0-1191","0-1606","0-1607","0-1125"],
    "ai":[],
    "cellChangeFrom":[],
    "cellChangeTo":[],
    "container":["6491-0","6509-0","0-1191","0-1606","0-1607","0-1125"],
    "death":["0-1191","0-1606","0-1607","0-1125"],
    "delete":[],
    "doorState":[],
    "equipment":[],
    "lock":[],
    "place":[],
    "position":["0-1189","0-1606","0-1191","0-1607","0-1125"],
    "scale":[],
    "spawn":["0-1189","0-1191","0-1606","0-1607","0-1125"],
    "state":[],
    "statsDynamic":["0-1189","0-1606","0-1191","0-1607","0-1125"],
    "trap":[]
  },
  "entry":{
    "creationTime":1568773786,
    "description":"-22, 22"
  },
  "lastVisit":{
    "whisker":1568869475,
    "Dizzy":1568922425,
    "Tanis":1568998643,
    "Dr,Kups":1568922421
  },
  "recordLinks":[],
  "objectData":{
    "0-1125":{
      "refId":"bm_wolf_red",
      "location":{
        "posX":-175630.34375,
        "posZ":3332.0532226563,
        "posY":181092.375,
        "rotX":-0.28800240159035,
        "rotY":0,
        "rotZ":-0.16211438179016
      },
      "stats":{
        "healthCurrent":0,
        "magickaCurrent":50,
        "healthModified":120,
        "fatigueBase":280,
        "fatigueModified":280,
        "healthBase":120,
        "magickaModified":50,
        "magickaBase":50,
        "fatigueCurrent":276.14904785156
      },
      "inventory":[],
      "killer":{
        "player":"Tanis"
      }
    },
    "0-1189":{
      "refId":"bm_wolf_red",
      "location":{
        "posX":-177491.25,
        "posZ":1104.2864990234,
        "posY":184784.515625,
        "rotX":0.15169753134251,
        "rotY":0,
        "rotZ":2.6862094402313
      },
      "stats":{
        "healthCurrent":120,
        "magickaCurrent":50,
        "healthModified":120,
        "fatigueBase":270,
        "fatigueModified":270,
        "healthBase":120,
        "magickaModified":50,
        "magickaBase":50,
        "fatigueCurrent":270
      }
    },
    "6509-0":{
      "refId":"flora_bm_holly_06",
      "inventory":[{
          "refId":"ingred_holly_01",
          "count":1,
          "charge":-1,
          "enchantmentCharge":-1,
          "soul":""
        }]
    },
    "0-1606":{
      "refId":"bm_wolf_red",
      "location":{
        "posX":-173522.375,
        "posZ":968.09069824219,
        "posY":186771.53125,
        "rotX":0.12096136808395,
        "rotY":0,
        "rotZ":-2.9501430988312
      },
      "stats":{
        "healthCurrent":0,
        "magickaCurrent":50,
        "healthModified":120,
        "fatigueBase":280,
        "fatigueModified":280,
        "healthBase":120,
        "magickaModified":50,
        "magickaBase":50,
        "fatigueCurrent":280
      },
      "inventory":[],
      "killer":{
        "player":"Dr,Kups"
      }
    },
    "0-1191":{
      "refId":"bm_wolf_red",
      "location":{
        "posX":-173445.4375,
        "posZ":935.1484375,
        "posY":186697.09375,
        "rotX":0.35585889220238,
        "rotY":0,
        "rotZ":1.50523686409
      },
      "stats":{
        "healthCurrent":0,
        "magickaCurrent":50,
        "healthModified":120,
        "fatigueBase":280,
        "fatigueModified":280,
        "healthBase":120,
        "magickaModified":50,
        "magickaBase":50,
        "fatigueCurrent":280
      },
      "inventory":[],
      "killer":{
        "player":"Dr,Kups"
      }
    },
    "0-1607":{
      "refId":"bm_wolf_red",
      "location":{
        "posX":-173331.671875,
        "posZ":921.00500488281,
        "posY":186981.71875,
        "rotX":0.35148212313652,
        "rotY":0,
        "rotZ":3.0320637226105
      },
      "stats":{
        "healthCurrent":0,
        "magickaCurrent":50,
        "healthModified":120,
        "fatigueBase":280,
        "fatigueModified":280,
        "healthBase":120,
        "magickaModified":50,
        "magickaBase":50,
        "fatigueCurrent":279.71566772461
      },
      "inventory":[{
          "refId":"ingred_wolf_pelt",
          "count":1,
          "charge":-1,
          "enchantmentCharge":-1,
          "soul":""
        }],
      "killer":{
        "player":"Dr,Kups"
      }
    },
    "6491-0":{
      "refId":"flora_bm_holly_06",
      "inventory":[]
    }
  }
}