{
  "packets":{
    "actorList":["0-1391","8333-0","17987-0","17988-0","25955-0","23498-0"],
    "ai":[],
    "cellChangeFrom":[],
    "cellChangeTo":[],
    "container":["6808-0","6839-0","8333-0","17987-0","17988-0","25955-0","23498-0","0-1391"],
    "death":["0-1391"],
    "delete":[],
    "doorState":[],
    "equipment":["17987-0","17988-0","25955-0","8333-0"],
    "lock":[],
    "place":[],
    "position":["17987-0","17988-0","23498-0","25955-0","8333-0","0-1391"],
    "scale":[],
    "spawn":["0-1391"],
    "state":["25956-0","23498-0","17987-0","17988-0","25955-0"],
    "statsDynamic":["17987-0","17988-0","23498-0","25955-0","8333-0","0-1391"],
    "trap":[]
  },
  "entry":{
    "creationTime":1568869342,
    "description":"-23, 23"
  },
  "lastVisit":{
    "Dizzy":1568922994,
    "Tanis":1568940803,
    "Dr,Kups":1568922995
  },
  "recordLinks":[],
  "objectData":{
    "6808-0":{
      "refId":"flora_bm_holly_06",
      "inventory":[{
          "refId":"ingred_holly_01",
          "count":1,
          "charge":-1,
          "enchantmentCharge":-1,
          "soul":""
        }]
    },
    "23498-0":{
      "refId":"glenmoril_raven",
      "location":{
        "posX":-183819.953125,
        "posZ":2003.3435058594,
        "posY":193764.203125,
        "rotX":0,
        "rotY":0,
        "rotZ":3.1141602993011
      },
      "stats":{
        "healthCurrent":10000,
        "magickaCurrent":10,
        "healthModified":10000,
        "fatigueBase":400,
        "magickaModified":10,
        "fatigueModified":400,
        "healthBase":10000,
        "magickaBase":10,
        "fatigueCurrent":400
      },
      "inventory":[{
          "refId":"ingred_rat_meat_01",
          "count":2,
          "charge":-1,
          "enchantmentCharge":-1,
          "soul":""
        }],
      "state":false
    },
    "8333-0":{
      "refId":"sigvatr the strong",
      "location":{
        "posX":-181509.984375,
        "posZ":1023.7225341797,
        "posY":190985.515625,
        "rotX":-0.035030264407396,
        "rotY":0,
        "rotZ":0.13739681243896
      },
      "stats":{
        "healthCurrent":212,
        "magickaCurrent":98,
        "healthModified":212,
        "fatigueBase":326,
        "fatigueModified":326,
        "healthBase":212,
        "magickaModified":98,
        "magickaBase":98,
        "fatigueCurrent":326
      },
      "equipment":{
        "0":{
          "refId":"fur_helm",
          "count":1,
          "charge":-1,
          "enchantmentCharge":-1
        },
        "1":{
          "refId":"fur_bearskin_cuirass",
          "count":1,
          "charge":-1,
          "enchantmentCharge":-1
        },
        "2":{
          "refId":"fur_greaves",
          "count":1,
          "charge":-1,
          "enchantmentCharge":-1
        },
        "3":{
          "refId":"fur_pauldron_left",
          "count":1,
          "charge":-1,
          "enchantmentCharge":-1
        },
        "4":{
          "refId":"fur_pauldron_right",
          "count":1,
          "charge":-1,
          "enchantmentCharge":-1
        },
        "5":{
          "refId":"fur_gauntlet_left",
          "count":1,
          "charge":-1,
          "enchantmentCharge":-1
        },
        "6":{
          "refId":"fur_gauntlet_right",
          "count":1,
          "charge":-1,
          "enchantmentCharge":-1
        },
        "7":{
          "refId":"fur_boots",
          "count":1,
          "charge":-1,
          "enchantmentCharge":-1
        },
        "8":{
          "refId":"common_shirt_05",
          "count":1,
          "charge":-1,
          "enchantmentCharge":-1
        },
        "9":{
          "refId":"common_pants_04",
          "count":1,
          "charge":-1,
          "enchantmentCharge":-1
        },
        "16":{
          "refId":"warhammer_rammekald_unique",
          "count":1,
          "charge":-1,
          "enchantmentCharge":-1
        }
      },
      "inventory":[{
          "refId":"fur_bracer_right",
          "count":1,
          "charge":-1,
          "enchantmentCharge":-1,
          "soul":""
        },{
          "refId":"fur_bracer_left",
          "count":1,
          "charge":-1,
          "enchantmentCharge":-1,
          "soul":""
        },{
          "refId":"fur_gauntlet_right",
          "count":1,
          "charge":-1,
          "enchantmentCharge":-1,
          "soul":""
        },{
          "refId":"fur_gauntlet_left",
          "count":1,
          "charge":-1,
          "enchantmentCharge":-1,
          "soul":""
        },{
          "refId":"fur_boots",
          "count":1,
          "charge":-1,
          "enchantmentCharge":-1,
          "soul":""
        },{
          "refId":"fur_greaves",
          "count":1,
          "charge":-1,
          "enchantmentCharge":-1,
          "soul":""
        },{
          "refId":"fur_pauldron_right",
          "count":1,
          "charge":-1,
          "enchantmentCharge":-1,
          "soul":""
        },{
          "refId":"fur_pauldron_left",
          "count":1,
          "charge":-1,
          "enchantmentCharge":-1,
          "soul":""
        },{
          "refId":"fur_bearskin_cuirass",
          "count":1,
          "charge":-1,
          "enchantmentCharge":-1,
          "soul":""
        },{
          "refId":"fur_helm",
          "count":1,
          "charge":-1,
          "enchantmentCharge":-1,
          "soul":""
        },{
          "refId":"common_shirt_05",
          "count":1,
          "charge":-1,
          "enchantmentCharge":-1,
          "soul":""
        },{
          "refId":"common_pants_04",
          "count":1,
          "charge":-1,
          "enchantmentCharge":-1,
          "soul":""
        },{
          "refId":"ingred_emerald_pinetear",
          "count":1,
          "charge":-1,
          "enchantmentCharge":-1,
          "soul":""
        },{
          "refId":"warhammer_rammekald_unique",
          "count":1,
          "charge":-1,
          "enchantmentCharge":-1,
          "soul":""
        }]
    },
    "17987-0":{
      "refId":"glenmoril_witch_altar",
      "location":{
        "posX":-183819.234375,
        "posZ":1999.017578125,
        "posY":193769.6875,
        "rotX":0,
        "rotY":0,
        "rotZ":3.1141602993011
      },
      "stats":{
        "healthCurrent":154,
        "magickaCurrent":172,
        "healthModified":154,
        "fatigueBase":306,
        "magickaModified":172,
        "fatigueModified":306,
        "healthBase":154,
        "magickaBase":172,
        "fatigueCurrent":306
      },
      "equipment":{
        "11":{
          "refId":"common_robe_unique",
          "count":1,
          "charge":-1,
          "enchantmentCharge":-1
        },
        "7":{
          "refId":"common_shoes_04",
          "count":1,
          "charge":-1,
          "enchantmentCharge":-1
        }
      },
      "inventory":[{
          "refId":"sc_witchnote",
          "count":1,
          "charge":-1,
          "enchantmentCharge":-1,
          "soul":""
        },{
          "refId":"common_robe_unique",
          "count":1,
          "charge":-1,
          "enchantmentCharge":-1,
          "soul":""
        },{
          "refId":"common_shoes_04",
          "count":1,
          "charge":-1,
          "enchantmentCharge":-1,
          "soul":""
        }],
      "state":false
    },
    "25955-0":{
      "refId":"glenmoril_witch_altar_2",
      "location":{
        "posX":-183700.71875,
        "posZ":1996.0897216797,
        "posY":193727.03125,
        "rotX":0,
        "rotY":0,
        "rotZ":4.4854960441589
      },
      "stats":{
        "healthCurrent":154,
        "magickaCurrent":172,
        "healthModified":154,
        "fatigueBase":306,
        "magickaModified":172,
        "fatigueModified":306,
        "healthBase":154,
        "magickaBase":172,
        "fatigueCurrent":306
      },
      "equipment":{
        "11":{
          "refId":"common_robe_unique",
          "count":1,