{
  "packets":{
    "actorList":["0-1638","0-1639","30783-0","30784-0","30785-0","30786-0","30787-0","30788-0","30789-0","30790-0","30791-0"],
    "ai":[],
    "cellChangeFrom":[],
    "cellChangeTo":[],
    "container":["30783-0","30784-0","30785-0","30786-0","30787-0","30788-0","30789-0","30790-0","30791-0"],
    "death":[],
    "delete":[],
    "doorState":[],
    "equipment":[],
    "lock":[],
    "place":[],
    "position":["30783-0","30784-0","30785-0","30786-0","30787-0","30788-0","30789-0","30790-0","30791-0","0-1638","0-1639"],
    "scale":[],
    "spawn":["0-1638","0-1639"],
    "state":["30783-0","30784-0","30785-0","30786-0","30787-0","30788-0","30789-0","30790-0","30791-0"],
    "statsDynamic":["30783-0","30784-0","30785-0","30786-0","30787-0","30788-0","30789-0","30790-0","30791-0","0-1638","0-1639"],
    "trap":[]
  },
  "entry":{
    "creationTime":1568922714,
    "description":"-24, 27"
  },
  "lastVisit":{
    "Dizzy":1568922735,
    "Dr,Kups":1568922726
  },
  "recordLinks":[],
  "objectData":{
    "30786-0":{
      "refId":"bm_horker_dead",
      "location":{
        "posX":-190552.578125,
        "posZ":-87.232406616211,
        "posY":223556.40625,
        "rotX":0,
        "rotY":0,
        "rotZ":5.1831860542297
      },
      "stats":{
        "healthCurrent":0,
        "magickaCurrent":50,
        "healthModified":0,
        "fatigueBase":500,
        "fatigueModified":500,
        "healthBase":0,
        "magickaModified":50,
        "magickaBase":50,
        "fatigueCurrent":500
      },
      "inventory":[{
          "refId":"ingred_horker_tusk_01",
          "count":1,
          "charge":-1,
          "enchantmentCharge":-1,
          "soul":""
        }],
      "state":false
    },
    "30789-0":{
      "refId":"bm_horker_dead",
      "location":{
        "posX":-192517.765625,
        "posZ":420.90628051758,
        "posY":223272.25,
        "rotX":0,
        "rotY":0,
        "rotZ":5.0831861495972
      },
      "stats":{
        "healthCurrent":0,
        "magickaCurrent":50,
        "healthModified":0,
        "fatigueBase":500,
        "fatigueModified":500,
        "healthBase":0,
        "magickaModified":50,
        "magickaBase":50,
        "fatigueCurrent":500
      },
      "inventory":[{
          "refId":"ingred_horker_tusk_01",
          "count":1,
          "charge":-1,
          "enchantmentCharge":-1,
          "soul":""
        }],
      "state":false
    },
    "30784-0":{
      "refId":"bm_horker_dead",
      "location":{
        "posX":-188700.46875,
        "posZ":486.98754882813,
        "posY":222201.234375,
        "rotX":0,
        "rotY":0,
        "rotZ":0.90000009536743
      },
      "stats":{
        "healthCurrent":0,
        "magickaCurrent":50,
        "healthModified":0,
        "fatigueBase":500,
        "fatigueModified":500,
        "healthBase":0,
        "magickaModified":50,
        "magickaBase":50,
        "fatigueCurrent":500
      },
      "inventory":[],
      "state":false
    },
    "30791-0":{
      "refId":"bm_horker_dead",
      "location":{
        "posX":-193799.671875,
        "posZ":-85.7275390625,
        "posY":224330.578125,
        "rotX":0,
        "rotY":0,
        "rotZ":0.60000002384186
      },
      "stats":{
        "healthCurrent":0,
        "magickaCurrent":50,
        "healthModified":0,
        "fatigueBase":500,
        "fatigueModified":500,
        "healthBase":0,
        "magickaModified":50,
        "magickaBase":50,
        "fatigueCurrent":500
      },
      "inventory":[],
      "state":false
    },
    "30790-0":{
      "refId":"bm_horker_dead",
      "location":{
        "posX":-195909.109375,
        "posZ":20.974910736084,
        "posY":224231.234375,
        "rotX":0,
        "rotY":0,
        "rotZ":5.0831861495972
      },
      "stats":{
        "healthCurrent":0,
        "magickaCurrent":50,
        "healthModified":0,
        "fatigueBase":500,
        "fatigueModified":500,
        "healthBase":0,
        "magickaModified":50,
        "magickaBase":50,
        "fatigueCurrent":500
      },
      "inventory":[{
          "refId":"ingred_horker_tusk_01",
          "count":1,
          "charge":-1,
          "enchantmentCharge":-1,
          "soul":""
        }],
      "state":false
    },
    "0-1638":{
      "refId":"bm_horker_large",
      "location":{
        "posX":-190586.734375,
        "posZ":-596.55181884766,
        "posY":225822.03125,
        "rotX":0,
        "rotY":0,
        "rotZ":0
      },
      "stats":{
        "healthCurrent":100,
        "magickaCurrent":50,
        "healthModified":100,
        "fatigueBase":500,
        "fatigueModified":500,
        "healthBase":100,
        "magickaModified":50,
        "magickaBase":50,
        "fatigueCurrent":499.93804931641
      }
    },
    "30785-0":{
      "refId":"bm_horker_dead",
      "location":{
        "posX":-189763.046875,
        "posZ":285.71563720703,
        "posY":222944.71875,
        "rotX":0,
        "rotY":0,
        "rotZ":1.7000002861023
      },
      "stats":{
        "healthCurrent":0,
        "magickaCurrent":50,
        "healthModified":0,
        "fatigueBase":500,
        "fatigueModified":500,
        "healthBase":0,
        "magickaModified":50,
        "magickaBase":50,
        "fatigueCurrent":500
      },
      "inventory":[{
          "refId":"ingred_horker_tusk_01",
          "count":1,
          "charge":-1,
          "enchantmentCharge":-1,
          "soul":""
        }],
      "state":false
    },
    "30788-0":{
      "refId":"bm_horker_dead",
      "location":{
        "posX":-191366.3125,
        "posZ":-13.877933502197,
        "posY":223721.390625,
        "rotX":0,
        "rotY":0,
        "rotZ":4.8831849098206
      },
      "stats":{
        "healthCurrent":0,
        "magickaCurrent":50,
        "healthModified":0,
        "fatigueBase":500,
        "fatigueModified":500,
        "healthBase":0,
        "magickaModified":50,
        "magickaBase":50,
        "fatigueCurrent":500
      },
      "inventory":[{
          "refId":"ingred_horker_tusk_01",
          "count":1,
          "charge":-1,
          "enchantmentCharge":-1,
          "soul":""
        }],
      "state":false
    },
    "0-1639":{
      "refId":"bm_horker_large",
      "location":{
        "posX":-194210.375,
        "posZ":-1076.2049560547,
        "posY":226479.5625,
        "rotX":0,
        "rotY":0,
        "rotZ":0
      },
      "stats":{
        "healthCurrent":100,
        "magickaCurrent":50,
        "healthModified":100,
        "fatigueBase":500,
        "fatigueModified":500,
        "healthBase":100,
        "magickaModified":50,
        "magickaBase":50,
        "fatigueCurrent":499.93804931641
      }
    },
    "30783-0":{
      "refId":"bm_horker_dead",
      "location":{
        "posX":-195196.171875,
        "posZ":-49.767566680908,
        "posY":224132.578125,
        "rotX":0,
        "rotY":0,
        "rotZ":5.383186340332
      },
      "stats":{
        "healthCurrent":0,
        "magickaCurrent":50,
        "healthModified":0,
        "fatigueBase":500,
        "fatigueModified":500,
        "healthBase":0,
        "magickaModified":50,
        "magickaBase":50,
        "fatigueCurrent":500
      },
      "inventory":[],
      "state":false
    },
    "30787-0":{
      "refId":"bm_horker_dead",
      "location":{
        "posX":-190552.875,
        "posZ":-417.14453125,
        "posY":224027.0625,
        "rotX":0,
        "rotY":0,
        "rotZ":0.20000016689301
      },
      "stats":{
        "healthCurrent":0,
        "magickaCurrent":50,
        "healthModified":0,
        "fatigueBase":500,
        "fatigueModified":500,
        "healthBase":0,
        "magickaModified":50,
        "magickaBase":50,
        "fatigueCurrent":500
      },
      "inventory":[],
      "state":false
    }
  }
}