{
  "packets":{
    "actorList":["0-1170","0-1171","0-1172","0-1173","0-1174","0-1116"],
    "ai":[],
    "cellChangeFrom":[],
    "cellChangeTo":[],
    "container":["7125-0","10611-0","10612-0","10613-0","10616-0","10636-0","32352-0"],
    "death":[],
    "delete":[],
    "doorState":[],
    "equipment":[],
    "lock":[],
    "place":[],
    "position":["0-1116","0-1170","0-1171","0-1172","0-1173","0-1174"],
    "scale":[],
    "spawn":["0-1170","0-1171","0-1172","0-1173","0-1174","0-1116"],
    "state":[],
    "statsDynamic":["0-1116","0-1170","0-1171","0-1172","0-1173","0-1174"],
    "trap":[]
  },
  "entry":{
    "creationTime":1568773480,
    "description":"-24, 22"
  },
  "lastVisit":{
    "Dizzy":1568922528,
    "Tanis":1568940759,
    "Dr,Kups":1568922536
  },
  "recordLinks":[],
  "objectData":{
    "0-1170":{
      "refId":"bm_wolf_red",
      "location":{
        "posX":-193652.84375,
        "posZ":1336.4750976563,
        "posY":182677.78125,
        "rotX":0.79818761348724,
        "rotY":0,
        "rotZ":1.99764752388
      },
      "stats":{
        "healthCurrent":120,
        "magickaCurrent":50,
        "healthModified":120,
        "fatigueBase":270,
        "fatigueModified":270,
        "healthBase":120,
        "magickaModified":50,
        "magickaBase":50,
        "fatigueCurrent":270
      }
    },
    "10611-0":{
      "refId":"flora_bm_holly_05",
      "inventory":[{
          "refId":"ingred_holly_01",
          "count":1,
          "charge":-1,
          "enchantmentCharge":-1,
          "soul":""
        }]
    },
    "0-1171":{
      "refId":"bm_bear_brown",
      "location":{
        "posX":-189127.0625,
        "posZ":1160.6118164063,
        "posY":186671.53125,
        "rotX":0.87947362661362,
        "rotY":0,
        "rotZ":-1.8471114635468
      },
      "stats":{
        "healthCurrent":180,
        "magickaCurrent":50,
        "healthModified":180,
        "fatigueBase":260,
        "fatigueModified":260,
        "healthBase":180,
        "magickaModified":50,
        "magickaBase":50,
        "fatigueCurrent":260
      }
    },
    "0-1116":{
      "refId":"bm_wolf_red",
      "location":{
        "posX":-189931.046875,
        "posZ":1188.64453125,
        "posY":180423.28125,
        "rotX":-0.018599068745971,
        "rotY":0,
        "rotZ":-2.1208679676056
      },
      "stats":{
        "healthCurrent":120,
        "magickaCurrent":50,
        "healthModified":120,
        "fatigueBase":270,
        "fatigueModified":270,
        "healthBase":120,
        "magickaModified":50,
        "magickaBase":50,
        "fatigueCurrent":270
      }
    },
    "10636-0":{
      "refId":"flora_bm_belladonna_02",
      "inventory":[{
          "refId":"ingred_belladonna_02",
          "count":1,
          "charge":-1,
          "enchantmentCharge":-1,
          "soul":""
        }]
    },
    "7125-0":{
      "refId":"flora_bm_holly_06",
      "inventory":[{
          "refId":"ingred_holly_01",
          "count":1,
          "charge":-1,
          "enchantmentCharge":-1,
          "soul":""
        }]
    },
    "0-1174":{
      "refId":"bm_wolf_red",
      "location":{
        "posX":-194936.46875,
        "posZ":1894.3225097656,
        "posY":181572.96875,
        "rotX":-0.59432089328766,
        "rotY":0,
        "rotZ":1.3939588069916
      },
      "stats":{
        "healthCurrent":120,
        "magickaCurrent":50,
        "healthModified":120,
        "fatigueBase":270,
        "fatigueModified":270,
        "healthBase":120,
        "magickaModified":50,
        "magickaBase":50,
        "fatigueCurrent":270
      }
    },
    "10616-0":{
      "refId":"flora_bm_belladonna_02",
      "inventory":[{
          "refId":"ingred_belladonna_02",
          "count":1,
          "charge":-1,
          "enchantmentCharge":-1,
          "soul":""
        }]
    },
    "10613-0":{
      "refId":"flora_bm_belladonna_02",
      "inventory":[{
          "refId":"ingred_belladonna_02",
          "count":1,
          "charge":-1,
          "enchantmentCharge":-1,
          "soul":""
        }]
    },
    "10612-0":{
      "refId":"flora_bm_holly_06",
      "inventory":[{
          "refId":"ingred_holly_01",
          "count":1,
          "charge":-1,
          "enchantmentCharge":-1,
          "soul":""
        }]
    },
    "0-1172":{
      "refId":"bm_wolf_red",
      "location":{
        "posX":-189700.875,
        "posZ":1127.5921630859,
        "posY":180891.234375,
        "rotX":0.16901937127113,
        "rotY":0,
        "rotZ":-2.2108843326569
      },
      "stats":{
        "healthCurrent":120,
        "magickaCurrent":50,
        "healthModified":120,
        "fatigueBase":270,
        "fatigueModified":270,
        "healthBase":120,
        "magickaModified":50,
        "magickaBase":50,
        "fatigueCurrent":270
      }
    },
    "32352-0":{
      "refId":"flora_bm_belladonna_03",
      "inventory":[{
          "refId":"ingred_belladonna_01",
          "count":1,
          "charge":-1,
          "enchantmentCharge":-1,
          "soul":""
        }]
    },
    "0-1173":{
      "refId":"bm_bear_brown",
      "location":{
        "posX":-190306.859375,
        "posZ":1199.8551025391,
        "posY":181237.703125,
        "rotX":-0.29050582647324,
        "rotY":0,
        "rotZ":0.84415411949158
      },
      "stats":{
        "healthCurrent":180,
        "magickaCurrent":50,
        "healthModified":180,
        "fatigueBase":260,
        "fatigueModified":260,
        "healthBase":180,
        "magickaModified":50,
        "magickaBase":50,
        "fatigueCurrent":260
      }
    }
  }
}