{
  "packets":{
    "actorList":["0-1137","0-1163","0-1164","0-1185","0-1186","0-1187"],
    "ai":[],
    "cellChangeFrom":[],
    "cellChangeTo":[],
    "container":["3612-0","3613-0","0-1163","0-1164","0-1185","0-1186","0-1187","0-1137"],
    "death":["0-1163","0-1164","0-1185","0-1186","0-1187","0-1137"],
    "delete":[],
    "doorState":[],
    "equipment":["0-1185","0-1186","0-1187"],
    "lock":[],
    "place":[],
    "position":["0-1137","0-1163","0-1164","0-1185","0-1186","0-1187"],
    "scale":[],
    "spawn":["0-1137","0-1163","0-1164","0-1185","0-1186","0-1187"],
    "state":[],
    "statsDynamic":["0-1137","0-1163","0-1164","0-1185","0-1186","0-1187"],
    "trap":[]
  },
  "entry":{
    "creationTime":1568772967,
    "description":"-25, 20"
  },
  "lastVisit":{
    "Tanis":1568773948,
    "whisker":1568773944
  },
  "recordLinks":[],
  "objectData":{
    "0-1164":{
      "refId":"bm_wolf_red",
      "location":{
        "posX":-201220.359375,
        "posZ":1107.4438476563,
        "posY":165030.125,
        "rotX":-0.2618802189827,
        "rotY":0,
        "rotZ":3.0113365650177
      },
      "stats":{
        "healthCurrent":0,
        "magickaCurrent":50,
        "healthModified":120,
        "fatigueBase":280,
        "fatigueModified":280,
        "healthBase":120,
        "magickaModified":50,
        "magickaBase":50,
        "fatigueCurrent":280
      },
      "inventory":[],
      "killer":{
        "player":"Tanis"
      }
    },
    "0-1163":{
      "refId":"bm_wolf_red",
      "location":{
        "posX":-201116.609375,
        "posZ":1156.0838623047,
        "posY":164705.15625,
        "rotX":-0.26969394087791,
        "rotY":0,
        "rotZ":2.5759074687958
      },
      "stats":{
        "healthCurrent":0,
        "magickaCurrent":50,
        "healthModified":120,
        "fatigueBase":280,
        "fatigueModified":280,
        "healthBase":120,
        "magickaModified":50,
        "magickaBase":50,
        "fatigueCurrent":280
      },
      "inventory":[{
          "refId":"ingred_wolf_pelt",
          "count":1,
          "charge":-1,
          "enchantmentCharge":-1,
          "soul":""
        }],
      "killer":{
        "player":"Tanis"
      }
    },
    "0-1185":{
      "refId":"db_assassin1",
      "location":{
        "posX":-200974.796875,
        "posZ":1089.0228271484,
        "posY":165141.0625,
        "rotX":-0.18713046610355,
        "rotY":0,
        "rotZ":2.0004398822784
      },
      "stats":{
        "healthCurrent":0,
        "magickaCurrent":106,
        "healthModified":50,
        "fatigueBase":164,
        "fatigueModified":164,
        "healthBase":50,
        "magickaModified":106,
        "magickaBase":106,
        "fatigueCurrent":124.59385681152
      },
      "equipment":[],
      "inventory":[],
      "killer":{
        "player":"Tanis"
      }
    },
    "3612-0":{
      "refId":"flora_bm_holly_04",
      "inventory":[{
          "refId":"ingred_holly_01",
          "count":1,
          "charge":-1,
          "enchantmentCharge":-1,
          "soul":""
        }]
    },
    "0-1137":{
      "refId":"bm_wolf_grey_lvl_1",
      "location":{
        "posX":-198609.625,
        "posZ":920.81768798828,
        "posY":167580.96875,
        "rotX":0.4740309715271,
        "rotY":0,
        "rotZ":2.4028284549713
      },
      "stats":{
        "healthCurrent":0,
        "magickaCurrent":50,
        "healthModified":40,
        "fatigueBase":400,
        "fatigueModified":400,
        "healthBase":40,
        "magickaModified":50,
        "magickaBase":50,
        "fatigueCurrent":400
      },
      "inventory":[{
          "refId":"ingred_wolf_pelt",
          "count":1,
          "charge":-1,
          "enchantmentCharge":-1,
          "soul":""
        }],
      "killer":{
        "player":"whisker"
      }
    },
    "3613-0":{
      "refId":"flora_bm_holly_01",
      "inventory":[{
          "refId":"ingred_holly_01",
          "count":1,
          "charge":-1,
          "enchantmentCharge":-1,
          "soul":""
        }]
    },
    "0-1187":{
      "refId":"db_assassin1",
      "location":{
        "posX":-202126.40625,
        "posZ":1110.7310791016,
        "posY":165044.703125,
        "rotX":0.031663518399,
        "rotY":0,
        "rotZ":1.5302708148956
      },
      "stats":{
        "healthCurrent":0,
        "magickaCurrent":106,
        "healthModified":50,
        "fatigueBase":164,
        "fatigueModified":164,
        "healthBase":50,
        "magickaModified":106,
        "magickaBase":106,
        "fatigueCurrent":158.89469909668
      },
      "equipment":[],
      "inventory":[],
      "killer":{
        "player":"Tanis"
      }
    },
    "0-1186":{
      "refId":"db_assassin1",
      "location":{
        "posX":-201390.78125,
        "posZ":1097.6682128906,
        "posY":165110.390625,
        "rotX":-0.14865206182003,
        "rotY":0,
        "rotZ":2.2375299930573
      },
      "stats":{
        "healthCurrent":0,
        "magickaCurrent":106,
        "healthModified":50,
        "fatigueBase":164,
        "fatigueModified":164,
        "healthBase":50,
        "magickaModified":106,
        "magickaBase":106,
        "fatigueCurrent":164
      },
      "equipment":[],
      "inventory":[],
      "killer":{
        "player":"Tanis"
      }
    }
  }
}