{
  "packets":{
    "actorList":["0-1627","0-1628","0-1629","0-1630","0-1631"],
    "ai":[],
    "cellChangeFrom":[],
    "cellChangeTo":[],
    "container":[],
    "death":[],
    "delete":[],
    "doorState":[],
    "equipment":[],
    "lock":[],
    "place":[],
    "position":["0-1627","0-1628","0-1629","0-1630","0-1631"],
    "scale":[],
    "spawn":["0-1627","0-1628","0-1629","0-1630","0-1631"],
    "state":[],
    "statsDynamic":["0-1627","0-1628","0-1629","0-1630","0-1631"],
    "trap":[]
  },
  "entry":{
    "creationTime":1568922641,
    "description":"-26, 24"
  },
  "lastVisit":{
    "Dizzy":1568922714,
    "Dr,Kups":1568922715
  },
  "recordLinks":[],
  "objectData":{
    "0-1627":{
      "refId":"bm_bear_brown",
      "location":{
        "posX":-206149.734375,
        "posZ":697.05297851563,
        "posY":203661.71875,
        "rotX":-0.023607140406966,
        "rotY":0,
        "rotZ":3.0521404743195
      },
      "stats":{
        "healthCurrent":180,
        "magickaCurrent":50,
        "healthModified":180,
        "fatigueBase":260,
        "fatigueModified":260,
        "healthBase":180,
        "magickaModified":50,
        "magickaBase":50,
        "fatigueCurrent":260
      }
    },
    "0-1628":{
      "refId":"bm_riekling_mounted",
      "location":{
        "posX":-207296.421875,
        "posZ":403.14562988281,
        "posY":197930.671875,
        "rotX":-1.2425639629364,
        "rotY":0,
        "rotZ":2.2799818515778
      },
      "stats":{
        "healthCurrent":400,
        "magickaCurrent":50,
        "healthModified":400,
        "fatigueBase":800,
        "fatigueModified":800,
        "healthBase":400,
        "magickaModified":50,
        "magickaBase":50,
        "fatigueCurrent":800
      }
    },
    "0-1631":{
      "refId":"bm_horker_large",
      "location":{
        "posX":-212512.46875,
        "posZ":-476.40878295898,
        "posY":202222.1875,
        "rotX":0,
        "rotY":0,
        "rotZ":0
      },
      "stats":{
        "healthCurrent":100,
        "magickaCurrent":50,
        "healthModified":100,
        "fatigueBase":500,
        "fatigueModified":500,
        "healthBase":100,
        "magickaModified":50,
        "magickaBase":50,
        "fatigueCurrent":499.95846557617
      }
    },
    "0-1629":{
      "refId":"bm_riekling_mounted",
      "location":{
        "posX":-207186.75,
        "posZ":352.73062133789,
        "posY":198138.78125,
        "rotX":-1.3493218421936,
        "rotY":0,
        "rotZ":0.49180912971497
      },
      "stats":{
        "healthCurrent":400,
        "magickaCurrent":50,
        "healthModified":400,
        "fatigueBase":800,
        "fatigueModified":800,
        "healthBase":400,
        "magickaModified":50,
        "magickaBase":50,
        "fatigueCurrent":800
      }
    },
    "0-1630":{
      "refId":"bm_horker_large",
      "location":{
        "posX":-210850.140625,
        "posZ":-162.9799041748,
        "posY":204192.09375,
        "rotX":0,
        "rotY":0,
        "rotZ":0
      },
      "stats":{
        "healthCurrent":100,
        "magickaCurrent":50,
        "healthModified":100,
        "fatigueBase":500,
        "fatigueModified":500,
        "healthBase":100,
        "magickaModified":50,
        "magickaBase":50,
        "fatigueCurrent":499.95846557617
      }
    }
  }
}