{
  "packets":{
    "actorList":["0-1797","0-1798","0-1804"],
    "ai":[],
    "cellChangeFrom":[],
    "cellChangeTo":[],
    "container":["178062-0","297100-0","297101-0","297106-0","297107-0","297119-0","297142-0","297154-0"],
    "death":[],
    "delete":[],
    "doorState":[],
    "equipment":[],
    "lock":[],
    "place":[],
    "position":["0-1797","0-1798","0-1804"],
    "scale":[],
    "spawn":["0-1797","0-1798","0-1804"],
    "state":[],
    "statsDynamic":["0-1797","0-1798","0-1804"],
    "trap":[]
  },
  "entry":{
    "creationTime":1568954355,
    "description":"-3, 18"
  },
  "lastVisit":{
    "Dizzy":1569468938,
    "Tanis":1569033867,
    "Dr,Kups":1569090340
  },
  "recordLinks":[],
  "objectData":{
    "0-1797":{
      "refId":"scrib diseased",
      "location":{
        "posX":-21111.783203125,
        "posZ":67.398857116699,
        "posY":154333.828125,
        "rotX":0.0017078667879105,
        "rotY":0,
        "rotZ":2.071076631546
      },
      "stats":{
        "healthCurrent":8,
        "magickaCurrent":12,
        "healthModified":8,
        "fatigueBase":62,
        "fatigueModified":62,
        "healthBase":8,
        "magickaModified":12,
        "magickaBase":12,
        "fatigueCurrent":62
      }
    },
    "297154-0":{
      "refId":"flora_rm_scathecraw_02",
      "inventory":[]
    },
    "0-1798":{
      "refId":"netch_betty",
      "location":{
        "posX":-18010.5078125,
        "posZ":1017.0496826172,
        "posY":149204.921875,
        "rotX":-9.9129974842072e-06,
        "rotY":0,
        "rotZ":0.22323870658875
      },
      "stats":{
        "healthCurrent":113,
        "magickaCurrent":75,
        "healthModified":113,
        "fatigueBase":500,
        "fatigueModified":500,
        "healthBase":113,
        "magickaModified":75,
        "magickaBase":75,
        "fatigueCurrent":500
      }
    },
    "0-1804":{
      "refId":"dreugh",
      "location":{
        "posX":-23606.9765625,
        "posZ":-78.466445922852,
        "posY":155328.359375,
        "rotX":0.10860051214695,
        "rotY":0,
        "rotZ":-2.5358536243439
      },
      "stats":{
        "healthCurrent":60,
        "magickaCurrent":75,
        "healthModified":60,
        "fatigueBase":400,
        "fatigueModified":400,
        "healthBase":60,
        "magickaModified":75,
        "magickaBase":75,
        "fatigueCurrent":399.95849609375
      }
    },
    "297119-0":{
      "refId":"flora_rm_scathecraw_01",
      "inventory":[{
          "refId":"ingred_scathecraw_01",
          "count":1,
          "charge":-1,
          "enchantmentCharge":-1,
          "soul":""
        }]
    },
    "297101-0":{
      "refId":"flora_rm_scathecraw_02",
      "inventory":[{
          "refId":"ingred_scathecraw_01",
          "count":1,
          "charge":-1,
          "enchantmentCharge":-1,
          "soul":""
        }]
    },
    "297107-0":{
      "refId":"flora_rm_scathecraw_02",
      "inventory":[{
          "refId":"ingred_scathecraw_01",
          "count":1,
          "charge":-1,
          "enchantmentCharge":-1,
          "soul":""
        }]
    },
    "178062-0":{
      "refId":"tramaroot_03",
      "inventory":[{
          "refId":"ingred_trama_root_01",
          "count":1,
          "charge":-1,
          "enchantmentCharge":-1,
          "soul":""
        }]
    },
    "297142-0":{
      "refId":"flora_rm_scathecraw_01",
      "inventory":[{
          "refId":"ingred_scathecraw_01",
          "count":1,
          "charge":-1,
          "enchantmentCharge":-1,
          "soul":""
        }]
    },
    "297100-0":{
      "refId":"flora_rm_scathecraw_01",
      "inventory":[]
    },
    "297106-0":{
      "refId":"flora_rm_scathecraw_01",
      "inventory":[{
          "refId":"ingred_scathecraw_01",
          "count":1,
          "charge":-1,
          "enchantmentCharge":-1,
          "soul":""
        }]
    }
  }
}