{
  "packets":{
    "actorList":["0-2446","355279-0","355280-0","0-2445","0-2459"],
    "ai":[],
    "cellChangeFrom":[],
    "cellChangeTo":[],
    "container":["279765-0","279766-0","323580-0","323585-0","323587-0","323588-0","323589-0","323590-0","427102-0","427111-0","427112-0","427113-0","427129-0","427130-0","427131-0","427149-0","427167-0","427168-0","427169-0","355279-0","355280-0"],
    "death":[],
    "delete":[],
    "doorState":[],
    "equipment":[],
    "lock":[],
    "place":[],
    "position":["355279-0","355280-0","0-2446","0-2445","0-2459"],
    "scale":[],
    "spawn":["0-2446","0-2445","0-2459"],
    "state":[],
    "statsDynamic":["355279-0","355280-0","0-2446","0-2459","0-2445"],
    "trap":[]
  },
  "entry":{
    "creationTime":1569021355,
    "description":"-4, 22"
  },
  "lastVisit":{
    "Dizzy":1569021675
  },
  "recordLinks":[],
  "objectData":{
    "0-2459":{
      "refId":"slaughterfish",
      "location":{
        "posX":-32761.052734375,
        "posZ":-182.01734924316,
        "posY":183558.65625,
        "rotX":0.40018638968468,
        "rotY":0,
        "rotZ":0.88765931129456
      },
      "stats":{
        "healthCurrent":23,
        "magickaCurrent":10,
        "healthModified":23,
        "fatigueBase":400,
        "fatigueModified":400,
        "healthBase":23,
        "magickaModified":10,
        "magickaBase":10,
        "fatigueCurrent":399.96673583984
      }
    },
    "427112-0":{
      "refId":"kollop_02_pearl",
      "inventory":[]
    },
    "427131-0":{
      "refId":"kollop_03_pearl",
      "inventory":[]
    },
    "0-2445":{
      "refId":"slaughterfish_small",
      "location":{
        "posX":-24818.734375,
        "posZ":-437.52301025391,
        "posY":181522.375,
        "rotX":0.042536713182926,
        "rotY":0,
        "rotZ":2.5795156955719
      },
      "stats":{
        "healthCurrent":15,
        "magickaCurrent":10,
        "healthModified":15,
        "fatigueBase":300,
        "fatigueModified":300,
        "healthBase":15,
        "magickaModified":10,
        "magickaBase":10,
        "fatigueCurrent":299.966796875
      }
    },
    "427113-0":{
      "refId":"kollop_03_pearl",
      "inventory":[]
    },
    "323587-0":{
      "refId":"flora_kreshweed_01",
      "inventory":[{
          "refId":"ingred_kresh_fiber_01",
          "count":1,
          "charge":-1,
          "enchantmentCharge":-1,
          "soul":""
        }]
    },
    "427102-0":{
      "refId":"kollop_01_pearl",
      "inventory":[{
          "refId":"ingred_pearl_01",
          "count":1,
          "charge":-1,
          "enchantmentCharge":-1,
          "soul":""
        }]
    },
    "279766-0":{
      "refId":"flora_kreshweed_03",
      "inventory":[{
          "refId":"ingred_kresh_fiber_01",
          "count":1,
          "charge":-1,
          "enchantmentCharge":-1,
          "soul":""
        }]
    },
    "323589-0":{
      "refId":"flora_black_anther_01",
      "inventory":[{
          "refId":"ingred_black_anther_01",
          "count":2,
          "charge":-1,
          "enchantmentCharge":-1,
          "soul":""
        }]
    },
    "427169-0":{
      "refId":"kollop_02_pearl",
      "inventory":[]
    },
    "427111-0":{
      "refId":"kollop_01_pearl",
      "inventory":[{
          "refId":"ingred_pearl_01",
          "count":1,
          "charge":-1,
          "enchantmentCharge":-1,
          "soul":""
        }]
    },
    "355279-0":{
      "refId":"slaughterfish",
      "location":{
        "posX":-26676.287109375,
        "posZ":-267.29241943359,
        "posY":186143.9375,
        "rotX":0,
        "rotY":0,
        "rotZ":2.136280298233
      },
      "stats":{
        "healthCurrent":23,
        "magickaCurrent":10,
        "healthModified":23,
        "fatigueBase":400,
        "fatigueModified":400,
        "healthBase":23,
        "magickaModified":10,
        "magickaBase":10,
        "fatigueCurrent":399.8981628418
      },
      "inventory":[{
          "refId":"ingred_scales_01",
          "count":2,
          "charge":-1,
          "enchantmentCharge":-1,
          "soul":""
        }]
    },
    "323585-0":{
      "refId":"flora_kreshweed_02",
      "inventory":[{
          "refId":"ingred_kresh_fiber_01",
          "count":1,
          "charge":-1,
          "enchantmentCharge":-1,
          "soul":""
        }]
    },
    "427149-0":{
      "refId":"kollop_02_pearl",
      "inventory":[{
          "refId":"ingred_pearl_01",
          "count":1,
          "charge":-1,
          "enchantmentCharge":-1,
          "soul":""
        }]
    },
    "427129-0":{
      "refId":"kollop_01_pearl",
      "inventory":[]
    },
    "323588-0":{
      "refId":"flora_black_anther_01",
      "inventory":[{
          "refId":"ingred_black_anther_01",
          "count":2,
          "charge":-1,
          "enchantmentCharge":-1,
          "soul":""
        }]
    },
    "279765-0":{
      "refId":"flora_kreshweed_01",
      "inventory":[{
          "refId":"ingred_kresh_fiber_01",
          "count":1,
          "charge":-1,
          "enchantmentCharge":-1,
          "soul":""
        }]
    },
    "323580-0":{
      "refId":"flora_kreshweed_03",
      "inventory":[]
    },
    "323590-0":{
      "refId":"flora_black_anther_01",
      "inventory":[{
          "refId":"ingred_black_anther_01",
          "count":1,
          "charge":-1,
          "enchantmentCharge":-1,
          "soul":""
        }]
    },
    "427167-0":{
      "refId":"kollop_03_pearl",
      "inventory":[]
    },
    "427130-0":{
      "refId":"kollop_02_pearl",
      "inventory":[]
    },
    "355280-0":{
      "refId":"slaughterfish",
      "location":{
        "posX":-25928.650390625,
        "posZ":-611.61157226563,
        "posY":186153.015625,
        "rotX":0.0023404806852341,
        "rotY":0,
        "rotZ":-2.4371664524078
      },
      "stats":{
        "healthCurrent":23,
        "magickaCurrent":10,
        "healthModified":23,
        "fatigueBase":400,
        "fatigueModified":400,
        "healthBase":23,
        "magickaModified":10,
        "magickaBase":10,
        "fatigueCurrent":399.8981628418
      },
      "inventory":[]
    },
    "0-2446":{
      "refId":"cliff racer_diseased",
      "location":{
        "posX":-31311.97265625,
        "posZ":961.66540527344,
        "posY":183097.609375,
        "rotX":0.063507929444313,
        "rotY":0,
        "rotZ":-1.570796251297
      },
      "stats":{
        "healthCurrent":45,
        "magickaCurrent":20,
        "healthModified":45,
        "fatigueBase":170,
        "fatigueModified":170,
        "healthBase":45,
        "magickaModified":20,
        "magickaBase":20,
        "fatigueCurrent":170
      }
    },
    "427168-0":{
      "refId":"kollop_03_pearl",
      "inventory":[]
    }
  }
}