{
  "packets":{
    "actorList":["0-2440","0-2441","0-2442","0-2443","250139-0","250140-0","0-2433","0-2437"],
    "ai":[],
    "cellChangeFrom":[],
    "cellChangeTo":[],
    "container":["166736-0","166737-0","166738-0","166740-0","166741-0","166742-0","166750-0","279771-0","279772-0","279773-0","279774-0","279775-0","279776-0","279777-0","279778-0","279779-0","279780-0","279781-0","279782-0","323595-0","323596-0","323597-0","323598-0","323605-0","323606-0","323607-0","323608-0","323609-0","427207-0","427208-0","427209-0","427210-0","427211-0","427212-0","250139-0","250140-0"],
    "death":[],
    "delete":[],
    "doorState":[],
    "equipment":["250139-0","250140-0"],
    "lock":[],
    "place":[],
    "position":["250139-0","250140-0","0-2440","0-2441","0-2442","0-2443","0-2433","0-2437"],
    "scale":[],
    "spawn":["0-2440","0-2441","0-2442","0-2443","0-2433","0-2437"],
    "state":[],
    "statsDynamic":["250139-0","250140-0","0-2440","0-2441","0-2442","0-2443","0-2433","0-2437"],
    "trap":[]
  },
  "entry":{
    "creationTime":1569021349,
    "description":"-4, 21"
  },
  "lastVisit":{
    "Dizzy":1569021675
  },
  "recordLinks":[],
  "objectData":{
    "279779-0":{
      "refId":"flora_kreshweed_02",
      "inventory":[{
          "refId":"ingred_kresh_fiber_01",
          "count":1,
          "charge":-1,
          "enchantmentCharge":-1,
          "soul":""
        }]
    },
    "0-2437":{
      "refId":"netch_betty",
      "location":{
        "posX":-27435.79296875,
        "posZ":611.56475830078,
        "posY":172061.65625,
        "rotX":-0.00078196078538895,
        "rotY":0,
        "rotZ":-0.63515377044678
      },
      "stats":{
        "healthCurrent":113,
        "magickaCurrent":75,
        "fatigueModified":500,
        "fatigueBase":500,
        "healthBase":113,
        "healthModified":113,
        "magickaModified":75,
        "magickaBase":75,
        "fatigueCurrent":500
      }
    },
    "166736-0":{
      "refId":"flora_kreshweed_02",
      "inventory":[{
          "refId":"ingred_kresh_fiber_01",
          "count":1,
          "charge":-1,
          "enchantmentCharge":-1,
          "soul":""
        }]
    },
    "279771-0":{
      "refId":"flora_kreshweed_01",
      "inventory":[{
          "refId":"ingred_kresh_fiber_01",
          "count":1,
          "charge":-1,
          "enchantmentCharge":-1,
          "soul":""
        }]
    },
    "323605-0":{
      "refId":"flora_marshmerrow_03",
      "inventory":[{
          "refId":"ingred_marshmerrow_01",
          "count":1,
          "charge":-1,
          "enchantmentCharge":-1,
          "soul":""
        }]
    },
    "0-2443":{
      "refId":"cliff racer",
      "location":{
        "posX":-28330.814453125,
        "posZ":164.54348754883,
        "posY":172693.5625,
        "rotX":-0.053276106715202,
        "rotY":0,
        "rotZ":2.8192956447601
      },
      "stats":{
        "healthCurrent":45,
        "magickaCurrent":20,
        "healthModified":45,
        "fatigueBase":400,
        "fatigueModified":400,
        "healthBase":45,
        "magickaModified":20,
        "magickaBase":20,
        "fatigueCurrent":400
      }
    },
    "279782-0":{
      "refId":"flora_kreshweed_03",
      "inventory":[{
          "refId":"ingred_kresh_fiber_01",
          "count":1,
          "charge":-1,
          "enchantmentCharge":-1,
          "soul":""
        }]
    },
    "323598-0":{
      "refId":"flora_gold_kanet_01",
      "inventory":[{
          "refId":"ingred_gold_kanet_01",
          "count":1,
          "charge":-1,
          "enchantmentCharge":-1,
          "soul":""
        }]
    },
    "0-2442":{
      "refId":"slaughterfish_small",
      "location":{
        "posX":-31729.92578125,
        "posZ":-565.02709960938,
        "posY":172830.875,
        "rotX":0.058071151375771,
        "rotY":0,
        "rotZ":-1.5798780918121
      },
      "stats":{
        "healthCurrent":15,
        "magickaCurrent":10,
        "healthModified":15,
        "fatigueBase":300,
        "fatigueModified":300,
        "healthBase":15,
        "magickaModified":10,
        "magickaBase":10,
        "fatigueCurrent":299.96603393555
      }
    },
    "323597-0":{
      "refId":"flora_black_anther_01",
      "inventory":[{
          "refId":"ingred_black_anther_01",
          "count":2,
          "charge":-1,
          "enchantmentCharge":-1,
          "soul":""
        }]
    },
    "279777-0":{
      "refId":"flora_kreshweed_03",
      "inventory":[]
    },
    "427209-0":{
      "refId":"kollop_03_pearl",
      "inventory":[{
          "refId":"ingred_pearl_01",
          "count":1,
          "charge":-1,
          "enchantmentCharge":-1,
          "soul":""
        }]
    },
    "323596-0":{
      "refId":"flora_black_anther_01",
      "inventory":[{
          "refId":"ingred_black_anther_01",
          "count":2,
          "charge":-1,
          "enchantmentCharge":-1,
          "soul":""
        }]
    },
    "0-2433":{
      "refId":"cliff racer",
      "location":{
        "posX":-25162.54296875,
        "posZ":905.66235351563,
        "posY":179749.90625,
        "rotX":-0.00043340958654881,
        "rotY":0,
        "rotZ":2.4044163227081
      },
      "stats":{
        "healthCurrent":45,
        "magickaCurrent":20,
        "fatigueModified":400,
        "fatigueBase":400,
        "healthBase":45,
        "healthModified":45,
        "magickaModified":20,
        "magickaBase":20,
        "fatigueCurrent":400
      }
    },
    "279772-0":{
      "refId":"flora_kreshweed_02",
      "inventory":[{
          "refId":"ingred_kresh_fiber_01",
          "count":1,
          "charge":-1,
          "enchantmentCharge":-1,
          "soul":""
        }]
    },
    "427208-0":{
      "refId":"kollop_02_pearl",
      "inventory":[{
          "refId":"ingred_pearl_01",
          "count":1,
          "charge":-1,
          "enchantmentCharge":-1,
          "soul":""
        }]
    },
    "323606-0":{
      "refId":"flora_marshmerrow_01",
      "inventory":[{
          "refId":"ingred_marshmerrow_01",
          "count":1,
          "charge":-1,
          "enchantmentCharge":-1,
          "soul":""
        }]
    },
    "323595-0":{
      "refId":"flora_kreshweed_03",
      "inventory":[{
          "refId":"ingred_kresh_fiber_01",
          "count":1,
          "charge":-1,
          "enchantmentCharge":-1,
          "soul":""
        }]
    },
    "166740-0":{
      "refId":"flora_stoneflower_01",
      "inventory":[{
          "refId":"ingred_stoneflower_petals_01",
          "count":1,
          "charge":-1,
          "enchantmentCharge":-1,
          "soul":""
        }]
    },
    "427211-0":{
      "refId":"kollop_02_pearl",
      "inventory":[]
    },
    "279774-0":{
      "refId":"flora_kreshweed_01",
      "inventory":[{
          "refId":"ingred_kresh_fiber_01",
          "count":1,
          "charge":-1,
          "enchantmentCharge":-1,
          "soul":""
        }]
    },
    "323609-0":{
      "refId":"flora_saltrice_01",
      "inventory":[{
          "refId":"ingred_saltrice_01",
          "count":1,
          "charge":-1,
          "enchantmentCharge":-1,
          "soul":""
        }]
    },
    "250139-0":{
      "refId":"skeleton archer",
      "location":{
        "posX":-27292.62109375,
        "posZ":468.77752685547,
        "posY":177211.53125,
        "rotX":0.079681940376759,
        "rotY":0,
        "rotZ":-3.0947382450104
      },
      "stats":{
        "healthCurrent":38,
        "magickaCurrent":30,
        "healthModified":38,
        "fatigueBase":1000,
        "fatigueModified":1000,
        "healthBase":38,
        "magickaModified":30,
        "magickaBase":30,
        "fatigueCurrent":971.89276123047
      },
      "equipment":{
        "18":{
          "refId":"flame arrow",
          "count":49,
          "charge":-1,
          "enchantmentCharge":-1
        },
        "16":{
          "refId":"long bow",
          "count":1,