{
  "packets":{
    "actorList":["129907-0","129909-0","129908-0","129906-0","129905-0","0-2629"],
    "ai":[],
    "cellChangeFrom":[],
    "cellChangeTo":[],
    "container":["124386-0","124387-0","124392-0","124393-0","124394-0","124395-0","124396-0","124399-0","124400-0","124401-0","124402-0","124403-0","124404-0","124412-0","124413-0","124414-0","124415-0","124416-0","129926-0","129927-0","129928-0","129929-0","129934-0","129973-0","129974-0","129975-0","129976-0","129977-0","129978-0","129986-0","129987-0","129988-0","129907-0","129909-0","129908-0","129906-0","129905-0"],
    "death":["129905-0"],
    "delete":[],
    "doorState":[],
    "equipment":["129906-0","129907-0","129908-0","129909-0"],
    "lock":[],
    "place":[],
    "position":["129906-0","129907-0","129908-0","129909-0","129905-0","0-2629"],
    "scale":[],
    "spawn":["0-2629"],
    "state":[],
    "statsDynamic":["129906-0","129907-0","129908-0","129909-0","129905-0","0-2629"],
    "trap":[]
  },
  "entry":{
    "creationTime":1568954103,
    "description":"-4, 18"
  },
  "lastVisit":{
    "Dizzy":1569468938,
    "Tanis":1569035308,
    "Dr,Kups":1569090286
  },
  "recordLinks":[],
  "objectData":{
    "129906-0":{
      "refId":"shallath-piremus",
      "location":{
        "posX":-27906.732421875,
        "posZ":696.9404296875,
        "posY":150401.875,
        "rotX":0,
        "rotY":0,
        "rotZ":3.58318567276
      },
      "stats":{
        "healthCurrent":77,
        "magickaCurrent":92,
        "healthModified":77,
        "fatigueBase":207,
        "fatigueModified":207,
        "healthBase":77,
        "magickaModified":92,
        "magickaBase":92,
        "fatigueCurrent":207
      },
      "equipment":{
        "8":{
          "refId":"common_shirt_02_t",
          "count":1,
          "charge":-1,
          "enchantmentCharge":-1
        },
        "16":{
          "refId":"chitin shortsword",
          "count":1,
          "charge":-1,
          "enchantmentCharge":-1
        },
        "9":{
          "refId":"common_pants_01_u",
          "count":1,
          "charge":-1,
          "enchantmentCharge":-1
        }
      },
      "inventory":[{
          "refId":"common_shirt_02_t",
          "count":1,
          "charge":-1,
          "enchantmentCharge":-1,
          "soul":""
        },{
          "refId":"common_pants_01_u",
          "count":1,
          "charge":-1,
          "enchantmentCharge":-1,
          "soul":""
        },{
          "refId":"chitin shortsword",
          "count":1,
          "charge":-1,
          "enchantmentCharge":-1,
          "soul":""
        }]
    },
    "124393-0":{
      "refId":"com_sack_03_ingredients",
      "inventory":[{
          "refId":"ingred_kwama_cuttle_01",
          "count":1,
          "charge":-1,
          "enchantmentCharge":-1,
          "soul":""
        }]
    },
    "124394-0":{
      "refId":"com_basket_01_empty",
      "inventory":[]
    },
    "124396-0":{
      "refId":"com_basket_01_chpfood5",
      "inventory":[{
          "refId":"ingred_hackle-lo_leaf_01",
          "count":5,
          "charge":-1,
          "enchantmentCharge":-1,
          "soul":""
        }]
    },
    "129929-0":{
      "refId":"tramaroot_06",
      "inventory":[]
    },
    "124414-0":{
      "refId":"com_sack_03_chpfood5",
      "inventory":[{
          "refId":"ingred_hackle-lo_leaf_01",
          "count":5,
          "charge":-1,
          "enchantmentCharge":-1,
          "soul":""
        }]
    },
    "0-2629":{
      "refId":"cliff racer",
      "location":{
        "posX":-31171.984375,
        "posZ":1795.3779296875,
        "posY":150176.765625,
        "rotX":0.0078064259141684,
        "rotY":0,
        "rotZ":1.6017053127289
      },
      "stats":{
        "healthCurrent":45,
        "magickaCurrent":20,
        "healthModified":45,
        "fatigueBase":400,
        "fatigueModified":400,
        "healthBase":45,
        "magickaModified":20,
        "magickaBase":20,
        "fatigueCurrent":400
      }
    },
    "129934-0":{
      "refId":"tramaroot_02",
      "inventory":[{
          "refId":"ingred_trama_root_01",
          "count":1,
          "charge":-1,
          "enchantmentCharge":-1,
          "soul":""
        }]
    },
    "124399-0":{
      "refId":"urn_02_ingred",
      "inventory":[{
          "refId":"ingred_black_anther_01",
          "count":1,
          "charge":-1,
          "enchantmentCharge":-1,
          "soul":""
        },{
          "refId":"ingred_dreugh_wax_01",
          "count":1,
          "charge":-1,
          "enchantmentCharge":-1,
          "soul":""
        }]
    },
    "124416-0":{
      "refId":"barrel_01_random_pos",
      "inventory":[{
          "refId":"misc_com_bottle_15",
          "count":2,
          "charge":-1,
          "enchantmentCharge":-1,
          "soul":""
        },{
          "refId":"misc_com_wood_cup_01",
          "count":1,
          "charge":-1,
          "enchantmentCharge":-1,
          "soul":""
        },{
          "refId":"misc_com_bottle_10",
          "count":1,
          "charge":-1,
          "enchantmentCharge":-1,
          "soul":""
        },{
          "refId":"misc_com_metal_goblet_01",
          "count":1,
          "charge":-1,
          "enchantmentCharge":-1,
          "soul":""
        },{
          "refId":"gold_001",
          "count":3,
          "charge":-1,
          "enchantmentCharge":-1,
          "soul":""
        }]
    },
    "124392-0":{
      "refId":"com_sack_03_ingredients",
      "inventory":[{
          "refId":"ingred_black_lichen_01",
          "count":1,
          "charge":-1,
          "enchantmentCharge":-1,
          "soul":""
        },{
          "refId":"ingred_kagouti_hide_01",
          "count":1,
          "charge":-1,
          "enchantmentCharge":-1,
          "soul":""
        },{
          "refId":"ingred_corkbulb_root_01",
          "count":1,
          "charge":-1,
          "enchantmentCharge":-1,
          "soul":""
        },{
          "refId":"ingred_trama_root_01",
          "count":1,
          "charge":-1,
          "enchantmentCharge":-1,
          "soul":""
        },{
          "refId":"ingred_willow_anther_01",
          "count":1,
          "charge":-1,
          "enchantmentCharge":-1,
          "soul":""
        }]
    },
    "129907-0":{
      "refId":"tussurradad",
      "location":{
        "posX":-27574.79296875,
        "posZ":699.91064453125,
        "posY":150354.34375,
        "rotX":0,
        "rotY":0,
        "rotZ":4.699999332428
      },
      "stats":{
        "healthCurrent":98,
        "magickaCurrent":98,
        "healthModified":98,
        "fatigueBase":238,
        "fatigueModified":238,
        "healthBase":98,
        "magickaModified":98,
        "magickaBase":98,
        "fatigueCurrent":238
      },
      "equipment":{
        "8":{
          "refId":"expensive_shirt_01_u",
          "count":1,
          "charge":-1,
          "enchantmentCharge":-1
        },
        "16":{
          "refId":"chitin dagger",
          "count":1,
          "charge":-1,
          "enchantmentCharge":-1
        },
        "9":{
          "refId":"common_pants_01_u",
          "count":1,
          "charge":-1,
          "enchantmentCharge":-1
        }
      },
      "inventory":[{
          "refId":"expensive_shirt_01_u",
          "count":1,
          "charge":-1,
          "enchantmentCharge":-1,
          "soul":""
        },{
          "refId":"common_pants_01_u",
          "count":1,
          "charge":-1,
          "enchantmentCharge":-1,
          "soul":""
        },{
          "refId":"chitin dagger",
          "count":1,
          "charge":-1,
          "enchantmentCharge":-1,
          "soul":""
        }]
    },
    "124403-0":{
      "refId":"com_sack_01_chpfood5",
      "inventory":[{
          "refId":"ingred_saltrice_01",
          "count":5,
          "charge":-1,
          "enchantmentCharge":-1,
          "soul":""
        }]
    },