{
  "packets":{
    "actorList":["355299-0","355300-0","355301-0","0-2567","0-2566"],
    "ai":[],
    "cellChangeFrom":[],
    "cellChangeTo":[],
    "container":["235410-0","235411-0","235412-0","235413-0","235414-0","235415-0","235473-0","235474-0","235475-0","235530-0","235535-0","235565-0","235576-0","235577-0","235591-0","235592-0","235593-0","235605-0","235608-0","235610-0","235611-0","235635-0","235636-0","235676-0","235677-0","235701-0","235702-0","235751-0","355299-0","355300-0","355301-0","0-2567"],
    "death":["0-2567"],
    "delete":[],
    "doorState":[],
    "equipment":[],
    "lock":[],
    "place":[],
    "position":["355299-0","355300-0","355301-0","0-2567","0-2566"],
    "scale":[],
    "spawn":["0-2567","0-2566"],
    "state":[],
    "statsDynamic":["355299-0","355300-0","355301-0","0-2567","0-2566"],
    "trap":[]
  },
  "entry":{
    "creationTime":1568693269,
    "description":"-5, 0"
  },
  "lastVisit":{
    "Dizzy":1569186551,
    "Bank":1577764607,
    "Tanis":1570146995,
    "Fendryn":1568999715
  },
  "recordLinks":[],
  "objectData":{
    "235610-0":{
      "refId":"flora_bc_shelffungus_01",
      "inventory":[{
          "refId":"ingred_bc_bungler's_bane",
          "count":1,
          "charge":-1,
          "enchantmentCharge":-1,
          "soul":""
        }]
    },
    "235636-0":{
      "refId":"flora_bc_mushroom_01",
      "inventory":[{
          "refId":"ingred_russula_01",
          "count":1,
          "charge":-1,
          "enchantmentCharge":-1,
          "soul":""
        }]
    },
    "235576-0":{
      "refId":"flora_bc_shelffungus_02",
      "inventory":[{
          "refId":"ingred_bc_bungler's_bane",
          "count":1,
          "charge":-1,
          "enchantmentCharge":-1,
          "soul":""
        }]
    },
    "0-2566":{
      "refId":"kwama forager",
      "location":{
        "posX":-35799.734375,
        "posZ":133.11685180664,
        "posY":529.80859375,
        "rotX":-0.034464236348867,
        "rotY":0,
        "rotZ":-0.84657740592957
      },
      "stats":{
        "healthCurrent":23,
        "magickaCurrent":15,
        "healthModified":23,
        "fatigueBase":300,
        "fatigueModified":300,
        "healthBase":23,
        "magickaModified":15,
        "magickaBase":15,
        "fatigueCurrent":300
      }
    },
    "235635-0":{
      "refId":"flora_bc_mushroom_05",
      "inventory":[{
          "refId":"ingred_russula_01",
          "count":1,
          "charge":-1,
          "enchantmentCharge":-1,
          "soul":""
        }]
    },
    "235535-0":{
      "refId":"flora_bc_fern_01",
      "inventory":[{
          "refId":"ingred_bc_spore_pod",
          "count":3,
          "charge":-1,
          "enchantmentCharge":-1,
          "soul":""
        }]
    },
    "235591-0":{
      "refId":"flora_bc_mushroom_06",
      "inventory":[{
          "refId":"ingred_coprinus_01",
          "count":1,
          "charge":-1,
          "enchantmentCharge":-1,
          "soul":""
        }]
    },
    "235611-0":{
      "refId":"flora_bc_shelffungus_01",
      "inventory":[{
          "refId":"ingred_bc_bungler's_bane",
          "count":1,
          "charge":-1,
          "enchantmentCharge":-1,
          "soul":""
        }]
    },
    "235751-0":{
      "refId":"flora_bc_fern_01",
      "inventory":[{
          "refId":"ingred_bc_spore_pod",
          "count":3,
          "charge":-1,
          "enchantmentCharge":-1,
          "soul":""
        }]
    },
    "235565-0":{
      "refId":"flora_bc_fern_01",
      "inventory":[{
          "refId":"ingred_bc_spore_pod",
          "count":3,
          "charge":-1,
          "enchantmentCharge":-1,
          "soul":""
        }]
    },
    "235415-0":{
      "refId":"flora_bc_podplant_03",
      "inventory":[]
    },
    "355299-0":{
      "refId":"guar",
      "location":{
        "posX":-36545.0078125,
        "posZ":241.00001525879,
        "posY":5694.234375,
        "rotX":0,
        "rotY":0,
        "rotZ":0
      },
      "stats":{
        "healthCurrent":38,
        "magickaCurrent":5,
        "healthModified":38,
        "fatigueBase":400,
        "fatigueModified":400,
        "healthBase":38,
        "magickaModified":5,
        "magickaBase":5,
        "fatigueCurrent":400
      },
      "inventory":[{
          "refId":"ingred_guar_hide_01",
          "count":1,
          "charge":-1,
          "enchantmentCharge":-1,
          "soul":""
        }]
    },
    "235592-0":{
      "refId":"flora_bc_mushroom_08",
      "inventory":[{
          "refId":"ingred_coprinus_01",
          "count":2,
          "charge":-1,
          "enchantmentCharge":-1,
          "soul":""
        }]
    },
    "235474-0":{
      "refId":"flora_bc_podplant_01",
      "inventory":[{
          "refId":"ingred_bc_ampoule_pod",
          "count":1,
          "charge":-1,
          "enchantmentCharge":-1,
          "soul":""
        }]
    },
    "235677-0":{
      "refId":"flora_bc_mushroom_01",
      "inventory":[{
          "refId":"ingred_russula_01",
          "count":1,
          "charge":-1,
          "enchantmentCharge":-1,
          "soul":""
        }]
    },
    "235577-0":{
      "refId":"flora_bc_shelffungus_04",
      "inventory":[{
          "refId":"ingred_bc_hypha_facia",
          "count":1,
          "charge":-1,
          "enchantmentCharge":-1,
          "soul":""
        }]
    },
    "235410-0":{
      "refId":"flora_bc_mushroom_08",
      "inventory":[{
          "refId":"ingred_coprinus_01",
          "count":1,
          "charge":-1,
          "enchantmentCharge":-1,
          "soul":""
        }]
    },
    "235413-0":{
      "refId":"flora_bc_podplant_01",
      "inventory":[{
          "refId":"ingred_bc_ampoule_pod",
          "count":1,
          "charge":-1,
          "enchantmentCharge":-1,
          "soul":""
        }]
    },
    "235473-0":{
      "refId":"flora_bc_podplant_03",
      "inventory":[{
          "refId":"ingred_bc_coda_flower",
          "count":1,
          "charge":-1,
          "enchantmentCharge":-1,
          "soul":""
        }]
    },
    "355300-0":{
      "refId":"guar",
      "location":{
        "posX":-36940.10546875,
        "posZ":269.14331054688,
        "posY":6288.5927734375,
        "rotX":0,
        "rotY":0,
        "rotZ":1.6000001430511
      },
      "stats":{
        "healthCurrent":38,
        "magickaCurrent":5,
        "healthModified":38,
        "fatigueBase":400,
        "fatigueModified":400,
        "healthBase":38,
        "magickaModified":5,
        "magickaBase":5,
        "fatigueCurrent":400
      },
      "inventory":[]
    },
    "235411-0":{
      "refId":"flora_bc_mushroom_07",
      "inventory":[{
          "refId":"ingred_coprinus_01",
          "count":1,
          "charge":-1,
          "enchantmentCharge":-1,
          "soul":""
        }]
    },
    "235414-0":{
      "refId":"flora_bc_podplant_02",
      "inventory":[]
    },
    "235530-0":{
      "refId":"flora_bc_fern_01",
      "inventory":[{
          "refId":"ingred_bc_spore_pod",
          "count":3,
          "charge":-1,
          "enchantmentCharge":-1,
          "soul":""
        }]
    },
    "235593-0":{
      "refId":"flora_bc_mushroom_06",
      "inventory":[{
          "refId":"ingred_coprinus_01",
          "count":1,
          "charge":-1,
          "enchantmentCharge":-1,
          "soul":""
        }]
    },
    "235676-0":{
      "refId":"flora_bc_mushroom_05",
      "inventory":[{
          "refId":"ingred_russula_01",
          "count":1,
          "charge":-1,
          "enchantmentCharge":-1,
          "soul":""
        }]
    },
    "235475-0":{
      "refId":"flora_bc_podplant_01",
      "inventory":[{
          "refId":"ingred_bc_ampoule_pod",
          "count":1,
          "charge":-1,
          "enchantmentCharge":-1,
          "soul":""
        }]
    },
    "235605-0":{
      "refId":"flora_bc_fern_01",
      "inventory":[{
          "refId":"ingred_bc_spore_pod",