{
  "packets":{
    "actorList":["0-22","0-23","0-24","0-25","0-26","0-27","0-18","0-3256","0-3267","0-3268","0-3269"],
    "ai":[],
    "cellChangeFrom":[],
    "cellChangeTo":[],
    "container":["252644-0","252645-0","252646-0","252664-0","252665-0","252666-0","252667-0","252668-0","252849-0","252850-0","252851-0","252852-0","252853-0","252854-0","252855-0","252856-0","252866-0","252867-0","252868-0","252888-0","252927-0","252938-0","252939-0","252945-0","252969-0","252973-0","253004-0","253005-0","253006-0","253009-0","253010-0","253012-0","0-18","0-22","0-23","0-26","0-25","0-24","0-27","0-3256","0-3267","0-3268","0-3269"],
    "death":["0-18","0-22","0-23","0-26","0-25","0-24","0-27","0-3256","0-3267","0-3268","0-3269"],
    "delete":[],
    "doorState":[],
    "equipment":[],
    "lock":[],
    "place":[],
    "position":["0-22","0-23","0-24","0-25","0-26","0-27","0-18","0-3256","0-3267","0-3268","0-3269"],
    "scale":[],
    "spawn":["0-22","0-23","0-24","0-25","0-26","0-27","0-18","0-3256","0-3267","0-3268","0-3269"],
    "state":[],
    "statsDynamic":["0-22","0-23","0-24","0-25","0-26","0-27","0-18","0-3256","0-3267","0-3268","0-3269"],
    "trap":[]
  },
  "entry":{
    "creationTime":1568693269,
    "description":"-5, -2"
  },
  "lastVisit":{
    "Dizzy":1569613751,
    "Bank":1577764607,
    "Dr,Kups":1569616897,
    "whisker":1568863203,
    "Tanis":1570146995,
    "Fendryn":1568999715
  },
  "recordLinks":[],
  "objectData":{
    "0-22":{
      "refId":"kwama forager",
      "location":{
        "posX":-39454.3203125,
        "posZ":148.2074432373,
        "posY":-15933.640625,
        "rotX":0.13173606991768,
        "rotY":0,
        "rotZ":1.9837143421173
      },
      "stats":{
        "healthCurrent":0,
        "magickaCurrent":15,
        "healthModified":23,
        "fatigueBase":300,
        "fatigueModified":300,
        "healthBase":23,
        "magickaModified":15,
        "magickaBase":15,
        "fatigueCurrent":296.27114868164
      },
      "inventory":[],
      "killer":{
        "player":"Tanis"
      }
    },
    "0-3268":{
      "refId":"nix-hound",
      "location":{
        "posX":-37179.5703125,
        "posZ":187.89360046387,
        "posY":-11395.98828125,
        "rotX":-0.13503585755825,
        "rotY":0,
        "rotZ":-2.729656457901
      },
      "stats":{
        "healthCurrent":0,
        "magickaCurrent":10,
        "healthModified":23,
        "fatigueBase":400,
        "fatigueModified":400,
        "healthBase":23,
        "magickaModified":10,
        "magickaBase":10,
        "fatigueCurrent":400
      },
      "inventory":[],
      "killer":{
        "player":"Tanis"
      }
    },
    "252849-0":{
      "refId":"flora_bc_podplant_01",
      "inventory":[{
          "refId":"ingred_bc_ampoule_pod",
          "count":1,
          "charge":-1,
          "enchantmentCharge":-1,
          "soul":""
        }]
    },
    "253012-0":{
      "refId":"flora_bc_mushroom_01",
      "inventory":[{
          "refId":"ingred_russula_01",
          "count":1,
          "charge":-1,
          "enchantmentCharge":-1,
          "soul":""
        }]
    },
    "252866-0":{
      "refId":"flora_bc_mushroom_05",
      "inventory":[{
          "refId":"ingred_russula_01",
          "count":1,
          "charge":-1,
          "enchantmentCharge":-1,
          "soul":""
        }]
    },
    "252867-0":{
      "refId":"flora_bc_mushroom_06",
      "inventory":[{
          "refId":"ingred_coprinus_01",
          "count":1,
          "charge":-1,
          "enchantmentCharge":-1,
          "soul":""
        }]
    },
    "252939-0":{
      "refId":"flora_bc_shelffungus_04",
      "inventory":[{
          "refId":"ingred_bc_hypha_facia",
          "count":1,
          "charge":-1,
          "enchantmentCharge":-1,
          "soul":""
        }]
    },
    "252888-0":{
      "refId":"flora_bc_mushroom_05",
      "inventory":[{
          "refId":"ingred_russula_01",
          "count":1,
          "charge":-1,
          "enchantmentCharge":-1,
          "soul":""
        }]
    },
    "252868-0":{
      "refId":"flora_bc_mushroom_07",
      "inventory":[{
          "refId":"ingred_coprinus_01",
          "count":1,
          "charge":-1,
          "enchantmentCharge":-1,
          "soul":""
        }]
    },
    "0-3267":{
      "refId":"nix-hound",
      "location":{
        "posX":-36988.90625,
        "posZ":104.73207092285,
        "posY":-11318.4921875,
        "rotX":0.086040839552879,
        "rotY":0,
        "rotZ":2.3044097423553
      },
      "stats":{
        "healthCurrent":0,
        "magickaCurrent":10,
        "healthModified":23,
        "fatigueBase":400,
        "fatigueModified":400,
        "healthBase":23,
        "magickaModified":10,
        "magickaBase":10,
        "fatigueCurrent":400
      },
      "inventory":[],
      "killer":{
        "player":"Tanis"
      }
    },
    "252852-0":{
      "refId":"flora_bc_mushroom_07",
      "inventory":[{
          "refId":"ingred_coprinus_01",
          "count":1,
          "charge":-1,
          "enchantmentCharge":-1,
          "soul":""
        }]
    },
    "252945-0":{
      "refId":"flora_bc_fern_01",
      "inventory":[{
          "refId":"ingred_bc_spore_pod",
          "count":3,
          "charge":-1,
          "enchantmentCharge":-1,
          "soul":""
        }]
    },
    "252927-0":{
      "refId":"flora_bc_fern_01",
      "inventory":[{
          "refId":"ingred_bc_spore_pod",
          "count":3,
          "charge":-1,
          "enchantmentCharge":-1,
          "soul":""
        }]
    },
    "252938-0":{
      "refId":"flora_bc_shelffungus_02",
      "inventory":[{
          "refId":"ingred_bc_bungler's_bane",
          "count":1,
          "charge":-1,
          "enchantmentCharge":-1,
          "soul":""
        }]
    },
    "252668-0":{
      "refId":"flora_bc_mushroom_06",
      "inventory":[{
          "refId":"ingred_coprinus_01",
          "count":1,
          "charge":-1,
          "enchantmentCharge":-1,
          "soul":""
        }]
    },
    "253005-0":{
      "refId":"flora_bc_shelffungus_02",
      "inventory":[{
          "refId":"ingred_bc_bungler's_bane",
          "count":1,
          "charge":-1,
          "enchantmentCharge":-1,
          "soul":""
        }]
    },
    "253004-0":{
      "refId":"flora_bc_shelffungus_01",
      "inventory":[{
          "refId":"ingred_bc_bungler's_bane",
          "count":1,
          "charge":-1,
          "enchantmentCharge":-1,
          "soul":""
        }]
    },
    "252969-0":{
      "refId":"flora_bc_mushroom_05",
      "inventory":[{
          "refId":"ingred_russula_01",
          "count":1,
          "charge":-1,
          "enchantmentCharge":-1,
          "soul":""
        }]
    },
    "0-24":{
      "refId":"kagouti_diseased",
      "location":{
        "posX":-35383.703125,
        "posZ":167.22367858887,
        "posY":-12914.029296875,
        "rotX":0.030591752380133,
        "rotY":0,
        "rotZ":-1.1847069263458
      },
      "stats":{
        "healthCurrent":0,
        "magickaCurrent":10,
        "healthModified":45,
        "fatigueBase":282,
        "fatigueModified":282,
        "healthBase":45,
        "magickaModified":10,
        "magickaBase":10,
        "fatigueCurrent":281.12371826172
      },
      "inventory":[],
      "killer":{
        "player":"Tanis"
      }
    },
    "0-25":{
      "refId":"kagouti_diseased",
      "location":{
        "posX":-35329.6875,
        "posZ":162.34893798828,
        "posY":-12951.037109375,
        "rotX":0.049914099276066,
        "rotY":0,
        "rotZ":-1.1575429439545
      },
      "stats":{
        "healthCurrent":0,
        "magickaCurrent":10,
        "healthModified":45,
        "fatigueBase":282,
        "fatigueModified":282,
        "healthBase":45,
        "magickaModified":10,
        "magickaBase":10,
        "fatigueCurrent":251.03227233887
      },
      "inventory":[],