{
  "packets":{
    "actorList":["0-19","0-20","0-21","0-16"],
    "ai":[],
    "cellChangeFrom":[],
    "cellChangeTo":[],
    "container":["253016-0","253021-0","253028-0","253029-0","253032-0","253034-0","253035-0","253036-0","253087-0","253088-0","253089-0","253134-0","253135-0","253136-0","253207-0","253208-0","253209-0","253283-0","253284-0","253285-0","253293-0","253294-0","253304-0","253305-0","253306-0","253328-0","253342-0","253344-0","253345-0","0-21","0-19"],
    "death":["0-21","0-19"],
    "delete":[],
    "doorState":[],
    "equipment":[],
    "lock":[],
    "place":[],
    "position":["0-19","0-20","0-21","0-16"],
    "scale":[],
    "spawn":["0-19","0-20","0-21","0-16"],
    "state":[],
    "statsDynamic":["0-19","0-20","0-21","0-16"],
    "trap":[]
  },
  "entry":{
    "creationTime":1568693269,
    "description":"-5, -3"
  },
  "lastVisit":{
    "Dizzy":1569613751,
    "Bank":1577764607,
    "Dr,Kups":1569616897,
    "whisker":1568863203,
    "Tanis":1570146995,
    "Fendryn":1568999715
  },
  "recordLinks":[],
  "objectData":{
    "253036-0":{
      "refId":"flora_bc_podplant_03",
      "inventory":[{
          "refId":"ingred_bc_coda_flower",
          "count":1,
          "charge":-1,
          "enchantmentCharge":-1,
          "soul":""
        }]
    },
    "253284-0":{
      "refId":"flora_bc_mushroom_08",
      "inventory":[{
          "refId":"ingred_coprinus_01",
          "count":2,
          "charge":-1,
          "enchantmentCharge":-1,
          "soul":""
        }]
    },
    "0-21":{
      "refId":"kwama forager",
      "location":{
        "posX":-38978.109375,
        "posZ":369,
        "posY":-20710.4765625,
        "rotX":-0.34544456005096,
        "rotY":0,
        "rotZ":-2.5580856800079
      },
      "stats":{
        "healthCurrent":0,
        "magickaCurrent":15,
        "healthModified":23,
        "fatigueBase":300,
        "fatigueModified":300,
        "healthBase":23,
        "magickaModified":15,
        "magickaBase":15,
        "fatigueCurrent":295.52578735352
      },
      "inventory":[{
          "refId":"ingred_kwama_cuttle_01",
          "count":1,
          "charge":-1,
          "enchantmentCharge":-1,
          "soul":""
        }],
      "killer":{
        "player":"Tanis"
      }
    },
    "253029-0":{
      "refId":"flora_bc_podplant_01",
      "inventory":[{
          "refId":"ingred_bc_ampoule_pod",
          "count":1,
          "charge":-1,
          "enchantmentCharge":-1,
          "soul":""
        }]
    },
    "253035-0":{
      "refId":"flora_bc_podplant_02",
      "inventory":[{
          "refId":"ingred_bc_ampoule_pod",
          "count":1,
          "charge":-1,
          "enchantmentCharge":-1,
          "soul":""
        }]
    },
    "253305-0":{
      "refId":"flora_bc_mushroom_06",
      "inventory":[]
    },
    "253293-0":{
      "refId":"flora_bc_shelffungus_03",
      "inventory":[{
          "refId":"ingred_bc_hypha_facia",
          "count":1,
          "charge":-1,
          "enchantmentCharge":-1,
          "soul":""
        }]
    },
    "253285-0":{
      "refId":"flora_bc_mushroom_06",
      "inventory":[{
          "refId":"ingred_coprinus_01",
          "count":1,
          "charge":-1,
          "enchantmentCharge":-1,
          "soul":""
        }]
    },
    "253089-0":{
      "refId":"flora_bc_podplant_01",
      "inventory":[]
    },
    "253135-0":{
      "refId":"flora_bc_podplant_01",
      "inventory":[]
    },
    "253016-0":{
      "refId":"flora_bc_podplant_01",
      "inventory":[]
    },
    "0-16":{
      "refId":"rat",
      "location":{
        "posX":-36102.484375,
        "posZ":-13.589840888977,
        "posY":-24574.7734375,
        "rotX":-0.043181825429201,
        "rotY":0,
        "rotZ":-0.11464262008667
      },
      "stats":{
        "healthCurrent":23,
        "magickaCurrent":10,
        "healthModified":23,
        "fatigueBase":300,
        "fatigueModified":300,
        "healthBase":23,
        "magickaModified":10,
        "magickaBase":10,
        "fatigueCurrent":300
      }
    },
    "253342-0":{
      "refId":"flora_bc_shelffungus_03",
      "inventory":[{
          "refId":"ingred_bc_hypha_facia",
          "count":1,
          "charge":-1,
          "enchantmentCharge":-1,
          "soul":""
        }]
    },
    "253306-0":{
      "refId":"flora_bc_mushroom_07",
      "inventory":[]
    },
    "253021-0":{
      "refId":"flora_bc_mushroom_08",
      "inventory":[{
          "refId":"ingred_coprinus_01",
          "count":2,
          "charge":-1,
          "enchantmentCharge":-1,
          "soul":""
        }]
    },
    "253032-0":{
      "refId":"flora_bc_mushroom_07",
      "inventory":[{
          "refId":"ingred_coprinus_01",
          "count":1,
          "charge":-1,
          "enchantmentCharge":-1,
          "soul":""
        }]
    },
    "253344-0":{
      "refId":"flora_bc_shelffungus_04",
      "inventory":[{
          "refId":"ingred_bc_hypha_facia",
          "count":1,
          "charge":-1,
          "enchantmentCharge":-1,
          "soul":""
        }]
    },
    "253328-0":{
      "refId":"flora_bc_mushroom_05",
      "inventory":[]
    },
    "253209-0":{
      "refId":"flora_bc_podplant_01",
      "inventory":[{
          "refId":"ingred_bc_ampoule_pod",
          "count":1,
          "charge":-1,
          "enchantmentCharge":-1,
          "soul":""
        }]
    },
    "253208-0":{
      "refId":"flora_bc_podplant_01",
      "inventory":[{
          "refId":"ingred_bc_ampoule_pod",
          "count":1,
          "charge":-1,
          "enchantmentCharge":-1,
          "soul":""
        }]
    },
    "253304-0":{
      "refId":"flora_bc_mushroom_05",
      "inventory":[]
    },
    "253087-0":{
      "refId":"flora_bc_podplant_03",
      "inventory":[{
          "refId":"ingred_bc_coda_flower",
          "count":1,
          "charge":-1,
          "enchantmentCharge":-1,
          "soul":""
        }]
    },
    "253088-0":{
      "refId":"flora_bc_podplant_01",
      "inventory":[{
          "refId":"ingred_bc_ampoule_pod",
          "count":1,
          "charge":-1,
          "enchantmentCharge":-1,
          "soul":""
        }]
    },
    "253034-0":{
      "refId":"flora_bc_podplant_01",
      "inventory":[{
          "refId":"ingred_bc_ampoule_pod",
          "count":1,
          "charge":-1,
          "enchantmentCharge":-1,
          "soul":""
        }]
    },
    "253294-0":{
      "refId":"flora_bc_shelffungus_04",
      "inventory":[{
          "refId":"ingred_bc_hypha_facia",
          "count":1,
          "charge":-1,
          "enchantmentCharge":-1,
          "soul":""
        }]
    },
    "253207-0":{
      "refId":"flora_bc_podplant_03",
      "inventory":[{
          "refId":"ingred_bc_coda_flower",
          "count":1,
          "charge":-1,
          "enchantmentCharge":-1,
          "soul":""
        }]
    },
    "0-20":{
      "refId":"scrib",
      "location":{
        "posX":-34975.0859375,
        "posZ":-40.695289611816,
        "posY":-20970.76953125,
        "rotX":-1.1984465122223,
        "rotY":0,
        "rotZ":-0.51415061950684
      },
      "stats":{
        "healthCurrent":8,
        "magickaCurrent":12,
        "healthModified":8,
        "fatigueBase":300,
        "fatigueModified":300,
        "healthBase":8,
        "magickaModified":12,
        "magickaBase":12,
        "fatigueCurrent":299.95834350586
      }
    },
    "253345-0":{
      "refId":"flora_bc_shelffungus_04",
      "inventory":[{
          "refId":"ingred_bc_hypha_facia",
          "count":1,
          "charge":-1,
          "enchantmentCharge":-1,
          "soul":""
        }]
    },
    "253136-0":{
      "refId":"flora_bc_podplant_01",
      "inventory":[{
          "refId":"ingred_bc_ampoule_pod",
          "count":1,
          "charge":-1,
          "enchantmentCharge":-1,
          "soul":""
        }]
    },
    "0-19":{
      "refId":"rat",