{
  "packets":{
    "actorList":["0-840","0-842","0-845","0-847","0-846","0-848","0-2112","0-844","0-843"],
    "ai":[],
    "cellChangeFrom":[],
    "cellChangeTo":[],
    "container":["475567-0","475568-0","475569-0","475570-0","475571-0","475572-0","475573-0","475574-0","475575-0","475576-0","475577-0","475578-0","475579-0","475580-0","475581-0","475582-0","475583-0","475584-0","475585-0","475586-0","475587-0"],
    "death":[],
    "delete":[],
    "doorState":[],
    "equipment":[],
    "lock":[],
    "place":[],
    "position":["0-840","0-842","0-845","0-847","0-846","0-848","0-2112","0-844","0-843"],
    "scale":[],
    "spawn":["0-840","0-842","0-845","0-847","0-846","0-848","0-2112","0-844","0-843"],
    "state":[],
    "statsDynamic":["0-840","0-842","0-845","0-847","0-846","0-848","0-2112","0-844","0-843"],
    "trap":[]
  },
  "entry":{
    "creationTime":1568770615,
    "description":"-6, 7"
  },
  "lastVisit":{
    "Dizzy":1569471055
  },
  "recordLinks":[],
  "objectData":{
    "0-843":{
      "refId":"nix-hound",
      "location":{
        "posX":-49060.8203125,
        "posZ":1697.9594726563,
        "posY":62204.484375,
        "rotX":-0.066105522215366,
        "rotY":0,
        "rotZ":2.4042007923126
      },
      "stats":{
        "healthCurrent":23,
        "magickaCurrent":10,
        "healthModified":23,
        "fatigueBase":400,
        "fatigueModified":400,
        "healthBase":23,
        "magickaModified":10,
        "magickaBase":10,
        "fatigueCurrent":400
      }
    },
    "0-846":{
      "refId":"netch_bull",
      "location":{
        "posX":-44193.6875,
        "posZ":3383.5246582031,
        "posY":58301.4609375,
        "rotX":0,
        "rotY":0,
        "rotZ":-0.17559218406677
      },
      "stats":{
        "healthCurrent":45,
        "magickaCurrent":100,
        "fatigueModified":400,
        "fatigueBase":400,
        "healthBase":45,
        "healthModified":45,
        "magickaModified":100,
        "magickaBase":100,
        "fatigueCurrent":400
      }
    },
    "0-840":{
      "refId":"scrib",
      "location":{
        "posX":-45909.640625,
        "posZ":1927.0889892578,
        "posY":62149.5390625,
        "rotX":-0.85393738746643,
        "rotY":0,
        "rotZ":-2.337189912796
      },
      "stats":{
        "healthCurrent":8,
        "magickaCurrent":12,
        "healthModified":8,
        "fatigueBase":300,
        "fatigueModified":300,
        "healthBase":8,
        "magickaModified":12,
        "magickaBase":12,
        "fatigueCurrent":300
      }
    },
    "475580-0":{
      "refId":"flora_kreshweed_02",
      "inventory":[{
          "refId":"ingred_kresh_fiber_01",
          "count":1,
          "charge":-1,
          "enchantmentCharge":-1,
          "soul":""
        }]
    },
    "475572-0":{
      "refId":"flora_stoneflower_02",
      "inventory":[]
    },
    "475573-0":{
      "refId":"flora_stoneflower_02",
      "inventory":[{
          "refId":"ingred_stoneflower_petals_01",
          "count":1,
          "charge":-1,
          "enchantmentCharge":-1,
          "soul":""
        }]
    },
    "475579-0":{
      "refId":"flora_kreshweed_01",
      "inventory":[{
          "refId":"ingred_kresh_fiber_01",
          "count":1,
          "charge":-1,
          "enchantmentCharge":-1,
          "soul":""
        }]
    },
    "0-2112":{
      "refId":"scrib diseased",
      "location":{
        "posX":-49151.69921875,
        "posZ":2098.8645019531,
        "posY":64548.9140625,
        "rotX":0.54651629924774,
        "rotY":0,
        "rotZ":1.2865560054779
      },
      "stats":{
        "healthCurrent":8,
        "magickaCurrent":12,
        "healthModified":8,
        "fatigueBase":68,
        "fatigueModified":68,
        "healthBase":8,
        "magickaModified":12,
        "magickaBase":12,
        "fatigueCurrent":68
      }
    },
    "0-847":{
      "refId":"rat_blighted",
      "location":{
        "posX":-41105.484375,
        "posZ":4213.4545898438,
        "posY":63680.75390625,
        "rotX":0.036482237279415,
        "rotY":0,
        "rotZ":-0.081729888916016
      },
      "stats":{
        "healthCurrent":45,
        "magickaCurrent":10,
        "healthModified":45,
        "fatigueBase":79,
        "fatigueModified":79,
        "healthBase":45,
        "magickaModified":10,
        "magickaBase":10,
        "fatigueCurrent":79
      }
    },
    "475583-0":{
      "refId":"flora_roobrush_02",
      "inventory":[{
          "refId":"ingred_roobrush_01",
          "count":1,
          "charge":-1,
          "enchantmentCharge":-1,
          "soul":""
        }]
    },
    "475568-0":{
      "refId":"flora_stoneflower_01",
      "inventory":[{
          "refId":"ingred_stoneflower_petals_01",
          "count":1,
          "charge":-1,
          "enchantmentCharge":-1,
          "soul":""
        }]
    },
    "475567-0":{
      "refId":"flora_stoneflower_01",
      "inventory":[{
          "refId":"ingred_stoneflower_petals_01",
          "count":1,
          "charge":-1,
          "enchantmentCharge":-1,
          "soul":""
        }]
    },
    "475569-0":{
      "refId":"flora_stoneflower_02",
      "inventory":[{
          "refId":"ingred_stoneflower_petals_01",
          "count":1,
          "charge":-1,
          "enchantmentCharge":-1,
          "soul":""
        }]
    },
    "475586-0":{
      "refId":"flora_roobrush_02",
      "inventory":[{
          "refId":"ingred_roobrush_01",
          "count":1,
          "charge":-1,
          "enchantmentCharge":-1,
          "soul":""
        }]
    },
    "475578-0":{
      "refId":"flora_stoneflower_01",
      "inventory":[]
    },
    "475571-0":{
      "refId":"flora_stoneflower_01",
      "inventory":[{
          "refId":"ingred_stoneflower_petals_01",
          "count":1,
          "charge":-1,
          "enchantmentCharge":-1,
          "soul":""
        }]
    },
    "475576-0":{
      "refId":"flora_stoneflower_01",
      "inventory":[{
          "refId":"ingred_stoneflower_petals_01",
          "count":1,
          "charge":-1,
          "enchantmentCharge":-1,
          "soul":""
        }]
    },
    "475577-0":{
      "refId":"flora_stoneflower_02",
      "inventory":[{
          "refId":"ingred_stoneflower_petals_01",
          "count":1,
          "charge":-1,
          "enchantmentCharge":-1,
          "soul":""
        }]
    },
    "475582-0":{
      "refId":"flora_kreshweed_03",
      "inventory":[]
    },
    "475570-0":{
      "refId":"flora_stoneflower_01",
      "inventory":[{
          "refId":"ingred_stoneflower_petals_01",
          "count":1,
          "charge":-1,
          "enchantmentCharge":-1,
          "soul":""
        }]
    },
    "0-842":{
      "refId":"scrib diseased",
      "location":{
        "posX":-45733.09765625,
        "posZ":2220.3408203125,
        "posY":59631.2421875,
        "rotX":1.4402346611023,
        "rotY":0,
        "rotZ":2.7573959827423
      },
      "stats":{
        "healthCurrent":8,
        "magickaCurrent":12,
        "healthModified":8,
        "fatigueBase":64,
        "fatigueModified":64,
        "healthBase":8,
        "magickaModified":12,
        "magickaBase":12,
        "fatigueCurrent":64
      }
    },
    "0-845":{
      "refId":"scrib diseased",
      "location":{
        "posX":-43496.44140625,
        "posZ":3090.3022460938,
        "posY":60511.54296875,
        "rotX":0.55473285913467,
        "rotY":0,
        "rotZ":2.7610862255096
      },
      "stats":{
        "healthCurrent":8,
        "magickaCurrent":12,
        "healthModified":8,
        "fatigueBase":74,
        "fatigueModified":74,
        "healthBase":8,
        "magickaModified":12,
        "magickaBase":12,
        "fatigueCurrent":74
      }
    },
    "475575-0":{
      "refId":"flora_stoneflower_01",
      "inventory":[{
          "refId":"ingred_stoneflower_petals_01",
          "count":1,
          "charge":-1,