{
  "packets":{
    "actorList":["0-1842","0-1843","0-1844","0-1846","0-1847","0-1848","0-1849","0-1850","355327-0","0-1845"],
    "ai":[],
    "cellChangeFrom":[],
    "cellChangeTo":[],
    "container":["230297-0","230298-0","230299-0","230300-0","230301-0","230302-0","230361-0","230362-0","230363-0","230365-0","230366-0","230367-0","230368-0","230369-0","230370-0","230373-0","230383-0","230384-0","230423-0","230424-0","230425-0","230449-0","230450-0","230451-0","230457-0","230463-0","230487-0","230488-0","230489-0","230532-0","230533-0","230538-0","230539-0","230555-0","230556-0","230557-0","230558-0","230597-0","230611-0","230612-0","230618-0","230619-0","236581-0","236582-0","236583-0","236584-0","355327-0","0-1843"],
    "death":["0-1843"],
    "delete":[],
    "doorState":[],
    "equipment":[],
    "lock":[],
    "place":[],
    "position":["355327-0","0-1842","0-1843","0-1844","0-1846","0-1847","0-1848","0-1849","0-1850","0-1845"],
    "scale":[],
    "spawn":["0-1842","0-1843","0-1844","0-1846","0-1847","0-1848","0-1849","0-1850","0-1845"],
    "state":[],
    "statsDynamic":["355327-0","0-1842","0-1843","0-1844","0-1846","0-1847","0-1848","0-1849","0-1850","0-1845"],
    "trap":[]
  },
  "entry":{
    "creationTime":1569000491,
    "description":"-7, 1"
  },
  "lastVisit":{
    "Tanis":1569179134
  },
  "recordLinks":[],
  "objectData":{
    "230370-0":{
      "refId":"flora_bc_mushroom_02",
      "inventory":[{
          "refId":"ingred_russula_01",
          "count":2,
          "charge":-1,
          "enchantmentCharge":-1,
          "soul":""
        }]
    },
    "230384-0":{
      "refId":"flora_bc_shelffungus_03",
      "inventory":[{
          "refId":"ingred_bc_hypha_facia",
          "count":1,
          "charge":-1,
          "enchantmentCharge":-1,
          "soul":""
        }]
    },
    "230363-0":{
      "refId":"flora_bc_podplant_01",
      "inventory":[]
    },
    "355327-0":{
      "refId":"slaughterfish",
      "location":{
        "posX":-49694.578125,
        "posZ":-62.523910522461,
        "posY":9939.23828125,
        "rotX":0,
        "rotY":0,
        "rotZ":2.2000000476837
      },
      "stats":{
        "healthCurrent":23,
        "magickaCurrent":10,
        "healthModified":23,
        "fatigueBase":400,
        "fatigueModified":400,
        "healthBase":23,
        "magickaModified":10,
        "magickaBase":10,
        "fatigueCurrent":399.5
      },
      "inventory":[]
    },
    "230612-0":{
      "refId":"flora_bc_mushroom_06",
      "inventory":[{
          "refId":"ingred_coprinus_01",
          "count":1,
          "charge":-1,
          "enchantmentCharge":-1,
          "soul":""
        }]
    },
    "230423-0":{
      "refId":"flora_bc_mushroom_05",
      "inventory":[{
          "refId":"ingred_russula_01",
          "count":1,
          "charge":-1,
          "enchantmentCharge":-1,
          "soul":""
        }]
    },
    "230451-0":{
      "refId":"flora_bc_mushroom_07",
      "inventory":[{
          "refId":"ingred_coprinus_01",
          "count":1,
          "charge":-1,
          "enchantmentCharge":-1,
          "soul":""
        }]
    },
    "230367-0":{
      "refId":"flora_bc_mushroom_06",
      "inventory":[{
          "refId":"ingred_coprinus_01",
          "count":1,
          "charge":-1,
          "enchantmentCharge":-1,
          "soul":""
        }]
    },
    "230300-0":{
      "refId":"flora_bc_podplant_01",
      "inventory":[]
    },
    "236582-0":{
      "refId":"flora_bc_mushroom_01",
      "inventory":[{
          "refId":"ingred_russula_01",
          "count":1,
          "charge":-1,
          "enchantmentCharge":-1,
          "soul":""
        }]
    },
    "0-1844":{
      "refId":"dreugh",
      "location":{
        "posX":-52905.9921875,
        "posZ":-161.18659973145,
        "posY":9407.1201171875,
        "rotX":0,
        "rotY":0,
        "rotZ":-2.3074524402618
      },
      "stats":{
        "healthCurrent":60,
        "magickaCurrent":75,
        "healthModified":60,
        "fatigueBase":400,
        "fatigueModified":400,
        "healthBase":60,
        "magickaModified":75,
        "magickaBase":75,
        "fatigueCurrent":399.94494628906
      }
    },
    "230538-0":{
      "refId":"flora_bc_mushroom_04",
      "inventory":[{
          "refId":"ingred_russula_01",
          "count":2,
          "charge":-1,
          "enchantmentCharge":-1,
          "soul":""
        }]
    },
    "230302-0":{
      "refId":"flora_bc_podplant_03",
      "inventory":[{
          "refId":"ingred_bc_coda_flower",
          "count":1,
          "charge":-1,
          "enchantmentCharge":-1,
          "soul":""
        }]
    },
    "230533-0":{
      "refId":"flora_bc_shelffungus_02",
      "inventory":[{
          "refId":"ingred_bc_bungler's_bane",
          "count":1,
          "charge":-1,
          "enchantmentCharge":-1,
          "soul":""
        }]
    },
    "230488-0":{
      "refId":"flora_bc_shelffungus_04",
      "inventory":[{
          "refId":"ingred_bc_hypha_facia",
          "count":1,
          "charge":-1,
          "enchantmentCharge":-1,
          "soul":""
        }]
    },
    "230619-0":{
      "refId":"flora_bc_mushroom_06",
      "inventory":[{
          "refId":"ingred_coprinus_01",
          "count":1,
          "charge":-1,
          "enchantmentCharge":-1,
          "soul":""
        }]
    },
    "230361-0":{
      "refId":"flora_bc_podplant_03",
      "inventory":[{
          "refId":"ingred_bc_coda_flower",
          "count":1,
          "charge":-1,
          "enchantmentCharge":-1,
          "soul":""
        }]
    },
    "230532-0":{
      "refId":"flora_bc_shelffungus_02",
      "inventory":[{
          "refId":"ingred_bc_bungler's_bane",
          "count":1,
          "charge":-1,
          "enchantmentCharge":-1,
          "soul":""
        }]
    },
    "236584-0":{
      "refId":"flora_bc_mushroom_07",
      "inventory":[{
          "refId":"ingred_coprinus_01",
          "count":1,
          "charge":-1,
          "enchantmentCharge":-1,
          "soul":""
        }]
    },
    "0-1845":{
      "refId":"dreugh",
      "location":{
        "posX":-54766.3125,
        "posZ":-149.54258728027,
        "posY":8201.0263671875,
        "rotX":0,
        "rotY":0,
        "rotZ":-0.39533352851868
      },
      "stats":{
        "healthCurrent":60,
        "magickaCurrent":75,
        "healthModified":60,
        "fatigueBase":400,
        "fatigueModified":400,
        "healthBase":60,
        "magickaModified":75,
        "magickaBase":75,
        "fatigueCurrent":399.94494628906
      }
    },
    "230301-0":{
      "refId":"flora_bc_podplant_02",
      "inventory":[{
          "refId":"ingred_bc_ampoule_pod",
          "count":1,
          "charge":-1,
          "enchantmentCharge":-1,
          "soul":""
        }]
    },
    "230362-0":{
      "refId":"flora_bc_podplant_01",
      "inventory":[{
          "refId":"ingred_bc_ampoule_pod",
          "count":1,
          "charge":-1,
          "enchantmentCharge":-1,
          "soul":""
        }]
    },
    "230449-0":{
      "refId":"flora_bc_mushroom_05",
      "inventory":[{
          "refId":"ingred_russula_01",
          "count":1,
          "charge":-1,
          "enchantmentCharge":-1,
          "soul":""
        }]
    },
    "230369-0":{
      "refId":"flora_bc_mushroom_06",
      "inventory":[]
    },
    "0-1843":{
      "refId":"netch_betty",
      "location":{
        "posX":-50479.1328125,
        "posZ":357.92639160156,
        "posY":8589.0771484375,
        "rotX":0.0069196224212646,
        "rotY":0,
        "rotZ":0.085095167160034
      },
      "stats":{
        "healthCurrent":0,
        "magickaCurrent":75,
        "healthModified":113,
        "fatigueBase":500,
        "fatigueModified":500,
        "healthBase":113,
        "magickaModified":75,
        "magickaBase":75,
        "fatigueCurrent":500
      },
      "inventory":[],