{
  "packets":{
    "actorList":["0-2076","0-2077","76979-0","76981-0","76982-0","76983-0","76984-0"],
    "ai":[],
    "cellChangeFrom":[],
    "cellChangeTo":[],
    "container":["324013-0","324014-0","324016-0","324017-0","324020-0","324021-0","475675-0","475676-0","475677-0","475678-0","475679-0","475680-0","475681-0","475682-0","475683-0","475684-0","475685-0","475686-0","475687-0","475688-0","475689-0","475690-0","475691-0","475692-0","475693-0","475696-0","475697-0","475698-0","475699-0","475700-0","475701-0","475702-0","475703-0","76979-0","76981-0","76982-0","76983-0","76984-0"],
    "death":[],
    "delete":[],
    "doorState":[],
    "equipment":["76979-0"],
    "lock":[],
    "place":[],
    "position":["76979-0","76981-0","76982-0","76983-0","76984-0","0-2076","0-2077"],
    "scale":[],
    "spawn":["0-2076","0-2077"],
    "state":[],
    "statsDynamic":["76979-0","76981-0","76982-0","76983-0","76984-0","0-2076","0-2077"],
    "trap":[]
  },
  "entry":{
    "creationTime":1569007596,
    "description":"-7, 6"
  },
  "lastVisit":{
    "Dizzy":1569471051
  },
  "recordLinks":[],
  "objectData":{
    "0-2076":{
      "refId":"cliff racer",
      "location":{
        "posX":-55991.4921875,
        "posZ":2597.3720703125,
        "posY":52195.4140625,
        "rotX":0.019214197993279,
        "rotY":0,
        "rotZ":-0.034057378768921
      },
      "stats":{
        "healthCurrent":45,
        "magickaCurrent":20,
        "healthModified":45,
        "fatigueBase":400,
        "fatigueModified":400,
        "healthBase":45,
        "magickaModified":20,
        "magickaBase":20,
        "fatigueCurrent":400
      }
    },
    "475677-0":{
      "refId":"flora_kreshweed_01",
      "inventory":[{
          "refId":"ingred_kresh_fiber_01",
          "count":1,
          "charge":-1,
          "enchantmentCharge":-1,
          "soul":""
        }]
    },
    "475696-0":{
      "refId":"flora_stoneflower_01",
      "inventory":[]
    },
    "475688-0":{
      "refId":"flora_kreshweed_03",
      "inventory":[{
          "refId":"ingred_kresh_fiber_01",
          "count":1,
          "charge":-1,
          "enchantmentCharge":-1,
          "soul":""
        }]
    },
    "475689-0":{
      "refId":"flora_bittergreen_pod_01",
      "inventory":[]
    },
    "76981-0":{
      "refId":"guar",
      "location":{
        "posX":-51925.1171875,
        "posZ":1492.2287597656,
        "posY":51483.77734375,
        "rotX":0.04056803882122,
        "rotY":0,
        "rotZ":1.7600219249725
      },
      "stats":{
        "healthCurrent":38,
        "magickaCurrent":5,
        "healthModified":38,
        "fatigueBase":400,
        "fatigueModified":400,
        "healthBase":38,
        "magickaModified":5,
        "magickaBase":5,
        "fatigueCurrent":400
      },
      "inventory":[]
    },
    "76983-0":{
      "refId":"guar",
      "location":{
        "posX":-51356.140625,
        "posZ":1619.7854003906,
        "posY":50856.48828125,
        "rotX":-0.11876215040684,
        "rotY":0,
        "rotZ":1.3952043056488
      },
      "stats":{
        "healthCurrent":38,
        "magickaCurrent":5,
        "healthModified":38,
        "fatigueBase":400,
        "fatigueModified":400,
        "healthBase":38,
        "magickaModified":5,
        "magickaBase":5,
        "fatigueCurrent":400
      },
      "inventory":[{
          "refId":"ingred_guar_hide_01",
          "count":1,
          "charge":-1,
          "enchantmentCharge":-1,
          "soul":""
        }]
    },
    "475684-0":{
      "refId":"flora_kreshweed_01",
      "inventory":[{
          "refId":"ingred_kresh_fiber_01",
          "count":1,
          "charge":-1,
          "enchantmentCharge":-1,
          "soul":""
        }]
    },
    "475687-0":{
      "refId":"flora_kreshweed_02",
      "inventory":[{
          "refId":"ingred_kresh_fiber_01",
          "count":1,
          "charge":-1,
          "enchantmentCharge":-1,
          "soul":""
        }]
    },
    "475680-0":{
      "refId":"flora_chokeweed_02",
      "inventory":[{
          "refId":"ingred_chokeweed_01",
          "count":1,
          "charge":-1,
          "enchantmentCharge":-1,
          "soul":""
        }]
    },
    "324017-0":{
      "refId":"flora_chokeweed_02",
      "inventory":[{
          "refId":"ingred_chokeweed_01",
          "count":1,
          "charge":-1,
          "enchantmentCharge":-1,
          "soul":""
        }]
    },
    "475683-0":{
      "refId":"flora_kreshweed_03",
      "inventory":[{
          "refId":"ingred_kresh_fiber_01",
          "count":1,
          "charge":-1,
          "enchantmentCharge":-1,
          "soul":""
        }]
    },
    "475676-0":{
      "refId":"flora_kreshweed_01",
      "inventory":[]
    },
    "475678-0":{
      "refId":"flora_kreshweed_03",
      "inventory":[{
          "refId":"ingred_kresh_fiber_01",
          "count":1,
          "charge":-1,
          "enchantmentCharge":-1,
          "soul":""
        }]
    },
    "475675-0":{
      "refId":"flora_kreshweed_02",
      "inventory":[{
          "refId":"ingred_kresh_fiber_01",
          "count":1,
          "charge":-1,
          "enchantmentCharge":-1,
          "soul":""
        }]
    },
    "475699-0":{
      "refId":"flora_stoneflower_01",
      "inventory":[{
          "refId":"ingred_stoneflower_petals_01",
          "count":1,
          "charge":-1,
          "enchantmentCharge":-1,
          "soul":""
        }]
    },
    "76979-0":{
      "refId":"drulene falen",
      "location":{
        "posX":-52016.703125,
        "posZ":1459.1398925781,
        "posY":51288.0859375,
        "rotX":0,
        "rotY":0,
        "rotZ":0.36000001430511
      },
      "stats":{
        "healthCurrent":53,
        "magickaCurrent":84,
        "healthModified":53,
        "fatigueBase":175,
        "fatigueModified":175,
        "healthBase":53,
        "magickaModified":84,
        "magickaBase":84,
        "fatigueCurrent":175
      },
      "equipment":[null,null,null,null,null,null,{
          "refId":"common_shoes_01",
          "count":1,
          "charge":-1,
          "enchantmentCharge":-1
        },{
          "refId":"common_shirt_02",
          "count":1,
          "charge":-1,
          "enchantmentCharge":-1
        },null,{
          "refId":"common_skirt_02",
          "count":1,
          "charge":-1,
          "enchantmentCharge":-1
        }],
      "inventory":[{
          "refId":"common_skirt_02",
          "count":1,
          "charge":-1,
          "enchantmentCharge":-1,
          "soul":""
        },{
          "refId":"common_shirt_02",
          "count":1,
          "charge":-1,
          "enchantmentCharge":-1,
          "soul":""
        },{
          "refId":"common_shoes_01",
          "count":1,
          "charge":-1,
          "enchantmentCharge":-1,
          "soul":""
        }]
    },
    "475700-0":{
      "refId":"flora_stoneflower_01",
      "inventory":[{
          "refId":"ingred_stoneflower_petals_01",
          "count":1,
          "charge":-1,
          "enchantmentCharge":-1,
          "soul":""
        }]
    },
    "324013-0":{
      "refId":"urn_01_food",
      "inventory":[{
          "refId":"food_kwama_egg_01",
          "count":3,
          "charge":-1,
          "enchantmentCharge":-1,
          "soul":""
        }]
    },
    "475681-0":{
      "refId":"flora_kreshweed_01",
      "inventory":[]
    },
    "0-2077":{
      "refId":"nix-hound",
      "location":{
        "posX":-56852.453125,
        "posZ":2553.388671875,
        "posY":55422.4453125,
        "rotX":1.1099328994751,
        "rotY":0,
        "rotZ":-2.2229664325714
      },
      "stats":{
        "healthCurrent":23,
        "magickaCurrent":10,
        "healthModified":23,
        "fatigueBase":400,
        "fatigueModified":400,
        "healthBase":23,
        "magickaModified":10,
        "magickaBase":10,
        "fatigueCurrent":400
      }
    },