{
  "packets":{
    "actorList":["193-0","194-0","195-0","196-0","197-0","198-0","199-0","200-0","201-0","202-0","203-0","204-0"],
    "ai":[],
    "cellChangeFrom":[],
    "cellChangeTo":[],
    "container":["237-0","238-0","239-0","240-0","241-0","242-0","243-0","244-0","245-0","193-0","194-0","195-0","196-0","197-0","198-0","199-0","200-0","201-0","202-0","203-0","204-0"],
    "death":[],
    "delete":[],
    "doorState":[],
    "equipment":["193-0","194-0","195-0","196-0","197-0","198-0","199-0","200-0","201-0","202-0","203-0","204-0"],
    "lock":[],
    "place":[],
    "position":["193-0","194-0","195-0","196-0","197-0","198-0","199-0","200-0","201-0","202-0","203-0","204-0"],
    "scale":[],
    "spawn":[],
    "state":[],
    "statsDynamic":["193-0","194-0","195-0","196-0","197-0","198-0","199-0","200-0","201-0","202-0","203-0","204-0"],
    "trap":[]
  },
  "entry":{
    "creationTime":1569211746,
    "description":"-7, -10"
  },
  "lastVisit":{
    "Tanis":1569254380
  },
  "recordLinks":[],
  "objectData":{
    "243-0":{
      "refId":"tramaroot_05",
      "inventory":[{
          "refId":"ingred_trama_root_01",
          "count":1,
          "charge":-1,
          "enchantmentCharge":-1,
          "soul":""
        }]
    },
    "193-0":{
      "refId":"skeleton_fm_grunt",
      "location":{
        "posX":-50217.1328125,
        "posZ":134.77102661133,
        "posY":-77873.328125,
        "rotX":0,
        "rotY":0,
        "rotZ":0.60000014305115
      },
      "stats":{
        "healthCurrent":20,
        "magickaCurrent":30,
        "healthModified":20,
        "fatigueBase":1000,
        "fatigueModified":1000,
        "healthBase":20,
        "magickaModified":30,
        "magickaBase":30,
        "fatigueCurrent":1000
      },
      "equipment":{
        "17":{
          "refId":"iron_shield",
          "count":1,
          "charge":-1,
          "enchantmentCharge":-1
        }
      },
      "inventory":[{
          "refId":"iron_shield",
          "count":1,
          "charge":-1,
          "enchantmentCharge":-1,
          "soul":""
        },{
          "refId":"steel saber",
          "count":1,
          "charge":-1,
          "enchantmentCharge":-1,
          "soul":""
        }]
    },
    "194-0":{
      "refId":"skeleton_fm_grunt",
      "location":{
        "posX":-50274.9609375,
        "posZ":128.69328308105,
        "posY":-77541.0859375,
        "rotX":0,
        "rotY":0,
        "rotZ":0.60000014305115
      },
      "stats":{
        "healthCurrent":20,
        "magickaCurrent":30,
        "healthModified":20,
        "fatigueBase":1000,
        "fatigueModified":1000,
        "healthBase":20,
        "magickaModified":30,
        "magickaBase":30,
        "fatigueCurrent":1000
      },
      "equipment":{
        "17":{
          "refId":"iron_shield",
          "count":1,
          "charge":-1,
          "enchantmentCharge":-1
        }
      },
      "inventory":[{
          "refId":"iron_shield",
          "count":1,
          "charge":-1,
          "enchantmentCharge":-1,
          "soul":""
        },{
          "refId":"steel saber",
          "count":1,
          "charge":-1,
          "enchantmentCharge":-1,
          "soul":""
        }]
    },
    "241-0":{
      "refId":"tramaroot_02",
      "inventory":[{
          "refId":"ingred_trama_root_01",
          "count":1,
          "charge":-1,
          "enchantmentCharge":-1,
          "soul":""
        }]
    },
    "199-0":{
      "refId":"skeleton_fm_archer",
      "location":{
        "posX":-50471.09375,
        "posZ":94.613845825195,
        "posY":-77735.28125,
        "rotX":0,
        "rotY":0,
        "rotZ":0
      },
      "stats":{
        "healthCurrent":10,
        "magickaCurrent":30,
        "healthModified":10,
        "fatigueBase":1000,
        "fatigueModified":1000,
        "healthBase":10,
        "magickaModified":30,
        "magickaBase":30,
        "fatigueCurrent":1000
      },
      "equipment":[],
      "inventory":[{
          "refId":"iron arrow",
          "count":60,
          "charge":-1,
          "enchantmentCharge":-1,
          "soul":""
        },{
          "refId":"long bow",
          "count":1,
          "charge":-1,
          "enchantmentCharge":-1,
          "soul":""
        },{
          "refId":"iron saber",
          "count":1,
          "charge":-1,
          "enchantmentCharge":-1,
          "soul":""
        }]
    },
    "240-0":{
      "refId":"tramaroot_06",
      "inventory":[]
    },
    "238-0":{
      "refId":"tramaroot_06",
      "inventory":[]
    },
    "197-0":{
      "refId":"skeleton_fm_grunt",
      "location":{
        "posX":-50502.3515625,
        "posZ":106.80377197266,
        "posY":-77412.0546875,
        "rotX":0,
        "rotY":0,
        "rotZ":0.60000014305115
      },
      "stats":{
        "healthCurrent":20,
        "magickaCurrent":30,
        "healthModified":20,
        "fatigueBase":1000,
        "fatigueModified":1000,
        "healthBase":20,
        "magickaModified":30,
        "magickaBase":30,
        "fatigueCurrent":1000
      },
      "equipment":{
        "17":{
          "refId":"iron_shield",
          "count":1,
          "charge":-1,
          "enchantmentCharge":-1
        }
      },
      "inventory":[{
          "refId":"iron_shield",
          "count":1,
          "charge":-1,
          "enchantmentCharge":-1,
          "soul":""
        },{
          "refId":"steel saber",
          "count":1,
          "charge":-1,
          "enchantmentCharge":-1,
          "soul":""
        }]
    },
    "195-0":{
      "refId":"skeleton_fm_grunt",
      "location":{
        "posX":-50804.42578125,
        "posZ":81.100639343262,
        "posY":-78199.25,
        "rotX":0,
        "rotY":0,
        "rotZ":0.60000014305115
      },
      "stats":{
        "healthCurrent":20,
        "magickaCurrent":30,
        "healthModified":20,
        "fatigueBase":1000,
        "fatigueModified":1000,
        "healthBase":20,
        "magickaModified":30,
        "magickaBase":30,
        "fatigueCurrent":1000
      },
      "equipment":{
        "17":{
          "refId":"iron_shield",
          "count":1,
          "charge":-1,
          "enchantmentCharge":-1
        }
      },
      "inventory":[{
          "refId":"iron_shield",
          "count":1,
          "charge":-1,
          "enchantmentCharge":-1,
          "soul":""
        },{
          "refId":"steel saber",
          "count":1,
          "charge":-1,
          "enchantmentCharge":-1,
          "soul":""
        }]
    },
    "242-0":{
      "refId":"tramaroot_04",
      "inventory":[]
    },
    "244-0":{
      "refId":"tramaroot_04",
      "inventory":[{
          "refId":"ingred_trama_root_01",
          "count":1,
          "charge":-1,
          "enchantmentCharge":-1,
          "soul":""
        }]
    },
    "196-0":{
      "refId":"skeleton_fm_grunt",
      "location":{
        "posX":-50696.109375,
        "posZ":155.0845489502,
        "posY":-77295.171875,
        "rotX":0,
        "rotY":0,
        "rotZ":0.60000014305115
      },
      "stats":{
        "healthCurrent":20,
        "magickaCurrent":30,
        "healthModified":20,
        "fatigueBase":1000,
        "fatigueModified":1000,
        "healthBase":20,
        "magickaModified":30,
        "magickaBase":30,
        "fatigueCurrent":1000
      },
      "equipment":{
        "17":{
          "refId":"iron_shield",
          "count":1,
          "charge":-1,
          "enchantmentCharge":-1
        }
      },
      "inventory":[{
          "refId":"iron_shield",
          "count":1,
          "charge":-1,
          "enchantmentCharge":-1,
          "soul":""
        },{
          "refId":"steel saber",
          "count":1,
          "charge":-1,
          "enchantmentCharge":-1,
          "soul":""
        }]
    },
    "239-0":{
      "refId":"tramaroot_01",
      "inventory":[{
          "refId":"ingred_trama_root_01",