{
  "packets":{
    "actorList":["0-988","0-989","297843-0","476740-0","274675-0","274676-0"],
    "ai":[],
    "cellChangeFrom":["274675-0","274676-0"],
    "cellChangeTo":[],
    "container":["333755-0","333756-0","333757-0","333758-0","333759-0","333760-0","333761-0","333768-0","333769-0","333770-0","333771-0","333772-0","367569-0","367570-0","470747-0","470748-0","470749-0","470750-0","470751-0","474923-0","474924-0","474928-0","474929-0","474930-0","474931-0","474932-0","297843-0","476740-0","0-988","0-989","274675-0","274676-0"],
    "death":["0-988","0-989","274676-0","274675-0","476740-0"],
    "delete":[],
    "doorState":[],
    "equipment":["297843-0","274675-0","274676-0"],
    "lock":[],
    "place":[],
    "position":["297843-0","476740-0","0-988","0-989","274675-0","274676-0"],
    "scale":[],
    "spawn":["0-988","0-989"],
    "state":[],
    "statsDynamic":["297843-0","476740-0","0-988","0-989","274675-0","274676-0"],
    "trap":[]
  },
  "entry":{
    "creationTime":1568771659,
    "description":"-8, 16"
  },
  "lastVisit":{
    "whisker":1568870360,
    "Dizzy":1569471297,
    "Tanis":1569035308,
    "Dr,Kups":1569001465
  },
  "recordLinks":[],
  "objectData":{
    "0-988":{
      "refId":"scrib",
      "location":{
        "posX":-65021.875,
        "posZ":1011.8291625977,
        "posY":133405.9375,
        "rotX":0.10924308747053,
        "rotY":0,
        "rotZ":-1.1784560680389
      },
      "stats":{
        "healthCurrent":0,
        "magickaCurrent":12,
        "healthModified":8,
        "fatigueBase":300,
        "fatigueModified":300,
        "healthBase":8,
        "magickaModified":12,
        "magickaBase":12,
        "fatigueCurrent":300
      },
      "inventory":[],
      "killer":{
        "player":"Dizzy"
      }
    },
    "297843-0":{
      "refId":"dreamer_talker10",
      "location":{
        "posX":-62925.65625,
        "posZ":696.68414306641,
        "posY":136325.96875,
        "rotX":-0.096027933061123,
        "rotY":0,
        "rotZ":-1.5402472019196
      },
      "stats":{
        "healthCurrent":40,
        "magickaCurrent":80,
        "healthModified":40,
        "fatigueBase":160,
        "fatigueModified":160,
        "healthBase":40,
        "magickaModified":80,
        "magickaBase":80,
        "fatigueCurrent":160
      },
      "equipment":{
        "16":{
          "refId":"chitin club",
          "count":1,
          "charge":-1,
          "enchantmentCharge":-1
        },
        "9":{
          "refId":"common_pants_03",
          "count":1,
          "charge":-1,
          "enchantmentCharge":-1
        }
      },
      "inventory":[{
          "refId":"common_pants_03",
          "count":1,
          "charge":-1,
          "enchantmentCharge":-1,
          "soul":""
        },{
          "refId":"ingred_6th_corprusmeat_01",
          "count":1,
          "charge":-1,
          "enchantmentCharge":-1,
          "soul":""
        },{
          "refId":"chitin club",
          "count":1,
          "charge":-1,
          "enchantmentCharge":-1,
          "soul":""
        }]
    },
    "0-989":{
      "refId":"nix-hound",
      "location":{
        "posX":-64901.2265625,
        "posZ":1029.0092773438,
        "posY":133558.65625,
        "rotX":0.068072266876698,
        "rotY":0,
        "rotZ":-2.3467180728912
      },
      "stats":{
        "healthCurrent":0,
        "magickaCurrent":10,
        "healthModified":23,
        "fatigueBase":400,
        "fatigueModified":400,
        "healthBase":23,
        "magickaModified":10,
        "magickaBase":10,
        "fatigueCurrent":398.93307495117
      },
      "inventory":[{
          "refId":"ingred_hound_meat_01",
          "count":1,
          "charge":-1,
          "enchantmentCharge":-1,
          "soul":""
        }],
      "killer":{
        "player":"Dizzy"
      }
    },
    "333771-0":{
      "refId":"flora_chokeweed_02",
      "inventory":[{
          "refId":"ingred_chokeweed_01",
          "count":1,
          "charge":-1,
          "enchantmentCharge":-1,
          "soul":""
        }]
    },
    "333760-0":{
      "refId":"flora_chokeweed_02",
      "inventory":[]
    },
    "474931-0":{
      "refId":"flora_kreshweed_03",
      "inventory":[{
          "refId":"ingred_kresh_fiber_01",
          "count":1,
          "charge":-1,
          "enchantmentCharge":-1,
          "soul":""
        }]
    },
    "367570-0":{
      "refId":"flora_kreshweed_02",
      "inventory":[{
          "refId":"ingred_kresh_fiber_01",
          "count":1,
          "charge":-1,
          "enchantmentCharge":-1,
          "soul":""
        }]
    },
    "274676-0":{
      "refId":"ainab yassabisun",
      "location":{
        "posX":-58692.546875,
        "posZ":642.16284179688,
        "posY":139110.265625,
        "rotX":0,
        "rotY":0,
        "rotZ":4.6000003814697
      },
      "stats":{
        "healthCurrent":0,
        "magickaCurrent":92,
        "healthModified":103,
        "fatigueBase":221,
        "fatigueModified":221,
        "healthBase":103,
        "magickaModified":92,
        "magickaBase":92,
        "fatigueCurrent":218.63647460938
      },
      "cellChangeFrom":"-7, 17",
      "equipment":{
        "1":{
          "refId":"netch_leather_cuirass",
          "count":1,
          "charge":-1,
          "enchantmentCharge":-1
        },
        "3":{
          "refId":"netch_leather_pauldron_left",
          "count":1,
          "charge":-1,
          "enchantmentCharge":-1
        },
        "4":{
          "refId":"netch_leather_pauldron_right",
          "count":1,
          "charge":-1,
          "enchantmentCharge":-1
        },
        "7":{
          "refId":"netch_leather_boots",
          "count":1,
          "charge":-1,
          "enchantmentCharge":-1
        },
        "8":{
          "refId":"common_shirt_01",
          "count":1,
          "charge":-1,
          "enchantmentCharge":-1
        },
        "9":{
          "refId":"common_pants_05",
          "count":1,
          "charge":-1,
          "enchantmentCharge":-1
        },
        "16":{
          "refId":"chitin club",
          "count":1,
          "charge":-1,
          "enchantmentCharge":-1
        }
      },
      "inventory":[{
          "refId":"netch_leather_boots",
          "count":1,
          "charge":-1,
          "enchantmentCharge":-1,
          "soul":""
        },{
          "refId":"netch_leather_pauldron_right",
          "count":1,
          "charge":-1,
          "enchantmentCharge":-1,
          "soul":""
        },{
          "refId":"netch_leather_pauldron_left",
          "count":1,
          "charge":-1,
          "enchantmentCharge":-1,
          "soul":""
        },{
          "refId":"netch_leather_cuirass",
          "count":1,
          "charge":-1,
          "enchantmentCharge":-1,
          "soul":""
        },{
          "refId":"common_shirt_01",
          "count":1,
          "charge":-1,
          "enchantmentCharge":-1,
          "soul":""
        },{
          "refId":"common_shoes_01",
          "count":1,
          "charge":-1,
          "enchantmentCharge":-1,
          "soul":""
        },{
          "refId":"common_pants_05",
          "count":1,
          "charge":-1,
          "enchantmentCharge":-1,
          "soul":""
        },{
          "refId":"chitin dagger",
          "count":1,
          "charge":-1,
          "enchantmentCharge":-1,
          "soul":""
        },{
          "refId":"chitin club",
          "count":1,
          "charge":-1,
          "enchantmentCharge":-1,
          "soul":""
        }],
      "killer":{
        "player":"Dizzy"
      }
    },
    "333768-0":{
      "refId":"flora_chokeweed_02",
      "inventory":[{
          "refId":"ingred_chokeweed_01",
          "count":1,
          "charge":-1,
          "enchantmentCharge":-1,
          "soul":""
        }]
    },
    "476740-0":{
      "refId":"kwama worker entrance",