{
  "packets":{
    "actorList":["0-2563","0-2564","0-2565","274687-0","274688-0","274689-0"],
    "ai":[],
    "cellChangeFrom":[],
    "cellChangeTo":[],
    "container":["49989-0","49990-0","49991-0","49992-0","49993-0","49994-0","49995-0","49996-0","49997-0","49999-0","50000-0","50001-0","50002-0","50003-0","50004-0","50005-0","274691-0","475007-0","274687-0","274688-0","274689-0"],
    "death":[],
    "delete":[],
    "doorState":[],
    "equipment":["274687-0","274688-0","274689-0"],
    "lock":[],
    "place":[],
    "position":["274687-0","274688-0","274689-0","0-2563","0-2564","0-2565"],
    "scale":[],
    "spawn":["0-2563","0-2564","0-2565"],
    "state":[],
    "statsDynamic":["274687-0","274688-0","274689-0","0-2563","0-2564","0-2565"],
    "trap":[]
  },
  "entry":{
    "creationTime":1569035444,
    "description":"-8, 13"
  },
  "lastVisit":{
    "Tanis":1569035460,
    "Dizzy":1569471258
  },
  "recordLinks":[],
  "objectData":{
    "475007-0":{
      "refId":"flora_kreshweed_01",
      "inventory":[{
          "refId":"ingred_kresh_fiber_01",
          "count":1,
          "charge":-1,
          "enchantmentCharge":-1,
          "soul":""
        }]
    },
    "50001-0":{
      "refId":"flora_chokeweed_02",
      "inventory":[{
          "refId":"ingred_chokeweed_01",
          "count":1,
          "charge":-1,
          "enchantmentCharge":-1,
          "soul":""
        }]
    },
    "0-2565":{
      "refId":"scrib blighted",
      "location":{
        "posX":-64843.046875,
        "posZ":747.98364257813,
        "posY":112862.328125,
        "rotX":-0.4315005838871,
        "rotY":0,
        "rotZ":3.0630362033844
      },
      "stats":{
        "healthCurrent":30,
        "magickaCurrent":12,
        "healthModified":30,
        "fatigueBase":400,
        "fatigueModified":400,
        "healthBase":30,
        "magickaModified":12,
        "magickaBase":12,
        "fatigueCurrent":400
      }
    },
    "0-2564":{
      "refId":"rat_diseased",
      "location":{
        "posX":-59692.59375,
        "posZ":1234.4106445313,
        "posY":106695.578125,
        "rotX":-0.077163591980934,
        "rotY":0,
        "rotZ":2.2975027561188
      },
      "stats":{
        "healthCurrent":23,
        "magickaCurrent":10,
        "healthModified":23,
        "fatigueBase":116,
        "fatigueModified":116,
        "healthBase":23,
        "magickaModified":10,
        "magickaBase":10,
        "fatigueCurrent":116
      }
    },
    "49990-0":{
      "refId":"flora_chokeweed_02",
      "inventory":[{
          "refId":"ingred_chokeweed_01",
          "count":1,
          "charge":-1,
          "enchantmentCharge":-1,
          "soul":""
        }]
    },
    "0-2563":{
      "refId":"kwama forager blighted",
      "location":{
        "posX":-58744.69921875,
        "posZ":1064.9880371094,
        "posY":108267.75,
        "rotX":-0.32908123731613,
        "rotY":0,
        "rotZ":-1.9347589015961
      },
      "stats":{
        "healthCurrent":45,
        "magickaCurrent":100,
        "healthModified":45,
        "fatigueBase":400,
        "fatigueModified":400,
        "healthBase":45,
        "magickaModified":100,
        "magickaBase":100,
        "fatigueCurrent":400
      }
    },
    "49999-0":{
      "refId":"flora_chokeweed_02",
      "inventory":[{
          "refId":"ingred_chokeweed_01",
          "count":1,
          "charge":-1,
          "enchantmentCharge":-1,
          "soul":""
        }]
    },
    "49995-0":{
      "refId":"flora_chokeweed_02",
      "inventory":[{
          "refId":"ingred_chokeweed_01",
          "count":1,
          "charge":-1,
          "enchantmentCharge":-1,
          "soul":""
        }]
    },
    "50005-0":{
      "refId":"flora_chokeweed_02",
      "inventory":[{
          "refId":"ingred_chokeweed_01",
          "count":1,
          "charge":-1,
          "enchantmentCharge":-1,
          "soul":""
        }]
    },
    "50000-0":{
      "refId":"flora_chokeweed_02",
      "inventory":[]
    },
    "49992-0":{
      "refId":"flora_chokeweed_02",
      "inventory":[{
          "refId":"ingred_chokeweed_01",
          "count":1,
          "charge":-1,
          "enchantmentCharge":-1,
          "soul":""
        }]
    },
    "49996-0":{
      "refId":"flora_chokeweed_02",
      "inventory":[{
          "refId":"ingred_chokeweed_01",
          "count":1,
          "charge":-1,
          "enchantmentCharge":-1,
          "soul":""
        }]
    },
    "50002-0":{
      "refId":"flora_chokeweed_02",
      "inventory":[{
          "refId":"ingred_chokeweed_01",
          "count":1,
          "charge":-1,
          "enchantmentCharge":-1,
          "soul":""
        }]
    },
    "49994-0":{
      "refId":"flora_chokeweed_02",
      "inventory":[{
          "refId":"ingred_chokeweed_01",
          "count":1,
          "charge":-1,
          "enchantmentCharge":-1,
          "soul":""
        }]
    },
    "274689-0":{
      "refId":"pilun ashapaladdon",
      "location":{
        "posX":-64386.10546875,
        "posZ":700.52941894531,
        "posY":107723.453125,
        "rotX":-0.076546639204025,
        "rotY":0,
        "rotZ":0.91109824180603
      },
      "stats":{
        "healthCurrent":88,
        "magickaCurrent":90,
        "healthModified":88,
        "fatigueBase":205,
        "fatigueModified":205,
        "healthBase":88,
        "magickaModified":90,
        "magickaBase":90,
        "fatigueCurrent":205
      },
      "equipment":{
        "1":{
          "refId":"netch_leather_boiled_cuirass",
          "count":1,
          "charge":-1,
          "enchantmentCharge":-1
        },
        "6":{
          "refId":"netch_leather_gauntlet_right",
          "count":1,
          "charge":-1,
          "enchantmentCharge":-1
        },
        "7":{
          "refId":"netch_leather_boots",
          "count":1,
          "charge":-1,
          "enchantmentCharge":-1
        },
        "16":{
          "refId":"chitin club",
          "count":1,
          "charge":-1,
          "enchantmentCharge":-1
        },
        "9":{
          "refId":"common_pants_03_c",
          "count":1,
          "charge":-1,
          "enchantmentCharge":-1
        }
      },
      "inventory":[{
          "refId":"netch_leather_gauntlet_right",
          "count":1,
          "charge":-1,
          "enchantmentCharge":-1,
          "soul":""
        },{
          "refId":"netch_leather_boots",
          "count":1,
          "charge":-1,
          "enchantmentCharge":-1,
          "soul":""
        },{
          "refId":"netch_leather_boiled_cuirass",
          "count":1,
          "charge":-1,
          "enchantmentCharge":-1,
          "soul":""
        },{
          "refId":"common_shoes_01",
          "count":1,
          "charge":-1,
          "enchantmentCharge":-1,
          "soul":""
        },{
          "refId":"common_pants_03_c",
          "count":1,
          "charge":-1,
          "enchantmentCharge":-1,
          "soul":""
        },{
          "refId":"chitin club",
          "count":1,
          "charge":-1,
          "enchantmentCharge":-1,
          "soul":""
        }]
    },
    "49993-0":{
      "refId":"flora_chokeweed_02",
      "inventory":[]
    },
    "49991-0":{
      "refId":"flora_chokeweed_02",
      "inventory":[{
          "refId":"ingred_chokeweed_01",
          "count":1,
          "charge":-1,
          "enchantmentCharge":-1,
          "soul":""
        }]
    },
    "274687-0":{
      "refId":"shinammu radansour",
      "location":{
        "posX":-64513.7421875,
        "posZ":711.05786132813,
        "posY":108128.8671875,
        "rotX":0.027585327625275,
        "rotY":0,
        "rotZ":-1.3618404865265
      },
      "stats":{
        "healthCurrent":50,
        "magickaCurrent":88,
        "healthModified":50,
        "fatigueBase":174,
        "fatigueModified":174,
        "healthBase":50,
        "magickaModified":88,
        "magickaBase":88,