{
  "packets":{
    "actorList":["0-978","0-979","0-980","0-981","49928-0","355335-0","0-984"],
    "ai":[],
    "cellChangeFrom":[],
    "cellChangeTo":[],
    "container":["49945-0","49946-0","49947-0","49948-0","49949-0","49950-0","49951-0","49952-0","49953-0","49954-0","333821-0","333822-0","333823-0","333824-0","333825-0","474983-0","474984-0","474985-0","474986-0","474987-0","474997-0","474998-0","474999-0","475000-0","475001-0","475002-0","475003-0","475004-0","475005-0","49928-0","355335-0"],
    "death":[],
    "delete":[],
    "doorState":[],
    "equipment":[],
    "lock":[],
    "place":[],
    "position":["355335-0","49928-0","0-978","0-979","0-980","0-981","0-984"],
    "scale":[],
    "spawn":["0-978","0-979","0-980","0-981","0-984"],
    "state":[],
    "statsDynamic":["355335-0","49928-0","0-978","0-979","0-980","0-981","0-984"],
    "trap":[]
  },
  "entry":{
    "creationTime":1568771659,
    "description":"-8, 14"
  },
  "lastVisit":{
    "Tanis":1568869534,
    "Dizzy":1569471283
  },
  "recordLinks":[],
  "objectData":{
    "49952-0":{
      "refId":"flora_chokeweed_02",
      "inventory":[{
          "refId":"ingred_chokeweed_01",
          "count":1,
          "charge":-1,
          "enchantmentCharge":-1,
          "soul":""
        }]
    },
    "333825-0":{
      "refId":"flora_chokeweed_02",
      "inventory":[{
          "refId":"ingred_chokeweed_01",
          "count":1,
          "charge":-1,
          "enchantmentCharge":-1,
          "soul":""
        }]
    },
    "474999-0":{
      "refId":"flora_muckspunge_02",
      "inventory":[{
          "refId":"ingred_muck_01",
          "count":1,
          "charge":-1,
          "enchantmentCharge":-1,
          "soul":""
        }]
    },
    "474983-0":{
      "refId":"flora_stoneflower_02",
      "inventory":[{
          "refId":"ingred_stoneflower_petals_01",
          "count":1,
          "charge":-1,
          "enchantmentCharge":-1,
          "soul":""
        }]
    },
    "49928-0":{
      "refId":"kagouti",
      "location":{
        "posX":-59344.2890625,
        "posZ":906.76708984375,
        "posY":116406.171875,
        "rotX":0.11750065535307,
        "rotY":0,
        "rotZ":1.4385478496552
      },
      "stats":{
        "healthCurrent":45,
        "magickaCurrent":10,
        "healthModified":45,
        "fatigueBase":400,
        "fatigueModified":400,
        "healthBase":45,
        "magickaModified":10,
        "magickaBase":10,
        "fatigueCurrent":400
      },
      "inventory":[]
    },
    "49953-0":{
      "refId":"flora_chokeweed_02",
      "inventory":[{
          "refId":"ingred_chokeweed_01",
          "count":1,
          "charge":-1,
          "enchantmentCharge":-1,
          "soul":""
        }]
    },
    "475001-0":{
      "refId":"flora_chokeweed_02",
      "inventory":[{
          "refId":"ingred_chokeweed_01",
          "count":1,
          "charge":-1,
          "enchantmentCharge":-1,
          "soul":""
        }]
    },
    "333821-0":{
      "refId":"flora_chokeweed_02",
      "inventory":[{
          "refId":"ingred_chokeweed_01",
          "count":1,
          "charge":-1,
          "enchantmentCharge":-1,
          "soul":""
        }]
    },
    "49950-0":{
      "refId":"flora_chokeweed_02",
      "inventory":[{
          "refId":"ingred_chokeweed_01",
          "count":1,
          "charge":-1,
          "enchantmentCharge":-1,
          "soul":""
        }]
    },
    "475005-0":{
      "refId":"flora_chokeweed_02",
      "inventory":[{
          "refId":"ingred_chokeweed_01",
          "count":1,
          "charge":-1,
          "enchantmentCharge":-1,
          "soul":""
        }]
    },
    "475003-0":{
      "refId":"flora_kreshweed_02",
      "inventory":[{
          "refId":"ingred_kresh_fiber_01",
          "count":1,
          "charge":-1,
          "enchantmentCharge":-1,
          "soul":""
        }]
    },
    "0-981":{
      "refId":"rat_blighted",
      "location":{
        "posX":-60897.203125,
        "posZ":865.24462890625,
        "posY":119652.234375,
        "rotX":-0.2911042869091,
        "rotY":0,
        "rotZ":0.52393412590027
      },
      "stats":{
        "healthCurrent":45,
        "magickaCurrent":10,
        "healthModified":45,
        "fatigueBase":75,
        "fatigueModified":75,
        "healthBase":45,
        "magickaModified":10,
        "magickaBase":10,
        "fatigueCurrent":0.091025337576866
      }
    },
    "49948-0":{
      "refId":"flora_chokeweed_02",
      "inventory":[]
    },
    "474986-0":{
      "refId":"flora_stoneflower_01",
      "inventory":[{
          "refId":"ingred_stoneflower_petals_01",
          "count":1,
          "charge":-1,
          "enchantmentCharge":-1,
          "soul":""
        }]
    },
    "474998-0":{
      "refId":"flora_muckspunge_05",
      "inventory":[{
          "refId":"ingred_muck_01",
          "count":1,
          "charge":-1,
          "enchantmentCharge":-1,
          "soul":""
        }]
    },
    "474997-0":{
      "refId":"flora_muckspunge_06",
      "inventory":[{
          "refId":"ingred_muck_01",
          "count":1,
          "charge":-1,
          "enchantmentCharge":-1,
          "soul":""
        }]
    },
    "475002-0":{
      "refId":"flora_kreshweed_01",
      "inventory":[{
          "refId":"ingred_kresh_fiber_01",
          "count":1,
          "charge":-1,
          "enchantmentCharge":-1,
          "soul":""
        }]
    },
    "475000-0":{
      "refId":"flora_kreshweed_01",
      "inventory":[]
    },
    "0-978":{
      "refId":"kagouti_blighted",
      "location":{
        "posX":-59885.3203125,
        "posZ":842.98150634766,
        "posY":116467.2734375,
        "rotX":0.055414192378521,
        "rotY":0,
        "rotZ":-1.0710966587067
      },
      "stats":{
        "healthCurrent":90,
        "magickaCurrent":10,
        "healthModified":90,
        "fatigueBase":251,
        "fatigueModified":251,
        "healthBase":90,
        "magickaModified":10,
        "magickaBase":10,
        "fatigueCurrent":251
      }
    },
    "475004-0":{
      "refId":"flora_chokeweed_02",
      "inventory":[{
          "refId":"ingred_chokeweed_01",
          "count":1,
          "charge":-1,
          "enchantmentCharge":-1,
          "soul":""
        }]
    },
    "49947-0":{
      "refId":"flora_chokeweed_02",
      "inventory":[{
          "refId":"ingred_chokeweed_01",
          "count":1,
          "charge":-1,
          "enchantmentCharge":-1,
          "soul":""
        }]
    },
    "0-984":{
      "refId":"nix-hound",
      "location":{
        "posX":-62488.30859375,
        "posZ":854.29260253906,
        "posY":122879.9453125,
        "rotX":-0.011635853908956,
        "rotY":0,
        "rotZ":0.24186158180237
      },
      "stats":{
        "healthCurrent":23,
        "magickaCurrent":10,
        "healthModified":23,
        "fatigueBase":400,
        "fatigueModified":400,
        "healthBase":23,
        "magickaModified":10,
        "magickaBase":10,
        "fatigueCurrent":400
      }
    },
    "333824-0":{
      "refId":"flora_chokeweed_02",
      "inventory":[{
          "refId":"ingred_chokeweed_01",
          "count":1,
          "charge":-1,
          "enchantmentCharge":-1,
          "soul":""
        }]
    },
    "0-979":{
      "refId":"kagouti_diseased",
      "location":{
        "posX":-60022.6328125,
        "posZ":-145.04013061523,
        "posY":116102.8515625,
        "rotX":-1.0108704566956,
        "rotY":0,
        "rotZ":-2.7393372058868
      },
      "stats":{
        "healthCurrent":45,
        "magickaCurrent":10,
        "healthModified":45,
        "fatigueBase":272,
        "fatigueModified":272,
        "healthBase":45,
        "magickaModified":10,
        "magickaBase":10,
        "fatigueCurrent":272
      }
    },
    "0-980":{
      "refId":"rat_blighted",
      "location":{
        "posX":-64750.69140625,
        "posZ":832.25469970703,