{
  "packets":{
    "actorList":["0-2555","0-2556","0-2557","0-2558","0-2559","0-2561","0-2562","0-2560"],
    "ai":[],
    "cellChangeFrom":[],
    "cellChangeTo":[],
    "container":["50022-0","50023-0","50024-0","50027-0","50028-0","50029-0","50030-0","50031-0","50050-0","50051-0","50052-0","50053-0","50054-0","50055-0","50056-0","50057-0","50058-0","50062-0","50063-0","50064-0","50065-0","50066-0","50071-0","50072-0","50073-0","50074-0","50075-0","50076-0","50077-0","50078-0","50079-0","50080-0","50081-0","50082-0"],
    "death":[],
    "delete":[],
    "doorState":[],
    "equipment":[],
    "lock":[],
    "place":[],
    "position":["0-2555","0-2556","0-2557","0-2558","0-2559","0-2561","0-2562","0-2560"],
    "scale":[],
    "spawn":["0-2555","0-2556","0-2557","0-2558","0-2559","0-2561","0-2562","0-2560"],
    "state":[],
    "statsDynamic":["0-2555","0-2556","0-2557","0-2558","0-2559","0-2561","0-2562","0-2560"],
    "trap":[]
  },
  "entry":{
    "creationTime":1569035444,
    "description":"-8, 12"
  },
  "lastVisit":{
    "Tanis":1569035460,
    "Dizzy":1569471246
  },
  "recordLinks":[],
  "objectData":{
    "50054-0":{
      "refId":"flora_chokeweed_02",
      "inventory":[{
          "refId":"ingred_chokeweed_01",
          "count":1,
          "charge":-1,
          "enchantmentCharge":-1,
          "soul":""
        }]
    },
    "0-2560":{
      "refId":"netch_betty",
      "location":{
        "posX":-57539.3125,
        "posZ":1168.0152587891,
        "posY":106006.71875,
        "rotX":0.0089088482782245,
        "rotY":0,
        "rotZ":2.1271269321442
      },
      "stats":{
        "healthCurrent":113,
        "magickaCurrent":75,
        "healthModified":113,
        "fatigueBase":500,
        "fatigueModified":500,
        "healthBase":113,
        "magickaModified":75,
        "magickaBase":75,
        "fatigueCurrent":500
      }
    },
    "50077-0":{
      "refId":"flora_chokeweed_02",
      "inventory":[{
          "refId":"ingred_chokeweed_01",
          "count":1,
          "charge":-1,
          "enchantmentCharge":-1,
          "soul":""
        }]
    },
    "50052-0":{
      "refId":"flora_chokeweed_02",
      "inventory":[{
          "refId":"ingred_chokeweed_01",
          "count":1,
          "charge":-1,
          "enchantmentCharge":-1,
          "soul":""
        }]
    },
    "50075-0":{
      "refId":"flora_chokeweed_02",
      "inventory":[{
          "refId":"ingred_chokeweed_01",
          "count":1,
          "charge":-1,
          "enchantmentCharge":-1,
          "soul":""
        }]
    },
    "50030-0":{
      "refId":"flora_chokeweed_02",
      "inventory":[{
          "refId":"ingred_chokeweed_01",
          "count":1,
          "charge":-1,
          "enchantmentCharge":-1,
          "soul":""
        }]
    },
    "0-2558":{
      "refId":"netch_betty",
      "location":{
        "posX":-65093.7890625,
        "posZ":979.01708984375,
        "posY":105443.078125,
        "rotX":-0.001460843719542,
        "rotY":0,
        "rotZ":-1.3911116123199
      },
      "stats":{
        "healthCurrent":113,
        "magickaCurrent":75,
        "healthModified":113,
        "fatigueBase":500,
        "fatigueModified":500,
        "healthBase":113,
        "magickaModified":75,
        "magickaBase":75,
        "fatigueCurrent":500
      }
    },
    "50023-0":{
      "refId":"flora_chokeweed_02",
      "inventory":[{
          "refId":"ingred_chokeweed_01",
          "count":1,
          "charge":-1,
          "enchantmentCharge":-1,
          "soul":""
        }]
    },
    "50079-0":{
      "refId":"flora_chokeweed_02",
      "inventory":[{
          "refId":"ingred_chokeweed_01",
          "count":1,
          "charge":-1,
          "enchantmentCharge":-1,
          "soul":""
        }]
    },
    "50031-0":{
      "refId":"flora_chokeweed_02",
      "inventory":[{
          "refId":"ingred_chokeweed_01",
          "count":1,
          "charge":-1,
          "enchantmentCharge":-1,
          "soul":""
        }]
    },
    "0-2556":{
      "refId":"scrib diseased",
      "location":{
        "posX":-61025.74609375,
        "posZ":1586.517578125,
        "posY":101909.1875,
        "rotX":-0.0087980143725872,
        "rotY":0,
        "rotZ":-0.33566737174988
      },
      "stats":{
        "healthCurrent":8,
        "magickaCurrent":12,
        "healthModified":8,
        "fatigueBase":62,
        "fatigueModified":62,
        "healthBase":8,
        "magickaModified":12,
        "magickaBase":12,
        "fatigueCurrent":62
      }
    },
    "50027-0":{
      "refId":"flora_chokeweed_02",
      "inventory":[{
          "refId":"ingred_chokeweed_01",
          "count":1,
          "charge":-1,
          "enchantmentCharge":-1,
          "soul":""
        }]
    },
    "50074-0":{
      "refId":"flora_chokeweed_02",
      "inventory":[{
          "refId":"ingred_chokeweed_01",
          "count":1,
          "charge":-1,
          "enchantmentCharge":-1,
          "soul":""
        }]
    },
    "0-2559":{
      "refId":"kwama forager",
      "location":{
        "posX":-59839.015625,
        "posZ":1120.091796875,
        "posY":104202.0390625,
        "rotX":-1.3424725532532,
        "rotY":0,
        "rotZ":1.9247996807098
      },
      "stats":{
        "healthCurrent":23,
        "magickaCurrent":15,
        "healthModified":23,
        "fatigueBase":300,
        "fatigueModified":300,
        "healthBase":23,
        "magickaModified":15,
        "magickaBase":15,
        "fatigueCurrent":300
      }
    },
    "50082-0":{
      "refId":"flora_chokeweed_02",
      "inventory":[{
          "refId":"ingred_chokeweed_01",
          "count":1,
          "charge":-1,
          "enchantmentCharge":-1,
          "soul":""
        }]
    },
    "50053-0":{
      "refId":"flora_chokeweed_02",
      "inventory":[{
          "refId":"ingred_chokeweed_01",
          "count":1,
          "charge":-1,
          "enchantmentCharge":-1,
          "soul":""
        }]
    },
    "0-2561":{
      "refId":"kwama forager blighted",
      "location":{
        "posX":-58856.7890625,
        "posZ":1335.6571044922,
        "posY":100452.09375,
        "rotX":-0.057438962161541,
        "rotY":0,
        "rotZ":0.98220372200012
      },
      "stats":{
        "healthCurrent":45,
        "magickaCurrent":100,
        "healthModified":45,
        "fatigueBase":400,
        "fatigueModified":400,
        "healthBase":45,
        "magickaModified":100,
        "magickaBase":100,
        "fatigueCurrent":400
      }
    },
    "50062-0":{
      "refId":"flora_chokeweed_02",
      "inventory":[{
          "refId":"ingred_chokeweed_01",
          "count":1,
          "charge":-1,
          "enchantmentCharge":-1,
          "soul":""
        }]
    },
    "50080-0":{
      "refId":"flora_chokeweed_02",
      "inventory":[{
          "refId":"ingred_chokeweed_01",
          "count":1,
          "charge":-1,
          "enchantmentCharge":-1,
          "soul":""
        }]
    },
    "50024-0":{
      "refId":"flora_chokeweed_02",
      "inventory":[{
          "refId":"ingred_chokeweed_01",
          "count":1,
          "charge":-1,
          "enchantmentCharge":-1,
          "soul":""
        }]
    },
    "50057-0":{
      "refId":"flora_chokeweed_02",
      "inventory":[{
          "refId":"ingred_chokeweed_01",
          "count":1,
          "charge":-1,
          "enchantmentCharge":-1,
          "soul":""
        }]
    },
    "50065-0":{
      "refId":"flora_chokeweed_02",
      "inventory":[]
    },
    "50064-0":{
      "refId":"flora_chokeweed_02",
      "inventory":[{
          "refId":"ingred_chokeweed_01",
          "count":1,
          "charge":-1,
          "enchantmentCharge":-1,
          "soul":""
        }]
    },
    "50076-0":{
      "refId":"flora_chokeweed_02",
      "inventory":[{
          "refId":"ingred_chokeweed_01",
          "count":1,
          "charge":-1,
          "enchantmentCharge":-1,