{
  "packets":{
    "actorList":["0-983","0-985","0-986","0-987","0-1004","0-982","261703-0"],
    "ai":[],
    "cellChangeFrom":[],
    "cellChangeTo":[],
    "container":["49906-0","49907-0","49908-0","49909-0","49910-0","49911-0","49912-0","49913-0","49914-0","49915-0","49916-0","49917-0","49918-0","49919-0","49920-0","49921-0","49922-0","49923-0","49924-0","49925-0","474955-0","474956-0","474957-0","474958-0","474959-0","474960-0","474961-0","474962-0","474963-0","474964-0","474965-0","474966-0","474967-0","474968-0","474969-0","474970-0","474971-0","474972-0","474973-0","474974-0","474975-0","474976-0","474977-0","474978-0","474979-0","474980-0","474981-0","474982-0","261703-0"],
    "death":[],
    "delete":[],
    "doorState":[],
    "equipment":["261703-0"],
    "lock":[],
    "place":[],
    "position":["0-983","0-985","0-986","0-987","0-1004","0-982","261703-0"],
    "scale":[],
    "spawn":["0-983","0-985","0-986","0-987","0-1004","0-982"],
    "state":[],
    "statsDynamic":["0-983","0-985","0-986","0-987","0-1004","0-982","261703-0"],
    "trap":[]
  },
  "entry":{
    "creationTime":1568771659,
    "description":"-8, 15"
  },
  "lastVisit":{
    "whisker":1568771823,
    "Dizzy":1569471288,
    "Tanis":1569035308,
    "Dr,Kups":1569001277
  },
  "recordLinks":[],
  "objectData":{
    "49924-0":{
      "refId":"flora_chokeweed_02",
      "inventory":[{
          "refId":"ingred_chokeweed_01",
          "count":1,
          "charge":-1,
          "enchantmentCharge":-1,
          "soul":""
        }]
    },
    "474969-0":{
      "refId":"flora_stoneflower_02",
      "inventory":[{
          "refId":"ingred_stoneflower_petals_01",
          "count":1,
          "charge":-1,
          "enchantmentCharge":-1,
          "soul":""
        }]
    },
    "474962-0":{
      "refId":"flora_kreshweed_02",
      "inventory":[{
          "refId":"ingred_kresh_fiber_01",
          "count":1,
          "charge":-1,
          "enchantmentCharge":-1,
          "soul":""
        }]
    },
    "0-982":{
      "refId":"netch_bull",
      "location":{
        "posX":-62044.5859375,
        "posZ":1118.9578857422,
        "posY":122883.3125,
        "rotX":0.0020385440438986,
        "rotY":0,
        "rotZ":-0.65004205703735
      },
      "stats":{
        "healthCurrent":45,
        "magickaCurrent":100,
        "healthModified":45,
        "fatigueBase":400,
        "fatigueModified":400,
        "healthBase":45,
        "magickaModified":100,
        "magickaBase":100,
        "fatigueCurrent":400
      }
    },
    "49917-0":{
      "refId":"flora_chokeweed_02",
      "inventory":[{
          "refId":"ingred_chokeweed_01",
          "count":1,
          "charge":-1,
          "enchantmentCharge":-1,
          "soul":""
        }]
    },
    "474977-0":{
      "refId":"flora_stoneflower_02",
      "inventory":[{
          "refId":"ingred_stoneflower_petals_01",
          "count":1,
          "charge":-1,
          "enchantmentCharge":-1,
          "soul":""
        }]
    },
    "474975-0":{
      "refId":"flora_stoneflower_01",
      "inventory":[{
          "refId":"ingred_stoneflower_petals_01",
          "count":1,
          "charge":-1,
          "enchantmentCharge":-1,
          "soul":""
        }]
    },
    "0-986":{
      "refId":"scrib diseased",
      "location":{
        "posX":-63642.07421875,
        "posZ":1523.1500244141,
        "posY":128910.78125,
        "rotX":0.026003293693066,
        "rotY":0,
        "rotZ":2.2227456569672
      },
      "stats":{
        "healthCurrent":8,
        "magickaCurrent":12,
        "healthModified":8,
        "fatigueBase":74,
        "fatigueModified":74,
        "healthBase":8,
        "magickaModified":12,
        "magickaBase":12,
        "fatigueCurrent":74
      }
    },
    "0-983":{
      "refId":"kwama forager blighted",
      "location":{
        "posX":-59665.0625,
        "posZ":1156.3901367188,
        "posY":125013.59375,
        "rotX":0.0078216549009085,
        "rotY":0,
        "rotZ":1.4801986217499
      },
      "stats":{
        "healthCurrent":45,
        "magickaCurrent":100,
        "healthModified":45,
        "fatigueBase":400,
        "fatigueModified":400,
        "healthBase":45,
        "magickaModified":100,
        "magickaBase":100,
        "fatigueCurrent":400
      }
    },
    "49923-0":{
      "refId":"flora_chokeweed_02",
      "inventory":[{
          "refId":"ingred_chokeweed_01",
          "count":1,
          "charge":-1,
          "enchantmentCharge":-1,
          "soul":""
        }]
    },
    "474976-0":{
      "refId":"flora_stoneflower_01",
      "inventory":[{
          "refId":"ingred_stoneflower_petals_01",
          "count":1,
          "charge":-1,
          "enchantmentCharge":-1,
          "soul":""
        }]
    },
    "474982-0":{
      "refId":"flora_stoneflower_01",
      "inventory":[{
          "refId":"ingred_stoneflower_petals_01",
          "count":1,
          "charge":-1,
          "enchantmentCharge":-1,
          "soul":""
        }]
    },
    "474965-0":{
      "refId":"flora_stoneflower_02",
      "inventory":[{
          "refId":"ingred_stoneflower_petals_01",
          "count":1,
          "charge":-1,
          "enchantmentCharge":-1,
          "soul":""
        }]
    },
    "474980-0":{
      "refId":"flora_stoneflower_01",
      "inventory":[]
    },
    "49908-0":{
      "refId":"flora_chokeweed_02",
      "inventory":[{
          "refId":"ingred_chokeweed_01",
          "count":1,
          "charge":-1,
          "enchantmentCharge":-1,
          "soul":""
        }]
    },
    "0-987":{
      "refId":"kwama forager blighted",
      "location":{
        "posX":-59317.7265625,
        "posZ":1397.2127685547,
        "posY":130530.6796875,
        "rotX":-0.10058345645666,
        "rotY":0,
        "rotZ":2.0866167545319
      },
      "stats":{
        "healthCurrent":45,
        "magickaCurrent":100,
        "healthModified":45,
        "fatigueBase":400,
        "fatigueModified":400,
        "healthBase":45,
        "magickaModified":100,
        "magickaBase":100,
        "fatigueCurrent":400
      }
    },
    "474955-0":{
      "refId":"flora_kreshweed_02",
      "inventory":[]
    },
    "474981-0":{
      "refId":"flora_stoneflower_02",
      "inventory":[{
          "refId":"ingred_stoneflower_petals_01",
          "count":1,
          "charge":-1,
          "enchantmentCharge":-1,
          "soul":""
        }]
    },
    "474967-0":{
      "refId":"flora_stoneflower_01",
      "inventory":[{
          "refId":"ingred_stoneflower_petals_01",
          "count":1,
          "charge":-1,
          "enchantmentCharge":-1,
          "soul":""
        }]
    },
    "49920-0":{
      "refId":"flora_chokeweed_02",
      "inventory":[{
          "refId":"ingred_chokeweed_01",
          "count":1,
          "charge":-1,
          "enchantmentCharge":-1,
          "soul":""
        }]
    },
    "0-1004":{
      "refId":"kwama forager blighted",
      "location":{
        "posX":-58274.05859375,
        "posZ":1489,
        "posY":130076.625,
        "rotX":0.03904277831316,
        "rotY":0,
        "rotZ":-0.024847030639648
      },
      "stats":{
        "healthCurrent":45,
        "magickaCurrent":100,
        "healthModified":45,
        "fatigueBase":400,
        "fatigueModified":400,
        "healthBase":45,
        "magickaModified":100,
        "magickaBase":100,
        "fatigueCurrent":400
      }
    },
    "261703-0":{
      "refId":"sason",
      "location":{
        "posX":-57455.078125,
        "posZ":1084.9028320313,
        "posY":125421.90625,
        "rotX":-0.040916975587606,
        "rotY":0,
        "rotZ":-1.32967877388
      },
      "stats":{
        "healthCurrent":80,
        "magickaCurrent":72,
        "fatigueModified":190,
        "fatigueBase":190,
        "healthBase":80,
        "healthModified":80,
        "magickaModified":72,
        "magickaBase":72,