{
  "packets":{
    "actorList":["0-2045","0-2046","0-2047","76986-0","76987-0","76988-0","355357-0"],
    "ai":[],
    "cellChangeFrom":["355357-0"],
    "cellChangeTo":["287784-0"],
    "container":["208910-0","208913-0","208914-0","208929-0","208930-0","208931-0","208932-0","208933-0","208935-0","208936-0","208937-0","208938-0","208992-0","208993-0","208994-0","208995-0","208996-0","209050-0","209051-0","209052-0","209054-0","209086-0","209087-0","209089-0","209090-0","209091-0","209092-0","209120-0","209121-0","209122-0","210422-0","210423-0","210424-0","210425-0","210426-0","210430-0","210431-0","230624-0","464234-0","76986-0","76987-0","76988-0","355357-0"],
    "death":[],
    "delete":[],
    "doorState":[],
    "equipment":[],
    "lock":[],
    "place":[],
    "position":["76986-0","76987-0","76988-0","0-2045","0-2046","0-2047","355357-0"],
    "scale":[],
    "spawn":["0-2045","0-2046","0-2047"],
    "state":[],
    "statsDynamic":["76986-0","76987-0","76988-0","0-2045","0-2046","0-2047","355357-0"],
    "trap":[]
  },
  "entry":{
    "creationTime":1569006805,
    "description":"-8, 4"
  },
  "lastVisit":{
    "Dizzy":1569014948
  },
  "recordLinks":[],
  "objectData":{
    "76987-0":{
      "refId":"mudcrab_hrmudcrabnest",
      "location":{
        "posX":-58141.48046875,
        "posZ":177.96844482422,
        "posY":39361.74609375,
        "rotX":-0.07286424189806,
        "rotY":0,
        "rotZ":-1.089763879776
      },
      "stats":{
        "healthCurrent":15,
        "magickaCurrent":10,
        "healthModified":15,
        "fatigueBase":300,
        "fatigueModified":300,
        "healthBase":15,
        "magickaModified":10,
        "magickaBase":10,
        "fatigueCurrent":293.18179321289
      },
      "inventory":[{
          "refId":"ingred_crab_meat_01",
          "count":2,
          "charge":-1,
          "enchantmentCharge":-1,
          "soul":""
        }]
    },
    "210422-0":{
      "refId":"flora_bc_fern_01",
      "inventory":[{
          "refId":"ingred_bc_spore_pod",
          "count":3,
          "charge":-1,
          "enchantmentCharge":-1,
          "soul":""
        }]
    },
    "209054-0":{
      "refId":"flora_bc_fern_01",
      "inventory":[{
          "refId":"ingred_bc_spore_pod",
          "count":3,
          "charge":-1,
          "enchantmentCharge":-1,
          "soul":""
        }]
    },
    "209122-0":{
      "refId":"flora_bc_mushroom_01",
      "inventory":[]
    },
    "209087-0":{
      "refId":"flora_bc_shelffungus_01",
      "inventory":[{
          "refId":"ingred_bc_bungler's_bane",
          "count":1,
          "charge":-1,
          "enchantmentCharge":-1,
          "soul":""
        }]
    },
    "0-2047":{
      "refId":"slaughterfish_small",
      "location":{
        "posX":-63803.6015625,
        "posZ":-125.89207458496,
        "posY":40273.15234375,
        "rotX":0.63962090015411,
        "rotY":0,
        "rotZ":-0.40232110023499
      },
      "stats":{
        "healthCurrent":15,
        "magickaCurrent":10,
        "healthModified":15,
        "fatigueBase":300,
        "fatigueModified":300,
        "healthBase":15,
        "magickaModified":10,
        "magickaBase":10,
        "fatigueCurrent":299.5
      }
    },
    "210423-0":{
      "refId":"flora_bc_shelffungus_03",
      "inventory":[{
          "refId":"ingred_bc_hypha_facia",
          "count":1,
          "charge":-1,
          "enchantmentCharge":-1,
          "soul":""
        }]
    },
    "209051-0":{
      "refId":"flora_bc_mushroom_06",
      "inventory":[{
          "refId":"ingred_coprinus_01",
          "count":1,
          "charge":-1,
          "enchantmentCharge":-1,
          "soul":""
        }]
    },
    "209086-0":{
      "refId":"flora_bc_shelffungus_02",
      "inventory":[{
          "refId":"ingred_bc_bungler's_bane",
          "count":1,
          "charge":-1,
          "enchantmentCharge":-1,
          "soul":""
        }]
    },
    "208913-0":{
      "refId":"flora_bc_shelffungus_02",
      "inventory":[{
          "refId":"ingred_bc_bungler's_bane",
          "count":1,
          "charge":-1,
          "enchantmentCharge":-1,
          "soul":""
        }]
    },
    "210424-0":{
      "refId":"flora_bc_shelffungus_03",
      "inventory":[{
          "refId":"ingred_bc_hypha_facia",
          "count":1,
          "charge":-1,
          "enchantmentCharge":-1,
          "soul":""
        }]
    },
    "209090-0":{
      "refId":"flora_bc_mushroom_08",
      "inventory":[]
    },
    "210426-0":{
      "refId":"flora_bc_shelffungus_04",
      "inventory":[{
          "refId":"ingred_bc_hypha_facia",
          "count":1,
          "charge":-1,
          "enchantmentCharge":-1,
          "soul":""
        }]
    },
    "209091-0":{
      "refId":"flora_bc_mushroom_06",
      "inventory":[]
    },
    "208994-0":{
      "refId":"flora_bc_shelffungus_04",
      "inventory":[{
          "refId":"ingred_bc_hypha_facia",
          "count":1,
          "charge":-1,
          "enchantmentCharge":-1,
          "soul":""
        }]
    },
    "208933-0":{
      "refId":"flora_bc_shelffungus_03",
      "inventory":[{
          "refId":"ingred_bc_hypha_facia",
          "count":1,
          "charge":-1,
          "enchantmentCharge":-1,
          "soul":""
        }]
    },
    "208929-0":{
      "refId":"flora_bc_shelffungus_01",
      "inventory":[{
          "refId":"ingred_bc_bungler's_bane",
          "count":1,
          "charge":-1,
          "enchantmentCharge":-1,
          "soul":""
        }]
    },
    "209092-0":{
      "refId":"flora_bc_mushroom_02",
      "inventory":[]
    },
    "209120-0":{
      "refId":"flora_bc_mushroom_02",
      "inventory":[]
    },
    "208930-0":{
      "refId":"flora_bc_shelffungus_02",
      "inventory":[{
          "refId":"ingred_bc_bungler's_bane",
          "count":1,
          "charge":-1,
          "enchantmentCharge":-1,
          "soul":""
        }]
    },
    "208936-0":{
      "refId":"flora_bc_mushroom_04",
      "inventory":[]
    },
    "464234-0":{
      "refId":"kollop_03_pearl",
      "inventory":[{
          "refId":"ingred_pearl_01",
          "count":1,
          "charge":-1,
          "enchantmentCharge":-1,
          "soul":""
        }]
    },
    "76988-0":{
      "refId":"mudcrab_hrmudcrabnest",
      "location":{
        "posX":-59398.53125,
        "posZ":167.16682434082,
        "posY":38573.16796875,
        "rotX":-0.089217476546764,
        "rotY":0,
        "rotZ":-1.135626077652
      },
      "stats":{
        "healthCurrent":15,
        "magickaCurrent":10,
        "healthModified":15,
        "fatigueBase":300,
        "fatigueModified":300,
        "healthBase":15,
        "magickaModified":10,
        "magickaBase":10,
        "fatigueCurrent":236.96049499512
      },
      "inventory":[{
          "refId":"ingred_crab_meat_01",
          "count":2,
          "charge":-1,
          "enchantmentCharge":-1,
          "soul":""
        }]
    },
    "209121-0":{
      "refId":"flora_bc_mushroom_05",
      "inventory":[]
    },
    "208910-0":{
      "refId":"flora_bc_fern_01",
      "inventory":[{
          "refId":"ingred_bc_spore_pod",
          "count":3,
          "charge":-1,
          "enchantmentCharge":-1,
          "soul":""
        }]
    },
    "209052-0":{
      "refId":"flora_bc_mushroom_07",
      "inventory":[{
          "refId":"ingred_coprinus_01",
          "count":1,
          "charge":-1,
          "enchantmentCharge":-1,
          "soul":""
        }]
    },
    "355357-0":{
      "refId":"slaughterfish",
      "location":{
        "posX":-65531.9296875,
        "posZ":-258.04510498047,
        "posY":36617.5390625,
        "rotX":0,
        "rotY":0,
        "rotZ":2.1766588687897
      },
      "stats":{
        "healthCurrent":23,
        "magickaCurrent":10,
        "fatigueModified":400,
        "fatigueBase":400,
        "healthBase":23,
        "healthModified":23,