{
  "packets":{
    "actorList":["0-2041","0-2042","0-2043","390570-0","390571-0","390572-0","390573-0","389567-0","0-2038","410976-0","363119-0"],
    "ai":[],
    "cellChangeFrom":["389567-0"],
    "cellChangeTo":["355357-0"],
    "container":["209344-0","209345-0","209347-0","209348-0","209349-0","209350-0","209351-0","209352-0","209353-0","210664-0","210665-0","210666-0","210667-0","210668-0","210669-0","210670-0","210671-0","210687-0","210688-0","210689-0","210690-0","210706-0","210716-0","210791-0","210793-0","210794-0","210795-0","210803-0","210805-0","210806-0","389560-0","389561-0","464664-0","482785-0","390570-0","390571-0","390572-0","390573-0","389567-0","410976-0","363119-0"],
    "death":[],
    "delete":[],
    "doorState":[],
    "equipment":["390570-0","390571-0","390572-0","390573-0","363119-0"],
    "lock":[],
    "place":[],
    "position":["390570-0","390571-0","390572-0","390573-0","0-2041","0-2042","0-2043","389567-0","0-2038","410976-0","363119-0"],
    "scale":[],
    "spawn":["0-2041","0-2042","0-2043","0-2038"],
    "state":[],
    "statsDynamic":["390570-0","390571-0","390572-0","390573-0","0-2041","0-2042","0-2043","0-2038","410976-0","389567-0","363119-0"],
    "trap":[]
  },
  "entry":{
    "creationTime":1569006805,
    "description":"-9, 4"
  },
  "lastVisit":{
    "Dizzy":1569014948
  },
  "recordLinks":[],
  "objectData":{
    "210667-0":{
      "refId":"flora_bc_mushroom_03",
      "inventory":[]
    },
    "363119-0":{
      "refId":"duma gro-lag2",
      "location":{
        "posX":-70920.90625,
        "posZ":679.96948242188,
        "posY":40959.15234375,
        "rotX":0.034960377961397,
        "rotY":0,
        "rotZ":-2.840104341507
      },
      "stats":{
        "healthCurrent":76,
        "magickaCurrent":102,
        "healthModified":76,
        "fatigueBase":209,
        "fatigueModified":209,
        "healthBase":76,
        "magickaModified":102,
        "magickaBase":102,
        "fatigueCurrent":209
      },
      "equipment":{
        "7":{
          "refId":"common_shoes_04",
          "count":1,
          "charge":-1,
          "enchantmentCharge":-1
        },
        "8":{
          "refId":"common_shirt_04",
          "count":1,
          "charge":-1,
          "enchantmentCharge":-1
        },
        "12":{
          "refId":"common_ring_04",
          "count":1,
          "charge":-1,
          "enchantmentCharge":-1
        },
        "9":{
          "refId":"expensive_pants_03",
          "count":1,
          "charge":-1,
          "enchantmentCharge":-1
        }
      },
      "inventory":[{
          "refId":"common_ring_04",
          "count":1,
          "charge":-1,
          "enchantmentCharge":-1,
          "soul":""
        },{
          "refId":"common_shirt_04",
          "count":1,
          "charge":-1,
          "enchantmentCharge":-1,
          "soul":""
        },{
          "refId":"common_shoes_04",
          "count":1,
          "charge":-1,
          "enchantmentCharge":-1,
          "soul":""
        },{
          "refId":"expensive_pants_03",
          "count":1,
          "charge":-1,
          "enchantmentCharge":-1,
          "soul":""
        },{
          "refId":"misc_de_lute_01",
          "count":1,
          "charge":-1,
          "enchantmentCharge":-1,
          "soul":""
        }]
    },
    "210669-0":{
      "refId":"flora_bc_podplant_01",
      "inventory":[]
    },
    "209349-0":{
      "refId":"flora_bc_mushroom_05",
      "inventory":[{
          "refId":"ingred_russula_01",
          "count":1,
          "charge":-1,
          "enchantmentCharge":-1,
          "soul":""
        }]
    },
    "210795-0":{
      "refId":"flora_bc_mushroom_01",
      "inventory":[]
    },
    "210688-0":{
      "refId":"flora_bc_mushroom_04",
      "inventory":[]
    },
    "210666-0":{
      "refId":"flora_bc_mushroom_05",
      "inventory":[]
    },
    "210664-0":{
      "refId":"flora_bc_mushroom_08",
      "inventory":[{
          "refId":"ingred_coprinus_01",
          "count":2,
          "charge":-1,
          "enchantmentCharge":-1,
          "soul":""
        }]
    },
    "210690-0":{
      "refId":"flora_bc_mushroom_01",
      "inventory":[]
    },
    "210803-0":{
      "refId":"flora_bc_fern_01",
      "inventory":[{
          "refId":"ingred_bc_spore_pod",
          "count":3,
          "charge":-1,
          "enchantmentCharge":-1,
          "soul":""
        }]
    },
    "210668-0":{
      "refId":"flora_bc_podplant_01",
      "inventory":[]
    },
    "210793-0":{
      "refId":"flora_bc_mushroom_01",
      "inventory":[]
    },
    "210689-0":{
      "refId":"flora_bc_mushroom_08",
      "inventory":[]
    },
    "389560-0":{
      "refId":"barrel_02_floater",
      "inventory":[]
    },
    "464664-0":{
      "refId":"kollop_03_pearl",
      "inventory":[{
          "refId":"ingred_pearl_01",
          "count":1,
          "charge":-1,
          "enchantmentCharge":-1,
          "soul":""
        }]
    },
    "210687-0":{
      "refId":"flora_bc_mushroom_03",
      "inventory":[]
    },
    "210716-0":{
      "refId":"flora_bc_fern_01",
      "inventory":[]
    },
    "209351-0":{
      "refId":"flora_bc_mushroom_07",
      "inventory":[]
    },
    "0-2042":{
      "refId":"slaughterfish_small",
      "location":{
        "posX":-72435.59375,
        "posZ":-173.07608032227,
        "posY":37178.2578125,
        "rotX":5.6494027376175e-06,
        "rotY":0,
        "rotZ":-2.7846806049347
      },
      "stats":{
        "healthCurrent":15,
        "magickaCurrent":10,
        "healthModified":15,
        "fatigueBase":300,
        "fatigueModified":300,
        "healthBase":15,
        "magickaModified":10,
        "magickaBase":10,
        "fatigueCurrent":299.5
      }
    },
    "410976-0":{
      "refId":"cliff racer",
      "location":{
        "posX":-72594,
        "posZ":548.11645507813,
        "posY":40959.9453125,
        "rotX":0,
        "rotY":0,
        "rotZ":0.39998030662537
      },
      "stats":{
        "healthCurrent":45,
        "magickaCurrent":20,
        "healthModified":45,
        "fatigueBase":400,
        "magickaModified":20,
        "fatigueModified":400,
        "healthBase":45,
        "magickaBase":20,
        "fatigueCurrent":400
      },
      "inventory":[]
    },
    "390572-0":{
      "refId":"ugdumph gro-lumbuk",
      "location":{
        "posX":-71386.53125,
        "posZ":903.30798339844,
        "posY":39486.97265625,
        "rotX":0,
        "rotY":0,
        "rotZ":0.69999992847443
      },
      "stats":{
        "healthCurrent":57,
        "magickaCurrent":64,
        "healthModified":57,
        "fatigueBase":200,
        "fatigueModified":200,
        "healthBase":57,
        "magickaModified":64,
        "magickaBase":64,
        "fatigueCurrent":200
      },
      "equipment":[null,null,null,null,null,null,{
          "refId":"common_shoes_03",
          "count":1,
          "charge":-1,
          "enchantmentCharge":-1
        },{
          "refId":"common_shirt_03",
          "count":1,
          "charge":-1,
          "enchantmentCharge":-1
        },{
          "refId":"common_pants_03",
          "count":1,
          "charge":-1,
          "enchantmentCharge":-1
        }],
      "inventory":[{
          "refId":"common_shirt_03",
          "count":1,
          "charge":-1,
          "enchantmentCharge":-1,
          "soul":""
        },{
          "refId":"common_shoes_03",
          "count":1,
          "charge":-1,
          "enchantmentCharge":-1,
          "soul":""
        },{
          "refId":"common_pants_03",
          "count":1,
          "charge":-1,
          "enchantmentCharge":-1,
          "soul":""
        }]
    },
    "210806-0":{
      "refId":"flora_bc_mushroom_07",
      "inventory":[{
          "refId":"ingred_coprinus_01",
          "count":1,
          "charge":-1,
          "enchantmentCharge":-1,
          "soul":""
        }]
    },