{
  "packets":{
    "actorList":["0-1458","0-1459","355351-0","0-1321","0-1457"],
    "ai":[],
    "cellChangeFrom":[],
    "cellChangeTo":[],
    "container":["419146-0","419147-0","419151-0","419156-0","419159-0","419162-0","471952-0","471953-0","471954-0","471958-0","471965-0","471966-0","471967-0","471968-0","471972-0","471973-0","471974-0","471975-0","471976-0","471977-0","471978-0","355351-0"],
    "death":[],
    "delete":[],
    "doorState":[],
    "equipment":[],
    "lock":[],
    "place":[],
    "position":["355351-0","0-1458","0-1459","0-1321","0-1457"],
    "scale":[],
    "spawn":["0-1458","0-1459","0-1321","0-1457"],
    "state":[],
    "statsDynamic":["355351-0","0-1458","0-1459","0-1321","0-1457"],
    "trap":[]
  },
  "entry":{
    "creationTime":1568869451,
    "description":"-9, 11"
  },
  "lastVisit":{
    "Tanis":1569035510,
    "Dizzy":1569471217
  },
  "recordLinks":[],
  "objectData":{
    "471972-0":{
      "refId":"flora_kreshweed_01",
      "inventory":[]
    },
    "0-1459":{
      "refId":"cliff racer_diseased",
      "location":{
        "posX":-69637.78125,
        "posZ":252.93460083008,
        "posY":94945.6640625,
        "rotX":-0.00012231990695,
        "rotY":0,
        "rotZ":1.9524157047272
      },
      "stats":{
        "healthCurrent":45,
        "magickaCurrent":20,
        "healthModified":45,
        "fatigueBase":170,
        "fatigueModified":170,
        "healthBase":45,
        "magickaModified":20,
        "magickaBase":20,
        "fatigueCurrent":170
      }
    },
    "471975-0":{
      "refId":"flora_kreshweed_01",
      "inventory":[{
          "refId":"ingred_kresh_fiber_01",
          "count":1,
          "charge":-1,
          "enchantmentCharge":-1,
          "soul":""
        }]
    },
    "471973-0":{
      "refId":"flora_saltrice_01",
      "inventory":[{
          "refId":"ingred_saltrice_01",
          "count":1,
          "charge":-1,
          "enchantmentCharge":-1,
          "soul":""
        }]
    },
    "355351-0":{
      "refId":"slaughterfish",
      "location":{
        "posX":-71883.2890625,
        "posZ":-42.606128692627,
        "posY":91818.7734375,
        "rotX":0.81360989809036,
        "rotY":0,
        "rotZ":1.0114138126373
      },
      "stats":{
        "healthCurrent":23,
        "magickaCurrent":10,
        "healthModified":23,
        "fatigueBase":400,
        "fatigueModified":400,
        "healthBase":23,
        "magickaModified":10,
        "magickaBase":10,
        "fatigueCurrent":399.93579101563
      },
      "inventory":[{
          "refId":"ingred_scales_01",
          "count":2,
          "charge":-1,
          "enchantmentCharge":-1,
          "soul":""
        }]
    },
    "471974-0":{
      "refId":"flora_saltrice_02",
      "inventory":[]
    },
    "471976-0":{
      "refId":"flora_kreshweed_03",
      "inventory":[{
          "refId":"ingred_kresh_fiber_01",
          "count":1,
          "charge":-1,
          "enchantmentCharge":-1,
          "soul":""
        }]
    },
    "471954-0":{
      "refId":"flora_muckspunge_02",
      "inventory":[{
          "refId":"ingred_muck_01",
          "count":1,
          "charge":-1,
          "enchantmentCharge":-1,
          "soul":""
        }]
    },
    "471977-0":{
      "refId":"flora_kreshweed_01",
      "inventory":[{
          "refId":"ingred_kresh_fiber_01",
          "count":1,
          "charge":-1,
          "enchantmentCharge":-1,
          "soul":""
        }]
    },
    "471965-0":{
      "refId":"flora_kreshweed_01",
      "inventory":[]
    },
    "471978-0":{
      "refId":"flora_kreshweed_01",
      "inventory":[{
          "refId":"ingred_kresh_fiber_01",
          "count":1,
          "charge":-1,
          "enchantmentCharge":-1,
          "soul":""
        }]
    },
    "419156-0":{
      "refId":"kollop_01_pearl",
      "inventory":[]
    },
    "419159-0":{
      "refId":"kollop_02_pearl",
      "inventory":[{
          "refId":"ingred_pearl_01",
          "count":1,
          "charge":-1,
          "enchantmentCharge":-1,
          "soul":""
        }]
    },
    "471958-0":{
      "refId":"flora_kreshweed_01",
      "inventory":[{
          "refId":"ingred_kresh_fiber_01",
          "count":1,
          "charge":-1,
          "enchantmentCharge":-1,
          "soul":""
        }]
    },
    "0-1457":{
      "refId":"cliff racer_diseased",
      "location":{
        "posX":-72167.40625,
        "posZ":609.67120361328,
        "posY":98303.78125,
        "rotX":-0.001683640293777,
        "rotY":0,
        "rotZ":0.071168899536133
      },
      "stats":{
        "healthCurrent":45,
        "magickaCurrent":20,
        "healthModified":45,
        "fatigueBase":170,
        "fatigueModified":170,
        "healthBase":45,
        "magickaModified":20,
        "magickaBase":20,
        "fatigueCurrent":170
      }
    },
    "419151-0":{
      "refId":"kollop_03_pearl",
      "inventory":[{
          "refId":"ingred_pearl_01",
          "count":1,
          "charge":-1,
          "enchantmentCharge":-1,
          "soul":""
        }]
    },
    "471953-0":{
      "refId":"flora_muckspunge_05",
      "inventory":[{
          "refId":"ingred_muck_01",
          "count":1,
          "charge":-1,
          "enchantmentCharge":-1,
          "soul":""
        }]
    },
    "471952-0":{
      "refId":"flora_muckspunge_06",
      "inventory":[{
          "refId":"ingred_muck_01",
          "count":1,
          "charge":-1,
          "enchantmentCharge":-1,
          "soul":""
        }]
    },
    "0-1458":{
      "refId":"cliff racer",
      "location":{
        "posX":-71202.2890625,
        "posZ":281.60711669922,
        "posY":95683.3515625,
        "rotX":1.0986497402191,
        "rotY":0,
        "rotZ":-1.433043718338
      },
      "stats":{
        "healthCurrent":45,
        "magickaCurrent":20,
        "healthModified":45,
        "fatigueBase":400,
        "fatigueModified":400,
        "healthBase":45,
        "magickaModified":20,
        "magickaBase":20,
        "fatigueCurrent":400
      }
    },
    "471967-0":{
      "refId":"flora_muckspunge_05",
      "inventory":[{
          "refId":"ingred_muck_01",
          "count":1,
          "charge":-1,
          "enchantmentCharge":-1,
          "soul":""
        }]
    },
    "419147-0":{
      "refId":"kollop_02_pearl",
      "inventory":[]
    },
    "471968-0":{
      "refId":"flora_muckspunge_02",
      "inventory":[{
          "refId":"ingred_muck_01",
          "count":1,
          "charge":-1,
          "enchantmentCharge":-1,
          "soul":""
        }]
    },
    "0-1321":{
      "refId":"cliff racer",
      "location":{
        "posX":-73725.859375,
        "posZ":1186.4163818359,
        "posY":92781.96875,
        "rotX":0,
        "rotY":0,
        "rotZ":3.0029451847076
      },
      "stats":{
        "healthCurrent":45,
        "magickaCurrent":20,
        "fatigueModified":400,
        "fatigueBase":400,
        "healthBase":45,
        "healthModified":45,
        "magickaModified":20,
        "magickaBase":20,
        "fatigueCurrent":400
      }
    },
    "419162-0":{
      "refId":"kollop_03_pearl",
      "inventory":[]
    },
    "419146-0":{
      "refId":"kollop_01_pearl",
      "inventory":[{
          "refId":"ingred_pearl_01",
          "count":1,
          "charge":-1,
          "enchantmentCharge":-1,
          "soul":""
        }]
    },
    "471966-0":{
      "refId":"flora_muckspunge_06",
      "inventory":[{
          "refId":"ingred_muck_01",
          "count":1,
          "charge":-1,
          "enchantmentCharge":-1,
          "soul":""
        }]
    }
  }
}