{
  "packets":{
    "actorList":["0-2083","0-2084","0-2086","0-2055","0-2053","0-2057","0-2087"],
    "ai":[],
    "cellChangeFrom":[],
    "cellChangeTo":[],
    "container":["44464-0","44465-0","44466-0","44467-0","44468-0","44469-0","44470-0","44471-0","44472-0","44473-0","44474-0","44475-0","44476-0","44477-0","44478-0","44479-0","44480-0","472170-0","472171-0","472173-0","472174-0","472175-0","472176-0"],
    "death":[],
    "delete":[],
    "doorState":[],
    "equipment":[],
    "lock":[],
    "place":[],
    "position":["0-2055","0-2053","0-2057","0-2083","0-2084","0-2086","0-2087"],
    "scale":[],
    "spawn":["0-2083","0-2084","0-2086","0-2055","0-2053","0-2057","0-2087"],
    "state":[],
    "statsDynamic":["0-2055","0-2053","0-2057","0-2083","0-2084","0-2086"],
    "trap":[]
  },
  "entry":{
    "creationTime":1569007659,
    "description":"-9, 6"
  },
  "lastVisit":{
    "Dizzy":1569471006
  },
  "recordLinks":[],
  "objectData":{
    "44477-0":{
      "refId":"tramaroot_02",
      "inventory":[{
          "refId":"ingred_trama_root_01",
          "count":1,
          "charge":-1,
          "enchantmentCharge":-1,
          "soul":""
        }]
    },
    "472175-0":{
      "refId":"contain_trama_shrub_05",
      "inventory":[]
    },
    "44468-0":{
      "refId":"tramaroot_04",
      "inventory":[{
          "refId":"ingred_trama_root_01",
          "count":1,
          "charge":-1,
          "enchantmentCharge":-1,
          "soul":""
        }]
    },
    "44474-0":{
      "refId":"tramaroot_06",
      "inventory":[]
    },
    "0-2053":{
      "refId":"cliff racer_diseased",
      "location":{
        "posX":-67703.5,
        "posZ":3116.6643066406,
        "posY":54344.7265625,
        "rotX":-0.00012527406215668,
        "rotY":0,
        "rotZ":1.6137316226959
      },
      "stats":{
        "healthCurrent":45,
        "magickaCurrent":20,
        "healthModified":45,
        "fatigueBase":170,
        "fatigueModified":170,
        "healthBase":45,
        "magickaModified":20,
        "magickaBase":20,
        "fatigueCurrent":170
      }
    },
    "0-2084":{
      "refId":"rat",
      "location":{
        "posX":-67357.484375,
        "posZ":1274.5434570313,
        "posY":50071.46484375,
        "rotX":-0.32294535636902,
        "rotY":0,
        "rotZ":2.2051031589508
      },
      "stats":{
        "healthCurrent":23,
        "magickaCurrent":10,
        "healthModified":23,
        "fatigueBase":300,
        "fatigueModified":300,
        "healthBase":23,
        "magickaModified":10,
        "magickaBase":10,
        "fatigueCurrent":300
      }
    },
    "44476-0":{
      "refId":"tramaroot_01",
      "inventory":[{
          "refId":"ingred_trama_root_01",
          "count":3,
          "charge":-1,
          "enchantmentCharge":-1,
          "soul":""
        }]
    },
    "44464-0":{
      "refId":"tramaroot_05",
      "inventory":[{
          "refId":"ingred_trama_root_01",
          "count":1,
          "charge":-1,
          "enchantmentCharge":-1,
          "soul":""
        }]
    },
    "0-2055":{
      "refId":"cliff racer_diseased",
      "location":{
        "posX":-66523.09375,
        "posZ":3123.9270019531,
        "posY":53893.484375,
        "rotX":0.013514302670956,
        "rotY":0,
        "rotZ":1.0304477214813
      },
      "stats":{
        "healthCurrent":45,
        "magickaCurrent":20,
        "healthModified":45,
        "fatigueBase":170,
        "fatigueModified":170,
        "healthBase":45,
        "magickaModified":20,
        "magickaBase":20,
        "fatigueCurrent":170
      }
    },
    "44466-0":{
      "refId":"tramaroot_02",
      "inventory":[{
          "refId":"ingred_trama_root_01",
          "count":1,
          "charge":-1,
          "enchantmentCharge":-1,
          "soul":""
        }]
    },
    "44465-0":{
      "refId":"tramaroot_01",
      "inventory":[{
          "refId":"ingred_trama_root_01",
          "count":2,
          "charge":-1,
          "enchantmentCharge":-1,
          "soul":""
        }]
    },
    "472171-0":{
      "refId":"contain_trama_shrub_02",
      "inventory":[{
          "refId":"ingred_trama_root_01",
          "count":3,
          "charge":-1,
          "enchantmentCharge":-1,
          "soul":""
        }]
    },
    "472170-0":{
      "refId":"contain_trama_shrub_01",
      "inventory":[]
    },
    "44473-0":{
      "refId":"tramaroot_04",
      "inventory":[]
    },
    "44471-0":{
      "refId":"tramaroot_02",
      "inventory":[]
    },
    "44467-0":{
      "refId":"tramaroot_03",
      "inventory":[{
          "refId":"ingred_trama_root_01",
          "count":1,
          "charge":-1,
          "enchantmentCharge":-1,
          "soul":""
        }]
    },
    "472173-0":{
      "refId":"contain_trama_shrub_03",
      "inventory":[{
          "refId":"ingred_trama_root_01",
          "count":2,
          "charge":-1,
          "enchantmentCharge":-1,
          "soul":""
        }]
    },
    "0-2087":{
      "refId":"cliff racer",
      "location":{
        "posX":-65536.4453125,
        "posZ":3276.8583984375,
        "posY":54192.3984375,
        "rotX":0.20671263337135,
        "rotY":0,
        "rotZ":1.7547857761383
      }
    },
    "44472-0":{
      "refId":"tramaroot_03",
      "inventory":[{
          "refId":"ingred_trama_root_01",
          "count":1,
          "charge":-1,
          "enchantmentCharge":-1,
          "soul":""
        }]
    },
    "0-2083":{
      "refId":"scrib",
      "location":{
        "posX":-72067.2265625,
        "posZ":1059.06640625,
        "posY":52605.234375,
        "rotX":-0.0083762155845761,
        "rotY":0,
        "rotZ":-2.4253342151642
      },
      "stats":{
        "healthCurrent":8,
        "magickaCurrent":12,
        "healthModified":8,
        "fatigueBase":300,
        "fatigueModified":300,
        "healthBase":8,
        "magickaModified":12,
        "magickaBase":12,
        "fatigueCurrent":300
      }
    },
    "44469-0":{
      "refId":"tramaroot_06",
      "inventory":[]
    },
    "44480-0":{
      "refId":"tramaroot_05",
      "inventory":[]
    },
    "472174-0":{
      "refId":"contain_trama_shrub_04",
      "inventory":[{
          "refId":"ingred_trama_root_01",
          "count":3,
          "charge":-1,
          "enchantmentCharge":-1,
          "soul":""
        }]
    },
    "472176-0":{
      "refId":"contain_trama_shrub_06",
      "inventory":[{
          "refId":"ingred_trama_root_01",
          "count":3,
          "charge":-1,
          "enchantmentCharge":-1,
          "soul":""
        }]
    },
    "44478-0":{
      "refId":"tramaroot_03",
      "inventory":[{
          "refId":"ingred_trama_root_01",
          "count":1,
          "charge":-1,
          "enchantmentCharge":-1,
          "soul":""
        }]
    },
    "0-2086":{
      "refId":"nix-hound",
      "location":{
        "posX":-69105.5078125,
        "posZ":1015.5484619141,
        "posY":53050.51171875,
        "rotX":-0.16466352343559,
        "rotY":0,
        "rotZ":1.0800077915192
      },
      "stats":{
        "healthCurrent":23,
        "magickaCurrent":10,
        "healthModified":23,
        "fatigueBase":400,
        "fatigueModified":400,
        "healthBase":23,
        "magickaModified":10,
        "magickaBase":10,
        "fatigueCurrent":400
      }
    },
    "44479-0":{
      "refId":"tramaroot_04",
      "inventory":[{
          "refId":"ingred_trama_root_01",
          "count":1,
          "charge":-1,
          "enchantmentCharge":-1,
          "soul":""
        }]
    },
    "44475-0":{
      "refId":"tramaroot_05",
      "inventory":[{
          "refId":"ingred_trama_root_01",
          "count":1,
          "charge":-1,
          "enchantmentCharge":-1,
          "soul":""
        }]
    },
    "0-2057":{
      "refId":"cliff racer",
      "location":{
        "posX":-66432.859375,
        "posZ":3687.3891601563,
        "posY":55047.0625,