{
  "packets":{
    "actorList":["0-627","0-628","0-632","0-630","0-631","0-633"],
    "ai":[],
    "cellChangeFrom":[],
    "cellChangeTo":[],
    "container":["251477-0","251479-0","251481-0","251489-0","251490-0","251491-0","251492-0","251493-0","251494-0","251495-0","309373-0","309374-0","309375-0","309376-0","309377-0","309378-0","309428-0","309429-0","309430-0","309436-0","309437-0","309438-0","462270-0","462276-0","462280-0"],
    "death":[],
    "delete":[],
    "doorState":[],
    "equipment":[],
    "lock":[],
    "place":[],
    "position":["0-627","0-628","0-632","0-630","0-631","0-633"],
    "scale":[],
    "spawn":["0-627","0-628","0-632","0-630","0-631","0-633"],
    "state":[],
    "statsDynamic":["0-627","0-628","0-632","0-630","0-631","0-633"],
    "trap":[]
  },
  "entry":{
    "creationTime":1568767739,
    "description":"0, -11"
  },
  "lastVisit":{
    "Dizzy":1569255575,
    "Tanis":1570147521,
    "DizzyDasher":1570147292
  },
  "recordLinks":[],
  "objectData":{
    "0-632":{
      "refId":"slaughterfish",
      "location":{
        "posX":4501.26953125,
        "posZ":-1461.1130371094,
        "posY":-87118.796875,
        "rotX":0,
        "rotY":0,
        "rotZ":-2.42276263237
      },
      "stats":{
        "healthCurrent":23,
        "magickaCurrent":10,
        "healthModified":23,
        "fatigueBase":400,
        "fatigueModified":400,
        "healthBase":23,
        "magickaModified":10,
        "magickaBase":10,
        "fatigueCurrent":399.95910644531
      }
    },
    "462276-0":{
      "refId":"kollop_03_pearl",
      "inventory":[{
          "refId":"ingred_pearl_01",
          "count":1,
          "charge":-1,
          "enchantmentCharge":-1,
          "soul":""
        }]
    },
    "251477-0":{
      "refId":"flora_bc_mushroom_02",
      "inventory":[{
          "refId":"ingred_russula_01",
          "count":2,
          "charge":-1,
          "enchantmentCharge":-1,
          "soul":""
        }]
    },
    "251492-0":{
      "refId":"flora_bc_mushroom_08",
      "inventory":[]
    },
    "309374-0":{
      "refId":"flora_bc_mushroom_01",
      "inventory":[{
          "refId":"ingred_russula_01",
          "count":1,
          "charge":-1,
          "enchantmentCharge":-1,
          "soul":""
        }]
    },
    "0-631":{
      "refId":"slaughterfish_small",
      "location":{
        "posX":1.7244918346405,
        "posZ":-62.039321899414,
        "posY":-89524.7265625,
        "rotX":9.0301036834717e-06,
        "rotY":0,
        "rotZ":2.7034914493561
      },
      "stats":{
        "healthCurrent":15,
        "magickaCurrent":10,
        "healthModified":15,
        "fatigueBase":300,
        "fatigueModified":300,
        "healthBase":15,
        "magickaModified":10,
        "magickaBase":10,
        "fatigueCurrent":299.95910644531
      }
    },
    "0-628":{
      "refId":"slaughterfish",
      "location":{
        "posX":6000.869140625,
        "posZ":-627.93298339844,
        "posY":-85552.3671875,
        "rotX":0.38041236996651,
        "rotY":0,
        "rotZ":-0.085098266601563
      },
      "stats":{
        "healthCurrent":23,
        "magickaCurrent":10,
        "healthModified":23,
        "fatigueBase":400,
        "fatigueModified":400,
        "healthBase":23,
        "magickaModified":10,
        "magickaBase":10,
        "fatigueCurrent":399.95910644531
      }
    },
    "309428-0":{
      "refId":"flora_bc_mushroom_03",
      "inventory":[{
          "refId":"ingred_russula_01",
          "count":1,
          "charge":-1,
          "enchantmentCharge":-1,
          "soul":""
        }]
    },
    "309378-0":{
      "refId":"flora_bc_mushroom_08",
      "inventory":[{
          "refId":"ingred_coprinus_01",
          "count":2,
          "charge":-1,
          "enchantmentCharge":-1,
          "soul":""
        }]
    },
    "309377-0":{
      "refId":"flora_bc_mushroom_08",
      "inventory":[{
          "refId":"ingred_coprinus_01",
          "count":2,
          "charge":-1,
          "enchantmentCharge":-1,
          "soul":""
        }]
    },
    "462280-0":{
      "refId":"kollop_02_pearl",
      "inventory":[{
          "refId":"ingred_pearl_01",
          "count":1,
          "charge":-1,
          "enchantmentCharge":-1,
          "soul":""
        }]
    },
    "0-630":{
      "refId":"slaughterfish",
      "location":{
        "posX":8.1926212310791,
        "posZ":-96.940521240234,
        "posY":-86844.078125,
        "rotX":0.00010684039443731,
        "rotY":0,
        "rotZ":2.1715071201324
      },
      "stats":{
        "healthCurrent":23,
        "magickaCurrent":10,
        "healthModified":23,
        "fatigueBase":400,
        "fatigueModified":400,
        "healthBase":23,
        "magickaModified":10,
        "magickaBase":10,
        "fatigueCurrent":399.95910644531
      }
    },
    "251491-0":{
      "refId":"flora_bc_shelffungus_01",
      "inventory":[{
          "refId":"ingred_bc_bungler's_bane",
          "count":1,
          "charge":-1,
          "enchantmentCharge":-1,
          "soul":""
        }]
    },
    "309429-0":{
      "refId":"flora_bc_mushroom_01",
      "inventory":[{
          "refId":"ingred_russula_01",
          "count":1,
          "charge":-1,
          "enchantmentCharge":-1,
          "soul":""
        }]
    },
    "251493-0":{
      "refId":"flora_bc_mushroom_02",
      "inventory":[{
          "refId":"ingred_russula_01",
          "count":2,
          "charge":-1,
          "enchantmentCharge":-1,
          "soul":""
        }]
    },
    "251494-0":{
      "refId":"flora_bc_mushroom_01",
      "inventory":[{
          "refId":"ingred_russula_01",
          "count":1,
          "charge":-1,
          "enchantmentCharge":-1,
          "soul":""
        }]
    },
    "251481-0":{
      "refId":"flora_bc_mushroom_04",
      "inventory":[{
          "refId":"ingred_russula_01",
          "count":1,
          "charge":-1,
          "enchantmentCharge":-1,
          "soul":""
        }]
    },
    "309375-0":{
      "refId":"flora_bc_mushroom_04",
      "inventory":[{
          "refId":"ingred_russula_01",
          "count":2,
          "charge":-1,
          "enchantmentCharge":-1,
          "soul":""
        }]
    },
    "309373-0":{
      "refId":"flora_bc_mushroom_03",
      "inventory":[{
          "refId":"ingred_russula_01",
          "count":1,
          "charge":-1,
          "enchantmentCharge":-1,
          "soul":""
        }]
    },
    "309376-0":{
      "refId":"flora_bc_mushroom_08",
      "inventory":[{
          "refId":"ingred_coprinus_01",
          "count":2,
          "charge":-1,
          "enchantmentCharge":-1,
          "soul":""
        }]
    },
    "0-627":{
      "refId":"slaughterfish",
      "location":{
        "posX":3192.8996582031,
        "posZ":-152.1201171875,
        "posY":-85518.0703125,
        "rotX":0,
        "rotY":0,
        "rotZ":2.649783372879
      },
      "stats":{
        "healthCurrent":23,
        "magickaCurrent":10,
        "healthModified":23,
        "fatigueBase":400,
        "fatigueModified":400,
        "healthBase":23,
        "magickaModified":10,
        "magickaBase":10,
        "fatigueCurrent":399.95910644531
      }
    },
    "309437-0":{
      "refId":"flora_bc_mushroom_08",
      "inventory":[{
          "refId":"ingred_coprinus_01",
          "count":2,
          "charge":-1,
          "enchantmentCharge":-1,
          "soul":""
        }]
    },
    "251479-0":{
      "refId":"flora_bc_mushroom_01",
      "inventory":[{
          "refId":"ingred_russula_01",
          "count":1,
          "charge":-1,
          "enchantmentCharge":-1,
          "soul":""
        }]
    },
    "251489-0":{
      "refId":"flora_bc_shelffungus_01",
      "inventory":[{
          "refId":"ingred_bc_bungler's_bane",
          "count":1,
          "charge":-1,
          "enchantmentCharge":-1,
          "soul":""
        }]
    },