{
  "packets":{
    "actorList":["0-2424","0-2426","0-2427","0-2428","0-2429","0-2430","0-2431"],
    "ai":[],
    "cellChangeFrom":[],
    "cellChangeTo":[],
    "container":["166679-0","325350-0","325351-0","325352-0","325354-0","429937-0","429944-0","429962-0","429963-0","429964-0","429965-0","429966-0","429967-0","429995-0","429996-0","429997-0","430003-0","430004-0","430005-0","0-2424","0-2431"],
    "death":["0-2424","0-2431"],
    "delete":[],
    "doorState":[],
    "equipment":["0-2431"],
    "lock":[],
    "place":[],
    "position":["0-2424","0-2426","0-2427","0-2428","0-2429","0-2430","0-2431"],
    "scale":[],
    "spawn":["0-2424","0-2426","0-2427","0-2428","0-2429","0-2430","0-2431"],
    "state":[],
    "statsDynamic":["0-2424","0-2426","0-2427","0-2428","0-2429","0-2430","0-2431"],
    "trap":[]
  },
  "entry":{
    "creationTime":1569021337,
    "description":"0, 21"
  },
  "lastVisit":{
    "Dizzy":1569090454,
    "Dr,Kups":1569090493
  },
  "recordLinks":[],
  "objectData":{
    "429964-0":{
      "refId":"kollop_03_pearl",
      "inventory":[]
    },
    "166679-0":{
      "refId":"flora_kreshweed_02",
      "inventory":[]
    },
    "429963-0":{
      "refId":"kollop_02_pearl",
      "inventory":[]
    },
    "0-2429":{
      "refId":"slaughterfish",
      "location":{
        "posX":1453.6658935547,
        "posZ":-251.05523681641,
        "posY":176284.53125,
        "rotX":0.14758418500423,
        "rotY":0,
        "rotZ":-2.6243546009064
      },
      "stats":{
        "healthCurrent":23,
        "magickaCurrent":10,
        "healthModified":23,
        "fatigueBase":400,
        "fatigueModified":400,
        "healthBase":23,
        "magickaModified":10,
        "magickaBase":10,
        "fatigueCurrent":399.95831298828
      }
    },
    "0-2430":{
      "refId":"winged twilight",
      "location":{
        "posX":3034.3762207031,
        "posZ":165.63296508789,
        "posY":173905.359375,
        "rotX":0.16471919417381,
        "rotY":0,
        "rotZ":-2.4607145786285
      },
      "stats":{
        "healthCurrent":220,
        "magickaCurrent":210,
        "healthModified":220,
        "fatigueBase":800,
        "fatigueModified":800,
        "healthBase":220,
        "magickaModified":210,
        "magickaBase":210,
        "fatigueCurrent":800
      }
    },
    "0-2428":{
      "refId":"mudcrab",
      "location":{
        "posX":421.40100097656,
        "posZ":246.52572631836,
        "posY":174586.53125,
        "rotX":0.92088943719864,
        "rotY":0,
        "rotZ":-0.27657413482666
      },
      "stats":{
        "healthCurrent":15,
        "magickaCurrent":5,
        "healthModified":15,
        "fatigueBase":400,
        "fatigueModified":400,
        "healthBase":15,
        "magickaModified":5,
        "magickaBase":5,
        "fatigueCurrent":400
      }
    },
    "429997-0":{
      "refId":"kollop_03_pearl",
      "inventory":[{
          "refId":"ingred_pearl_01",
          "count":1,
          "charge":-1,
          "enchantmentCharge":-1,
          "soul":""
        }]
    },
    "325350-0":{
      "refId":"flora_gold_kanet_01",
      "inventory":[]
    },
    "325354-0":{
      "refId":"flora_willow_flower_01",
      "inventory":[{
          "refId":"ingred_willow_anther_01",
          "count":1,
          "charge":-1,
          "enchantmentCharge":-1,
          "soul":""
        }]
    },
    "0-2431":{
      "refId":"dremora",
      "location":{
        "posX":1586.4763183594,
        "posZ":490.91827392578,
        "posY":172119.953125,
        "rotX":0.015245135873556,
        "rotY":0,
        "rotZ":-1.3238308429718
      },
      "stats":{
        "healthCurrent":0,
        "magickaCurrent":40,
        "healthModified":160,
        "fatigueBase":400,
        "fatigueModified":400,
        "healthBase":160,
        "magickaModified":100,
        "magickaBase":100,
        "fatigueCurrent":392.93490600586
      },
      "equipment":{
        "16":{
          "refId":"dwarven battle axe",
          "count":1,
          "charge":-1,
          "enchantmentCharge":-1
        }
      },
      "inventory":[{
          "refId":"ingred_daedras_heart_01",
          "count":1,
          "charge":-1,
          "enchantmentCharge":-1,
          "soul":""
        },{
          "refId":"dwarven battle axe",
          "count":1,
          "charge":2997,
          "enchantmentCharge":-1,
          "soul":""
        }],
      "killer":{
        "player":"Dr,Kups"
      }
    },
    "0-2426":{
      "refId":"slaughterfish",
      "location":{
        "posX":3207.8471679688,
        "posZ":-149.1501159668,
        "posY":178285.234375,
        "rotX":-0.18768398463726,
        "rotY":0,
        "rotZ":-0.22794580459595
      },
      "stats":{
        "healthCurrent":23,
        "magickaCurrent":10,
        "healthModified":23,
        "fatigueBase":400,
        "fatigueModified":400,
        "healthBase":23,
        "magickaModified":10,
        "magickaBase":10,
        "fatigueCurrent":399.95831298828
      }
    },
    "429937-0":{
      "refId":"kollop_03_pearl",
      "inventory":[{
          "refId":"ingred_pearl_01",
          "count":1,
          "charge":-1,
          "enchantmentCharge":-1,
          "soul":""
        }]
    },
    "429995-0":{
      "refId":"kollop_01_pearl",
      "inventory":[{
          "refId":"ingred_pearl_01",
          "count":1,
          "charge":-1,
          "enchantmentCharge":-1,
          "soul":""
        }]
    },
    "430004-0":{
      "refId":"kollop_01_pearl",
      "inventory":[]
    },
    "429966-0":{
      "refId":"kollop_02_pearl",
      "inventory":[{
          "refId":"ingred_pearl_01",
          "count":1,
          "charge":-1,
          "enchantmentCharge":-1,
          "soul":""
        }]
    },
    "0-2424":{
      "refId":"clannfear",
      "location":{
        "posX":1392.5216064453,
        "posZ":572.4091796875,
        "posY":172308.375,
        "rotX":0.43153843283653,
        "rotY":0,
        "rotZ":2.6203615665436
      },
      "stats":{
        "healthCurrent":0,
        "magickaCurrent":100,
        "healthModified":113,
        "fatigueBase":500,
        "fatigueModified":500,
        "healthBase":113,
        "magickaModified":100,
        "magickaBase":100,
        "fatigueCurrent":500
      },
      "inventory":[{
          "refId":"ingred_daedras_heart_01",
          "count":1,
          "charge":-1,
          "enchantmentCharge":-1,
          "soul":""
        }],
      "killer":{
        "player":"Dr,Kups"
      }
    },
    "0-2427":{
      "refId":"dreugh",
      "location":{
        "posX":7637.484375,
        "posZ":-136.81393432617,
        "posY":177663.25,
        "rotX":0.072599448263645,
        "rotY":0,
        "rotZ":-0.92729496955872
      },
      "stats":{
        "healthCurrent":60,
        "magickaCurrent":75,
        "healthModified":60,
        "fatigueBase":400,
        "fatigueModified":400,
        "healthBase":60,
        "magickaModified":75,
        "magickaBase":75,
        "fatigueCurrent":399.95831298828
      }
    },
    "430003-0":{
      "refId":"kollop_03_pearl",
      "inventory":[{
          "refId":"ingred_pearl_01",
          "count":1,
          "charge":-1,
          "enchantmentCharge":-1,
          "soul":""
        }]
    },
    "430005-0":{
      "refId":"kollop_02_pearl",
      "inventory":[]
    },
    "429944-0":{
      "refId":"kollop_01_pearl",
      "inventory":[{
          "refId":"ingred_pearl_01",
          "count":1,
          "charge":-1,
          "enchantmentCharge":-1,
          "soul":""
        }]
    },
    "429996-0":{
      "refId":"kollop_02_pearl",
      "inventory":[{
          "refId":"ingred_pearl_01",
          "count":1,
          "charge":-1,
          "enchantmentCharge":-1,
          "soul":""
        }]
    },
    "429967-0":{
      "refId":"kollop_03_pearl",
      "inventory":[{
          "refId":"ingred_pearl_01",
          "count":1,