{
  "packets":{
    "actorList":["0-2412","0-2413","0-2415","0-2425"],
    "ai":[],
    "cellChangeFrom":[],
    "cellChangeTo":[],
    "container":["323407-0","323420-0","323421-0","325365-0","325373-0","325378-0","325379-0","430009-0","430012-0","430013-0","430014-0","430022-0","430032-0","430033-0","430034-0","430035-0","430036-0","430037-0","0-2425"],
    "death":["0-2425"],
    "delete":[],
    "doorState":[],
    "equipment":["0-2425"],
    "lock":[],
    "place":[],
    "position":["0-2412","0-2413","0-2415","0-2425"],
    "scale":[],
    "spawn":["0-2412","0-2413","0-2415","0-2425"],
    "state":[],
    "statsDynamic":["0-2412","0-2413","0-2415","0-2425"],
    "trap":[]
  },
  "entry":{
    "creationTime":1569021336,
    "description":"0, 20"
  },
  "lastVisit":{
    "Dizzy":1569090454,
    "Dr,Kups":1569090493
  },
  "recordLinks":[],
  "objectData":{
    "430036-0":{
      "refId":"kollop_02_pearl",
      "inventory":[{
          "refId":"ingred_pearl_01",
          "count":1,
          "charge":-1,
          "enchantmentCharge":-1,
          "soul":""
        }]
    },
    "325365-0":{
      "refId":"flora_kreshweed_02",
      "inventory":[{
          "refId":"ingred_kresh_fiber_01",
          "count":1,
          "charge":-1,
          "enchantmentCharge":-1,
          "soul":""
        }]
    },
    "0-2412":{
      "refId":"scrib",
      "location":{
        "posX":7342.19140625,
        "posZ":921,
        "posY":168419.65625,
        "rotX":-0.0018416652455926,
        "rotY":0,
        "rotZ":0.66744756698608
      },
      "stats":{
        "healthCurrent":8,
        "magickaCurrent":12,
        "healthModified":8,
        "fatigueBase":300,
        "fatigueModified":300,
        "healthBase":8,
        "magickaModified":12,
        "magickaBase":12,
        "fatigueCurrent":300
      }
    },
    "323420-0":{
      "refId":"flora_kreshweed_02",
      "inventory":[{
          "refId":"ingred_kresh_fiber_01",
          "count":1,
          "charge":-1,
          "enchantmentCharge":-1,
          "soul":""
        }]
    },
    "430035-0":{
      "refId":"kollop_01_pearl",
      "inventory":[]
    },
    "430033-0":{
      "refId":"kollop_02_pearl",
      "inventory":[]
    },
    "0-2413":{
      "refId":"rat",
      "location":{
        "posX":3276.86328125,
        "posZ":632.16540527344,
        "posY":168516.859375,
        "rotX":-0.033464789390564,
        "rotY":0,
        "rotZ":0.55508303642273
      },
      "stats":{
        "healthCurrent":23,
        "magickaCurrent":10,
        "healthModified":23,
        "fatigueBase":300,
        "fatigueModified":300,
        "healthBase":23,
        "magickaModified":10,
        "magickaBase":10,
        "fatigueCurrent":300
      }
    },
    "0-2425":{
      "refId":"dremora_lord",
      "location":{
        "posX":1369.21875,
        "posZ":474.91864013672,
        "posY":172030.71875,
        "rotX":0.27239266037941,
        "rotY":0,
        "rotZ":-2.1948072910309
      },
      "stats":{
        "healthCurrent":280,
        "magickaCurrent":200,
        "healthModified":280,
        "fatigueBase":500,
        "fatigueModified":500,
        "healthBase":280,
        "magickaModified":200,
        "magickaBase":200,
        "fatigueCurrent":500
      },
      "equipment":{
        "16":{
          "refId":"dwarven mace",
          "count":1,
          "charge":-1,
          "enchantmentCharge":-1
        }
      },
      "inventory":[{
          "refId":"ingred_daedras_heart_01",
          "count":1,
          "charge":-1,
          "enchantmentCharge":-1,
          "soul":""
        },{
          "refId":"dwarven mace",
          "count":1,
          "charge":-1,
          "enchantmentCharge":-1,
          "soul":""
        }],
      "killer":{
        "player":"Dr,Kups"
      }
    },
    "323407-0":{
      "refId":"flora_kreshweed_02",
      "inventory":[{
          "refId":"ingred_kresh_fiber_01",
          "count":1,
          "charge":-1,
          "enchantmentCharge":-1,
          "soul":""
        }]
    },
    "430037-0":{
      "refId":"kollop_03_pearl",
      "inventory":[]
    },
    "430014-0":{
      "refId":"kollop_01_pearl",
      "inventory":[{
          "refId":"ingred_pearl_01",
          "count":1,
          "charge":-1,
          "enchantmentCharge":-1,
          "soul":""
        }]
    },
    "323421-0":{
      "refId":"flora_kreshweed_03",
      "inventory":[{
          "refId":"ingred_kresh_fiber_01",
          "count":1,
          "charge":-1,
          "enchantmentCharge":-1,
          "soul":""
        }]
    },
    "430034-0":{
      "refId":"kollop_03_pearl",
      "inventory":[{
          "refId":"ingred_pearl_01",
          "count":1,
          "charge":-1,
          "enchantmentCharge":-1,
          "soul":""
        }]
    },
    "430032-0":{
      "refId":"kollop_01_pearl",
      "inventory":[]
    },
    "430022-0":{
      "refId":"kollop_02_pearl",
      "inventory":[{
          "refId":"ingred_pearl_01",
          "count":1,
          "charge":-1,
          "enchantmentCharge":-1,
          "soul":""
        }]
    },
    "430012-0":{
      "refId":"kollop_02_pearl",
      "inventory":[]
    },
    "325373-0":{
      "refId":"flora_kreshweed_01",
      "inventory":[{
          "refId":"ingred_kresh_fiber_01",
          "count":1,
          "charge":-1,
          "enchantmentCharge":-1,
          "soul":""
        }]
    },
    "325379-0":{
      "refId":"flora_kreshweed_01",
      "inventory":[{
          "refId":"ingred_kresh_fiber_01",
          "count":1,
          "charge":-1,
          "enchantmentCharge":-1,
          "soul":""
        }]
    },
    "430013-0":{
      "refId":"kollop_01_pearl",
      "inventory":[{
          "refId":"ingred_pearl_01",
          "count":1,
          "charge":-1,
          "enchantmentCharge":-1,
          "soul":""
        }]
    },
    "430009-0":{
      "refId":"kollop_03_pearl",
      "inventory":[]
    },
    "0-2415":{
      "refId":"slaughterfish_small",
      "location":{
        "posX":2386.3559570313,
        "posZ":-393.48162841797,
        "posY":166984.328125,
        "rotX":0,
        "rotY":0,
        "rotZ":-3.0907890796661
      },
      "stats":{
        "healthCurrent":15,
        "magickaCurrent":10,
        "healthModified":15,
        "fatigueBase":300,
        "fatigueModified":300,
        "healthBase":15,
        "magickaModified":10,
        "magickaBase":10,
        "fatigueCurrent":299.95831298828
      }
    },
    "325378-0":{
      "refId":"flora_stoneflower_01",
      "inventory":[{
          "refId":"ingred_stoneflower_petals_01",
          "count":1,
          "charge":-1,
          "enchantmentCharge":-1,
          "soul":""
        }]
    }
  }
}