{
  "packets":{
    "actorList":["0-3699","0-3700","0-3702","0-3701","0-934","0-2142","0-2153"],
    "ai":[],
    "cellChangeFrom":[],
    "cellChangeTo":[],
    "container":["224599-0","0-3699","0-3700","0-2153"],
    "death":["0-3699","0-3700","0-2153"],
    "delete":[],
    "doorState":[],
    "equipment":[],
    "lock":[],
    "place":[],
    "position":["0-3699","0-3700","0-3702","0-3701","0-934","0-2142","0-2153"],
    "scale":[],
    "spawn":["0-3699","0-3700","0-3702","0-3701","0-934","0-2142","0-2153"],
    "state":[],
    "statsDynamic":["0-3699","0-3700","0-3702","0-3701","0-934","0-2142","0-2153"],
    "trap":[]
  },
  "entry":{
    "creationTime":1569266107,
    "description":"0, 9"
  },
  "lastVisit":{
    "Dizzy":1569612200,
    "Tanis":1569294728,
    "Dr,Kups":1569611097
  },
  "recordLinks":[],
  "objectData":{
    "0-3702":{
      "refId":"cliff racer",
      "location":{
        "posX":1326.8438720703,
        "posZ":10102.42578125,
        "posY":75547.4609375,
        "rotX":0.73402053117752,
        "rotY":0,
        "rotZ":-2.2687437534332
      },
      "stats":{
        "healthCurrent":45,
        "magickaCurrent":20,
        "healthModified":45,
        "fatigueBase":400,
        "fatigueModified":400,
        "healthBase":45,
        "magickaModified":20,
        "magickaBase":20,
        "fatigueCurrent":400
      }
    },
    "0-934":{
      "refId":"cliff racer",
      "location":{
        "posX":4662.0517578125,
        "posZ":12228.815429688,
        "posY":73830.03125,
        "rotX":0.011540047824383,
        "rotY":0,
        "rotZ":2.8712165355682
      },
      "stats":{
        "healthCurrent":45,
        "magickaCurrent":20,
        "healthModified":45,
        "fatigueBase":400,
        "fatigueModified":400,
        "healthBase":45,
        "magickaModified":20,
        "magickaBase":20,
        "fatigueCurrent":400
      }
    },
    "0-2153":{
      "refId":"cliff racer",
      "location":{
        "posX":1816.6359863281,
        "posZ":5152.9169921875,
        "posY":81420.375,
        "rotX":-0.95663625001907,
        "rotY":0,
        "rotZ":0.92945790290833
      },
      "stats":{
        "healthCurrent":0,
        "magickaCurrent":20,
        "healthModified":45,
        "fatigueBase":400,
        "fatigueModified":400,
        "healthBase":45,
        "magickaModified":20,
        "magickaBase":20,
        "fatigueCurrent":398.18676757813
      },
      "inventory":[{
          "refId":"ingred_racer_plumes_01",
          "count":1,
          "charge":-1,
          "enchantmentCharge":-1,
          "soul":""
        }],
      "killer":{
        "player":"Dizzy"
      }
    },
    "0-3699":{
      "refId":"ash_zombie",
      "location":{
        "posX":236.9172668457,
        "posZ":4467.2109375,
        "posY":81056.6875,
        "rotX":-0.27552044391632,
        "rotY":0,
        "rotZ":-2.567679643631
      },
      "stats":{
        "healthCurrent":0,
        "magickaCurrent":100,
        "healthModified":90,
        "fatigueBase":400,
        "fatigueModified":400,
        "healthBase":90,
        "magickaModified":100,
        "magickaBase":100,
        "fatigueCurrent":397.42337036133
      },
      "inventory":[{
          "refId":"ingred_ash_salts_01",
          "count":2,
          "charge":-1,
          "enchantmentCharge":-1,
          "soul":""
        },{
          "refId":"spiked club",
          "count":1,
          "charge":-1,
          "enchantmentCharge":-1,
          "soul":""
        }],
      "killer":{
        "player":"Dizzy"
      }
    },
    "0-3701":{
      "refId":"cliff racer",
      "location":{
        "posX":7653.3681640625,
        "posZ":14734.396484375,
        "posY":73756.078125,
        "rotX":0,
        "rotY":0,
        "rotZ":2.3448956012726
      },
      "stats":{
        "healthCurrent":45,
        "magickaCurrent":20,
        "healthModified":45,
        "fatigueBase":400,
        "fatigueModified":400,
        "healthBase":45,
        "magickaModified":20,
        "magickaBase":20,
        "fatigueCurrent":400
      }
    },
    "0-2142":{
      "refId":"cliff racer",
      "location":{
        "posX":3.2699861526489,
        "posZ":8215.453125,
        "posY":77856.09375,
        "rotX":0,
        "rotY":0,
        "rotZ":-0.080706596374512
      },
      "stats":{
        "healthCurrent":45,
        "magickaCurrent":20,
        "healthModified":45,
        "fatigueBase":400,
        "fatigueModified":400,
        "healthBase":45,
        "magickaModified":20,
        "magickaBase":20,
        "fatigueCurrent":400
      }
    },
    "0-3700":{
      "refId":"corprus_lame",
      "location":{
        "posX":996.47229003906,
        "posZ":4409.4428710938,
        "posY":80887.640625,
        "rotX":-0.048085510730743,
        "rotY":0,
        "rotZ":-1.5684807300568
      },
      "stats":{
        "healthCurrent":0,
        "magickaCurrent":160,
        "healthModified":90,
        "fatigueBase":370,
        "fatigueModified":370,
        "healthBase":90,
        "magickaModified":160,
        "magickaBase":160,
        "fatigueCurrent":360.65277099609
      },
      "inventory":[{
          "refId":"ingred_corprus_weepings_01",
          "count":1,
          "charge":-1,
          "enchantmentCharge":-1,
          "soul":""
        }],
      "killer":{
        "player":"Dizzy"
      }
    },
    "224599-0":{
      "refId":"flora_rm_scathecraw_02",
      "inventory":[{
          "refId":"ingred_scathecraw_01",
          "count":1,
          "charge":-1,
          "enchantmentCharge":-1,
          "soul":""
        }]
    }
  }
}