{
  "packets":{
    "actorList":["0-665","0-664","0-637"],
    "ai":[],
    "cellChangeFrom":[],
    "cellChangeTo":[],
    "container":["461890-0","461897-0","461904-0","461912-0","478426-0","478429-0","478431-0","478435-0","478436-0","478438-0","478440-0","478441-0","478445-0","478447-0","478453-0","478454-0","478455-0","478456-0","478457-0","478458-0","478459-0","478460-0","478461-0"],
    "death":[],
    "delete":[],
    "doorState":[],
    "equipment":[],
    "lock":[],
    "place":[],
    "position":["0-665","0-664","0-637"],
    "scale":[],
    "spawn":["0-665","0-664","0-637"],
    "state":[],
    "statsDynamic":["0-665","0-664","0-637"],
    "trap":[]
  },
  "entry":{
    "creationTime":1568768821,
    "description":"1, -12"
  },
  "lastVisit":{
    "Dizzy":1569990688,
    "Dr,Kups":1569618696,
    "whisker":1568864142,
    "Tanis":1570147521,
    "DizzyDasher":1570147428
  },
  "recordLinks":[],
  "objectData":{
    "478445-0":{
      "refId":"flora_heather_01",
      "inventory":[{
          "refId":"ingred_heather_01",
          "count":2,
          "charge":-1,
          "enchantmentCharge":-1,
          "soul":""
        }]
    },
    "478431-0":{
      "refId":"flora_heather_01",
      "inventory":[{
          "refId":"ingred_heather_01",
          "count":2,
          "charge":-1,
          "enchantmentCharge":-1,
          "soul":""
        }]
    },
    "478438-0":{
      "refId":"flora_corkbulb",
      "inventory":[]
    },
    "461890-0":{
      "refId":"kollop_02_pearl",
      "inventory":[]
    },
    "478441-0":{
      "refId":"flora_gold_kanet_02",
      "inventory":[]
    },
    "0-665":{
      "refId":"slaughterfish",
      "location":{
        "posX":10985.220703125,
        "posZ":-229.20751953125,
        "posY":-93192.3046875,
        "rotX":2.9232352972031e-05,
        "rotY":0,
        "rotZ":0.42171382904053
      },
      "stats":{
        "healthCurrent":23,
        "magickaCurrent":10,
        "healthModified":23,
        "fatigueBase":400,
        "fatigueModified":400,
        "healthBase":23,
        "magickaModified":10,
        "magickaBase":10,
        "fatigueCurrent":399.96865844727
      }
    },
    "478426-0":{
      "refId":"flora_corkbulb",
      "inventory":[]
    },
    "478460-0":{
      "refId":"flora_willow_flower_02",
      "inventory":[{
          "refId":"ingred_willow_anther_01",
          "count":1,
          "charge":-1,
          "enchantmentCharge":-1,
          "soul":""
        }]
    },
    "461912-0":{
      "refId":"kollop_03_pearl",
      "inventory":[{
          "refId":"ingred_pearl_01",
          "count":1,
          "charge":-1,
          "enchantmentCharge":-1,
          "soul":""
        }]
    },
    "478429-0":{
      "refId":"flora_heather_01",
      "inventory":[{
          "refId":"ingred_heather_01",
          "count":1,
          "charge":-1,
          "enchantmentCharge":-1,
          "soul":""
        }]
    },
    "461897-0":{
      "refId":"kollop_02_pearl",
      "inventory":[{
          "refId":"ingred_pearl_01",
          "count":1,
          "charge":-1,
          "enchantmentCharge":-1,
          "soul":""
        }]
    },
    "0-664":{
      "refId":"scrib",
      "location":{
        "posX":15320.170898438,
        "posZ":599.35278320313,
        "posY":-95910.171875,
        "rotX":0.011274845339358,
        "rotY":0,
        "rotZ":2.8556840419769
      },
      "stats":{
        "healthCurrent":8,
        "magickaCurrent":12,
        "healthModified":8,
        "fatigueBase":300,
        "fatigueModified":300,
        "healthBase":8,
        "magickaModified":12,
        "magickaBase":12,
        "fatigueCurrent":300
      }
    },
    "478457-0":{
      "refId":"flora_willow_flower_01",
      "inventory":[{
          "refId":"ingred_willow_anther_01",
          "count":1,
          "charge":-1,
          "enchantmentCharge":-1,
          "soul":""
        }]
    },
    "478436-0":{
      "refId":"flora_gold_kanet_02",
      "inventory":[{
          "refId":"ingred_gold_kanet_01",
          "count":1,
          "charge":-1,
          "enchantmentCharge":-1,
          "soul":""
        }]
    },
    "478461-0":{
      "refId":"flora_corkbulb",
      "inventory":[{
          "refId":"ingred_corkbulb_root_01",
          "count":1,
          "charge":-1,
          "enchantmentCharge":-1,
          "soul":""
        }]
    },
    "0-637":{
      "refId":"slaughterfish",
      "location":{
        "posX":12890.83203125,
        "posZ":-1315.484375,
        "posY":-90131.734375,
        "rotX":0,
        "rotY":0,
        "rotZ":0.070538759231567
      },
      "stats":{
        "healthCurrent":23,
        "magickaCurrent":10,
        "healthModified":23,
        "fatigueBase":400,
        "fatigueModified":400,
        "healthBase":23,
        "magickaModified":10,
        "magickaBase":10,
        "fatigueCurrent":399.96865844727
      }
    },
    "478459-0":{
      "refId":"flora_willow_flower_01",
      "inventory":[{
          "refId":"ingred_willow_anther_01",
          "count":1,
          "charge":-1,
          "enchantmentCharge":-1,
          "soul":""
        }]
    },
    "478454-0":{
      "refId":"flora_black_anther_01",
      "inventory":[{
          "refId":"ingred_black_anther_01",
          "count":2,
          "charge":-1,
          "enchantmentCharge":-1,
          "soul":""
        }]
    },
    "478440-0":{
      "refId":"flora_gold_kanet_01",
      "inventory":[{
          "refId":"ingred_gold_kanet_01",
          "count":1,
          "charge":-1,
          "enchantmentCharge":-1,
          "soul":""
        }]
    },
    "478453-0":{
      "refId":"flora_black_anther_02",
      "inventory":[{
          "refId":"ingred_black_anther_01",
          "count":1,
          "charge":-1,
          "enchantmentCharge":-1,
          "soul":""
        }]
    },
    "461904-0":{
      "refId":"kollop_03_pearl",
      "inventory":[{
          "refId":"ingred_pearl_01",
          "count":1,
          "charge":-1,
          "enchantmentCharge":-1,
          "soul":""
        }]
    },
    "478447-0":{
      "refId":"flora_heather_01",
      "inventory":[{
          "refId":"ingred_heather_01",
          "count":2,
          "charge":-1,
          "enchantmentCharge":-1,
          "soul":""
        }]
    },
    "478435-0":{
      "refId":"flora_gold_kanet_01",
      "inventory":[{
          "refId":"ingred_gold_kanet_01",
          "count":1,
          "charge":-1,
          "enchantmentCharge":-1,
          "soul":""
        }]
    },
    "478455-0":{
      "refId":"flora_black_anther_02",
      "inventory":[]
    },
    "478458-0":{
      "refId":"flora_willow_flower_02",
      "inventory":[]
    },
    "478456-0":{
      "refId":"flora_black_anther_01",
      "inventory":[]
    }
  }
}