{
  "packets":{
    "actorList":["0-681","0-682","0-683","0-684","0-690"],
    "ai":[],
    "cellChangeFrom":[],
    "cellChangeTo":[],
    "container":["461949-0","461957-0","461964-0","461971-0","478465-0","478466-0","478467-0","478468-0","478469-0","478470-0","478471-0"],
    "death":[],
    "delete":[],
    "doorState":[],
    "equipment":[],
    "lock":[],
    "place":[],
    "position":["0-681","0-682","0-683","0-684","0-690"],
    "scale":[],
    "spawn":["0-681","0-682","0-683","0-684","0-690"],
    "state":[],
    "statsDynamic":["0-681","0-682","0-683","0-684","0-690"],
    "trap":[]
  },
  "entry":{
    "creationTime":1568768884,
    "description":"1, -14"
  },
  "lastVisit":{
    "Dizzy":1569990688,
    "Dr,Kups":1569618696,
    "whisker":1568864142,
    "Tanis":1570147521,
    "DizzyDasher":1570147428
  },
  "recordLinks":[],
  "objectData":{
    "0-684":{
      "refId":"slaughterfish_small",
      "location":{
        "posX":12556.135742188,
        "posZ":-404.70483398438,
        "posY":-113221.265625,
        "rotX":0.65974879264832,
        "rotY":0,
        "rotZ":1.7555601596832
      },
      "stats":{
        "healthCurrent":15,
        "magickaCurrent":10,
        "healthModified":15,
        "fatigueBase":300,
        "fatigueModified":300,
        "healthBase":15,
        "magickaModified":10,
        "magickaBase":10,
        "fatigueCurrent":299.57873535156
      }
    },
    "0-690":{
      "refId":"netch_bull",
      "location":{
        "posX":16376.630859375,
        "posZ":918.99444580078,
        "posY":-107440.5703125,
        "rotX":-4.2058527469635e-06,
        "rotY":0,
        "rotZ":-1.5937497615814
      },
      "stats":{
        "healthCurrent":45,
        "magickaCurrent":100,
        "healthModified":45,
        "fatigueBase":400,
        "fatigueModified":400,
        "healthBase":45,
        "magickaModified":100,
        "magickaBase":100,
        "fatigueCurrent":400
      }
    },
    "0-681":{
      "refId":"rat",
      "location":{
        "posX":13273.603515625,
        "posZ":-59.106719970703,
        "posY":-107893.203125,
        "rotX":-0.10319669544697,
        "rotY":0,
        "rotZ":-1.3370707035065
      },
      "stats":{
        "healthCurrent":23,
        "magickaCurrent":10,
        "healthModified":23,
        "fatigueBase":300,
        "fatigueModified":300,
        "healthBase":23,
        "magickaModified":10,
        "magickaBase":10,
        "fatigueCurrent":300
      }
    },
    "461949-0":{
      "refId":"kollop_03_pearl",
      "inventory":[{
          "refId":"ingred_pearl_01",
          "count":1,
          "charge":-1,
          "enchantmentCharge":-1,
          "soul":""
        }]
    },
    "478468-0":{
      "refId":"flora_willow_flower_01",
      "inventory":[{
          "refId":"ingred_willow_anther_01",
          "count":1,
          "charge":-1,
          "enchantmentCharge":-1,
          "soul":""
        }]
    },
    "478465-0":{
      "refId":"flora_black_anther_02",
      "inventory":[{
          "refId":"ingred_black_anther_01",
          "count":1,
          "charge":-1,
          "enchantmentCharge":-1,
          "soul":""
        }]
    },
    "461964-0":{
      "refId":"kollop_02_pearl",
      "inventory":[]
    },
    "478471-0":{
      "refId":"flora_willow_flower_02",
      "inventory":[{
          "refId":"ingred_willow_anther_01",
          "count":1,
          "charge":-1,
          "enchantmentCharge":-1,
          "soul":""
        }]
    },
    "478470-0":{
      "refId":"flora_willow_flower_01",
      "inventory":[{
          "refId":"ingred_willow_anther_01",
          "count":1,
          "charge":-1,
          "enchantmentCharge":-1,
          "soul":""
        }]
    },
    "461971-0":{
      "refId":"kollop_02_pearl",
      "inventory":[{
          "refId":"ingred_pearl_01",
          "count":1,
          "charge":-1,
          "enchantmentCharge":-1,
          "soul":""
        }]
    },
    "478469-0":{
      "refId":"flora_willow_flower_02",
      "inventory":[{
          "refId":"ingred_willow_anther_01",
          "count":1,
          "charge":-1,
          "enchantmentCharge":-1,
          "soul":""
        }]
    },
    "0-683":{
      "refId":"slaughterfish_small",
      "location":{
        "posX":10216.565429688,
        "posZ":-946.17596435547,
        "posY":-110892.1328125,
        "rotX":2.5603920221329e-05,
        "rotY":0,
        "rotZ":-2.9473516941071
      },
      "stats":{
        "healthCurrent":15,
        "magickaCurrent":10,
        "healthModified":15,
        "fatigueBase":300,
        "fatigueModified":300,
        "healthBase":15,
        "magickaModified":10,
        "magickaBase":10,
        "fatigueCurrent":299.57873535156
      }
    },
    "0-682":{
      "refId":"slaughterfish",
      "location":{
        "posX":13515.676757813,
        "posZ":-37.40788269043,
        "posY":-109594.0703125,
        "rotX":-0.0080549186095595,
        "rotY":0,
        "rotZ":1.2616193294525
      },
      "stats":{
        "healthCurrent":23,
        "magickaCurrent":10,
        "healthModified":23,
        "fatigueBase":400,
        "fatigueModified":400,
        "healthBase":23,
        "magickaModified":10,
        "magickaBase":10,
        "fatigueCurrent":399.57873535156
      }
    },
    "478466-0":{
      "refId":"flora_black_anther_01",
      "inventory":[{
          "refId":"ingred_black_anther_01",
          "count":2,
          "charge":-1,
          "enchantmentCharge":-1,
          "soul":""
        }]
    },
    "478467-0":{
      "refId":"flora_black_anther_02",
      "inventory":[{
          "refId":"ingred_black_anther_01",
          "count":1,
          "charge":-1,
          "enchantmentCharge":-1,
          "soul":""
        }]
    },
    "461957-0":{
      "refId":"kollop_03_pearl",
      "inventory":[{
          "refId":"ingred_pearl_01",
          "count":1,
          "charge":-1,
          "enchantmentCharge":-1,
          "soul":""
        }]
    }
  }
}