{
  "packets":{
    "actorList":["0-2666","0-2667","0-2668","0-2669","0-2392"],
    "ai":[],
    "cellChangeFrom":[],
    "cellChangeTo":[],
    "container":["166641-0","166642-0","166643-0","166644-0","166645-0","166646-0","166647-0","166648-0","166649-0","166650-0","166651-0","166652-0","166653-0","166654-0","166655-0","166656-0","166657-0","325264-0","325279-0","429382-0","429383-0","429384-0","429396-0","429405-0","429406-0","429410-0","429411-0","429415-0","429424-0","429435-0"],
    "death":[],
    "delete":[],
    "doorState":[],
    "equipment":[],
    "lock":[],
    "place":[],
    "position":["0-2392","0-2666","0-2667","0-2668","0-2669"],
    "scale":[],
    "spawn":["0-2666","0-2667","0-2668","0-2669","0-2392"],
    "state":[],
    "statsDynamic":["0-2392","0-2666","0-2667","0-2668","0-2669"],
    "trap":[]
  },
  "entry":{
    "creationTime":1569090461,
    "description":"1, 20"
  },
  "lastVisit":{
    "Dr,Kups":1569090493
  },
  "recordLinks":[],
  "objectData":{
    "166652-0":{
      "refId":"flora_gold_kanet_01",
      "inventory":[{
          "refId":"ingred_gold_kanet_01",
          "count":1,
          "charge":-1,
          "enchantmentCharge":-1,
          "soul":""
        }]
    },
    "0-2392":{
      "refId":"slaughterfish",
      "location":{
        "posX":15121.110351563,
        "posZ":-475.13812255859,
        "posY":163849.09375,
        "rotX":0,
        "rotY":0,
        "rotZ":0.54867815971375
      },
      "stats":{
        "healthCurrent":23,
        "magickaCurrent":10,
        "fatigueModified":400,
        "fatigueBase":400,
        "healthBase":23,
        "healthModified":23,
        "magickaModified":10,
        "magickaBase":10,
        "fatigueCurrent":399.95690917969
      }
    },
    "0-2666":{
      "refId":"slaughterfish_small",
      "location":{
        "posX":10514.517578125,
        "posZ":-33.327789306641,
        "posY":164290.59375,
        "rotX":-0.84048366546631,
        "rotY":0,
        "rotZ":2.0438158512115
      },
      "stats":{
        "healthCurrent":15,
        "magickaCurrent":10,
        "healthModified":15,
        "fatigueBase":300,
        "fatigueModified":300,
        "healthBase":15,
        "magickaModified":10,
        "magickaBase":10,
        "fatigueCurrent":300
      }
    },
    "429415-0":{
      "refId":"kollop_02_pearl",
      "inventory":[{
          "refId":"ingred_pearl_01",
          "count":1,
          "charge":-1,
          "enchantmentCharge":-1,
          "soul":""
        }]
    },
    "429406-0":{
      "refId":"kollop_02_pearl",
      "inventory":[]
    },
    "325264-0":{
      "refId":"flora_kreshweed_01",
      "inventory":[{
          "refId":"ingred_kresh_fiber_01",
          "count":1,
          "charge":-1,
          "enchantmentCharge":-1,
          "soul":""
        }]
    },
    "166645-0":{
      "refId":"flora_gold_kanet_01",
      "inventory":[{
          "refId":"ingred_gold_kanet_01",
          "count":1,
          "charge":-1,
          "enchantmentCharge":-1,
          "soul":""
        }]
    },
    "429411-0":{
      "refId":"kollop_03_pearl",
      "inventory":[{
          "refId":"ingred_pearl_01",
          "count":1,
          "charge":-1,
          "enchantmentCharge":-1,
          "soul":""
        }]
    },
    "166655-0":{
      "refId":"flora_gold_kanet_01",
      "inventory":[{
          "refId":"ingred_gold_kanet_01",
          "count":1,
          "charge":-1,
          "enchantmentCharge":-1,
          "soul":""
        }]
    },
    "0-2667":{
      "refId":"mudcrab-diseased",
      "location":{
        "posX":10559.084960938,
        "posZ":171.4259185791,
        "posY":170024.71875,
        "rotX":-0.082560613751411,
        "rotY":0,
        "rotZ":1.8664629459381
      },
      "stats":{
        "healthCurrent":15,
        "magickaCurrent":5,
        "healthModified":15,
        "fatigueBase":27,
        "fatigueModified":27,
        "healthBase":15,
        "magickaModified":5,
        "magickaBase":5,
        "fatigueCurrent":27
      }
    },
    "429410-0":{
      "refId":"kollop_01_pearl",
      "inventory":[]
    },
    "429435-0":{
      "refId":"kollop_01_pearl",
      "inventory":[{
          "refId":"ingred_pearl_01",
          "count":1,
          "charge":-1,
          "enchantmentCharge":-1,
          "soul":""
        }]
    },
    "166657-0":{
      "refId":"flora_gold_kanet_01",
      "inventory":[{
          "refId":"ingred_gold_kanet_01",
          "count":1,
          "charge":-1,
          "enchantmentCharge":-1,
          "soul":""
        }]
    },
    "429383-0":{
      "refId":"kollop_02_pearl",
      "inventory":[{
          "refId":"ingred_pearl_01",
          "count":1,
          "charge":-1,
          "enchantmentCharge":-1,
          "soul":""
        }]
    },
    "429405-0":{
      "refId":"kollop_01_pearl",
      "inventory":[]
    },
    "166651-0":{
      "refId":"flora_gold_kanet_01",
      "inventory":[{
          "refId":"ingred_gold_kanet_01",
          "count":1,
          "charge":-1,
          "enchantmentCharge":-1,
          "soul":""
        }]
    },
    "166641-0":{
      "refId":"flora_kreshweed_02",
      "inventory":[{
          "refId":"ingred_kresh_fiber_01",
          "count":1,
          "charge":-1,
          "enchantmentCharge":-1,
          "soul":""
        }]
    },
    "166648-0":{
      "refId":"flora_gold_kanet_01",
      "inventory":[{
          "refId":"ingred_gold_kanet_01",
          "count":1,
          "charge":-1,
          "enchantmentCharge":-1,
          "soul":""
        }]
    },
    "166656-0":{
      "refId":"flora_gold_kanet_01",
      "inventory":[{
          "refId":"ingred_gold_kanet_01",
          "count":1,
          "charge":-1,
          "enchantmentCharge":-1,
          "soul":""
        }]
    },
    "166646-0":{
      "refId":"flora_gold_kanet_01",
      "inventory":[]
    },
    "429382-0":{
      "refId":"kollop_01_pearl",
      "inventory":[{
          "refId":"ingred_pearl_01",
          "count":1,
          "charge":-1,
          "enchantmentCharge":-1,
          "soul":""
        }]
    },
    "166643-0":{
      "refId":"flora_gold_kanet_01",
      "inventory":[{
          "refId":"ingred_gold_kanet_01",
          "count":1,
          "charge":-1,
          "enchantmentCharge":-1,
          "soul":""
        }]
    },
    "166653-0":{
      "refId":"flora_gold_kanet_01",
      "inventory":[]
    },
    "0-2669":{
      "refId":"slaughterfish_small",
      "location":{
        "posX":16193.037109375,
        "posZ":-202.47088623047,
        "posY":168603.5625,
        "rotX":0,
        "rotY":0,
        "rotZ":1.2937376499176
      },
      "stats":{
        "healthCurrent":15,
        "magickaCurrent":10,
        "healthModified":15,
        "fatigueBase":300,
        "fatigueModified":300,
        "healthBase":15,
        "magickaModified":10,
        "magickaBase":10,
        "fatigueCurrent":299.95825195313
      }
    },
    "0-2668":{
      "refId":"slaughterfish",
      "location":{
        "posX":9191.30859375,
        "posZ":-387.55456542969,
        "posY":169253.3125,
        "rotX":0.17539224028587,
        "rotY":0,
        "rotZ":1.4700148105621
      },
      "stats":{
        "healthCurrent":23,
        "magickaCurrent":10,
        "healthModified":23,
        "fatigueBase":400,
        "fatigueModified":400,
        "healthBase":23,
        "magickaModified":10,
        "magickaBase":10,
        "fatigueCurrent":399.95825195313
      }
    },
    "429384-0":{
      "refId":"kollop_03_pearl",
      "inventory":[]
    },
    "429396-0":{
      "refId":"kollop_03_pearl",
      "inventory":[]
    },
    "166649-0":{
      "refId":"flora_gold_kanet_01",
      "inventory":[{
          "refId":"ingred_gold_kanet_01",
          "count":1,
          "charge":-1,
          "enchantmentCharge":-1,
          "soul":""
        }]
    },
    "166654-0":{
      "refId":"flora_gold_kanet_01",