{
  "packets":{
    "actorList":["0-3279","0-3280","0-3281","0-3283","0-3282"],
    "ai":[],
    "cellChangeFrom":[],
    "cellChangeTo":[],
    "container":["434618-0","434626-0","434627-0","434633-0","434635-0","434641-0","434645-0","434648-0","434656-0","434663-0","434669-0","434673-0","434674-0"],
    "death":[],
    "delete":[],
    "doorState":[],
    "equipment":[],
    "lock":[],
    "place":[],
    "position":["0-3279","0-3280","0-3281","0-3283","0-3282"],
    "scale":[],
    "spawn":["0-3279","0-3280","0-3281","0-3283","0-3282"],
    "state":[],
    "statsDynamic":["0-3279","0-3280","0-3281","0-3283","0-3282"],
    "trap":[]
  },
  "entry":{
    "creationTime":1569177880,
    "description":"10, 21"
  },
  "lastVisit":{
    "Dizzy":1569346496,
    "Dr,Kups":1569177924
  },
  "recordLinks":[],
  "objectData":{
    "434641-0":{
      "refId":"kollop_02_pearl",
      "inventory":[]
    },
    "434645-0":{
      "refId":"kollop_03_pearl",
      "inventory":[{
          "refId":"ingred_pearl_01",
          "count":1,
          "charge":-1,
          "enchantmentCharge":-1,
          "soul":""
        }]
    },
    "434669-0":{
      "refId":"kollop_02_pearl",
      "inventory":[{
          "refId":"ingred_pearl_01",
          "count":1,
          "charge":-1,
          "enchantmentCharge":-1,
          "soul":""
        }]
    },
    "0-3283":{
      "refId":"slaughterfish_small",
      "location":{
        "posX":89620.484375,
        "posZ":-33.020698547363,
        "posY":172694.234375,
        "rotX":0.43441927433014,
        "rotY":0,
        "rotZ":2.5229909420013
      },
      "stats":{
        "healthCurrent":15,
        "magickaCurrent":10,
        "healthModified":15,
        "fatigueBase":300,
        "fatigueModified":300,
        "healthBase":15,
        "magickaModified":10,
        "magickaBase":10,
        "fatigueCurrent":299.51452636719
      }
    },
    "0-3279":{
      "refId":"slaughterfish",
      "location":{
        "posX":83877.6953125,
        "posZ":-790.49584960938,
        "posY":175312.03125,
        "rotX":0,
        "rotY":0,
        "rotZ":2.149870634079
      },
      "stats":{
        "healthCurrent":23,
        "magickaCurrent":10,
        "healthModified":23,
        "fatigueBase":400,
        "fatigueModified":400,
        "healthBase":23,
        "magickaModified":10,
        "magickaBase":10,
        "fatigueCurrent":399.51452636719
      }
    },
    "434663-0":{
      "refId":"kollop_01_pearl",
      "inventory":[{
          "refId":"ingred_pearl_01",
          "count":1,
          "charge":-1,
          "enchantmentCharge":-1,
          "soul":""
        }]
    },
    "434674-0":{
      "refId":"kollop_03_pearl",
      "inventory":[{
          "refId":"ingred_pearl_01",
          "count":1,
          "charge":-1,
          "enchantmentCharge":-1,
          "soul":""
        }]
    },
    "434627-0":{
      "refId":"kollop_02_pearl",
      "inventory":[]
    },
    "434633-0":{
      "refId":"kollop_02_pearl",
      "inventory":[]
    },
    "434635-0":{
      "refId":"kollop_03_pearl",
      "inventory":[]
    },
    "0-3280":{
      "refId":"slaughterfish_small",
      "location":{
        "posX":86017.5703125,
        "posZ":-1775.5249023438,
        "posY":175993.984375,
        "rotX":0,
        "rotY":0,
        "rotZ":0.063597917556763
      },
      "stats":{
        "healthCurrent":15,
        "magickaCurrent":10,
        "healthModified":15,
        "fatigueBase":300,
        "fatigueModified":300,
        "healthBase":15,
        "magickaModified":10,
        "magickaBase":10,
        "fatigueCurrent":299.51452636719
      }
    },
    "0-3282":{
      "refId":"slaughterfish",
      "location":{
        "posX":87673.4921875,
        "posZ":-592.11828613281,
        "posY":172643.8125,
        "rotX":-0.00049123167991638,
        "rotY":0,
        "rotZ":0.7626748085022
      },
      "stats":{
        "healthCurrent":23,
        "magickaCurrent":10,
        "fatigueModified":400,
        "fatigueBase":400,
        "healthBase":23,
        "healthModified":23,
        "magickaModified":10,
        "magickaBase":10,
        "fatigueCurrent":399.51452636719
      }
    },
    "434656-0":{
      "refId":"kollop_03_pearl",
      "inventory":[{
          "refId":"ingred_pearl_01",
          "count":1,
          "charge":-1,
          "enchantmentCharge":-1,
          "soul":""
        }]
    },
    "434618-0":{
      "refId":"kollop_01_pearl",
      "inventory":[{
          "refId":"ingred_pearl_01",
          "count":1,
          "charge":-1,
          "enchantmentCharge":-1,
          "soul":""
        }]
    },
    "434648-0":{
      "refId":"kollop_01_pearl",
      "inventory":[{
          "refId":"ingred_pearl_01",
          "count":1,
          "charge":-1,
          "enchantmentCharge":-1,
          "soul":""
        }]
    },
    "434626-0":{
      "refId":"kollop_03_pearl",
      "inventory":[{
          "refId":"ingred_pearl_01",
          "count":1,
          "charge":-1,
          "enchantmentCharge":-1,
          "soul":""
        }]
    },
    "434673-0":{
      "refId":"kollop_02_pearl",
      "inventory":[]
    },
    "0-3281":{
      "refId":"slaughterfish",
      "location":{
        "posX":89046.875,
        "posZ":-1223.9262695313,
        "posY":178591.046875,
        "rotX":0.047450039535761,
        "rotY":0,
        "rotZ":1.6430881023407
      },
      "stats":{
        "healthCurrent":23,
        "magickaCurrent":10,
        "healthModified":23,
        "fatigueBase":400,
        "fatigueModified":400,
        "healthBase":23,
        "magickaModified":10,
        "magickaBase":10,
        "fatigueCurrent":399.51452636719
      }
    }
  }
}