{
  "packets":{
    "actorList":["0-3442","0-3444","0-3445","0-3441","0-3443","0-3640"],
    "ai":[],
    "cellChangeFrom":[],
    "cellChangeTo":[],
    "container":["434550-0","434551-0","434567-0","439840-0","439843-0","439844-0","439853-0","439858-0","439864-0","439896-0","439901-0","439906-0","439908-0","439922-0","439929-0","439931-0","439943-0","439948-0","439953-0","439955-0"],
    "death":[],
    "delete":[],
    "doorState":[],
    "equipment":[],
    "lock":[],
    "place":[],
    "position":["0-3442","0-3444","0-3445","0-3441","0-3443","0-3640"],
    "scale":[],
    "spawn":["0-3442","0-3444","0-3445","0-3441","0-3443","0-3640"],
    "state":[],
    "statsDynamic":["0-3442","0-3444","0-3445","0-3441","0-3443","0-3640"],
    "trap":[]
  },
  "entry":{
    "creationTime":1569182321,
    "description":"11, 17"
  },
  "lastVisit":{
    "Dizzy":1569346380,
    "Dr,Kups":1569182499
  },
  "recordLinks":[],
  "objectData":{
    "434551-0":{
      "refId":"flora_kreshweed_02",
      "inventory":[{
          "refId":"ingred_kresh_fiber_01",
          "count":1,
          "charge":-1,
          "enchantmentCharge":-1,
          "soul":""
        }]
    },
    "439864-0":{
      "refId":"kollop_03_pearl",
      "inventory":[{
          "refId":"ingred_pearl_01",
          "count":1,
          "charge":-1,
          "enchantmentCharge":-1,
          "soul":""
        }]
    },
    "0-3443":{
      "refId":"slaughterfish_small",
      "location":{
        "posX":92475.875,
        "posZ":-339.82269287109,
        "posY":139279,
        "rotX":-0.00092738959938288,
        "rotY":0,
        "rotZ":-1.1623337268829
      },
      "stats":{
        "healthCurrent":15,
        "magickaCurrent":10,
        "healthModified":15,
        "fatigueBase":300,
        "fatigueModified":300,
        "healthBase":15,
        "magickaModified":10,
        "magickaBase":10,
        "fatigueCurrent":299.96670532227
      }
    },
    "439955-0":{
      "refId":"kollop_03_pearl",
      "inventory":[]
    },
    "439843-0":{
      "refId":"kollop_01_pearl",
      "inventory":[]
    },
    "0-3442":{
      "refId":"mudcrab",
      "location":{
        "posX":92519.65625,
        "posZ":42.959381103516,
        "posY":141299.0625,
        "rotX":-0.61194199323654,
        "rotY":0,
        "rotZ":-2.2853691577911
      },
      "stats":{
        "healthCurrent":15,
        "magickaCurrent":5,
        "healthModified":15,
        "fatigueBase":400,
        "fatigueModified":400,
        "healthBase":15,
        "magickaModified":5,
        "magickaBase":5,
        "fatigueCurrent":400
      }
    },
    "439908-0":{
      "refId":"kollop_03_pearl",
      "inventory":[]
    },
    "439906-0":{
      "refId":"kollop_02_pearl",
      "inventory":[]
    },
    "439931-0":{
      "refId":"kollop_02_pearl",
      "inventory":[{
          "refId":"ingred_pearl_01",
          "count":1,
          "charge":-1,
          "enchantmentCharge":-1,
          "soul":""
        }]
    },
    "0-3444":{
      "refId":"slaughterfish_small",
      "location":{
        "posX":96243.046875,
        "posZ":-982.47119140625,
        "posY":139461.6875,
        "rotX":0,
        "rotY":0,
        "rotZ":-1.3747622966766
      },
      "stats":{
        "healthCurrent":15,
        "magickaCurrent":10,
        "healthModified":15,
        "fatigueBase":300,
        "fatigueModified":300,
        "healthBase":15,
        "magickaModified":10,
        "magickaBase":10,
        "fatigueCurrent":299.96713256836
      }
    },
    "0-3441":{
      "refId":"mudcrab",
      "location":{
        "posX":94847.78125,
        "posZ":-74.682174682617,
        "posY":139736.0625,
        "rotX":-0.41253587603569,
        "rotY":0,
        "rotZ":2.3107388019562
      },
      "stats":{
        "healthCurrent":15,
        "magickaCurrent":5,
        "healthModified":15,
        "fatigueBase":400,
        "fatigueModified":400,
        "healthBase":15,
        "magickaModified":5,
        "magickaBase":5,
        "fatigueCurrent":400
      }
    },
    "439929-0":{
      "refId":"kollop_03_pearl",
      "inventory":[]
    },
    "439943-0":{
      "refId":"kollop_03_pearl",
      "inventory":[]
    },
    "0-3640":{
      "refId":"netch_betty",
      "location":{
        "posX":96516.234375,
        "posZ":1770.51171875,
        "posY":139457.71875,
        "rotX":0,
        "rotY":0,
        "rotZ":2.4803106784821
      },
      "stats":{
        "healthCurrent":113,
        "magickaCurrent":75,
        "fatigueModified":500,
        "fatigueBase":500,
        "healthBase":113,
        "healthModified":113,
        "magickaModified":75,
        "magickaBase":75,
        "fatigueCurrent":500
      }
    },
    "439840-0":{
      "refId":"kollop_03_pearl",
      "inventory":[]
    },
    "439844-0":{
      "refId":"kollop_02_pearl",
      "inventory":[]
    },
    "439948-0":{
      "refId":"kollop_02_pearl",
      "inventory":[]
    },
    "439858-0":{
      "refId":"kollop_02_pearl",
      "inventory":[]
    },
    "0-3445":{
      "refId":"slaughterfish",
      "location":{
        "posX":95008.1171875,
        "posZ":-338.93435668945,
        "posY":146714.90625,
        "rotX":0.6540025472641,
        "rotY":0,
        "rotZ":-2.2979633808136
      },
      "stats":{
        "healthCurrent":23,
        "magickaCurrent":10,
        "healthModified":23,
        "fatigueBase":400,
        "fatigueModified":400,
        "healthBase":23,
        "magickaModified":10,
        "magickaBase":10,
        "fatigueCurrent":399.96713256836
      }
    },
    "434567-0":{
      "refId":"flora_kreshweed_03",
      "inventory":[{
          "refId":"ingred_kresh_fiber_01",
          "count":1,
          "charge":-1,
          "enchantmentCharge":-1,
          "soul":""
        }]
    },
    "439896-0":{
      "refId":"kollop_03_pearl",
      "inventory":[{
          "refId":"ingred_pearl_01",
          "count":1,
          "charge":-1,
          "enchantmentCharge":-1,
          "soul":""
        }]
    },
    "434550-0":{
      "refId":"flora_kreshweed_03",
      "inventory":[{
          "refId":"ingred_kresh_fiber_01",
          "count":1,
          "charge":-1,
          "enchantmentCharge":-1,
          "soul":""
        }]
    },
    "439853-0":{
      "refId":"kollop_03_pearl",
      "inventory":[]
    },
    "439922-0":{
      "refId":"kollop_01_pearl",
      "inventory":[]
    },
    "439953-0":{
      "refId":"kollop_02_pearl",
      "inventory":[]
    },
    "439901-0":{
      "refId":"kollop_02_pearl",
      "inventory":[{
          "refId":"ingred_pearl_01",
          "count":1,
          "charge":-1,
          "enchantmentCharge":-1,
          "soul":""
        }]
    }
  }
}