{
  "packets":{
    "actorList":["0-2290","0-2291","0-2292","0-2293","465680-0"],
    "ai":[],
    "cellChangeFrom":[],
    "cellChangeTo":[],
    "container":["400052-0","400060-0","465680-0"],
    "death":[],
    "delete":[],
    "doorState":[],
    "equipment":["465680-0"],
    "lock":[],
    "place":[],
    "position":["465680-0","0-2290","0-2291","0-2292","0-2293"],
    "scale":[],
    "spawn":["0-2290","0-2291","0-2292","0-2293"],
    "state":[],
    "statsDynamic":["465680-0","0-2290","0-2291","0-2292","0-2293"],
    "trap":[]
  },
  "entry":{
    "creationTime":1569016878,
    "description":"11, 2"
  },
  "lastVisit":{
    "Dizzy":1569016904
  },
  "recordLinks":[],
  "objectData":{
    "0-2293":{
      "refId":"rat_diseased",
      "location":{
        "posX":93507.75,
        "posZ":1109.1219482422,
        "posY":17235.32421875,
        "rotX":-0.070205792784691,
        "rotY":0,
        "rotZ":-0.0080239772796631
      },
      "stats":{
        "healthCurrent":23,
        "magickaCurrent":10,
        "healthModified":23,
        "fatigueBase":119,
        "fatigueModified":119,
        "healthBase":23,
        "magickaModified":10,
        "magickaBase":10,
        "fatigueCurrent":119
      }
    },
    "0-2291":{
      "refId":"rat_blighted",
      "location":{
        "posX":94245.1796875,
        "posZ":788.02478027344,
        "posY":24020.890625,
        "rotX":-0.14656989276409,
        "rotY":0,
        "rotZ":-2.504166841507
      },
      "stats":{
        "healthCurrent":45,
        "magickaCurrent":10,
        "healthModified":45,
        "fatigueBase":77,
        "fatigueModified":77,
        "healthBase":45,
        "magickaModified":10,
        "magickaBase":10,
        "fatigueCurrent":77
      }
    },
    "0-2292":{
      "refId":"rat_blighted",
      "location":{
        "posX":92387.5234375,
        "posZ":884.60906982422,
        "posY":23873.533203125,
        "rotX":-0.46753826737404,
        "rotY":0,
        "rotZ":2.8162529468536
      },
      "stats":{
        "healthCurrent":45,
        "magickaCurrent":10,
        "healthModified":45,
        "fatigueBase":80,
        "fatigueModified":80,
        "healthBase":45,
        "magickaModified":10,
        "magickaBase":10,
        "fatigueCurrent":80
      }
    },
    "400052-0":{
      "refId":"flora_rm_scathecraw_02",
      "inventory":[{
          "refId":"ingred_scathecraw_01",
          "count":1,
          "charge":-1,
          "enchantmentCharge":-1,
          "soul":""
        }]
    },
    "465680-0":{
      "refId":"marsus tullius",
      "location":{
        "posX":94771.8828125,
        "posZ":673,
        "posY":19505.96484375,
        "rotX":-0.26918911933899,
        "rotY":0,
        "rotZ":-2.290242433548
      },
      "stats":{
        "healthCurrent":68,
        "magickaCurrent":92,
        "healthModified":68,
        "fatigueBase":172,
        "fatigueModified":172,
        "healthBase":68,
        "magickaModified":92,
        "magickaBase":92,
        "fatigueCurrent":172
      },
      "equipment":{
        "7":{
          "refId":"expensive_shoes_03",
          "count":1,
          "charge":-1,
          "enchantmentCharge":-1
        },
        "8":{
          "refId":"expensive_shirt_03",
          "count":1,
          "charge":-1,
          "enchantmentCharge":-1
        },
        "15":{
          "refId":"expensive_belt_03",
          "count":1,
          "charge":-1,
          "enchantmentCharge":-1
        },
        "9":{
          "refId":"expensive_pants_03",
          "count":1,
          "charge":-1,
          "enchantmentCharge":-1
        }
      },
      "inventory":[{
          "refId":"expensive_belt_03",
          "count":1,
          "charge":-1,
          "enchantmentCharge":-1,
          "soul":""
        },{
          "refId":"expensive_shirt_03",
          "count":1,
          "charge":-1,
          "enchantmentCharge":-1,
          "soul":""
        },{
          "refId":"expensive_shoes_03",
          "count":1,
          "charge":-1,
          "enchantmentCharge":-1,
          "soul":""
        },{
          "refId":"expensive_pants_03",
          "count":1,
          "charge":-1,
          "enchantmentCharge":-1,
          "soul":""
        }]
    },
    "400060-0":{
      "refId":"contain_trama_shrub_06",
      "inventory":[{
          "refId":"ingred_trama_root_01",
          "count":3,
          "charge":-1,
          "enchantmentCharge":-1,
          "soul":""
        }]
    },
    "0-2290":{
      "refId":"kagouti",
      "location":{
        "posX":91348.984375,
        "posZ":665.08605957031,
        "posY":17531.66015625,
        "rotX":-1.4321942329407,
        "rotY":0,
        "rotZ":-1.957671880722
      },
      "stats":{
        "healthCurrent":45,
        "magickaCurrent":10,
        "healthModified":45,
        "fatigueBase":400,
        "fatigueModified":400,
        "healthBase":45,
        "magickaModified":10,
        "magickaBase":10,
        "fatigueCurrent":400
      }
    }
  }
}