{
  "packets":{
    "actorList":["0-4085","0-4086","0-4088","347315-0","450903-0","0-2322"],
    "ai":[],
    "cellChangeFrom":[],
    "cellChangeTo":[],
    "container":["450922-0","450927-0","450931-0","450944-0","347315-0","450903-0"],
    "death":[],
    "delete":[],
    "doorState":[],
    "equipment":[],
    "lock":[],
    "place":[],
    "position":["347315-0","450903-0","0-4085","0-4086","0-4088","0-2322"],
    "scale":[],
    "spawn":["0-4085","0-4086","0-4088","0-2322"],
    "state":[],
    "statsDynamic":["347315-0","450903-0","0-4085","0-4086","0-4088","0-2322"],
    "trap":[]
  },
  "entry":{
    "creationTime":1569441800,
    "description":"11, 4"
  },
  "lastVisit":{
    "Dizzy":1569452548,
    "Dr,Kups":1569441861
  },
  "recordLinks":[],
  "objectData":{
    "0-4088":{
      "refId":"slaughterfish_small",
      "location":{
        "posX":97647,
        "posZ":-322.98519897461,
        "posY":37855.49609375,
        "rotX":0.0099699571728706,
        "rotY":0,
        "rotZ":-2.0646378993988
      },
      "stats":{
        "healthCurrent":15,
        "magickaCurrent":10,
        "healthModified":15,
        "fatigueBase":300,
        "fatigueModified":300,
        "healthBase":15,
        "magickaModified":10,
        "magickaBase":10,
        "fatigueCurrent":299.95831298828
      }
    },
    "450931-0":{
      "refId":"kollop_03_pearl",
      "inventory":[]
    },
    "0-4086":{
      "refId":"nix-hound blighted",
      "location":{
        "posX":94657.0859375,
        "posZ":156.69413757324,
        "posY":36802.91796875,
        "rotX":0.016736706718802,
        "rotY":0,
        "rotZ":-0.29980754852295
      },
      "stats":{
        "healthCurrent":68,
        "magickaCurrent":10,
        "healthModified":68,
        "fatigueBase":137,
        "fatigueModified":137,
        "healthBase":68,
        "magickaModified":10,
        "magickaBase":10,
        "fatigueCurrent":137
      }
    },
    "450922-0":{
      "refId":"kollop_03_pearl",
      "inventory":[{
          "refId":"ingred_pearl_01",
          "count":1,
          "charge":-1,
          "enchantmentCharge":-1,
          "soul":""
        }]
    },
    "450944-0":{
      "refId":"kollop_02_pearl",
      "inventory":[{
          "refId":"ingred_pearl_01",
          "count":1,
          "charge":-1,
          "enchantmentCharge":-1,
          "soul":""
        }]
    },
    "450903-0":{
      "refId":"slaughterfish",
      "location":{
        "posX":96249.1171875,
        "posZ":-88.781845092773,
        "posY":39880.63671875,
        "rotX":0.05434637889266,
        "rotY":0,
        "rotZ":1.1873691082001
      },
      "stats":{
        "healthCurrent":23,
        "magickaCurrent":10,
        "healthModified":23,
        "fatigueBase":400,
        "fatigueModified":400,
        "healthBase":23,
        "magickaModified":10,
        "magickaBase":10,
        "fatigueCurrent":399.94525146484
      },
      "inventory":[{
          "refId":"ingred_scales_01",
          "count":2,
          "charge":-1,
          "enchantmentCharge":-1,
          "soul":""
        }]
    },
    "450927-0":{
      "refId":"kollop_02_pearl",
      "inventory":[{
          "refId":"ingred_pearl_01",
          "count":1,
          "charge":-1,
          "enchantmentCharge":-1,
          "soul":""
        }]
    },
    "0-2322":{
      "refId":"slaughterfish",
      "location":{
        "posX":98299.546875,
        "posZ":-37.400165557861,
        "posY":34475.546875,
        "rotX":-0.00066972151398659,
        "rotY":0,
        "rotZ":-0.79777836799622
      },
      "stats":{
        "healthCurrent":23,
        "magickaCurrent":10,
        "fatigueModified":400,
        "fatigueBase":400,
        "healthBase":23,
        "healthModified":23,
        "magickaModified":10,
        "magickaBase":10,
        "fatigueCurrent":400
      }
    },
    "0-4085":{
      "refId":"nix-hound blighted",
      "location":{
        "posX":95871.1328125,
        "posZ":43.6286277771,
        "posY":35542.0078125,
        "rotX":-0.15310126543045,
        "rotY":0,
        "rotZ":-3.0716750621796
      },
      "stats":{
        "healthCurrent":68,
        "magickaCurrent":10,
        "healthModified":68,
        "fatigueBase":132,
        "fatigueModified":132,
        "healthBase":68,
        "magickaModified":10,
        "magickaBase":10,
        "fatigueCurrent":132
      }
    },
    "347315-0":{
      "refId":"slaughterfish",
      "location":{
        "posX":96317.2890625,
        "posZ":-208.9208984375,
        "posY":38873.8515625,
        "rotX":-0.12213572114706,
        "rotY":0,
        "rotZ":-2.6794149875641
      },
      "stats":{
        "healthCurrent":23,
        "magickaCurrent":10,
        "healthModified":23,
        "fatigueBase":400,
        "fatigueModified":400,
        "healthBase":23,
        "magickaModified":10,
        "magickaBase":10,
        "fatigueCurrent":399.94525146484
      },
      "inventory":[]
    }
  }
}