{
  "packets":{
    "actorList":["0-2323","0-2324","146752-0","0-1524","450836-0","0-2321","0-1527"],
    "ai":[],
    "cellChangeFrom":["450836-0"],
    "cellChangeTo":["146748-0"],
    "container":["140252-0","140258-0","140263-0","140267-0","140275-0","140281-0","140282-0","140285-0","140286-0","140287-0","140289-0","140290-0","140291-0","140292-0","140294-0","140307-0","140308-0","140312-0","140313-0","146752-0","450836-0","0-2324"],
    "death":["0-2324"],
    "delete":[],
    "doorState":[],
    "equipment":["146752-0","0-2323","0-2324"],
    "lock":[],
    "place":[],
    "position":["146752-0","0-2323","0-2324","0-1524","450836-0","0-2321","0-1527"],
    "scale":[],
    "spawn":["0-2323","0-2324","0-1524","0-2321","0-1527"],
    "state":[],
    "statsDynamic":["146752-0","0-2323","0-2324","0-1524","450836-0","0-2321","0-1527"],
    "trap":[]
  },
  "entry":{
    "creationTime":1569016906,
    "description":"12, 4"
  },
  "lastVisit":{
    "Dizzy":1569452536
  },
  "recordLinks":[],
  "objectData":{
    "140275-0":{
      "refId":"flora_kreshweed_01",
      "inventory":[{
          "refId":"ingred_kresh_fiber_01",
          "count":1,
          "charge":-1,
          "enchantmentCharge":-1,
          "soul":""
        }]
    },
    "0-2321":{
      "refId":"slaughterfish_small",
      "location":{
        "posX":103424.21875,
        "posZ":-125.59339904785,
        "posY":32773.109375,
        "rotX":0,
        "rotY":0,
        "rotZ":-0.60864615440369
      },
      "stats":{
        "healthCurrent":15,
        "magickaCurrent":10,
        "healthModified":15,
        "fatigueBase":300,
        "magickaModified":10,
        "fatigueModified":300,
        "healthBase":15,
        "magickaBase":10,
        "fatigueCurrent":299.97631835938
      }
    },
    "140292-0":{
      "refId":"flora_muckspunge_04",
      "inventory":[{
          "refId":"ingred_muck_01",
          "count":1,
          "charge":-1,
          "enchantmentCharge":-1,
          "soul":""
        }]
    },
    "140286-0":{
      "refId":"flora_muckspunge_03",
      "inventory":[{
          "refId":"ingred_muck_01",
          "count":1,
          "charge":-1,
          "enchantmentCharge":-1,
          "soul":""
        }]
    },
    "140291-0":{
      "refId":"flora_muckspunge_03",
      "inventory":[{
          "refId":"ingred_muck_01",
          "count":1,
          "charge":-1,
          "enchantmentCharge":-1,
          "soul":""
        }]
    },
    "140294-0":{
      "refId":"flora_kreshweed_01",
      "inventory":[]
    },
    "140281-0":{
      "refId":"flora_kreshweed_02",
      "inventory":[{
          "refId":"ingred_kresh_fiber_01",
          "count":1,
          "charge":-1,
          "enchantmentCharge":-1,
          "soul":""
        }]
    },
    "140290-0":{
      "refId":"flora_kreshweed_01",
      "inventory":[{
          "refId":"ingred_kresh_fiber_01",
          "count":1,
          "charge":-1,
          "enchantmentCharge":-1,
          "soul":""
        }]
    },
    "140312-0":{
      "refId":"flora_muckspunge_01",
      "inventory":[{
          "refId":"ingred_muck_01",
          "count":1,
          "charge":-1,
          "enchantmentCharge":-1,
          "soul":""
        }]
    },
    "140307-0":{
      "refId":"flora_muckspunge_03",
      "inventory":[{
          "refId":"ingred_muck_01",
          "count":1,
          "charge":-1,
          "enchantmentCharge":-1,
          "soul":""
        }]
    },
    "140285-0":{
      "refId":"flora_muckspunge_01",
      "inventory":[{
          "refId":"ingred_muck_01",
          "count":1,
          "charge":-1,
          "enchantmentCharge":-1,
          "soul":""
        }]
    },
    "140282-0":{
      "refId":"flora_muckspunge_02",
      "inventory":[{
          "refId":"ingred_muck_01",
          "count":1,
          "charge":-1,
          "enchantmentCharge":-1,
          "soul":""
        }]
    },
    "140308-0":{
      "refId":"flora_muckspunge_04",
      "inventory":[{
          "refId":"ingred_muck_01",
          "count":1,
          "charge":-1,
          "enchantmentCharge":-1,
          "soul":""
        }]
    },
    "0-1524":{
      "refId":"slaughterfish",
      "location":{
        "posX":106491.59375,
        "posZ":-46.046936035156,
        "posY":34060.5234375,
        "rotX":-0.00074497610330582,
        "rotY":0,
        "rotZ":-0.45575737953186
      },
      "stats":{
        "healthCurrent":23,
        "magickaCurrent":10,
        "fatigueModified":400,
        "fatigueBase":400,
        "healthBase":23,
        "healthModified":23,
        "magickaModified":10,
        "magickaBase":10,
        "fatigueCurrent":399.5
      }
    },
    "450836-0":{
      "refId":"slaughterfish",
      "location":{
        "posX":106356.25,
        "posZ":-199.94529724121,
        "posY":32892.16015625,
        "rotX":0.056421212852001,
        "rotY":0,
        "rotZ":0.34523463249207
      },
      "stats":{
        "healthCurrent":23,
        "magickaCurrent":10,
        "healthModified":23,
        "fatigueBase":400,
        "magickaModified":10,
        "fatigueModified":400,
        "healthBase":23,
        "magickaBase":10,
        "fatigueCurrent":399.89178466797
      },
      "cellChangeFrom":"12, 3",
      "inventory":[]
    },
    "140263-0":{
      "refId":"flora_kreshweed_03",
      "inventory":[{
          "refId":"ingred_kresh_fiber_01",
          "count":1,
          "charge":-1,
          "enchantmentCharge":-1,
          "soul":""
        }]
    },
    "140252-0":{
      "refId":"flora_kreshweed_03",
      "inventory":[]
    },
    "0-2324":{
      "refId":"golden saint",
      "location":{
        "posX":103403.421875,
        "posZ":694.65576171875,
        "posY":40530.3515625,
        "rotX":-0.03197443857789,
        "rotY":0,
        "rotZ":0.35449838638306
      },
      "stats":{
        "healthCurrent":0,
        "magickaCurrent":755,
        "healthModified":250,
        "fatigueBase":700,
        "fatigueModified":700,
        "healthBase":250,
        "magickaModified":755,
        "magickaBase":755,
        "fatigueCurrent":657.62084960938
      },
      "equipment":{
        "17":{
          "refId":"netch_leather_towershield",
          "count":1,
          "charge":-1,
          "enchantmentCharge":-1
        },
        "16":{
          "refId":"ebony mace",
          "count":1,
          "charge":-1,
          "enchantmentCharge":-1
        }
      },
      "inventory":[{
          "refId":"feather_shield",
          "count":1,
          "charge":-1,
          "enchantmentCharge":-1,
          "soul":""
        },{
          "refId":"netch_leather_towershield",
          "count":1,
          "charge":-1,
          "enchantmentCharge":-1,
          "soul":""
        },{
          "refId":"ingred_daedras_heart_01",
          "count":1,
          "charge":-1,
          "enchantmentCharge":-1,
          "soul":""
        },{
          "refId":"ebony mace",
          "count":1,
          "charge":3597,
          "enchantmentCharge":-1,
          "soul":""
        }],
      "killer":{
        "player":"Dizzy"
      }
    },
    "0-2323":{
      "refId":"dremora",
      "location":{
        "posX":105016.2265625,
        "posZ":676.30078125,
        "posY":36738.8828125,
        "rotX":-0.34286096692085,
        "rotY":0,
        "rotZ":-2.5865967273712
      },
      "stats":{
        "healthCurrent":160,
        "magickaCurrent":100,
        "healthModified":160,
        "fatigueBase":400,
        "fatigueModified":400,
        "healthBase":160,
        "magickaModified":100,
        "magickaBase":100,
        "fatigueCurrent":400
      },
      "equipment":[]
    },
    "146752-0":{
      "refId":"idlami",
      "location":{
        "posX":102440.75,
        "posZ":1327.2879638672,
        "posY":37792.39453125,
        "rotX":0.012880043126643,
        "rotY":0,
        "rotZ":-1.3544619083405
      },
      "stats":{
        "healthCurrent":135,