{
  "packets":{
    "actorList":["0-2298","0-2299","0-2300","0-2301","0-2302","347300-0"],
    "ai":[],
    "cellChangeFrom":[],
    "cellChangeTo":["450836-0"],
    "container":["450844-0","450846-0","450848-0","450858-0","450869-0","450873-0","450877-0","450890-0","450892-0","450893-0","450894-0","347300-0"],
    "death":[],
    "delete":[],
    "doorState":[],
    "equipment":[],
    "lock":[],
    "place":[],
    "position":["347300-0","0-2298","0-2299","0-2300","0-2301","0-2302"],
    "scale":[],
    "spawn":["0-2298","0-2299","0-2300","0-2301","0-2302"],
    "state":[],
    "statsDynamic":["347300-0","0-2298","0-2299","0-2300","0-2301","0-2302"],
    "trap":[]
  },
  "entry":{
    "creationTime":1569016887,
    "description":"12, 3"
  },
  "lastVisit":{
    "Dizzy":1569452468
  },
  "recordLinks":[],
  "objectData":{
    "0-2301":{
      "refId":"mudcrab-diseased",
      "location":{
        "posX":103205.40625,
        "posZ":152.33337402344,
        "posY":27654.111328125,
        "rotX":-0.012179577723145,
        "rotY":0,
        "rotZ":1.4064562320709
      },
      "stats":{
        "healthCurrent":15,
        "magickaCurrent":5,
        "healthModified":15,
        "fatigueBase":26,
        "fatigueModified":26,
        "healthBase":15,
        "magickaModified":5,
        "magickaBase":5,
        "fatigueCurrent":26
      }
    },
    "347300-0":{
      "refId":"slaughterfish",
      "location":{
        "posX":103532.8515625,
        "posZ":-437.71334838867,
        "posY":26766.59765625,
        "rotX":-0.022911462932825,
        "rotY":0,
        "rotZ":2.7259104251862
      },
      "stats":{
        "healthCurrent":23,
        "magickaCurrent":10,
        "healthModified":23,
        "fatigueBase":400,
        "fatigueModified":400,
        "healthBase":23,
        "magickaModified":10,
        "magickaBase":10,
        "fatigueCurrent":399.89178466797
      },
      "inventory":[{
          "refId":"ingred_scales_01",
          "count":2,
          "charge":-1,
          "enchantmentCharge":-1,
          "soul":""
        }]
    },
    "450877-0":{
      "refId":"kollop_03_pearl",
      "inventory":[{
          "refId":"ingred_pearl_01",
          "count":1,
          "charge":-1,
          "enchantmentCharge":-1,
          "soul":""
        }]
    },
    "450890-0":{
      "refId":"kollop_02_pearl",
      "inventory":[{
          "refId":"ingred_pearl_01",
          "count":1,
          "charge":-1,
          "enchantmentCharge":-1,
          "soul":""
        }]
    },
    "450873-0":{
      "refId":"kollop_02_pearl",
      "inventory":[{
          "refId":"ingred_pearl_01",
          "count":1,
          "charge":-1,
          "enchantmentCharge":-1,
          "soul":""
        }]
    },
    "450894-0":{
      "refId":"kollop_03_pearl",
      "inventory":[]
    },
    "450869-0":{
      "refId":"kollop_03_pearl",
      "inventory":[]
    },
    "450836-0":{
      "cellChangeTo":"12, 4"
    },
    "450848-0":{
      "refId":"kollop_02_pearl",
      "inventory":[{
          "refId":"ingred_pearl_01",
          "count":1,
          "charge":-1,
          "enchantmentCharge":-1,
          "soul":""
        }]
    },
    "450893-0":{
      "refId":"kollop_02_pearl",
      "inventory":[]
    },
    "0-2302":{
      "refId":"cliff racer_diseased",
      "location":{
        "posX":103513.6484375,
        "posZ":140.36030578613,
        "posY":24769.064453125,
        "rotX":0,
        "rotY":0,
        "rotZ":-2.5625183582306
      },
      "stats":{
        "healthCurrent":45,
        "magickaCurrent":20,
        "healthModified":45,
        "fatigueBase":170,
        "fatigueModified":170,
        "healthBase":45,
        "magickaModified":20,
        "magickaBase":20,
        "fatigueCurrent":170
      }
    },
    "450846-0":{
      "refId":"kollop_02_pearl",
      "inventory":[{
          "refId":"ingred_pearl_01",
          "count":1,
          "charge":-1,
          "enchantmentCharge":-1,
          "soul":""
        }]
    },
    "450892-0":{
      "refId":"kollop_01_pearl",
      "inventory":[{
          "refId":"ingred_pearl_01",
          "count":1,
          "charge":-1,
          "enchantmentCharge":-1,
          "soul":""
        }]
    },
    "0-2299":{
      "refId":"netch_betty",
      "location":{
        "posX":103752.265625,
        "posZ":441.38235473633,
        "posY":29259.77734375,
        "rotX":-0.0010959338396788,
        "rotY":0,
        "rotZ":2.8983490467072
      },
      "stats":{
        "healthCurrent":113,
        "magickaCurrent":75,
        "healthModified":113,
        "fatigueBase":500,
        "fatigueModified":500,
        "healthBase":113,
        "magickaModified":75,
        "magickaBase":75,
        "fatigueCurrent":500
      }
    },
    "0-2300":{
      "refId":"daedroth",
      "location":{
        "posX":100495.703125,
        "posZ":526.04333496094,
        "posY":25944.083984375,
        "rotX":-0.20991080999374,
        "rotY":0,
        "rotZ":0.06331205368042
      },
      "stats":{
        "healthCurrent":180,
        "magickaCurrent":195,
        "healthModified":180,
        "fatigueBase":600,
        "fatigueModified":600,
        "healthBase":180,
        "magickaModified":195,
        "magickaBase":195,
        "fatigueCurrent":600
      }
    },
    "450844-0":{
      "refId":"kollop_03_pearl",
      "inventory":[]
    },
    "450858-0":{
      "refId":"kollop_03_pearl",
      "inventory":[{
          "refId":"ingred_pearl_01",
          "count":1,
          "charge":-1,
          "enchantmentCharge":-1,
          "soul":""
        }]
    },
    "0-2298":{
      "refId":"netch_betty",
      "location":{
        "posX":105217.1484375,
        "posZ":344.02563476563,
        "posY":29973.09375,
        "rotX":0,
        "rotY":0,
        "rotZ":-2.5254318714142
      },
      "stats":{
        "healthCurrent":113,
        "magickaCurrent":75,
        "healthModified":113,
        "fatigueBase":500,
        "fatigueModified":500,
        "healthBase":113,
        "magickaModified":75,
        "magickaBase":75,
        "fatigueCurrent":500
      }
    }
  }
}