{
  "packets":{
    "actorList":["0-3644","0-3645","0-3646","0-3647","0-3648","0-3661","0-3649"],
    "ai":[],
    "cellChangeFrom":[],
    "cellChangeTo":[],
    "container":["138737-0","138743-0","138752-0","138757-0","138760-0","138762-0","138763-0","138764-0","138774-0","138775-0","138776-0","138780-0","138784-0","138785-0","138786-0","138787-0","138788-0","138789-0","138790-0","138792-0","138793-0","138794-0","138795-0","138797-0","138801-0","138802-0","138803-0","138804-0","138808-0","138809-0","138810-0","138811-0","138812-0","138813-0","138814-0","138815-0","138816-0","138817-0","138819-0","138831-0","138832-0","138833-0","138836-0","138837-0","138838-0","138839-0","138841-0","438584-0","438585-0","438592-0","438595-0","438596-0","438602-0"],
    "death":[],
    "delete":[],
    "doorState":[],
    "equipment":[],
    "lock":[],
    "place":[],
    "position":["0-3644","0-3645","0-3646","0-3647","0-3648","0-3661","0-3649"],
    "scale":[],
    "spawn":["0-3644","0-3645","0-3646","0-3647","0-3648","0-3661","0-3649"],
    "state":[],
    "statsDynamic":["0-3644","0-3645","0-3646","0-3647","0-3648","0-3661","0-3649"],
    "trap":[]
  },
  "entry":{
    "creationTime":1569264272,
    "description":"13, 13"
  },
  "lastVisit":{
    "Dizzy":1569451602,
    "Tanis":1569266403,
    "Dr,Kups":1569441152
  },
  "recordLinks":[],
  "objectData":{
    "138797-0":{
      "refId":"flora_marshmerrow_02",
      "inventory":[{
          "refId":"ingred_marshmerrow_01",
          "count":1,
          "charge":-1,
          "enchantmentCharge":-1,
          "soul":""
        }]
    },
    "438602-0":{
      "refId":"kollop_01_pearl",
      "inventory":[]
    },
    "138789-0":{
      "refId":"flora_marshmerrow_01",
      "inventory":[{
          "refId":"ingred_marshmerrow_01",
          "count":1,
          "charge":-1,
          "enchantmentCharge":-1,
          "soul":""
        }]
    },
    "0-3646":{
      "refId":"scrib",
      "location":{
        "posX":112341.5390625,
        "posZ":357.81634521484,
        "posY":110603.0703125,
        "rotX":0.0053772646933794,
        "rotY":0,
        "rotZ":3.0098087787628
      },
      "stats":{
        "healthCurrent":8,
        "magickaCurrent":12,
        "healthModified":8,
        "fatigueBase":300,
        "fatigueModified":300,
        "healthBase":8,
        "magickaModified":12,
        "magickaBase":12,
        "fatigueCurrent":300
      }
    },
    "138774-0":{
      "refId":"flora_muckspunge_01",
      "inventory":[]
    },
    "138839-0":{
      "refId":"flora_marshmerrow_02",
      "inventory":[{
          "refId":"ingred_marshmerrow_01",
          "count":1,
          "charge":-1,
          "enchantmentCharge":-1,
          "soul":""
        }]
    },
    "0-3648":{
      "refId":"mudcrab-diseased",
      "location":{
        "posX":112242.6953125,
        "posZ":49.297080993652,
        "posY":108846,
        "rotX":0.037462420761585,
        "rotY":0,
        "rotZ":-2.1885025501251
      },
      "stats":{
        "healthCurrent":15,
        "magickaCurrent":5,
        "healthModified":15,
        "fatigueBase":30,
        "fatigueModified":30,
        "healthBase":15,
        "magickaModified":5,
        "magickaBase":5,
        "fatigueCurrent":30
      }
    },
    "138831-0":{
      "refId":"flora_marshmerrow_01",
      "inventory":[{
          "refId":"ingred_marshmerrow_01",
          "count":1,
          "charge":-1,
          "enchantmentCharge":-1,
          "soul":""
        }]
    },
    "0-3645":{
      "refId":"mudcrab-diseased",
      "location":{
        "posX":110251.1953125,
        "posZ":99.113510131836,
        "posY":107865.9375,
        "rotX":0.048625972121954,
        "rotY":0,
        "rotZ":1.4372465610504
      },
      "stats":{
        "healthCurrent":15,
        "magickaCurrent":5,
        "healthModified":15,
        "fatigueBase":27,
        "fatigueModified":27,
        "healthBase":15,
        "magickaModified":5,
        "magickaBase":5,
        "fatigueCurrent":27
      }
    },
    "138815-0":{
      "refId":"flora_marshmerrow_03",
      "inventory":[{
          "refId":"ingred_marshmerrow_01",
          "count":1,
          "charge":-1,
          "enchantmentCharge":-1,
          "soul":""
        }]
    },
    "138786-0":{
      "refId":"flora_saltrice_02",
      "inventory":[{
          "refId":"ingred_saltrice_01",
          "count":1,
          "charge":-1,
          "enchantmentCharge":-1,
          "soul":""
        }]
    },
    "138794-0":{
      "refId":"flora_marshmerrow_01",
      "inventory":[{
          "refId":"ingred_marshmerrow_01",
          "count":1,
          "charge":-1,
          "enchantmentCharge":-1,
          "soul":""
        }]
    },
    "138737-0":{
      "refId":"flora_kreshweed_01",
      "inventory":[{
          "refId":"ingred_kresh_fiber_01",
          "count":1,
          "charge":-1,
          "enchantmentCharge":-1,
          "soul":""
        }]
    },
    "138762-0":{
      "refId":"flora_muckspunge_01",
      "inventory":[{
          "refId":"ingred_muck_01",
          "count":1,
          "charge":-1,
          "enchantmentCharge":-1,
          "soul":""
        }]
    },
    "138810-0":{
      "refId":"flora_marshmerrow_02",
      "inventory":[{
          "refId":"ingred_marshmerrow_01",
          "count":1,
          "charge":-1,
          "enchantmentCharge":-1,
          "soul":""
        }]
    },
    "0-3649":{
      "refId":"slaughterfish_small",
      "location":{
        "posX":114679.7265625,
        "posZ":-300.47775268555,
        "posY":110904.453125,
        "rotX":0,
        "rotY":0,
        "rotZ":-1.6537573337555
      },
      "stats":{
        "healthCurrent":15,
        "magickaCurrent":10,
        "healthModified":15,
        "fatigueBase":300,
        "fatigueModified":300,
        "healthBase":15,
        "magickaModified":10,
        "magickaBase":10,
        "fatigueCurrent":299.96673583984
      }
    },
    "138775-0":{
      "refId":"flora_muckspunge_03",
      "inventory":[{
          "refId":"ingred_muck_01",
          "count":1,
          "charge":-1,
          "enchantmentCharge":-1,
          "soul":""
        }]
    },
    "138743-0":{
      "refId":"flora_kreshweed_02",
      "inventory":[{
          "refId":"ingred_kresh_fiber_01",
          "count":1,
          "charge":-1,
          "enchantmentCharge":-1,
          "soul":""
        }]
    },
    "138790-0":{
      "refId":"flora_saltrice_01",
      "inventory":[{
          "refId":"ingred_saltrice_01",
          "count":1,
          "charge":-1,
          "enchantmentCharge":-1,
          "soul":""
        }]
    },
    "138817-0":{
      "refId":"flora_marshmerrow_03",
      "inventory":[{
          "refId":"ingred_marshmerrow_01",
          "count":1,
          "charge":-1,
          "enchantmentCharge":-1,
          "soul":""
        }]
    },
    "0-3647":{
      "refId":"netch_bull",
      "location":{
        "posX":112466.203125,
        "posZ":177.65324401855,
        "posY":109228.109375,
        "rotX":0.0038665011525154,
        "rotY":0,
        "rotZ":1.0512306690216
      },
      "stats":{
        "healthCurrent":45,
        "magickaCurrent":100,
        "healthModified":45,
        "fatigueBase":400,
        "fatigueModified":400,
        "healthBase":45,
        "magickaModified":100,
        "magickaBase":100,
        "fatigueCurrent":400
      }
    },
    "138841-0":{
      "refId":"flora_kreshweed_03",
      "inventory":[{
          "refId":"ingred_kresh_fiber_01",
          "count":1,
          "charge":-1,
          "enchantmentCharge":-1,
          "soul":""
        }]
    },
    "138763-0":{
      "refId":"flora_muckspunge_03",
      "inventory":[{
          "refId":"ingred_muck_01",
          "count":1,
          "charge":-1,
          "enchantmentCharge":-1,
          "soul":""
        }]
    },
    "0-3661":{
      "refId":"cliff racer_diseased",
      "location":{
        "posX":114687.9375,