{
  "packets":{
    "actorList":["0-1516","0-1517","0-1518","0-1519","0-570"],
    "ai":[],
    "cellChangeFrom":[],
    "cellChangeTo":["450366-0"],
    "container":["138442-0","138443-0","138444-0","138445-0","138446-0","138447-0","138448-0","138449-0","138450-0","138451-0","138452-0","138453-0","138454-0","138455-0","138456-0","138457-0","138458-0","138459-0","138460-0","138461-0","138462-0","138463-0","138467-0","138469-0","138470-0","138471-0","138472-0","138473-0","138477-0","138478-0","138479-0","138480-0","138481-0","138482-0","138483-0","138484-0","138485-0","138486-0","138487-0","138488-0","138490-0","138491-0","314957-0","314958-0","450370-0","450371-0","450372-0","450388-0","450392-0","450399-0","450407-0","450428-0","450429-0","450434-0","450444-0"],
    "death":[],
    "delete":[],
    "doorState":[],
    "equipment":[],
    "lock":[],
    "place":[],
    "position":["0-1516","0-1517","0-1518","0-1519","0-570"],
    "scale":[],
    "spawn":["0-1516","0-1517","0-1518","0-1519","0-570"],
    "state":[],
    "statsDynamic":["0-1516","0-1517","0-1518","0-1519","0-570"],
    "trap":[]
  },
  "entry":{
    "creationTime":1568870091,
    "description":"14, 3"
  },
  "lastVisit":{
    "Dizzy":1569461509,
    "Tanis":1569266396
  },
  "recordLinks":[],
  "objectData":{
    "0-1518":{
      "refId":"mudcrab",
      "location":{
        "posX":121390.265625,
        "posZ":55.425979614258,
        "posY":31688.89453125,
        "rotX":0.00073454063385725,
        "rotY":0,
        "rotZ":0.26969957351685
      },
      "stats":{
        "healthCurrent":15,
        "magickaCurrent":5,
        "healthModified":15,
        "fatigueBase":400,
        "fatigueModified":400,
        "healthBase":15,
        "magickaModified":5,
        "magickaBase":5,
        "fatigueCurrent":400
      }
    },
    "138487-0":{
      "refId":"flora_marshmerrow_03",
      "inventory":[{
          "refId":"ingred_marshmerrow_01",
          "count":1,
          "charge":-1,
          "enchantmentCharge":-1,
          "soul":""
        }]
    },
    "450444-0":{
      "refId":"kollop_03_pearl",
      "inventory":[{
          "refId":"ingred_pearl_01",
          "count":1,
          "charge":-1,
          "enchantmentCharge":-1,
          "soul":""
        }]
    },
    "450372-0":{
      "refId":"kollop_03_pearl",
      "inventory":[]
    },
    "138457-0":{
      "refId":"flora_marshmerrow_01",
      "inventory":[{
          "refId":"ingred_marshmerrow_01",
          "count":1,
          "charge":-1,
          "enchantmentCharge":-1,
          "soul":""
        }]
    },
    "138445-0":{
      "refId":"flora_saltrice_01",
      "inventory":[{
          "refId":"ingred_saltrice_01",
          "count":1,
          "charge":-1,
          "enchantmentCharge":-1,
          "soul":""
        }]
    },
    "138483-0":{
      "refId":"flora_marshmerrow_01",
      "inventory":[{
          "refId":"ingred_marshmerrow_01",
          "count":1,
          "charge":-1,
          "enchantmentCharge":-1,
          "soul":""
        }]
    },
    "138470-0":{
      "refId":"flora_marshmerrow_01",
      "inventory":[{
          "refId":"ingred_marshmerrow_01",
          "count":1,
          "charge":-1,
          "enchantmentCharge":-1,
          "soul":""
        }]
    },
    "138477-0":{
      "refId":"flora_marshmerrow_01",
      "inventory":[{
          "refId":"ingred_marshmerrow_01",
          "count":1,
          "charge":-1,
          "enchantmentCharge":-1,
          "soul":""
        }]
    },
    "450407-0":{
      "refId":"kollop_02_pearl",
      "inventory":[]
    },
    "138452-0":{
      "refId":"flora_saltrice_02",
      "inventory":[{
          "refId":"ingred_saltrice_01",
          "count":1,
          "charge":-1,
          "enchantmentCharge":-1,
          "soul":""
        }]
    },
    "138482-0":{
      "refId":"flora_marshmerrow_03",
      "inventory":[]
    },
    "138490-0":{
      "refId":"flora_marshmerrow_02",
      "inventory":[{
          "refId":"ingred_marshmerrow_01",
          "count":1,
          "charge":-1,
          "enchantmentCharge":-1,
          "soul":""
        }]
    },
    "138442-0":{
      "refId":"flora_marshmerrow_01",
      "inventory":[{
          "refId":"ingred_marshmerrow_01",
          "count":1,
          "charge":-1,
          "enchantmentCharge":-1,
          "soul":""
        }]
    },
    "138480-0":{
      "refId":"flora_marshmerrow_03",
      "inventory":[{
          "refId":"ingred_marshmerrow_01",
          "count":1,
          "charge":-1,
          "enchantmentCharge":-1,
          "soul":""
        }]
    },
    "138485-0":{
      "refId":"flora_marshmerrow_02",
      "inventory":[{
          "refId":"ingred_marshmerrow_01",
          "count":1,
          "charge":-1,
          "enchantmentCharge":-1,
          "soul":""
        }]
    },
    "0-1519":{
      "refId":"mudcrab-diseased",
      "location":{
        "posX":120952.3984375,
        "posZ":53.310764312744,
        "posY":31800.8203125,
        "rotX":0.0022209584712982,
        "rotY":0,
        "rotZ":-2.9045383930206
      },
      "stats":{
        "healthCurrent":15,
        "magickaCurrent":5,
        "healthModified":15,
        "fatigueBase":29,
        "fatigueModified":29,
        "healthBase":15,
        "magickaModified":5,
        "magickaBase":5,
        "fatigueCurrent":29
      }
    },
    "138455-0":{
      "refId":"flora_marshmerrow_03",
      "inventory":[{
          "refId":"ingred_marshmerrow_01",
          "count":1,
          "charge":-1,
          "enchantmentCharge":-1,
          "soul":""
        }]
    },
    "450399-0":{
      "refId":"kollop_03_pearl",
      "inventory":[]
    },
    "138449-0":{
      "refId":"flora_marshmerrow_03",
      "inventory":[{
          "refId":"ingred_marshmerrow_01",
          "count":1,
          "charge":-1,
          "enchantmentCharge":-1,
          "soul":""
        }]
    },
    "138478-0":{
      "refId":"flora_marshmerrow_02",
      "inventory":[{
          "refId":"ingred_marshmerrow_01",
          "count":1,
          "charge":-1,
          "enchantmentCharge":-1,
          "soul":""
        }]
    },
    "450392-0":{
      "refId":"kollop_02_pearl",
      "inventory":[{
          "refId":"ingred_pearl_01",
          "count":1,
          "charge":-1,
          "enchantmentCharge":-1,
          "soul":""
        }]
    },
    "450370-0":{
      "refId":"kollop_01_pearl",
      "inventory":[]
    },
    "450366-0":{
      "cellChangeTo":"13, 3"
    },
    "450371-0":{
      "refId":"kollop_02_pearl",
      "inventory":[{
          "refId":"ingred_pearl_01",
          "count":1,
          "charge":-1,
          "enchantmentCharge":-1,
          "soul":""
        }]
    },
    "138467-0":{
      "refId":"flora_marshmerrow_03",
      "inventory":[{
          "refId":"ingred_marshmerrow_01",
          "count":1,
          "charge":-1,
          "enchantmentCharge":-1,
          "soul":""
        }]
    },
    "138443-0":{
      "refId":"flora_marshmerrow_03",
      "inventory":[{
          "refId":"ingred_marshmerrow_01",
          "count":1,
          "charge":-1,
          "enchantmentCharge":-1,
          "soul":""
        }]
    },
    "138488-0":{
      "refId":"flora_marshmerrow_01",
      "inventory":[{
          "refId":"ingred_marshmerrow_01",
          "count":1,
          "charge":-1,
          "enchantmentCharge":-1,
          "soul":""
        }]
    },
    "314958-0":{
      "refId":"flora_kreshweed_01",
      "inventory":[{
          "refId":"ingred_kresh_fiber_01",
          "count":1,
          "charge":-1,
          "enchantmentCharge":-1,
          "soul":""
        }]
    },
    "138481-0":{
      "refId":"flora_marshmerrow_03",
      "inventory":[{
          "refId":"ingred_marshmerrow_01",
          "count":1,
          "charge":-1,
          "enchantmentCharge":-1,
          "soul":""
        }]
    },
    "138486-0":{
      "refId":"flora_marshmerrow_03",