{
  "packets":{
    "actorList":["0-1552","0-1553","0-1554","0-1555","0-1557","0-1556","355072-0"],
    "ai":[],
    "cellChangeFrom":["355072-0"],
    "cellChangeTo":[],
    "container":["117332-0","117333-0","137457-0","137458-0","137462-0","137463-0","137464-0","137465-0","137466-0","137467-0","137468-0","137469-0","137478-0","137479-0","137480-0","137481-0","137483-0","137484-0","137485-0","137486-0","137487-0","137488-0","137489-0","137490-0","137491-0","137492-0","137493-0","137494-0","137495-0","137496-0","137497-0","137498-0","137499-0","137500-0","137501-0","137502-0","137503-0","137504-0","137505-0","137506-0","117371-0","444988-0","444989-0","444990-0","444998-0","445012-0","445019-0","445022-0","445034-0","445036-0","445050-0","355072-0"],
    "death":[],
    "delete":[],
    "doorState":[],
    "equipment":[],
    "lock":[],
    "place":[],
    "position":["0-1552","0-1553","0-1554","0-1555","0-1557","0-1556","355072-0"],
    "scale":[],
    "spawn":["0-1552","0-1553","0-1554","0-1555","0-1557","0-1556"],
    "state":[],
    "statsDynamic":["0-1552","0-1553","0-1554","0-1555","0-1557","0-1556","355072-0"],
    "trap":[]
  },
  "entry":{
    "creationTime":1568870234,
    "description":"15, 9"
  },
  "lastVisit":{
    "Dizzy":1568870803,
    "Dr,Kups":1569440844
  },
  "recordLinks":[],
  "objectData":{
    "137463-0":{
      "refId":"flora_saltrice_01",
      "inventory":[{
          "refId":"ingred_saltrice_01",
          "count":1,
          "charge":-1,
          "enchantmentCharge":-1,
          "soul":""
        }]
    },
    "137498-0":{
      "refId":"flora_marshmerrow_03",
      "inventory":[{
          "refId":"ingred_marshmerrow_01",
          "count":1,
          "charge":-1,
          "enchantmentCharge":-1,
          "soul":""
        }]
    },
    "137493-0":{
      "refId":"flora_marshmerrow_02",
      "inventory":[{
          "refId":"ingred_marshmerrow_01",
          "count":1,
          "charge":-1,
          "enchantmentCharge":-1,
          "soul":""
        }]
    },
    "0-1555":{
      "refId":"slaughterfish",
      "location":{
        "posX":128867.8984375,
        "posZ":-100.85646820068,
        "posY":79176.3984375,
        "rotX":0.016550607979298,
        "rotY":0,
        "rotZ":-2.7149651050568
      },
      "stats":{
        "healthCurrent":23,
        "magickaCurrent":10,
        "healthModified":23,
        "fatigueBase":400,
        "fatigueModified":400,
        "healthBase":23,
        "magickaModified":10,
        "magickaBase":10,
        "fatigueCurrent":399.955078125
      }
    },
    "0-1556":{
      "refId":"slaughterfish_small",
      "location":{
        "posX":130877.234375,
        "posZ":-313.41821289063,
        "posY":73948.9296875,
        "rotX":0,
        "rotY":0,
        "rotZ":2.1704723834991
      },
      "stats":{
        "healthCurrent":15,
        "magickaCurrent":10,
        "healthModified":15,
        "fatigueBase":300,
        "fatigueModified":300,
        "healthBase":15,
        "magickaModified":10,
        "magickaBase":10,
        "fatigueCurrent":299.96682739258
      }
    },
    "137480-0":{
      "refId":"flora_marshmerrow_02",
      "inventory":[{
          "refId":"ingred_marshmerrow_01",
          "count":1,
          "charge":-1,
          "enchantmentCharge":-1,
          "soul":""
        }]
    },
    "137486-0":{
      "refId":"flora_marshmerrow_01",
      "inventory":[{
          "refId":"ingred_marshmerrow_01",
          "count":1,
          "charge":-1,
          "enchantmentCharge":-1,
          "soul":""
        }]
    },
    "117332-0":{
      "refId":"flora_hackle-lo_02",
      "inventory":[]
    },
    "137495-0":{
      "refId":"flora_marshmerrow_01",
      "inventory":[{
          "refId":"ingred_marshmerrow_01",
          "count":1,
          "charge":-1,
          "enchantmentCharge":-1,
          "soul":""
        }]
    },
    "137484-0":{
      "refId":"flora_marshmerrow_03",
      "inventory":[]
    },
    "137478-0":{
      "refId":"flora_saltrice_02",
      "inventory":[{
          "refId":"ingred_saltrice_01",
          "count":1,
          "charge":-1,
          "enchantmentCharge":-1,
          "soul":""
        }]
    },
    "444989-0":{
      "refId":"kollop_01_pearl",
      "inventory":[]
    },
    "355072-0":{
      "refId":"slaughterfish",
      "location":{
        "posX":128824.1796875,
        "posZ":-381.40856933594,
        "posY":81723.6875,
        "rotX":0.0086669623851776,
        "rotY":0,
        "rotZ":0.84626650810242
      },
      "stats":{
        "healthCurrent":23,
        "magickaCurrent":10,
        "fatigueModified":400,
        "fatigueBase":400,
        "healthBase":23,
        "healthModified":23,
        "magickaModified":10,
        "magickaBase":10,
        "fatigueCurrent":399.96719360352
      },
      "cellChangeFrom":"15, 10",
      "inventory":[]
    },
    "137488-0":{
      "refId":"flora_marshmerrow_03",
      "inventory":[{
          "refId":"ingred_marshmerrow_01",
          "count":1,
          "charge":-1,
          "enchantmentCharge":-1,
          "soul":""
        }]
    },
    "137468-0":{
      "refId":"flora_saltrice_01",
      "inventory":[{
          "refId":"ingred_saltrice_01",
          "count":1,
          "charge":-1,
          "enchantmentCharge":-1,
          "soul":""
        }]
    },
    "137489-0":{
      "refId":"flora_marshmerrow_02",
      "inventory":[{
          "refId":"ingred_marshmerrow_01",
          "count":1,
          "charge":-1,
          "enchantmentCharge":-1,
          "soul":""
        }]
    },
    "445036-0":{
      "refId":"kollop_01_pearl",
      "inventory":[]
    },
    "137491-0":{
      "refId":"flora_marshmerrow_01",
      "inventory":[{
          "refId":"ingred_marshmerrow_01",
          "count":1,
          "charge":-1,
          "enchantmentCharge":-1,
          "soul":""
        }]
    },
    "137483-0":{
      "refId":"flora_marshmerrow_01",
      "inventory":[{
          "refId":"ingred_marshmerrow_01",
          "count":1,
          "charge":-1,
          "enchantmentCharge":-1,
          "soul":""
        }]
    },
    "444990-0":{
      "refId":"kollop_02_pearl",
      "inventory":[{
          "refId":"ingred_pearl_01",
          "count":1,
          "charge":-1,
          "enchantmentCharge":-1,
          "soul":""
        }]
    },
    "137457-0":{
      "refId":"flora_marshmerrow_03",
      "inventory":[{
          "refId":"ingred_marshmerrow_01",
          "count":1,
          "charge":-1,
          "enchantmentCharge":-1,
          "soul":""
        }]
    },
    "137502-0":{
      "refId":"flora_marshmerrow_02",
      "inventory":[{
          "refId":"ingred_marshmerrow_01",
          "count":1,
          "charge":-1,
          "enchantmentCharge":-1,
          "soul":""
        }]
    },
    "137492-0":{
      "refId":"flora_marshmerrow_01",
      "inventory":[{
          "refId":"ingred_marshmerrow_01",
          "count":1,
          "charge":-1,
          "enchantmentCharge":-1,
          "soul":""
        }]
    },
    "137469-0":{
      "refId":"flora_marshmerrow_02",
      "inventory":[{
          "refId":"ingred_marshmerrow_01",
          "count":1,
          "charge":-1,
          "enchantmentCharge":-1,
          "soul":""
        }]
    },
    "137487-0":{
      "refId":"flora_marshmerrow_02",
      "inventory":[]
    },
    "137485-0":{
      "refId":"flora_marshmerrow_03",
      "inventory":[{
          "refId":"ingred_marshmerrow_01",
          "count":1,
          "charge":-1,
          "enchantmentCharge":-1,
          "soul":""
        }]
    },
    "137503-0":{
      "refId":"flora_marshmerrow_01",
      "inventory":[{
          "refId":"ingred_marshmerrow_01",
          "count":1,
          "charge":-1,
          "enchantmentCharge":-1,
          "soul":""
        }]
    },
    "137465-0":{
      "refId":"flora_marshmerrow_01",
      "inventory":[{
          "refId":"ingred_marshmerrow_01",