{
  "packets":{
    "actorList":["0-3029","0-3033","0-3031","0-3047","0-3030","0-3032"],
    "ai":[],
    "cellChangeFrom":[],
    "cellChangeTo":[],
    "container":["288635-0","288636-0","288637-0","288638-0","288664-0","288670-0","288672-0","288685-0","288686-0","288687-0","288688-0","288689-0","288690-0","288691-0"],
    "death":[],
    "delete":[],
    "doorState":[],
    "equipment":[],
    "lock":[],
    "place":[],
    "position":["0-3029","0-3033","0-3031","0-3047","0-3030","0-3032"],
    "scale":[],
    "spawn":["0-3029","0-3033","0-3031","0-3047","0-3030","0-3032"],
    "state":[],
    "statsDynamic":["0-3029","0-3033","0-3031","0-3047","0-3030","0-3032"],
    "trap":[]
  },
  "entry":{
    "creationTime":1569137466,
    "description":"15, -14"
  },
  "lastVisit":{
    "Tanis":1569266734,
    "Dizzy":1569340953
  },
  "recordLinks":[],
  "objectData":{
    "288685-0":{
      "refId":"flora_black_anther_01",
      "inventory":[]
    },
    "288687-0":{
      "refId":"flora_willow_flower_02",
      "inventory":[{
          "refId":"ingred_willow_anther_01",
          "count":1,
          "charge":-1,
          "enchantmentCharge":-1,
          "soul":""
        }]
    },
    "0-3030":{
      "refId":"slaughterfish",
      "location":{
        "posX":131066.3515625,
        "posZ":-173.1637878418,
        "posY":-112985.234375,
        "rotX":-0.0003064414486289,
        "rotY":0,
        "rotZ":-1.4663851261139
      },
      "stats":{
        "healthCurrent":23,
        "magickaCurrent":10,
        "healthModified":23,
        "fatigueBase":400,
        "magickaModified":10,
        "fatigueModified":400,
        "healthBase":23,
        "magickaBase":10,
        "fatigueCurrent":399.97616577148
      }
    },
    "288635-0":{
      "refId":"flora_muckspunge_06",
      "inventory":[]
    },
    "0-3031":{
      "refId":"cliff racer_diseased",
      "location":{
        "posX":122880.109375,
        "posZ":2227.3413085938,
        "posY":-111709.203125,
        "rotX":0.12484574317932,
        "rotY":0,
        "rotZ":-2.0499269962311
      },
      "stats":{
        "healthCurrent":45,
        "magickaCurrent":20,
        "fatigueModified":170,
        "fatigueBase":170,
        "healthBase":45,
        "healthModified":45,
        "magickaModified":20,
        "magickaBase":20,
        "fatigueCurrent":170
      }
    },
    "0-3047":{
      "refId":"slaughterfish",
      "location":{
        "posX":130959.328125,
        "posZ":-353.07891845703,
        "posY":-111209.21875,
        "rotX":0.0080639217048883,
        "rotY":0,
        "rotZ":-2.9699289798737
      },
      "stats":{
        "healthCurrent":23,
        "magickaCurrent":10,
        "healthModified":23,
        "fatigueBase":400,
        "fatigueModified":400,
        "healthBase":23,
        "magickaModified":10,
        "magickaBase":10,
        "fatigueCurrent":399.96670532227
      }
    },
    "288664-0":{
      "refId":"flora_kreshweed_01",
      "inventory":[{
          "refId":"ingred_kresh_fiber_01",
          "count":1,
          "charge":-1,
          "enchantmentCharge":-1,
          "soul":""
        }]
    },
    "288690-0":{
      "refId":"flora_willow_flower_02",
      "inventory":[{
          "refId":"ingred_willow_anther_01",
          "count":1,
          "charge":-1,
          "enchantmentCharge":-1,
          "soul":""
        }]
    },
    "288672-0":{
      "refId":"flora_kreshweed_01",
      "inventory":[{
          "refId":"ingred_kresh_fiber_01",
          "count":1,
          "charge":-1,
          "enchantmentCharge":-1,
          "soul":""
        }]
    },
    "288691-0":{
      "refId":"flora_black_anther_01",
      "inventory":[{
          "refId":"ingred_black_anther_01",
          "count":1,
          "charge":-1,
          "enchantmentCharge":-1,
          "soul":""
        }]
    },
    "0-3033":{
      "refId":"daedroth",
      "location":{
        "posX":123724.9921875,
        "posZ":597.5302734375,
        "posY":-108340.3515625,
        "rotX":-0.030132180079818,
        "rotY":0,
        "rotZ":2.5088369846344
      },
      "stats":{
        "healthCurrent":180,
        "magickaCurrent":195,
        "healthModified":180,
        "fatigueBase":600,
        "fatigueModified":600,
        "healthBase":180,
        "magickaModified":195,
        "magickaBase":195,
        "fatigueCurrent":600
      }
    },
    "288689-0":{
      "refId":"flora_willow_flower_01",
      "inventory":[{
          "refId":"ingred_willow_anther_01",
          "count":1,
          "charge":-1,
          "enchantmentCharge":-1,
          "soul":""
        }]
    },
    "288688-0":{
      "refId":"flora_black_anther_01",
      "inventory":[{
          "refId":"ingred_black_anther_01",
          "count":2,
          "charge":-1,
          "enchantmentCharge":-1,
          "soul":""
        }]
    },
    "288637-0":{
      "refId":"flora_kreshweed_01",
      "inventory":[{
          "refId":"ingred_kresh_fiber_01",
          "count":1,
          "charge":-1,
          "enchantmentCharge":-1,
          "soul":""
        }]
    },
    "288670-0":{
      "refId":"flora_kreshweed_03",
      "inventory":[{
          "refId":"ingred_kresh_fiber_01",
          "count":1,
          "charge":-1,
          "enchantmentCharge":-1,
          "soul":""
        }]
    },
    "0-3029":{
      "refId":"cliff racer",
      "location":{
        "posX":127157.8125,
        "posZ":1438.0969238281,
        "posY":-114489.828125,
        "rotX":-0.00081587396562099,
        "rotY":0,
        "rotZ":1.7105104923248
      },
      "stats":{
        "healthCurrent":45,
        "magickaCurrent":20,
        "healthModified":45,
        "fatigueBase":400,
        "fatigueModified":400,
        "healthBase":45,
        "magickaModified":20,
        "magickaBase":20,
        "fatigueCurrent":400
      }
    },
    "288638-0":{
      "refId":"flora_kreshweed_01",
      "inventory":[{
          "refId":"ingred_kresh_fiber_01",
          "count":1,
          "charge":-1,
          "enchantmentCharge":-1,
          "soul":""
        }]
    },
    "0-3032":{
      "refId":"cliff racer",
      "location":{
        "posX":128104.078125,
        "posZ":2346.9418945313,
        "posY":-107152.359375,
        "rotX":-0.00021608080714941,
        "rotY":0,
        "rotZ":2.2680742740631
      },
      "stats":{
        "healthCurrent":45,
        "magickaCurrent":20,
        "fatigueModified":400,
        "fatigueBase":400,
        "healthBase":45,
        "healthModified":45,
        "magickaModified":20,
        "magickaBase":20,
        "fatigueCurrent":400
      }
    },
    "288636-0":{
      "refId":"flora_kreshweed_03",
      "inventory":[{
          "refId":"ingred_kresh_fiber_01",
          "count":1,
          "charge":-1,
          "enchantmentCharge":-1,
          "soul":""
        }]
    },
    "288686-0":{
      "refId":"flora_willow_flower_01",
      "inventory":[{
          "refId":"ingred_willow_anther_01",
          "count":1,
          "charge":-1,
          "enchantmentCharge":-1,
          "soul":""
        }]
    }
  }
}