{
  "packets":{
    "actorList":["0-2746","0-2747","276539-0","276540-0","276541-0","0-2742"],
    "ai":[],
    "cellChangeFrom":[],
    "cellChangeTo":[],
    "container":["124688-0","124690-0","124692-0","124693-0","124694-0","124695-0","124696-0","124697-0","124698-0","124699-0","124700-0","124701-0","124704-0","124705-0","124706-0","124707-0","124708-0","124709-0","124710-0","124711-0","124712-0","124713-0","124714-0","276543-0","452359-0","452363-0","452364-0","452366-0","276539-0","276540-0","276541-0"],
    "death":[],
    "delete":[],
    "doorState":[],
    "equipment":["276539-0","276540-0","276541-0"],
    "lock":[],
    "place":[],
    "position":["276539-0","276540-0","276541-0","0-2746","0-2747","0-2742"],
    "scale":[],
    "spawn":["0-2746","0-2747","0-2742"],
    "state":[],
    "statsDynamic":["276539-0","276540-0","276541-0","0-2746","0-2747","0-2742"],
    "trap":[]
  },
  "entry":{
    "creationTime":1569091165,
    "description":"16, -6"
  },
  "lastVisit":{
    "Dizzy":1569453358
  },
  "recordLinks":[],
  "objectData":{
    "124692-0":{
      "refId":"flora_saltrice_02",
      "inventory":[{
          "refId":"ingred_saltrice_01",
          "count":1,
          "charge":-1,
          "enchantmentCharge":-1,
          "soul":""
        }]
    },
    "124694-0":{
      "refId":"flora_marshmerrow_03",
      "inventory":[{
          "refId":"ingred_marshmerrow_01",
          "count":1,
          "charge":-1,
          "enchantmentCharge":-1,
          "soul":""
        }]
    },
    "0-2746":{
      "refId":"rat",
      "location":{
        "posX":131238.1875,
        "posZ":2408.9262695313,
        "posY":-47480.078125,
        "rotX":-0.96449226140976,
        "rotY":0,
        "rotZ":-1.2788469791412
      },
      "stats":{
        "healthCurrent":23,
        "magickaCurrent":10,
        "healthModified":23,
        "fatigueBase":300,
        "fatigueModified":300,
        "healthBase":23,
        "magickaModified":10,
        "magickaBase":10,
        "fatigueCurrent":300
      }
    },
    "276541-0":{
      "refId":"mamusa shashmassamsi",
      "location":{
        "posX":133922.296875,
        "posZ":155.74169921875,
        "posY":-45673.16796875,
        "rotX":-0.28726759552956,
        "rotY":0,
        "rotZ":-2.7367007732391
      },
      "stats":{
        "healthCurrent":104,
        "magickaCurrent":94,
        "healthModified":104,
        "fatigueBase":250,
        "fatigueModified":250,
        "healthBase":104,
        "magickaModified":94,
        "magickaBase":94,
        "fatigueCurrent":250
      },
      "equipment":{
        "7":{
          "refId":"expensive_shoes_01",
          "count":1,
          "charge":-1,
          "enchantmentCharge":-1
        },
        "16":{
          "refId":"chitin war axe",
          "count":1,
          "charge":-1,
          "enchantmentCharge":-1
        },
        "11":{
          "refId":"expensive_robe_01",
          "count":1,
          "charge":-1,
          "enchantmentCharge":-1
        }
      },
      "inventory":[{
          "refId":"chitin_shield",
          "count":1,
          "charge":-1,
          "enchantmentCharge":-1,
          "soul":""
        },{
          "refId":"expensive_robe_01",
          "count":1,
          "charge":-1,
          "enchantmentCharge":-1,
          "soul":""
        },{
          "refId":"expensive_shoes_01",
          "count":1,
          "charge":-1,
          "enchantmentCharge":-1,
          "soul":""
        },{
          "refId":"chitin war axe",
          "count":1,
          "charge":-1,
          "enchantmentCharge":-1,
          "soul":""
        }]
    },
    "452364-0":{
      "refId":"kollop_02_pearl",
      "inventory":[]
    },
    "124711-0":{
      "refId":"flora_saltrice_02",
      "inventory":[{
          "refId":"ingred_saltrice_01",
          "count":1,
          "charge":-1,
          "enchantmentCharge":-1,
          "soul":""
        }]
    },
    "124693-0":{
      "refId":"flora_marshmerrow_02",
      "inventory":[{
          "refId":"ingred_marshmerrow_01",
          "count":1,
          "charge":-1,
          "enchantmentCharge":-1,
          "soul":""
        }]
    },
    "124698-0":{
      "refId":"flora_marshmerrow_02",
      "inventory":[{
          "refId":"ingred_marshmerrow_01",
          "count":1,
          "charge":-1,
          "enchantmentCharge":-1,
          "soul":""
        }]
    },
    "124710-0":{
      "refId":"flora_saltrice_01",
      "inventory":[{
          "refId":"ingred_saltrice_01",
          "count":1,
          "charge":-1,
          "enchantmentCharge":-1,
          "soul":""
        }]
    },
    "124695-0":{
      "refId":"flora_marshmerrow_03",
      "inventory":[{
          "refId":"ingred_marshmerrow_01",
          "count":1,
          "charge":-1,
          "enchantmentCharge":-1,
          "soul":""
        }]
    },
    "124688-0":{
      "refId":"flora_saltrice_02",
      "inventory":[{
          "refId":"ingred_saltrice_01",
          "count":1,
          "charge":-1,
          "enchantmentCharge":-1,
          "soul":""
        }]
    },
    "124713-0":{
      "refId":"flora_marshmerrow_01",
      "inventory":[{
          "refId":"ingred_marshmerrow_01",
          "count":1,
          "charge":-1,
          "enchantmentCharge":-1,
          "soul":""
        }]
    },
    "276543-0":{
      "refId":"de_p_chest_02_gold_25",
      "inventory":[{
          "refId":"gold_001",
          "count":25,
          "charge":-1,
          "enchantmentCharge":-1,
          "soul":""
        }]
    },
    "124707-0":{
      "refId":"flora_marshmerrow_02",
      "inventory":[{
          "refId":"ingred_marshmerrow_01",
          "count":1,
          "charge":-1,
          "enchantmentCharge":-1,
          "soul":""
        }]
    },
    "124705-0":{
      "refId":"flora_saltrice_02",
      "inventory":[{
          "refId":"ingred_saltrice_01",
          "count":1,
          "charge":-1,
          "enchantmentCharge":-1,
          "soul":""
        }]
    },
    "124709-0":{
      "refId":"flora_marshmerrow_03",
      "inventory":[{
          "refId":"ingred_marshmerrow_01",
          "count":1,
          "charge":-1,
          "enchantmentCharge":-1,
          "soul":""
        }]
    },
    "276540-0":{
      "refId":"munbebi addarari",
      "location":{
        "posX":133686.703125,
        "posZ":112.06580352783,
        "posY":-45506.234375,
        "rotX":-0.079599514603615,
        "rotY":0,
        "rotZ":-1.3798735141754
      },
      "stats":{
        "healthCurrent":98,
        "magickaCurrent":92,
        "healthModified":98,
        "fatigueBase":242,
        "fatigueModified":242,
        "healthBase":98,
        "magickaModified":92,
        "magickaBase":92,
        "fatigueCurrent":242
      },
      "equipment":{
        "7":{
          "refId":"common_shoes_05",
          "count":1,
          "charge":-1,
          "enchantmentCharge":-1
        },
        "8":{
          "refId":"common_shirt_02_h",
          "count":1,
          "charge":-1,
          "enchantmentCharge":-1
        },
        "16":{
          "refId":"chitin war axe",
          "count":1,
          "charge":-1,
          "enchantmentCharge":-1
        },
        "9":{
          "refId":"expensive_pants_01",
          "count":1,
          "charge":-1,
          "enchantmentCharge":-1
        }
      },
      "inventory":[{
          "refId":"chitin_shield",
          "count":1,
          "charge":-1,
          "enchantmentCharge":-1,
          "soul":""
        },{
          "refId":"common_shirt_02_h",
          "count":1,
          "charge":-1,
          "enchantmentCharge":-1,
          "soul":""
        },{
          "refId":"common_shoes_05",
          "count":1,
          "charge":-1,
          "enchantmentCharge":-1,
          "soul":""
        },{
          "refId":"expensive_pants_01",
          "count":1,
          "charge":-1,
          "enchantmentCharge":-1,