{
  "packets":{
    "actorList":["0-543","0-544","347217-0"],
    "ai":[],
    "cellChangeFrom":[],
    "cellChangeTo":[],
    "container":["133920-0","133927-0","133928-0","133929-0","133934-0","133935-0","133942-0","133946-0","133953-0","137300-0","137301-0","445882-0","445883-0","445892-0","449194-0","449196-0","449205-0","449207-0","347217-0"],
    "death":[],
    "delete":[],
    "doorState":[],
    "equipment":[],
    "lock":[],
    "place":[],
    "position":["0-543","0-544","347217-0"],
    "scale":[],
    "spawn":["0-543","0-544"],
    "state":[],
    "statsDynamic":["0-543","0-544","347217-0"],
    "trap":[]
  },
  "entry":{
    "creationTime":1568704108,
    "description":"17, 5"
  },
  "lastVisit":{
    "Dizzy":1569341106,
    "Tanis":1569297168,
    "Dr,Kups":1569440601
  },
  "recordLinks":[],
  "objectData":{
    "449196-0":{
      "refId":"kollop_02_pearl",
      "inventory":[{
          "refId":"ingred_pearl_01",
          "count":1,
          "charge":-1,
          "enchantmentCharge":-1,
          "soul":""
        }]
    },
    "137301-0":{
      "refId":"flora_kreshweed_01",
      "inventory":[]
    },
    "0-543":{
      "refId":"slaughterfish",
      "location":{
        "posX":145222.078125,
        "posZ":-37.35376739502,
        "posY":42128.65625,
        "rotX":-0.0036931848153472,
        "rotY":0,
        "rotZ":-2.0112311840057
      },
      "stats":{
        "healthCurrent":23,
        "magickaCurrent":10,
        "healthModified":23,
        "fatigueBase":400,
        "fatigueModified":400,
        "healthBase":23,
        "magickaModified":10,
        "magickaBase":10,
        "fatigueCurrent":399.96060180664
      }
    },
    "445892-0":{
      "refId":"kollop_03_pearl",
      "inventory":[]
    },
    "133920-0":{
      "refId":"flora_kreshweed_01",
      "inventory":[{
          "refId":"ingred_kresh_fiber_01",
          "count":1,
          "charge":-1,
          "enchantmentCharge":-1,
          "soul":""
        }]
    },
    "347217-0":{
      "refId":"slaughterfish",
      "location":{
        "posX":142782.375,
        "posZ":-37.337924957275,
        "posY":41017.13671875,
        "rotX":-0.00099718198180199,
        "rotY":0,
        "rotZ":1.9873063564301
      },
      "stats":{
        "healthCurrent":23,
        "magickaCurrent":10,
        "fatigueModified":400,
        "fatigueBase":400,
        "healthBase":23,
        "healthModified":23,
        "magickaModified":10,
        "magickaBase":10,
        "fatigueCurrent":399.96231079102
      },
      "inventory":[{
          "refId":"ingred_scales_01",
          "count":2,
          "charge":-1,
          "enchantmentCharge":-1,
          "soul":""
        }]
    },
    "133929-0":{
      "refId":"flora_muckspunge_03",
      "inventory":[{
          "refId":"ingred_muck_01",
          "count":1,
          "charge":-1,
          "enchantmentCharge":-1,
          "soul":""
        }]
    },
    "133928-0":{
      "refId":"flora_muckspunge_01",
      "inventory":[{
          "refId":"ingred_muck_01",
          "count":1,
          "charge":-1,
          "enchantmentCharge":-1,
          "soul":""
        }]
    },
    "133942-0":{
      "refId":"flora_kreshweed_01",
      "inventory":[{
          "refId":"ingred_kresh_fiber_01",
          "count":1,
          "charge":-1,
          "enchantmentCharge":-1,
          "soul":""
        }]
    },
    "0-544":{
      "refId":"mudcrab-diseased",
      "location":{
        "posX":142643.765625,
        "posZ":23.744197845459,
        "posY":44584.15234375,
        "rotX":-0.055624857544899,
        "rotY":0,
        "rotZ":-0.52412271499634
      },
      "stats":{
        "healthCurrent":15,
        "magickaCurrent":5,
        "healthModified":15,
        "fatigueBase":26,
        "fatigueModified":26,
        "healthBase":15,
        "magickaModified":5,
        "magickaBase":5,
        "fatigueCurrent":26
      }
    },
    "133935-0":{
      "refId":"flora_kreshweed_02",
      "inventory":[{
          "refId":"ingred_kresh_fiber_01",
          "count":1,
          "charge":-1,
          "enchantmentCharge":-1,
          "soul":""
        }]
    },
    "449207-0":{
      "refId":"kollop_03_pearl",
      "inventory":[{
          "refId":"ingred_pearl_01",
          "count":1,
          "charge":-1,
          "enchantmentCharge":-1,
          "soul":""
        }]
    },
    "449194-0":{
      "refId":"kollop_03_pearl",
      "inventory":[{
          "refId":"ingred_pearl_01",
          "count":1,
          "charge":-1,
          "enchantmentCharge":-1,
          "soul":""
        }]
    },
    "133946-0":{
      "refId":"flora_kreshweed_03",
      "inventory":[{
          "refId":"ingred_kresh_fiber_01",
          "count":1,
          "charge":-1,
          "enchantmentCharge":-1,
          "soul":""
        }]
    },
    "445882-0":{
      "refId":"kollop_03_pearl",
      "inventory":[]
    },
    "133927-0":{
      "refId":"flora_muckspunge_02",
      "inventory":[{
          "refId":"ingred_muck_01",
          "count":1,
          "charge":-1,
          "enchantmentCharge":-1,
          "soul":""
        }]
    },
    "137300-0":{
      "refId":"flora_kreshweed_01",
      "inventory":[]
    },
    "445883-0":{
      "refId":"kollop_02_pearl",
      "inventory":[{
          "refId":"ingred_pearl_01",
          "count":1,
          "charge":-1,
          "enchantmentCharge":-1,
          "soul":""
        }]
    },
    "133953-0":{
      "refId":"flora_kreshweed_02",
      "inventory":[{
          "refId":"ingred_kresh_fiber_01",
          "count":1,
          "charge":-1,
          "enchantmentCharge":-1,
          "soul":""
        }]
    },
    "133934-0":{
      "refId":"flora_kreshweed_01",
      "inventory":[{
          "refId":"ingred_kresh_fiber_01",
          "count":1,
          "charge":-1,
          "enchantmentCharge":-1,
          "soul":""
        }]
    },
    "449205-0":{
      "refId":"kollop_02_pearl",
      "inventory":[]
    }
  }
}