{
  "packets":{
    "actorList":["0-4162","347224-0","0-4163"],
    "ai":[],
    "cellChangeFrom":[],
    "cellChangeTo":[],
    "container":["134031-0","134032-0","134033-0","134034-0","134035-0","134036-0","134037-0","134038-0","134039-0","134040-0","134041-0","134042-0","134046-0","134049-0","134051-0","314515-0","314516-0","314517-0","314518-0","314519-0","314523-0","314524-0","314525-0","314526-0","314527-0","314528-0","314529-0","449599-0","449601-0","449614-0","449616-0","449646-0","449650-0","449651-0","449653-0","347224-0"],
    "death":[],
    "delete":[],
    "doorState":[],
    "equipment":[],
    "lock":[],
    "place":[],
    "position":["347224-0","0-4162","0-4163"],
    "scale":[],
    "spawn":["0-4162","0-4163"],
    "state":[],
    "statsDynamic":["347224-0","0-4162","0-4163"],
    "trap":[]
  },
  "entry":{
    "creationTime":1569452934,
    "description":"17, -1"
  },
  "lastVisit":{
    "Dizzy":1569456588
  },
  "recordLinks":[],
  "objectData":{
    "314524-0":{
      "refId":"flora_saltrice_02",
      "inventory":[]
    },
    "0-4162":{
      "refId":"slaughterfish",
      "location":{
        "posX":142856.09375,
        "posZ":-129.87976074219,
        "posY":-857.40832519531,
        "rotX":-0.022237619385123,
        "rotY":0,
        "rotZ":0.91914868354797
      },
      "stats":{
        "healthCurrent":23,
        "magickaCurrent":10,
        "healthModified":23,
        "fatigueBase":400,
        "fatigueModified":400,
        "healthBase":23,
        "magickaModified":10,
        "magickaBase":10,
        "fatigueCurrent":399.96627807617
      }
    },
    "314526-0":{
      "refId":"flora_marshmerrow_03",
      "inventory":[{
          "refId":"ingred_marshmerrow_01",
          "count":1,
          "charge":-1,
          "enchantmentCharge":-1,
          "soul":""
        }]
    },
    "449653-0":{
      "refId":"kollop_02_pearl",
      "inventory":[{
          "refId":"ingred_pearl_01",
          "count":1,
          "charge":-1,
          "enchantmentCharge":-1,
          "soul":""
        }]
    },
    "134049-0":{
      "refId":"flora_kreshweed_01",
      "inventory":[{
          "refId":"ingred_kresh_fiber_01",
          "count":1,
          "charge":-1,
          "enchantmentCharge":-1,
          "soul":""
        }]
    },
    "347224-0":{
      "refId":"slaughterfish",
      "location":{
        "posX":142826.546875,
        "posZ":-440.78411865234,
        "posY":-4696.009765625,
        "rotX":0.023441545665264,
        "rotY":0,
        "rotZ":2.8147661685944
      },
      "stats":{
        "healthCurrent":23,
        "magickaCurrent":10,
        "healthModified":23,
        "fatigueBase":400,
        "fatigueModified":400,
        "healthBase":23,
        "magickaModified":10,
        "magickaBase":10,
        "fatigueCurrent":399.91970825195
      },
      "inventory":[{
          "refId":"ingred_scales_01",
          "count":2,
          "charge":-1,
          "enchantmentCharge":-1,
          "soul":""
        }]
    },
    "449614-0":{
      "refId":"kollop_02_pearl",
      "inventory":[]
    },
    "134041-0":{
      "refId":"flora_marshmerrow_01",
      "inventory":[{
          "refId":"ingred_marshmerrow_01",
          "count":1,
          "charge":-1,
          "enchantmentCharge":-1,
          "soul":""
        }]
    },
    "449651-0":{
      "refId":"kollop_02_pearl",
      "inventory":[]
    },
    "449616-0":{
      "refId":"kollop_02_pearl",
      "inventory":[]
    },
    "134051-0":{
      "refId":"flora_kreshweed_01",
      "inventory":[{
          "refId":"ingred_kresh_fiber_01",
          "count":1,
          "charge":-1,
          "enchantmentCharge":-1,
          "soul":""
        }]
    },
    "134036-0":{
      "refId":"flora_marshmerrow_03",
      "inventory":[]
    },
    "134038-0":{
      "refId":"flora_saltrice_02",
      "inventory":[{
          "refId":"ingred_saltrice_01",
          "count":1,
          "charge":-1,
          "enchantmentCharge":-1,
          "soul":""
        }]
    },
    "314523-0":{
      "refId":"flora_saltrice_01",
      "inventory":[{
          "refId":"ingred_saltrice_01",
          "count":1,
          "charge":-1,
          "enchantmentCharge":-1,
          "soul":""
        }]
    },
    "134040-0":{
      "refId":"flora_marshmerrow_02",
      "inventory":[{
          "refId":"ingred_marshmerrow_01",
          "count":1,
          "charge":-1,
          "enchantmentCharge":-1,
          "soul":""
        }]
    },
    "134042-0":{
      "refId":"flora_kreshweed_03",
      "inventory":[{
          "refId":"ingred_kresh_fiber_01",
          "count":1,
          "charge":-1,
          "enchantmentCharge":-1,
          "soul":""
        }]
    },
    "134032-0":{
      "refId":"flora_saltrice_02",
      "inventory":[{
          "refId":"ingred_saltrice_01",
          "count":1,
          "charge":-1,
          "enchantmentCharge":-1,
          "soul":""
        }]
    },
    "134039-0":{
      "refId":"flora_marshmerrow_03",
      "inventory":[{
          "refId":"ingred_marshmerrow_01",
          "count":1,
          "charge":-1,
          "enchantmentCharge":-1,
          "soul":""
        }]
    },
    "134037-0":{
      "refId":"flora_saltrice_01",
      "inventory":[{
          "refId":"ingred_saltrice_01",
          "count":1,
          "charge":-1,
          "enchantmentCharge":-1,
          "soul":""
        }]
    },
    "449650-0":{
      "refId":"kollop_03_pearl",
      "inventory":[{
          "refId":"ingred_pearl_01",
          "count":1,
          "charge":-1,
          "enchantmentCharge":-1,
          "soul":""
        }]
    },
    "0-4163":{
      "refId":"slaughterfish",
      "location":{
        "posX":147259.625,
        "posZ":-97.160766601563,
        "posY":-7943.037109375,
        "rotX":0,
        "rotY":0,
        "rotZ":0.851478099823
      },
      "stats":{
        "healthCurrent":23,
        "magickaCurrent":10,
        "healthModified":23,
        "fatigueBase":400,
        "fatigueModified":400,
        "healthBase":23,
        "magickaModified":10,
        "magickaBase":10,
        "fatigueCurrent":399.96627807617
      }
    },
    "449599-0":{
      "refId":"kollop_03_pearl",
      "inventory":[{
          "refId":"ingred_pearl_01",
          "count":1,
          "charge":-1,
          "enchantmentCharge":-1,
          "soul":""
        }]
    },
    "134031-0":{
      "refId":"flora_saltrice_01",
      "inventory":[{
          "refId":"ingred_saltrice_01",
          "count":1,
          "charge":-1,
          "enchantmentCharge":-1,
          "soul":""
        }]
    },
    "134035-0":{
      "refId":"flora_marshmerrow_03",
      "inventory":[{
          "refId":"ingred_marshmerrow_01",
          "count":1,
          "charge":-1,
          "enchantmentCharge":-1,
          "soul":""
        }]
    },
    "134046-0":{
      "refId":"flora_muckspunge_04",
      "inventory":[{
          "refId":"ingred_muck_01",
          "count":1,
          "charge":-1,
          "enchantmentCharge":-1,
          "soul":""
        }]
    },
    "134033-0":{
      "refId":"flora_marshmerrow_01",
      "inventory":[{
          "refId":"ingred_marshmerrow_01",
          "count":1,
          "charge":-1,
          "enchantmentCharge":-1,
          "soul":""
        }]
    },
    "134034-0":{
      "refId":"flora_marshmerrow_02",
      "inventory":[]
    },
    "314516-0":{
      "refId":"flora_muckspunge_01",
      "inventory":[{
          "refId":"ingred_muck_01",
          "count":1,
          "charge":-1,
          "enchantmentCharge":-1,
          "soul":""
        }]
    },
    "314519-0":{
      "refId":"flora_muckspunge_04",
      "inventory":[{
          "refId":"ingred_muck_01",
          "count":1,
          "charge":-1,
          "enchantmentCharge":-1,
          "soul":""
        }]
    },
    "314527-0":{
      "refId":"flora_marshmerrow_03",
      "inventory":[]
    },