{
  "packets":{
    "actorList":["0-524","0-525","0-526","0-527"],
    "ai":[],
    "cellChangeFrom":[],
    "cellChangeTo":[],
    "container":["132931-0","132932-0","132933-0","132936-0","132938-0","132939-0","132946-0","132947-0","132966-0","132971-0","132937-0","448296-0","448297-0","448304-0","448313-0","448357-0","448365-0","448368-0","448371-0"],
    "death":[],
    "delete":[],
    "doorState":[],
    "equipment":[],
    "lock":[],
    "place":[],
    "position":["0-524","0-525","0-526","0-527"],
    "scale":[],
    "spawn":["0-524","0-525","0-526","0-527"],
    "state":[],
    "statsDynamic":["0-524","0-525","0-526","0-527"],
    "trap":[]
  },
  "entry":{
    "creationTime":1568704062,
    "description":"19, 2"
  },
  "lastVisit":{
    "Dizzy":1569461615,
    "Tanis":1569297168
  },
  "recordLinks":[],
  "objectData":{
    "132971-0":{
      "refId":"flora_kreshweed_01",
      "inventory":[{
          "refId":"ingred_kresh_fiber_01",
          "count":1,
          "charge":-1,
          "enchantmentCharge":-1,
          "soul":""
        }]
    },
    "0-527":{
      "refId":"slaughterfish_small",
      "location":{
        "posX":159686.875,
        "posZ":-35.010871887207,
        "posY":18778.4609375,
        "rotX":1.3485550880432e-06,
        "rotY":0,
        "rotZ":-1.3153192996979
      },
      "stats":{
        "healthCurrent":15,
        "magickaCurrent":10,
        "healthModified":15,
        "fatigueBase":300,
        "fatigueModified":300,
        "healthBase":15,
        "magickaModified":10,
        "magickaBase":10,
        "fatigueCurrent":299.5
      }
    },
    "448357-0":{
      "refId":"kollop_03_pearl",
      "inventory":[{
          "refId":"ingred_pearl_01",
          "count":1,
          "charge":-1,
          "enchantmentCharge":-1,
          "soul":""
        }]
    },
    "0-524":{
      "refId":"mudcrab",
      "location":{
        "posX":161294.3125,
        "posZ":73.293548583984,
        "posY":20528.94921875,
        "rotX":-0.32956480979919,
        "rotY":0,
        "rotZ":-1.8739769458771
      },
      "stats":{
        "healthCurrent":15,
        "magickaCurrent":5,
        "healthModified":15,
        "fatigueBase":400,
        "fatigueModified":400,
        "healthBase":15,
        "magickaModified":5,
        "magickaBase":5,
        "fatigueCurrent":400
      }
    },
    "132946-0":{
      "refId":"flora_muckspunge_04",
      "inventory":[]
    },
    "132937-0":{
      "refId":"flora_muckspunge_01",
      "inventory":[]
    },
    "0-525":{
      "refId":"mudcrab",
      "location":{
        "posX":161013.96875,
        "posZ":162.16981506348,
        "posY":20838.375,
        "rotX":0.051828902214766,
        "rotY":0,
        "rotZ":-2.5782186985016
      },
      "stats":{
        "healthCurrent":15,
        "magickaCurrent":5,
        "healthModified":15,
        "fatigueBase":400,
        "fatigueModified":400,
        "healthBase":15,
        "magickaModified":5,
        "magickaBase":5,
        "fatigueCurrent":400
      }
    },
    "132966-0":{
      "refId":"flora_kreshweed_01",
      "inventory":[]
    },
    "0-526":{
      "refId":"kwama forager",
      "location":{
        "posX":159724.328125,
        "posZ":156.32885742188,
        "posY":20116.77734375,
        "rotX":-0.0024990709498525,
        "rotY":0,
        "rotZ":1.1730926036835
      },
      "stats":{
        "healthCurrent":23,
        "magickaCurrent":15,
        "healthModified":23,
        "fatigueBase":300,
        "fatigueModified":300,
        "healthBase":23,
        "magickaModified":15,
        "magickaBase":15,
        "fatigueCurrent":300
      }
    },
    "132936-0":{
      "refId":"flora_kreshweed_01",
      "inventory":[{
          "refId":"ingred_kresh_fiber_01",
          "count":1,
          "charge":-1,
          "enchantmentCharge":-1,
          "soul":""
        }]
    },
    "448296-0":{
      "refId":"kollop_03_pearl",
      "inventory":[]
    },
    "132947-0":{
      "refId":"flora_kreshweed_03",
      "inventory":[{
          "refId":"ingred_kresh_fiber_01",
          "count":1,
          "charge":-1,
          "enchantmentCharge":-1,
          "soul":""
        }]
    },
    "132933-0":{
      "refId":"flora_kreshweed_01",
      "inventory":[{
          "refId":"ingred_kresh_fiber_01",
          "count":1,
          "charge":-1,
          "enchantmentCharge":-1,
          "soul":""
        }]
    },
    "132932-0":{
      "refId":"flora_muckspunge_04",
      "inventory":[{
          "refId":"ingred_muck_01",
          "count":1,
          "charge":-1,
          "enchantmentCharge":-1,
          "soul":""
        }]
    },
    "132939-0":{
      "refId":"flora_muckspunge_03",
      "inventory":[{
          "refId":"ingred_muck_01",
          "count":1,
          "charge":-1,
          "enchantmentCharge":-1,
          "soul":""
        }]
    },
    "448313-0":{
      "refId":"kollop_02_pearl",
      "inventory":[{
          "refId":"ingred_pearl_01",
          "count":1,
          "charge":-1,
          "enchantmentCharge":-1,
          "soul":""
        }]
    },
    "132938-0":{
      "refId":"flora_kreshweed_01",
      "inventory":[{
          "refId":"ingred_kresh_fiber_01",
          "count":1,
          "charge":-1,
          "enchantmentCharge":-1,
          "soul":""
        }]
    },
    "448365-0":{
      "refId":"kollop_03_pearl",
      "inventory":[]
    },
    "448368-0":{
      "refId":"kollop_02_pearl",
      "inventory":[{
          "refId":"ingred_pearl_01",
          "count":1,
          "charge":-1,
          "enchantmentCharge":-1,
          "soul":""
        }]
    },
    "448371-0":{
      "refId":"kollop_02_pearl",
      "inventory":[]
    },
    "448297-0":{
      "refId":"kollop_03_pearl",
      "inventory":[]
    },
    "132931-0":{
      "refId":"flora_kreshweed_01",
      "inventory":[{
          "refId":"ingred_kresh_fiber_01",
          "count":1,
          "charge":-1,
          "enchantmentCharge":-1,
          "soul":""
        }]
    },
    "448304-0":{
      "refId":"kollop_02_pearl",
      "inventory":[{
          "refId":"ingred_pearl_01",
          "count":1,
          "charge":-1,
          "enchantmentCharge":-1,
          "soul":""
        }]
    }
  }
}