{
  "packets":{
    "actorList":["0-2612","0-2613","0-2614","405197-0"],
    "ai":[],
    "cellChangeFrom":[],
    "cellChangeTo":[],
    "container":["355909-0","355910-0","355913-0","355914-0","355915-0","355916-0","355917-0","355918-0","355919-0","355920-0","355921-0","355922-0","355923-0","355924-0","355925-0","147517-0","405197-0"],
    "death":[],
    "delete":[],
    "doorState":[],
    "equipment":[],
    "lock":[],
    "place":[],
    "position":["405197-0","0-2612","0-2613","0-2614"],
    "scale":[],
    "spawn":["0-2612","0-2613","0-2614"],
    "state":[],
    "statsDynamic":["405197-0","0-2612","0-2613","0-2614"],
    "trap":[]
  },
  "entry":{
    "creationTime":1569089780,
    "description":"19, -7"
  },
  "lastVisit":{
    "Dizzy":1569091165,
    "Dr,Kups":1569090230
  },
  "recordLinks":[],
  "objectData":{
    "147517-0":{
      "refId":"flora_kreshweed_01",
      "inventory":[{
          "refId":"ingred_kresh_fiber_01",
          "count":1,
          "charge":-1,
          "enchantmentCharge":-1,
          "soul":""
        }]
    },
    "405197-0":{
      "refId":"kwama worker entrance",
      "location":{
        "posX":159205.484375,
        "posZ":1481.6942138672,
        "posY":-54089.2578125,
        "rotX":-0.044331151992083,
        "rotY":0,
        "rotZ":-2.7303173542023
      },
      "stats":{
        "healthCurrent":30,
        "magickaCurrent":8,
        "healthModified":30,
        "fatigueBase":300,
        "fatigueModified":300,
        "healthBase":30,
        "magickaModified":8,
        "magickaBase":8,
        "fatigueCurrent":300
      },
      "inventory":[{
          "refId":"ingred_kwama_cuttle_01",
          "count":1,
          "charge":-1,
          "enchantmentCharge":-1,
          "soul":""
        },{
          "refId":"food_kwama_egg_02",
          "count":1,
          "charge":-1,
          "enchantmentCharge":-1,
          "soul":""
        }]
    },
    "355924-0":{
      "refId":"flora_kreshweed_02",
      "inventory":[]
    },
    "355920-0":{
      "refId":"flora_stoneflower_01",
      "inventory":[{
          "refId":"ingred_stoneflower_petals_01",
          "count":1,
          "charge":-1,
          "enchantmentCharge":-1,
          "soul":""
        }]
    },
    "0-2612":{
      "refId":"kwama forager",
      "location":{
        "posX":157468.8125,
        "posZ":1807.2536621094,
        "posY":-56191.1796875,
        "rotX":-0.73380869626999,
        "rotY":0,
        "rotZ":-2.8027594089508
      },
      "stats":{
        "healthCurrent":23,
        "magickaCurrent":15,
        "healthModified":23,
        "fatigueBase":300,
        "fatigueModified":300,
        "healthBase":23,
        "magickaModified":15,
        "magickaBase":15,
        "fatigueCurrent":300
      }
    },
    "355914-0":{
      "refId":"flora_stoneflower_01",
      "inventory":[{
          "refId":"ingred_stoneflower_petals_01",
          "count":1,
          "charge":-1,
          "enchantmentCharge":-1,
          "soul":""
        }]
    },
    "355919-0":{
      "refId":"flora_stoneflower_01",
      "inventory":[{
          "refId":"ingred_stoneflower_petals_01",
          "count":1,
          "charge":-1,
          "enchantmentCharge":-1,
          "soul":""
        }]
    },
    "355915-0":{
      "refId":"flora_kreshweed_01",
      "inventory":[]
    },
    "355925-0":{
      "refId":"flora_kreshweed_02",
      "inventory":[{
          "refId":"ingred_kresh_fiber_01",
          "count":1,
          "charge":-1,
          "enchantmentCharge":-1,
          "soul":""
        }]
    },
    "355923-0":{
      "refId":"flora_kreshweed_01",
      "inventory":[{
          "refId":"ingred_kresh_fiber_01",
          "count":1,
          "charge":-1,
          "enchantmentCharge":-1,
          "soul":""
        }]
    },
    "355909-0":{
      "refId":"flora_stoneflower_01",
      "inventory":[{
          "refId":"ingred_stoneflower_petals_01",
          "count":1,
          "charge":-1,
          "enchantmentCharge":-1,
          "soul":""
        }]
    },
    "355910-0":{
      "refId":"flora_stoneflower_01",
      "inventory":[]
    },
    "355921-0":{
      "refId":"flora_stoneflower_01",
      "inventory":[{
          "refId":"ingred_stoneflower_petals_01",
          "count":1,
          "charge":-1,
          "enchantmentCharge":-1,
          "soul":""
        }]
    },
    "355913-0":{
      "refId":"flora_stoneflower_01",
      "inventory":[{
          "refId":"ingred_stoneflower_petals_01",
          "count":1,
          "charge":-1,
          "enchantmentCharge":-1,
          "soul":""
        }]
    },
    "355922-0":{
      "refId":"flora_stoneflower_01",
      "inventory":[{
          "refId":"ingred_stoneflower_petals_01",
          "count":1,
          "charge":-1,
          "enchantmentCharge":-1,
          "soul":""
        }]
    },
    "355917-0":{
      "refId":"flora_kreshweed_01",
      "inventory":[]
    },
    "355918-0":{
      "refId":"flora_kreshweed_01",
      "inventory":[{
          "refId":"ingred_kresh_fiber_01",
          "count":1,
          "charge":-1,
          "enchantmentCharge":-1,
          "soul":""
        }]
    },
    "355916-0":{
      "refId":"flora_kreshweed_02",
      "inventory":[{
          "refId":"ingred_kresh_fiber_01",
          "count":1,
          "charge":-1,
          "enchantmentCharge":-1,
          "soul":""
        }]
    },
    "0-2613":{
      "refId":"rat_diseased",
      "location":{
        "posX":158528.46875,
        "posZ":2201.044921875,
        "posY":-51005.84765625,
        "rotX":-0.10996236652136,
        "rotY":0,
        "rotZ":-2.5821449756622
      },
      "stats":{
        "healthCurrent":23,
        "magickaCurrent":10,
        "healthModified":23,
        "fatigueBase":100,
        "fatigueModified":100,
        "healthBase":23,
        "magickaModified":10,
        "magickaBase":10,
        "fatigueCurrent":100
      }
    },
    "0-2614":{
      "refId":"alit",
      "location":{
        "posX":156567.6875,
        "posZ":2057.8310546875,
        "posY":-54409.2421875,
        "rotX":1.0790807008743,
        "rotY":0,
        "rotZ":-0.064426898956299
      },
      "stats":{
        "healthCurrent":30,
        "magickaCurrent":75,
        "healthModified":30,
        "fatigueBase":400,
        "fatigueModified":400,
        "healthBase":30,
        "magickaModified":75,
        "magickaBase":75,
        "fatigueCurrent":400
      }
    }
  }
}