{
  "packets":{
    "actorList":["0-399","0-400","0-401","0-402","0-403","0-132","0-131"],
    "ai":[],
    "cellChangeFrom":[],
    "cellChangeTo":[],
    "container":["478211-0","478212-0","478213-0","478214-0","478215-0","478216-0","478217-0","478218-0","478219-0","478221-0","478225-0","478227-0","478231-0","478232-0","478233-0","478234-0","478235-0","478236-0","478237-0","478242-0","478244-0","478246-0"],
    "death":[],
    "delete":[],
    "doorState":[],
    "equipment":[],
    "lock":[],
    "place":[],
    "position":["0-399","0-400","0-401","0-402","0-403","0-132","0-131"],
    "scale":[],
    "spawn":["0-399","0-400","0-401","0-402","0-403","0-132","0-131"],
    "state":[],
    "statsDynamic":["0-399","0-400","0-401","0-402","0-403","0-132","0-131"],
    "trap":[]
  },
  "entry":{
    "creationTime":1568700852,
    "description":"2, -10"
  },
  "lastVisit":{
    "Dizzy":1569468346,
    "whisker":1568863561,
    "Tanis":1570147470,
    "DizzyDasher":1570147267
  },
  "recordLinks":[],
  "objectData":{
    "478213-0":{
      "refId":"flora_black_anther_02",
      "inventory":[{
          "refId":"ingred_black_anther_01",
          "count":1,
          "charge":-1,
          "enchantmentCharge":-1,
          "soul":""
        }]
    },
    "478234-0":{
      "refId":"flora_willow_flower_01",
      "inventory":[{
          "refId":"ingred_willow_anther_01",
          "count":1,
          "charge":-1,
          "enchantmentCharge":-1,
          "soul":""
        }]
    },
    "0-401":{
      "refId":"mudcrab",
      "location":{
        "posX":19348.03125,
        "posZ":139.78356933594,
        "posY":-78244.84375,
        "rotX":-0.31443443894386,
        "rotY":0,
        "rotZ":-2.8703935146332
      },
      "stats":{
        "healthCurrent":15,
        "magickaCurrent":5,
        "healthModified":15,
        "fatigueBase":400,
        "fatigueModified":400,
        "healthBase":15,
        "magickaModified":5,
        "magickaBase":5,
        "fatigueCurrent":400
      }
    },
    "478221-0":{
      "refId":"flora_comberry_01",
      "inventory":[{
          "refId":"ingred_comberry_01",
          "count":1,
          "charge":-1,
          "enchantmentCharge":-1,
          "soul":""
        }]
    },
    "478242-0":{
      "refId":"flora_heather_01",
      "inventory":[{
          "refId":"ingred_heather_01",
          "count":2,
          "charge":-1,
          "enchantmentCharge":-1,
          "soul":""
        }]
    },
    "478217-0":{
      "refId":"flora_willow_flower_01",
      "inventory":[{
          "refId":"ingred_willow_anther_01",
          "count":1,
          "charge":-1,
          "enchantmentCharge":-1,
          "soul":""
        }]
    },
    "478211-0":{
      "refId":"flora_black_anther_02",
      "inventory":[{
          "refId":"ingred_black_anther_01",
          "count":1,
          "charge":-1,
          "enchantmentCharge":-1,
          "soul":""
        }]
    },
    "478246-0":{
      "refId":"flora_heather_01",
      "inventory":[{
          "refId":"ingred_heather_01",
          "count":1,
          "charge":-1,
          "enchantmentCharge":-1,
          "soul":""
        }]
    },
    "0-399":{
      "refId":"mudcrab",
      "location":{
        "posX":20168.1015625,
        "posZ":94.351776123047,
        "posY":-78842.8125,
        "rotX":-0.1471560895443,
        "rotY":0,
        "rotZ":1.631575345993
      },
      "stats":{
        "healthCurrent":15,
        "magickaCurrent":5,
        "healthModified":15,
        "fatigueBase":400,
        "fatigueModified":400,
        "healthBase":15,
        "magickaModified":5,
        "magickaBase":5,
        "fatigueCurrent":400
      }
    },
    "478235-0":{
      "refId":"flora_willow_flower_02",
      "inventory":[{
          "refId":"ingred_willow_anther_01",
          "count":1,
          "charge":-1,
          "enchantmentCharge":-1,
          "soul":""
        }]
    },
    "478219-0":{
      "refId":"flora_corkbulb",
      "inventory":[{
          "refId":"ingred_corkbulb_root_01",
          "count":1,
          "charge":-1,
          "enchantmentCharge":-1,
          "soul":""
        }]
    },
    "478244-0":{
      "refId":"flora_heather_01",
      "inventory":[{
          "refId":"ingred_heather_01",
          "count":2,
          "charge":-1,
          "enchantmentCharge":-1,
          "soul":""
        }]
    },
    "478215-0":{
      "refId":"flora_willow_flower_01",
      "inventory":[{
          "refId":"ingred_willow_anther_01",
          "count":1,
          "charge":-1,
          "enchantmentCharge":-1,
          "soul":""
        }]
    },
    "478233-0":{
      "refId":"flora_black_anther_01",
      "inventory":[]
    },
    "478225-0":{
      "refId":"flora_heather_01",
      "inventory":[{
          "refId":"ingred_heather_01",
          "count":2,
          "charge":-1,
          "enchantmentCharge":-1,
          "soul":""
        }]
    },
    "478214-0":{
      "refId":"flora_black_anther_01",
      "inventory":[{
          "refId":"ingred_black_anther_01",
          "count":1,
          "charge":-1,
          "enchantmentCharge":-1,
          "soul":""
        }]
    },
    "478212-0":{
      "refId":"flora_black_anther_01",
      "inventory":[{
          "refId":"ingred_black_anther_01",
          "count":1,
          "charge":-1,
          "enchantmentCharge":-1,
          "soul":""
        }]
    },
    "478236-0":{
      "refId":"flora_willow_flower_01",
      "inventory":[{
          "refId":"ingred_willow_anther_01",
          "count":1,
          "charge":-1,
          "enchantmentCharge":-1,
          "soul":""
        }]
    },
    "0-132":{
      "refId":"rat",
      "location":{
        "posX":17198.015625,
        "posZ":12.036734580994,
        "posY":-76926.859375,
        "rotX":-0.0012811971828341,
        "rotY":0,
        "rotZ":-0.27240395545959
      },
      "stats":{
        "healthCurrent":23,
        "magickaCurrent":10,
        "healthModified":23,
        "fatigueBase":300,
        "fatigueModified":300,
        "healthBase":23,
        "magickaModified":10,
        "magickaBase":10,
        "fatigueCurrent":300
      }
    },
    "478227-0":{
      "refId":"flora_heather_01",
      "inventory":[{
          "refId":"ingred_heather_01",
          "count":2,
          "charge":-1,
          "enchantmentCharge":-1,
          "soul":""
        }]
    },
    "478218-0":{
      "refId":"flora_willow_flower_02",
      "inventory":[{
          "refId":"ingred_willow_anther_01",
          "count":1,
          "charge":-1,
          "enchantmentCharge":-1,
          "soul":""
        }]
    },
    "478216-0":{
      "refId":"flora_willow_flower_02",
      "inventory":[{
          "refId":"ingred_willow_anther_01",
          "count":1,
          "charge":-1,
          "enchantmentCharge":-1,
          "soul":""
        }]
    },
    "0-403":{
      "refId":"slaughterfish_small",
      "location":{
        "posX":21621.666015625,
        "posZ":-36.303749084473,
        "posY":-80248.828125,
        "rotX":0,
        "rotY":0,
        "rotZ":-0.6022675037384
      },
      "stats":{
        "healthCurrent":15,
        "magickaCurrent":10,
        "healthModified":15,
        "fatigueBase":300,
        "fatigueModified":300,
        "healthBase":15,
        "magickaModified":10,
        "magickaBase":10,
        "fatigueCurrent":299.96179199219
      }
    },
    "478237-0":{
      "refId":"flora_willow_flower_02",
      "inventory":[{
          "refId":"ingred_willow_anther_01",
          "count":1,
          "charge":-1,
          "enchantmentCharge":-1,
          "soul":""
        }]
    },
    "0-400":{
      "refId":"mudcrab",
      "location":{
        "posX":20690.328125,
        "posZ":148.22415161133,
        "posY":-78848.796875,
        "rotX":0.036167223006487,
        "rotY":0,
        "rotZ":-1.2883503437042
      },
      "stats":{
        "healthCurrent":15,
        "magickaCurrent":5,