{
  "packets":{
    "actorList":["0-473","0-474","0-475","194010-0","194012-0"],
    "ai":[],
    "cellChangeFrom":["194010-0"],
    "cellChangeTo":["194011-0"],
    "container":["461090-0","461098-0","461100-0","461127-0","461129-0","477058-0","478191-0","478192-0","478193-0","478194-0","478195-0","478197-0","478199-0","194010-0","194012-0"],
    "death":[],
    "delete":[],
    "doorState":[],
    "equipment":[],
    "lock":[],
    "place":[],
    "position":["0-473","0-474","0-475","194010-0","194012-0"],
    "scale":[],
    "spawn":["0-473","0-474","0-475"],
    "state":[],
    "statsDynamic":["0-473","0-474","0-475","194010-0","194012-0"],
    "trap":[]
  },
  "entry":{
    "creationTime":1568703194,
    "description":"2, -9"
  },
  "lastVisit":{
    "Dizzy":1569468335,
    "whisker":1568863561,
    "Tanis":1570147417,
    "DizzyDasher":1570147236
  },
  "recordLinks":[],
  "objectData":{
    "461090-0":{
      "refId":"kollop_03_pearl",
      "inventory":[]
    },
    "0-475":{
      "refId":"mudcrab",
      "location":{
        "posX":21778.6875,
        "posZ":9.8762512207031,
        "posY":-69457.1171875,
        "rotX":-0.06808065623045,
        "rotY":0,
        "rotZ":-0.45345044136047
      },
      "stats":{
        "healthCurrent":15,
        "magickaCurrent":5,
        "healthModified":15,
        "fatigueBase":400,
        "fatigueModified":400,
        "healthBase":15,
        "magickaModified":5,
        "magickaBase":5,
        "fatigueCurrent":400
      }
    },
    "477058-0":{
      "refId":"flora_corkbulb",
      "inventory":[{
          "refId":"ingred_corkbulb_root_01",
          "count":1,
          "charge":-1,
          "enchantmentCharge":-1,
          "soul":""
        }]
    },
    "461098-0":{
      "refId":"kollop_03_pearl",
      "inventory":[]
    },
    "478195-0":{
      "refId":"flora_heather_01",
      "inventory":[{
          "refId":"ingred_heather_01",
          "count":2,
          "charge":-1,
          "enchantmentCharge":-1,
          "soul":""
        }]
    },
    "478193-0":{
      "refId":"flora_gold_kanet_02",
      "inventory":[{
          "refId":"ingred_gold_kanet_01",
          "count":1,
          "charge":-1,
          "enchantmentCharge":-1,
          "soul":""
        }]
    },
    "0-473":{
      "refId":"scrib",
      "location":{
        "posX":18291.46484375,
        "posZ":55.835006713867,
        "posY":-70221.4453125,
        "rotX":0.002669439651072,
        "rotY":0,
        "rotZ":0.10094571113586
      },
      "stats":{
        "healthCurrent":8,
        "magickaCurrent":12,
        "healthModified":8,
        "fatigueBase":300,
        "fatigueModified":300,
        "healthBase":8,
        "magickaModified":12,
        "magickaBase":12,
        "fatigueCurrent":300
      }
    },
    "478192-0":{
      "refId":"flora_comberry_01",
      "inventory":[{
          "refId":"ingred_comberry_01",
          "count":1,
          "charge":-1,
          "enchantmentCharge":-1,
          "soul":""
        }]
    },
    "478199-0":{
      "refId":"flora_heather_01",
      "inventory":[{
          "refId":"ingred_heather_01",
          "count":2,
          "charge":-1,
          "enchantmentCharge":-1,
          "soul":""
        }]
    },
    "478197-0":{
      "refId":"flora_heather_01",
      "inventory":[{
          "refId":"ingred_heather_01",
          "count":2,
          "charge":-1,
          "enchantmentCharge":-1,
          "soul":""
        }]
    },
    "461100-0":{
      "refId":"kollop_02_pearl",
      "inventory":[{
          "refId":"ingred_pearl_01",
          "count":1,
          "charge":-1,
          "enchantmentCharge":-1,
          "soul":""
        }]
    },
    "478191-0":{
      "refId":"flora_corkbulb",
      "inventory":[{
          "refId":"ingred_corkbulb_root_01",
          "count":1,
          "charge":-1,
          "enchantmentCharge":-1,
          "soul":""
        }]
    },
    "194011-0":{
      "cellChangeTo":"3, -9"
    },
    "478194-0":{
      "refId":"flora_gold_kanet_01",
      "inventory":[{
          "refId":"ingred_gold_kanet_01",
          "count":1,
          "charge":-1,
          "enchantmentCharge":-1,
          "soul":""
        }]
    },
    "461127-0":{
      "refId":"kollop_03_pearl",
      "inventory":[{
          "refId":"ingred_pearl_01",
          "count":1,
          "charge":-1,
          "enchantmentCharge":-1,
          "soul":""
        }]
    },
    "194012-0":{
      "refId":"netch_betty_ranched",
      "location":{
        "posX":18636.46484375,
        "posZ":751.41369628906,
        "posY":-65860.5703125,
        "rotX":0,
        "rotY":0,
        "rotZ":0.10664319992065
      },
      "stats":{
        "healthCurrent":113,
        "magickaCurrent":75,
        "healthModified":113,
        "fatigueBase":400,
        "magickaModified":75,
        "fatigueModified":400,
        "healthBase":113,
        "magickaBase":75,
        "fatigueCurrent":400
      },
      "inventory":[{
          "refId":"ingred_netch_leather_01",
          "count":1,
          "charge":-1,
          "enchantmentCharge":-1,
          "soul":""
        }]
    },
    "194010-0":{
      "refId":"netch_bull",
      "location":{
        "posX":22239.6015625,
        "posZ":872.22314453125,
        "posY":-65537.8203125,
        "rotX":0,
        "rotY":0,
        "rotZ":2.7000002861023
      },
      "stats":{
        "healthCurrent":45,
        "magickaCurrent":100,
        "healthModified":45,
        "fatigueBase":400,
        "fatigueModified":400,
        "healthBase":45,
        "magickaModified":100,
        "magickaBase":100,
        "fatigueCurrent":400
      },
      "cellChangeFrom":"2, -8",
      "inventory":[{
          "refId":"ingred_netch_leather_01",
          "count":2,
          "charge":-1,
          "enchantmentCharge":-1,
          "soul":""
        }]
    },
    "461129-0":{
      "refId":"kollop_02_pearl",
      "inventory":[{
          "refId":"ingred_pearl_01",
          "count":1,
          "charge":-1,
          "enchantmentCharge":-1,
          "soul":""
        }]
    },
    "0-474":{
      "refId":"scrib diseased",
      "location":{
        "posX":18136.310546875,
        "posZ":10.276233673096,
        "posY":-70765.7578125,
        "rotX":0.0198845397681,
        "rotY":0,
        "rotZ":2.3784129619598
      },
      "stats":{
        "healthCurrent":8,
        "magickaCurrent":12,
        "healthModified":8,
        "fatigueBase":77,
        "fatigueModified":77,
        "healthBase":8,
        "magickaModified":12,
        "magickaBase":12,
        "fatigueCurrent":77
      }
    }
  }
}