{
  "packets":{
    "actorList":["0-3174","0-3175"],
    "ai":[],
    "cellChangeFrom":[],
    "cellChangeTo":[],
    "container":["178524-0","178532-0","178539-0","178569-0","178572-0","178579-0","178588-0","178595-0","178599-0","178607-0","178614-0","178621-0","178629-0","178635-0","178639-0","178647-0","178655-0","178684-0"],
    "death":[],
    "delete":[],
    "doorState":[],
    "equipment":[],
    "lock":[],
    "place":[],
    "position":["0-3174","0-3175"],
    "scale":[],
    "spawn":["0-3174","0-3175"],
    "state":[],
    "statsDynamic":["0-3174","0-3175"],
    "trap":[]
  },
  "entry":{
    "creationTime":1569167287,
    "description":"21, -17"
  },
  "lastVisit":{
    "Tanis":1569167348,
    "Dizzy":1569303362
  },
  "recordLinks":[],
  "objectData":{
    "178579-0":{
      "refId":"kollop_03_pearl",
      "inventory":[]
    },
    "0-3174":{
      "refId":"dreugh",
      "location":{
        "posX":175325.359375,
        "posZ":-457.99993896484,
        "posY":-134131.015625,
        "rotX":0.016829516738653,
        "rotY":0,
        "rotZ":1.4452192783356
      },
      "stats":{
        "healthCurrent":60,
        "magickaCurrent":75,
        "healthModified":60,
        "fatigueBase":400,
        "fatigueModified":400,
        "healthBase":60,
        "magickaModified":75,
        "magickaBase":75,
        "fatigueCurrent":399.5
      }
    },
    "178635-0":{
      "refId":"kollop_03_pearl",
      "inventory":[{
          "refId":"ingred_pearl_01",
          "count":1,
          "charge":-1,
          "enchantmentCharge":-1,
          "soul":""
        }]
    },
    "0-3175":{
      "refId":"slaughterfish",
      "location":{
        "posX":175651.21875,
        "posZ":-440.11743164063,
        "posY":-133975.5625,
        "rotX":1.4625489711761e-05,
        "rotY":0,
        "rotZ":2.4448502063751
      },
      "stats":{
        "healthCurrent":23,
        "magickaCurrent":10,
        "healthModified":23,
        "fatigueBase":400,
        "fatigueModified":400,
        "healthBase":23,
        "magickaModified":10,
        "magickaBase":10,
        "fatigueCurrent":399.5
      }
    },
    "178621-0":{
      "refId":"kollop_03_pearl",
      "inventory":[]
    },
    "178629-0":{
      "refId":"kollop_03_pearl",
      "inventory":[]
    },
    "178539-0":{
      "refId":"kollop_03_pearl",
      "inventory":[]
    },
    "178599-0":{
      "refId":"kollop_03_pearl",
      "inventory":[{
          "refId":"ingred_pearl_01",
          "count":1,
          "charge":-1,
          "enchantmentCharge":-1,
          "soul":""
        }]
    },
    "178588-0":{
      "refId":"kollop_03_pearl",
      "inventory":[]
    },
    "178684-0":{
      "refId":"kollop_03_pearl",
      "inventory":[{
          "refId":"ingred_pearl_01",
          "count":1,
          "charge":-1,
          "enchantmentCharge":-1,
          "soul":""
        }]
    },
    "178524-0":{
      "refId":"kollop_03_pearl",
      "inventory":[]
    },
    "178532-0":{
      "refId":"kollop_03_pearl",
      "inventory":[{
          "refId":"ingred_pearl_01",
          "count":1,
          "charge":-1,
          "enchantmentCharge":-1,
          "soul":""
        }]
    },
    "178607-0":{
      "refId":"kollop_03_pearl",
      "inventory":[]
    },
    "178639-0":{
      "refId":"kollop_02_pearl",
      "inventory":[]
    },
    "178572-0":{
      "refId":"kollop_03_pearl",
      "inventory":[]
    },
    "178655-0":{
      "refId":"kollop_03_pearl",
      "inventory":[{
          "refId":"ingred_pearl_01",
          "count":1,
          "charge":-1,
          "enchantmentCharge":-1,
          "soul":""
        }]
    },
    "178595-0":{
      "refId":"kollop_02_pearl",
      "inventory":[]
    },
    "178569-0":{
      "refId":"kollop_02_pearl",
      "inventory":[]
    },
    "178647-0":{
      "refId":"kollop_02_pearl",
      "inventory":[]
    },
    "178614-0":{
      "refId":"kollop_03_pearl",
      "inventory":[]
    }
  }
}