{
  "packets":{
    "actorList":["0-478","193704-0","363340-0","399159-0","476733-0","194011-0"],
    "ai":[],
    "cellChangeFrom":["194011-0"],
    "cellChangeTo":["193702-0"],
    "container":["318800-0","318801-0","318802-0","318803-0","318804-0","318805-0","318806-0","318807-0","318808-0","460737-0","478107-0","478111-0","478112-0","478114-0","478118-0","478122-0","193704-0","363340-0","399159-0","476733-0","194011-0"],
    "death":[],
    "delete":[],
    "doorState":[],
    "equipment":["193704-0","363340-0","399159-0"],
    "lock":[],
    "place":[],
    "position":["193704-0","363340-0","399159-0","476733-0","0-478","194011-0"],
    "scale":[],
    "spawn":["0-478"],
    "state":[],
    "statsDynamic":["193704-0","363340-0","399159-0","476733-0","0-478","194011-0"],
    "trap":[]
  },
  "entry":{
    "creationTime":1568703194,
    "description":"3, -9"
  },
  "lastVisit":{
    "Dizzy":1569468335,
    "whisker":1568863561,
    "Tanis":1570147417,
    "DizzyDasher":1570147190
  },
  "recordLinks":[],
  "objectData":{
    "0-478":{
      "refId":"rat",
      "location":{
        "posX":32039.671875,
        "posZ":-6.9874682426453,
        "posY":-68262.296875,
        "rotX":-0.097460374236107,
        "rotY":0,
        "rotZ":0.31887364387512
      },
      "stats":{
        "healthCurrent":23,
        "magickaCurrent":10,
        "healthModified":23,
        "fatigueBase":300,
        "fatigueModified":300,
        "healthBase":23,
        "magickaModified":10,
        "magickaBase":10,
        "fatigueCurrent":300
      }
    },
    "318806-0":{
      "refId":"flora_willow_flower_02",
      "inventory":[{
          "refId":"ingred_willow_anther_01",
          "count":1,
          "charge":-1,
          "enchantmentCharge":-1,
          "soul":""
        }]
    },
    "363340-0":{
      "refId":"adondasi sadalvel",
      "location":{
        "posX":32313.42578125,
        "posZ":913.12622070313,
        "posY":-72121.53125,
        "rotX":0,
        "rotY":0,
        "rotZ":4.7123889923096
      },
      "stats":{
        "healthCurrent":67,
        "magickaCurrent":110,
        "healthModified":67,
        "fatigueBase":177,
        "fatigueModified":177,
        "healthBase":67,
        "magickaModified":110,
        "magickaBase":110,
        "fatigueCurrent":177
      },
      "equipment":{
        "7":{
          "refId":"common_shoes_01",
          "count":1,
          "charge":-1,
          "enchantmentCharge":-1
        },
        "8":{
          "refId":"common_shirt_01",
          "count":1,
          "charge":-1,
          "enchantmentCharge":-1
        },
        "15":{
          "refId":"common_belt_01",
          "count":1,
          "charge":-1,
          "enchantmentCharge":-1
        },
        "9":{
          "refId":"common_pants_01",
          "count":1,
          "charge":-1,
          "enchantmentCharge":-1
        }
      },
      "inventory":[{
          "refId":"common_belt_01",
          "count":1,
          "charge":-1,
          "enchantmentCharge":-1,
          "soul":""
        },{
          "refId":"common_shirt_01",
          "count":1,
          "charge":-1,
          "enchantmentCharge":-1,
          "soul":""
        },{
          "refId":"common_shoes_01",
          "count":1,
          "charge":-1,
          "enchantmentCharge":-1,
          "soul":""
        },{
          "refId":"common_pants_01",
          "count":1,
          "charge":-1,
          "enchantmentCharge":-1,
          "soul":""
        },{
          "refId":"gold_001",
          "count":10,
          "charge":-1,
          "enchantmentCharge":-1,
          "soul":""
        }]
    },
    "193703-0":{
      "location":{
        "posX":26105.451171875,
        "posZ":1159.4715576172,
        "posY":-65536.5546875,
        "rotX":0.02056079544127,
        "rotY":0,
        "rotZ":2.2170269489288
      },
      "cellChangeTo":"2, -8"
    },
    "194011-0":{
      "refId":"netch_betty_ranched",
      "location":{
        "posX":24688.197265625,
        "posZ":1043.5290527344,
        "posY":-65732.5234375,
        "rotX":0,
        "rotY":0,
        "rotZ":6.1831855773926
      },
      "stats":{
        "healthCurrent":113,
        "magickaCurrent":75,
        "healthModified":113,
        "fatigueBase":400,
        "fatigueModified":400,
        "healthBase":113,
        "magickaModified":75,
        "magickaBase":75,
        "fatigueCurrent":400
      },
      "cellChangeFrom":"2, -9",
      "inventory":[{
          "refId":"ingred_netch_leather_01",
          "count":2,
          "charge":-1,
          "enchantmentCharge":-1,
          "soul":""
        }]
    },
    "318805-0":{
      "refId":"flora_willow_flower_02",
      "inventory":[{
          "refId":"ingred_willow_anther_01",
          "count":1,
          "charge":-1,
          "enchantmentCharge":-1,
          "soul":""
        }]
    },
    "399159-0":{
      "refId":"tarvyn faren",
      "location":{
        "posX":30174.69921875,
        "posZ":425,
        "posY":-73395.34375,
        "rotX":0,
        "rotY":0,
        "rotZ":1.7399973869324
      },
      "stats":{
        "healthCurrent":106,
        "magickaCurrent":116,
        "healthModified":106,
        "fatigueBase":223,
        "fatigueModified":223,
        "healthBase":106,
        "magickaModified":116,
        "magickaBase":116,
        "fatigueCurrent":223
      },
      "equipment":[null,null,null,null,null,null,{
          "refId":"extravagant_shoes_01",
          "count":1,
          "charge":-1,
          "enchantmentCharge":-1
        },{
          "refId":"extravagant_shirt_01_h",
          "count":1,
          "charge":-1,
          "enchantmentCharge":-1
        },{
          "refId":"extravagant_pants_01",
          "count":1,
          "charge":-1,
          "enchantmentCharge":-1
        }],
      "inventory":[{
          "refId":"extravagant_shirt_01_h",
          "count":1,
          "charge":-1,
          "enchantmentCharge":-1,
          "soul":""
        },{
          "refId":"extravagant_shoes_01",
          "count":1,
          "charge":-1,
          "enchantmentCharge":-1,
          "soul":""
        },{
          "refId":"extravagant_pants_01",
          "count":1,
          "charge":-1,
          "enchantmentCharge":-1,
          "soul":""
        },{
          "refId":"misc_com_plate_01",
          "count":1,
          "charge":-1,
          "enchantmentCharge":-1,
          "soul":""
        },{
          "refId":"misc_com_plate_02",
          "count":2,
          "charge":-1,
          "enchantmentCharge":-1,
          "soul":""
        },{
          "refId":"misc_com_plate_03",
          "count":2,
          "charge":-1,
          "enchantmentCharge":-1,
          "soul":""
        },{
          "refId":"misc_com_plate_04",
          "count":1,
          "charge":-1,
          "enchantmentCharge":-1,
          "soul":""
        },{
          "refId":"misc_com_plate_05",
          "count":2,
          "charge":-1,
          "enchantmentCharge":-1,
          "soul":""
        },{
          "refId":"misc_com_plate_06",
          "count":1,
          "charge":-1,
          "enchantmentCharge":-1,
          "soul":""
        },{
          "refId":"misc_com_plate_07",
          "count":1,
          "charge":-1,
          "enchantmentCharge":-1,
          "soul":""
        },{
          "refId":"misc_com_plate_08",
          "count":2,
          "charge":-1,
          "enchantmentCharge":-1,
          "soul":""
        }]
    },
    "478114-0":{
      "refId":"flora_heather_01",
      "inventory":[{
          "refId":"ingred_heather_01",
          "count":2,
          "charge":-1,
          "enchantmentCharge":-1,
          "soul":""
        }]
    },
    "476733-0":{
      "refId":"kwama worker entrance",
      "location":{
        "posX":29229.84765625,
        "posZ":634.66284179688,
        "posY":-69544.515625,
        "rotX":0.07854150980711,
        "rotY":0,