{
  "packets":{
    "actorList":["0-1648","0-1649","0-1650","0-1665"],
    "ai":[],
    "cellChangeFrom":[],
    "cellChangeTo":[],
    "container":["0-1648","0-1649","0-1650","0-1665"],
    "death":["0-1648","0-1650","0-1665"],
    "delete":[],
    "doorState":[],
    "equipment":[],
    "lock":[],
    "place":[],
    "position":["0-1648","0-1649","0-1650","0-1665"],
    "scale":[],
    "spawn":["0-1648","0-1649","0-1650","0-1665"],
    "state":[],
    "statsDynamic":["0-1648","0-1649","0-1650","0-1665"],
    "trap":[]
  },
  "entry":{
    "creationTime":1568923786,
    "description":"3, 7"
  },
  "lastVisit":{
    "Dizzy":1569617192,
    "Dr,Kups":1569617191
  },
  "recordLinks":[],
  "objectData":{
    "0-1650":{
      "refId":"ash_zombie",
      "location":{
        "posX":27125.15234375,
        "posZ":11047.103515625,
        "posY":60507.0078125,
        "rotX":-0.062939845025539,
        "rotY":0,
        "rotZ":-1.0506432056427
      },
      "stats":{
        "healthCurrent":0,
        "magickaCurrent":100,
        "healthModified":90,
        "fatigueBase":400,
        "fatigueModified":400,
        "healthBase":90,
        "magickaModified":100,
        "magickaBase":100,
        "fatigueCurrent":398.95864868164
      },
      "inventory":[{
          "refId":"ingred_ash_salts_01",
          "count":2,
          "charge":-1,
          "enchantmentCharge":-1,
          "soul":""
        },{
          "refId":"spiked club",
          "count":1,
          "charge":-1,
          "enchantmentCharge":-1,
          "soul":""
        }],
      "killer":{
        "player":"Dizzy"
      }
    },
    "0-1648":{
      "refId":"ash_slave",
      "location":{
        "posX":27696.115234375,
        "posZ":11033.28515625,
        "posY":60549.5859375,
        "rotX":-0.14231775701046,
        "rotY":0,
        "rotZ":-0.62704539299011
      },
      "stats":{
        "healthCurrent":0,
        "magickaCurrent":86.075950622559,
        "healthModified":60,
        "fatigueBase":380,
        "fatigueModified":380,
        "healthBase":60,
        "magickaModified":200,
        "magickaBase":200,
        "fatigueCurrent":379.82864379883
      },
      "inventory":[],
      "killer":{
        "player":"Dizzy"
      }
    },
    "0-1665":{
      "refId":"daedroth",
      "location":{
        "posX":29173.01171875,
        "posZ":13643.875,
        "posY":65493.2109375,
        "rotX":-0.040935635566711,
        "rotY":0,
        "rotZ":-1.0646660327911
      },
      "stats":{
        "healthCurrent":180,
        "magickaCurrent":195,
        "healthModified":180,
        "fatigueBase":600,
        "fatigueModified":600,
        "healthBase":180,
        "magickaModified":195,
        "magickaBase":195,
        "fatigueCurrent":600
      },
      "inventory":[{
          "refId":"ingred_daedras_heart_01",
          "count":1,
          "charge":-1,
          "enchantmentCharge":-1,
          "soul":""
        }],
      "killer":{
        "player":"Dizzy"
      }
    },
    "0-1649":{
      "refId":"corprus_lame",
      "location":{
        "posX":26389.65234375,
        "posZ":11166.109375,
        "posY":60546.8046875,
        "rotX":-0.04729250818491,
        "rotY":0,
        "rotZ":-1.686642408371
      },
      "stats":{
        "healthCurrent":90,
        "magickaCurrent":160,
        "healthModified":90,
        "fatigueBase":306,
        "fatigueModified":306,
        "healthBase":90,
        "magickaModified":160,
        "magickaBase":160,
        "fatigueCurrent":302.24850463867
      },
      "inventory":[{
          "refId":"ingred_corprus_weepings_01",
          "count":1,
          "charge":-1,
          "enchantmentCharge":-1,
          "soul":""
        }]
    }
  }
}