{
  "packets":{
    "actorList":["0-417","0-419","347430-0","457960-0","0-56","0-418","0-420"],
    "ai":[],
    "cellChangeFrom":[],
    "cellChangeTo":[],
    "container":["174872-0","174886-0","174890-0","347430-0","457960-0"],
    "death":[],
    "delete":[],
    "doorState":[],
    "equipment":[],
    "lock":[],
    "place":[],
    "position":["347430-0","457960-0","0-417","0-419","0-56","0-418","0-420"],
    "scale":[],
    "spawn":["0-417","0-419","0-56","0-418","0-420"],
    "state":[],
    "statsDynamic":["347430-0","457960-0","0-417","0-419","0-56","0-418","0-420"],
    "trap":[]
  },
  "entry":{
    "creationTime":1568701096,
    "description":"4, -2"
  },
  "lastVisit":{
    "Dizzy":1569382013,
    "Tanis":1569384307
  },
  "recordLinks":[],
  "objectData":{
    "0-420":{
      "refId":"scrib",
      "location":{
        "posX":40310.42578125,
        "posZ":13.430318832397,
        "posY":-11024.627929688,
        "rotX":-1.0239924192429,
        "rotY":0,
        "rotZ":-1.5367038249969
      },
      "stats":{
        "healthCurrent":8,
        "magickaCurrent":12,
        "healthModified":8,
        "fatigueBase":300,
        "fatigueModified":300,
        "healthBase":8,
        "magickaModified":12,
        "magickaBase":12,
        "fatigueCurrent":300
      }
    },
    "0-417":{
      "refId":"kwama forager",
      "location":{
        "posX":34349.4375,
        "posZ":1197.5501708984,
        "posY":-10107.581054688,
        "rotX":-0.043024823069572,
        "rotY":0,
        "rotZ":2.7388594150543
      },
      "stats":{
        "healthCurrent":23,
        "magickaCurrent":15,
        "healthModified":23,
        "fatigueBase":300,
        "fatigueModified":300,
        "healthBase":23,
        "magickaModified":15,
        "magickaBase":15,
        "fatigueCurrent":293.20010375977
      }
    },
    "174872-0":{
      "refId":"contain_trama_shrub_06",
      "inventory":[{
          "refId":"ingred_trama_root_01",
          "count":3,
          "charge":-1,
          "enchantmentCharge":-1,
          "soul":""
        }]
    },
    "174886-0":{
      "refId":"contain_trama_shrub_03",
      "inventory":[{
          "refId":"ingred_trama_root_01",
          "count":1,
          "charge":-1,
          "enchantmentCharge":-1,
          "soul":""
        }]
    },
    "0-419":{
      "refId":"alit",
      "location":{
        "posX":36328.82421875,
        "posZ":82.060104370117,
        "posY":-12486.65234375,
        "rotX":-0.16263136267662,
        "rotY":0,
        "rotZ":-1.2048323154449
      },
      "stats":{
        "healthCurrent":30,
        "magickaCurrent":75,
        "healthModified":30,
        "fatigueBase":400,
        "fatigueModified":400,
        "healthBase":30,
        "magickaModified":75,
        "magickaBase":75,
        "fatigueCurrent":400
      }
    },
    "347430-0":{
      "refId":"slaughterfish",
      "location":{
        "posX":39356.58203125,
        "posZ":-595.00732421875,
        "posY":-15063.5625,
        "rotX":0.06253532320261,
        "rotY":0,
        "rotZ":-2.9974381923676
      },
      "stats":{
        "healthCurrent":23,
        "magickaCurrent":10,
        "healthModified":23,
        "fatigueBase":400,
        "fatigueModified":400,
        "healthBase":23,
        "magickaModified":10,
        "magickaBase":10,
        "fatigueCurrent":399.96618652344
      },
      "inventory":[{
          "refId":"ingred_scales_01",
          "count":2,
          "charge":-1,
          "enchantmentCharge":-1,
          "soul":""
        }]
    },
    "457960-0":{
      "refId":"slaughterfish",
      "location":{
        "posX":39682.13671875,
        "posZ":-797.64666748047,
        "posY":-13140.856445313,
        "rotX":0.985660135746,
        "rotY":0,
        "rotZ":-1.0013144016266
      },
      "stats":{
        "healthCurrent":23,
        "magickaCurrent":10,
        "healthModified":23,
        "fatigueBase":400,
        "fatigueModified":400,
        "healthBase":23,
        "magickaModified":10,
        "magickaBase":10,
        "fatigueCurrent":399.96618652344
      },
      "inventory":[]
    },
    "174890-0":{
      "refId":"contain_trama_shrub_01",
      "inventory":[{
          "refId":"ingred_trama_root_01",
          "count":1,
          "charge":-1,
          "enchantmentCharge":-1,
          "soul":""
        }]
    },
    "0-418":{
      "refId":"cliff racer",
      "location":{
        "posX":32951.3125,
        "posZ":1722.3961181641,
        "posY":-11408.427734375,
        "rotX":0.0058908723294735,
        "rotY":0,
        "rotZ":-1.0551769733429
      },
      "stats":{
        "healthCurrent":45,
        "magickaCurrent":20,
        "healthModified":45,
        "fatigueBase":400,
        "fatigueModified":400,
        "healthBase":45,
        "magickaModified":20,
        "magickaBase":20,
        "fatigueCurrent":400
      }
    },
    "0-56":{
      "refId":"cliff racer",
      "location":{
        "posX":36334.5,
        "posZ":1875.1328125,
        "posY":-9296.853515625,
        "rotX":1.3980851173401,
        "rotY":0,
        "rotZ":1.3824956417084
      },
      "stats":{
        "healthCurrent":45,
        "magickaCurrent":20,
        "healthModified":45,
        "fatigueBase":400,
        "fatigueModified":400,
        "healthBase":45,
        "magickaModified":20,
        "magickaBase":20,
        "fatigueCurrent":400
      }
    }
  }
}