{
  "packets":{
    "actorList":["0-374","0-375","297836-0","0-481","0-383"],
    "ai":[],
    "cellChangeFrom":[],
    "cellChangeTo":["341026-0"],
    "container":["459271-0","459280-0","460166-0","460168-0","478085-0","478086-0","478088-0","478090-0","478092-0","297836-0"],
    "death":[],
    "delete":[],
    "doorState":[],
    "equipment":["297836-0"],
    "lock":[],
    "place":[],
    "position":["297836-0","0-374","0-375","0-481","0-383"],
    "scale":[],
    "spawn":["0-374","0-375","0-481","0-383"],
    "state":[],
    "statsDynamic":["297836-0","0-374","0-375","0-481","0-383"],
    "trap":[]
  },
  "entry":{
    "creationTime":1568700436,
    "description":"4, -9"
  },
  "lastVisit":{
    "Dizzy":1569618291,
    "Dr,Kups":1569089099,
    "whisker":1568863561,
    "Tanis":1570147417,
    "DizzyDasher":1570147062
  },
  "recordLinks":[],
  "objectData":{
    "0-375":{
      "refId":"slaughterfish",
      "location":{
        "posX":35814.8125,
        "posZ":-37.354442596436,
        "posY":-71986.1875,
        "rotX":-0.0020580049604177,
        "rotY":0,
        "rotZ":-1.5549247264862
      },
      "stats":{
        "healthCurrent":23,
        "magickaCurrent":10,
        "healthModified":23,
        "fatigueBase":400,
        "fatigueModified":400,
        "healthBase":23,
        "magickaModified":10,
        "magickaBase":10,
        "fatigueCurrent":399.51281738281
      }
    },
    "478088-0":{
      "refId":"flora_heather_01",
      "inventory":[{
          "refId":"ingred_heather_01",
          "count":1,
          "charge":-1,
          "enchantmentCharge":-1,
          "soul":""
        }]
    },
    "0-481":{
      "refId":"kwama forager",
      "location":{
        "posX":33561.42578125,
        "posZ":-37.65620803833,
        "posY":-69900.34375,
        "rotX":-0.084234341979027,
        "rotY":0,
        "rotZ":2.4608986377716
      },
      "stats":{
        "healthCurrent":23,
        "magickaCurrent":15,
        "healthModified":23,
        "fatigueBase":300,
        "fatigueModified":300,
        "healthBase":23,
        "magickaModified":15,
        "magickaBase":15,
        "fatigueCurrent":293.23815917969
      }
    },
    "460168-0":{
      "refId":"kollop_02_pearl",
      "inventory":[]
    },
    "0-383":{
      "refId":"mudcrab",
      "location":{
        "posX":40783.53125,
        "posZ":-41.509521484375,
        "posY":-67769.3359375,
        "rotX":-0.032474152743816,
        "rotY":0,
        "rotZ":-1.740296125412
      },
      "stats":{
        "healthCurrent":15,
        "magickaCurrent":5,
        "healthModified":15,
        "fatigueBase":400,
        "fatigueModified":400,
        "healthBase":15,
        "magickaModified":5,
        "magickaBase":5,
        "fatigueCurrent":394.01364135742
      }
    },
    "0-374":{
      "refId":"slaughterfish_small",
      "location":{
        "posX":40770.86328125,
        "posZ":-160.52381896973,
        "posY":-72615.7578125,
        "rotX":0,
        "rotY":0,
        "rotZ":1.3939697742462
      },
      "stats":{
        "healthCurrent":15,
        "magickaCurrent":10,
        "healthModified":15,
        "fatigueBase":300,
        "fatigueModified":300,
        "healthBase":15,
        "magickaModified":10,
        "magickaBase":10,
        "fatigueCurrent":299.51281738281
      }
    },
    "341026-0":{
      "cellChangeTo":"4, -10"
    },
    "460166-0":{
      "refId":"kollop_03_pearl",
      "inventory":[{
          "refId":"ingred_pearl_01",
          "count":1,
          "charge":-1,
          "enchantmentCharge":-1,
          "soul":""
        }]
    },
    "297836-0":{
      "refId":"dreamer_talker11",
      "location":{
        "posX":34517.828125,
        "posZ":374.90710449219,
        "posY":-69384.390625,
        "rotX":0,
        "rotY":0,
        "rotZ":4.6831865310669
      },
      "stats":{
        "healthCurrent":40,
        "magickaCurrent":80,
        "healthModified":40,
        "fatigueBase":160,
        "fatigueModified":160,
        "healthBase":40,
        "magickaModified":80,
        "magickaBase":80,
        "fatigueCurrent":160
      },
      "equipment":{
        "16":{
          "refId":"chitin club",
          "count":1,
          "charge":-1,
          "enchantmentCharge":-1
        },
        "9":{
          "refId":"common_pants_03",
          "count":1,
          "charge":-1,
          "enchantmentCharge":-1
        }
      },
      "inventory":[{
          "refId":"common_pants_03",
          "count":1,
          "charge":-1,
          "enchantmentCharge":-1,
          "soul":""
        },{
          "refId":"ingred_6th_corprusmeat_01",
          "count":1,
          "charge":-1,
          "enchantmentCharge":-1,
          "soul":""
        },{
          "refId":"chitin club",
          "count":1,
          "charge":-1,
          "enchantmentCharge":-1,
          "soul":""
        }]
    },
    "459271-0":{
      "refId":"kollop_03_pearl",
      "inventory":[{
          "refId":"ingred_pearl_01",
          "count":1,
          "charge":-1,
          "enchantmentCharge":-1,
          "soul":""
        }]
    },
    "478092-0":{
      "refId":"flora_heather_01",
      "inventory":[{
          "refId":"ingred_heather_01",
          "count":1,
          "charge":-1,
          "enchantmentCharge":-1,
          "soul":""
        }]
    },
    "478086-0":{
      "refId":"flora_comberry_01",
      "inventory":[]
    },
    "478085-0":{
      "refId":"flora_corkbulb",
      "inventory":[{
          "refId":"ingred_corkbulb_root_01",
          "count":1,
          "charge":-1,
          "enchantmentCharge":-1,
          "soul":""
        }]
    },
    "478090-0":{
      "refId":"flora_heather_01",
      "inventory":[{
          "refId":"ingred_heather_01",
          "count":1,
          "charge":-1,
          "enchantmentCharge":-1,
          "soul":""
        }]
    },
    "459280-0":{
      "refId":"kollop_03_pearl",
      "inventory":[]
    }
  }
}