{
  "packets":{
    "actorList":["0-699","0-701","0-702","0-703","0-704","341027-0","341028-0","410966-0","0-700"],
    "ai":[],
    "cellChangeFrom":[],
    "cellChangeTo":[],
    "container":["410967-0","410968-0","460409-0","460414-0","460415-0","460422-0","341027-0","341028-0","410966-0"],
    "death":[],
    "delete":[],
    "doorState":[],
    "equipment":[],
    "lock":[],
    "place":[],
    "position":["341027-0","341028-0","410966-0","0-699","0-701","0-702","0-703","0-704","0-700"],
    "scale":[],
    "spawn":["0-699","0-701","0-702","0-703","0-704","0-700"],
    "state":[],
    "statsDynamic":["341027-0","341028-0","410966-0","0-699","0-701","0-702","0-703","0-704","0-700"],
    "trap":[]
  },
  "entry":{
    "creationTime":1568768884,
    "description":"4, -15"
  },
  "lastVisit":{
    "Tanis":1570147508,
    "Dizzy":1569618870
  },
  "recordLinks":[],
  "objectData":{
    "0-703":{
      "refId":"slaughterfish_small",
      "location":{
        "posX":38322.92578125,
        "posZ":-532.16735839844,
        "posY":-120208.03125,
        "rotX":-0.0012262482196093,
        "rotY":0,
        "rotZ":0.8388409614563
      },
      "stats":{
        "healthCurrent":15,
        "magickaCurrent":10,
        "healthModified":15,
        "fatigueBase":300,
        "fatigueModified":300,
        "healthBase":15,
        "magickaModified":10,
        "magickaBase":10,
        "fatigueCurrent":299.5
      }
    },
    "460415-0":{
      "refId":"kollop_03_pearl",
      "inventory":[{
          "refId":"ingred_pearl_01",
          "count":1,
          "charge":-1,
          "enchantmentCharge":-1,
          "soul":""
        }]
    },
    "460409-0":{
      "refId":"kollop_02_pearl",
      "inventory":[{
          "refId":"ingred_pearl_01",
          "count":1,
          "charge":-1,
          "enchantmentCharge":-1,
          "soul":""
        }]
    },
    "410967-0":{
      "refId":"crate_01_empty",
      "inventory":[]
    },
    "0-701":{
      "refId":"slaughterfish_small",
      "location":{
        "posX":36386.1484375,
        "posZ":-144.00213623047,
        "posY":-117692.828125,
        "rotX":8.7916851043701e-07,
        "rotY":0,
        "rotZ":1.2490456104279
      },
      "stats":{
        "healthCurrent":15,
        "magickaCurrent":10,
        "healthModified":15,
        "fatigueBase":300,
        "fatigueModified":300,
        "healthBase":15,
        "magickaModified":10,
        "magickaBase":10,
        "fatigueCurrent":299.5
      }
    },
    "0-702":{
      "refId":"dreugh",
      "location":{
        "posX":37776.7578125,
        "posZ":-213.19818115234,
        "posY":-117684.34375,
        "rotX":-0.00044602900743484,
        "rotY":0,
        "rotZ":0.084543704986572
      },
      "stats":{
        "healthCurrent":60,
        "magickaCurrent":75,
        "healthModified":60,
        "fatigueBase":400,
        "fatigueModified":400,
        "healthBase":60,
        "magickaModified":75,
        "magickaBase":75,
        "fatigueCurrent":399.5
      }
    },
    "341028-0":{
      "refId":"mudcrab",
      "location":{
        "posX":34762.03125,
        "posZ":103.17027282715,
        "posY":-120609.515625,
        "rotX":0,
        "rotY":0,
        "rotZ":5.2831864356995
      },
      "stats":{
        "healthCurrent":15,
        "magickaCurrent":5,
        "healthModified":15,
        "fatigueBase":400,
        "fatigueModified":400,
        "healthBase":15,
        "magickaModified":5,
        "magickaBase":5,
        "fatigueCurrent":400
      },
      "inventory":[{
          "refId":"ingred_crab_meat_01",
          "count":2,
          "charge":-1,
          "enchantmentCharge":-1,
          "soul":""
        }]
    },
    "0-700":{
      "refId":"dreugh",
      "location":{
        "posX":36296.3046875,
        "posZ":174.2282409668,
        "posY":-114896.84375,
        "rotX":-1.0757677555084,
        "rotY":0,
        "rotZ":0.97361969947815
      },
      "stats":{
        "healthCurrent":60,
        "magickaCurrent":75,
        "healthModified":60,
        "fatigueBase":400,
        "fatigueModified":400,
        "healthBase":60,
        "magickaModified":75,
        "magickaBase":75,
        "fatigueCurrent":400
      }
    },
    "460414-0":{
      "refId":"kollop_02_pearl",
      "inventory":[]
    },
    "0-704":{
      "refId":"mudcrab",
      "location":{
        "posX":35849.984375,
        "posZ":71.899291992188,
        "posY":-119142.71875,
        "rotX":-0.026119934394956,
        "rotY":0,
        "rotZ":1.2170231342316
      },
      "stats":{
        "healthCurrent":15,
        "magickaCurrent":5,
        "healthModified":15,
        "fatigueBase":400,
        "fatigueModified":400,
        "healthBase":15,
        "magickaModified":5,
        "magickaBase":5,
        "fatigueCurrent":400
      }
    },
    "0-699":{
      "refId":"dreugh",
      "location":{
        "posX":34072.74609375,
        "posZ":-384.49176025391,
        "posY":-118338.578125,
        "rotX":0.015960382297635,
        "rotY":0,
        "rotZ":-2.6422460079193
      },
      "stats":{
        "healthCurrent":60,
        "magickaCurrent":75,
        "healthModified":60,
        "fatigueBase":400,
        "fatigueModified":400,
        "healthBase":60,
        "magickaModified":75,
        "magickaBase":75,
        "fatigueCurrent":399.5
      }
    },
    "410968-0":{
      "refId":"de_p_chest_02_gold_25",
      "inventory":[{
          "refId":"gold_001",
          "count":25,
          "charge":-1,
          "enchantmentCharge":-1,
          "soul":""
        }]
    },
    "460422-0":{
      "refId":"kollop_03_pearl",
      "inventory":[{
          "refId":"ingred_pearl_01",
          "count":1,
          "charge":-1,
          "enchantmentCharge":-1,
          "soul":""
        }]
    },
    "410966-0":{
      "refId":"cliff racer",
      "location":{
        "posX":35182.82421875,
        "posZ":717.0078125,
        "posY":-119820.1015625,
        "rotX":0,
        "rotY":0,
        "rotZ":0
      },
      "stats":{
        "healthCurrent":45,
        "magickaCurrent":20,
        "healthModified":45,
        "fatigueBase":400,
        "fatigueModified":400,
        "healthBase":45,
        "magickaModified":20,
        "magickaBase":20,
        "fatigueCurrent":400
      },
      "inventory":[{
          "refId":"ingred_racer_plumes_01",
          "count":1,
          "charge":-1,
          "enchantmentCharge":-1,
          "soul":""
        }]
    },
    "341027-0":{
      "refId":"mudcrab",
      "location":{
        "posX":35913.95703125,
        "posZ":102.87364196777,
        "posY":-119280.7578125,
        "rotX":0,
        "rotY":0,
        "rotZ":5.383186340332
      },
      "stats":{
        "healthCurrent":15,
        "magickaCurrent":5,
        "healthModified":15,
        "fatigueBase":400,
        "fatigueModified":400,
        "healthBase":15,
        "magickaModified":5,
        "magickaBase":5,
        "fatigueCurrent":400
      },
      "inventory":[]
    }
  }
}