{
  "packets":{
    "actorList":["0-2936","0-2937","0-2938","0-2939"],
    "ai":[],
    "cellChangeFrom":[],
    "cellChangeTo":[],
    "container":[],
    "death":[],
    "delete":[],
    "doorState":[],
    "equipment":[],
    "lock":[],
    "place":[],
    "position":["0-2936","0-2937","0-2938","0-2939"],
    "scale":[],
    "spawn":["0-2936","0-2937","0-2938","0-2939"],
    "state":[],
    "statsDynamic":["0-2936","0-2937","0-2938","0-2939"],
    "trap":[]
  },
  "entry":{
    "creationTime":1569097369,
    "description":"4, 12"
  },
  "lastVisit":{
    "Dizzy":1569097444
  },
  "recordLinks":[],
  "objectData":{
    "0-2936":{
      "refId":"rat_diseased",
      "location":{
        "posX":33936.90234375,
        "posZ":6476.5327148438,
        "posY":106037.453125,
        "rotX":-0.60499304533005,
        "rotY":0,
        "rotZ":-0.68504500389099
      },
      "stats":{
        "healthCurrent":23,
        "magickaCurrent":10,
        "healthModified":23,
        "fatigueBase":106,
        "fatigueModified":106,
        "healthBase":23,
        "magickaModified":10,
        "magickaBase":10,
        "fatigueCurrent":106
      }
    },
    "0-2937":{
      "refId":"ash_ghoul",
      "location":{
        "posX":38490.015625,
        "posZ":7503.7592773438,
        "posY":105874.515625,
        "rotX":-1.2645037174225,
        "rotY":0,
        "rotZ":-1.9066708087921
      },
      "stats":{
        "healthCurrent":220,
        "magickaCurrent":122,
        "healthModified":220,
        "fatigueBase":369,
        "fatigueModified":369,
        "healthBase":220,
        "magickaModified":122,
        "magickaBase":122,
        "fatigueCurrent":369
      }
    },
    "0-2939":{
      "refId":"cliff racer",
      "location":{
        "posX":38967.89453125,
        "posZ":10714.314453125,
        "posY":103201.25,
        "rotX":0,
        "rotY":0,
        "rotZ":0.58150410652161
      },
      "stats":{
        "healthCurrent":45,
        "magickaCurrent":20,
        "healthModified":45,
        "fatigueBase":400,
        "fatigueModified":400,
        "healthBase":45,
        "magickaModified":20,
        "magickaBase":20,
        "fatigueCurrent":400
      }
    },
    "0-2938":{
      "refId":"cliff racer",
      "location":{
        "posX":32965.140625,
        "posZ":10848.400390625,
        "posY":100870.90625,
        "rotX":0,
        "rotY":0,
        "rotZ":-2.6271412372589
      },
      "stats":{
        "healthCurrent":45,
        "magickaCurrent":20,
        "healthModified":45,
        "fatigueBase":400,
        "fatigueModified":400,
        "healthBase":45,
        "magickaModified":20,
        "magickaBase":20,
        "fatigueCurrent":400
      }
    }
  }
}