{
  "packets":{
    "actorList":["0-2908","0-2909","0-2910","0-2911"],
    "ai":[],
    "cellChangeFrom":[],
    "cellChangeTo":[],
    "container":[],
    "death":[],
    "delete":[],
    "doorState":[],
    "equipment":[],
    "lock":[],
    "place":[],
    "position":["0-2908","0-2909","0-2910","0-2911"],
    "scale":[],
    "spawn":["0-2908","0-2909","0-2910","0-2911"],
    "state":[],
    "statsDynamic":["0-2908","0-2909","0-2910","0-2911"],
    "trap":[]
  },
  "entry":{
    "creationTime":1569096879,
    "description":"4, 14"
  },
  "lastVisit":{
    "Dizzy":1569097444
  },
  "recordLinks":[],
  "objectData":{
    "0-2911":{
      "refId":"cliff racer",
      "location":{
        "posX":39897.6484375,
        "posZ":5926.294921875,
        "posY":119575.875,
        "rotX":0.36144968867302,
        "rotY":0,
        "rotZ":-2.6806271076202
      },
      "stats":{
        "healthCurrent":45,
        "magickaCurrent":20,
        "healthModified":45,
        "fatigueBase":400,
        "fatigueModified":400,
        "healthBase":45,
        "magickaModified":20,
        "magickaBase":20,
        "fatigueCurrent":400
      }
    },
    "0-2909":{
      "refId":"rat",
      "location":{
        "posX":37161.21875,
        "posZ":3236.3044433594,
        "posY":119498.875,
        "rotX":0.072139747440815,
        "rotY":0,
        "rotZ":-1.2040269374847
      },
      "stats":{
        "healthCurrent":23,
        "magickaCurrent":10,
        "healthModified":23,
        "fatigueBase":300,
        "fatigueModified":300,
        "healthBase":23,
        "magickaModified":10,
        "magickaBase":10,
        "fatigueCurrent":300
      }
    },
    "0-2910":{
      "refId":"rat_diseased",
      "location":{
        "posX":37392.84765625,
        "posZ":3965.2421875,
        "posY":114904.0625,
        "rotX":-0.26259940862656,
        "rotY":0,
        "rotZ":-0.89215922355652
      },
      "stats":{
        "healthCurrent":23,
        "magickaCurrent":10,
        "healthModified":23,
        "fatigueBase":122,
        "fatigueModified":122,
        "healthBase":23,
        "magickaModified":10,
        "magickaBase":10,
        "fatigueCurrent":122
      }
    },
    "0-2908":{
      "refId":"shalk_diseased",
      "location":{
        "posX":36552.390625,
        "posZ":3361.3828125,
        "posY":119451.390625,
        "rotX":1.3478486537933,
        "rotY":0,
        "rotZ":-1.0063326358795
      },
      "stats":{
        "healthCurrent":38,
        "magickaCurrent":400,
        "healthModified":38,
        "fatigueBase":100,
        "fatigueModified":100,
        "healthBase":38,
        "magickaModified":400,
        "magickaBase":400,
        "fatigueCurrent":100
      }
    }
  }
}