{
  "packets":{
    "actorList":["0-2698","0-2699","0-2700","0-2703"],
    "ai":[],
    "cellChangeFrom":[],
    "cellChangeTo":[],
    "container":["432448-0","432462-0","432463-0","432486-0","432487-0","432488-0","432514-0","432530-0","432531-0","432534-0","432535-0","432551-0"],
    "death":[],
    "delete":[],
    "doorState":[],
    "equipment":[],
    "lock":[],
    "place":[],
    "position":["0-2698","0-2699","0-2700","0-2703"],
    "scale":[],
    "spawn":["0-2698","0-2699","0-2700","0-2703"],
    "state":[],
    "statsDynamic":["0-2698","0-2699","0-2700","0-2703"],
    "trap":[]
  },
  "entry":{
    "creationTime":1569090767,
    "description":"4, 24"
  },
  "lastVisit":{
    "Dizzy":1569090961,
    "Dr,Kups":1569090961
  },
  "recordLinks":[],
  "objectData":{
    "0-2700":{
      "refId":"slaughterfish_small",
      "location":{
        "posX":38780.5390625,
        "posZ":-1373.9970703125,
        "posY":204442.515625,
        "rotX":3.4589320421219e-06,
        "rotY":0,
        "rotZ":2.1554453372955
      },
      "stats":{
        "healthCurrent":15,
        "magickaCurrent":10,
        "healthModified":15,
        "fatigueBase":300,
        "fatigueModified":300,
        "healthBase":15,
        "magickaModified":10,
        "magickaBase":10,
        "fatigueCurrent":299.96661376953
      }
    },
    "0-2703":{
      "refId":"slaughterfish_small",
      "location":{
        "posX":36109.515625,
        "posZ":-532.71813964844,
        "posY":201893.609375,
        "rotX":0.00041070953011513,
        "rotY":0,
        "rotZ":-2.9577071666718
      },
      "stats":{
        "healthCurrent":15,
        "magickaCurrent":10,
        "healthModified":15,
        "fatigueBase":300,
        "fatigueModified":300,
        "healthBase":15,
        "magickaModified":10,
        "magickaBase":10,
        "fatigueCurrent":299.96661376953
      }
    },
    "432551-0":{
      "refId":"kollop_01_pearl",
      "inventory":[]
    },
    "432488-0":{
      "refId":"kollop_02_pearl",
      "inventory":[]
    },
    "432487-0":{
      "refId":"kollop_03_pearl",
      "inventory":[{
          "refId":"ingred_pearl_01",
          "count":1,
          "charge":-1,
          "enchantmentCharge":-1,
          "soul":""
        }]
    },
    "432514-0":{
      "refId":"kollop_03_pearl",
      "inventory":[{
          "refId":"ingred_pearl_01",
          "count":1,
          "charge":-1,
          "enchantmentCharge":-1,
          "soul":""
        }]
    },
    "432535-0":{
      "refId":"kollop_02_pearl",
      "inventory":[{
          "refId":"ingred_pearl_01",
          "count":1,
          "charge":-1,
          "enchantmentCharge":-1,
          "soul":""
        }]
    },
    "432531-0":{
      "refId":"kollop_02_pearl",
      "inventory":[{
          "refId":"ingred_pearl_01",
          "count":1,
          "charge":-1,
          "enchantmentCharge":-1,
          "soul":""
        }]
    },
    "432448-0":{
      "refId":"kollop_03_pearl",
      "inventory":[]
    },
    "432530-0":{
      "refId":"kollop_03_pearl",
      "inventory":[]
    },
    "432462-0":{
      "refId":"kollop_01_pearl",
      "inventory":[{
          "refId":"ingred_pearl_01",
          "count":1,
          "charge":-1,
          "enchantmentCharge":-1,
          "soul":""
        }]
    },
    "432463-0":{
      "refId":"kollop_02_pearl",
      "inventory":[{
          "refId":"ingred_pearl_01",
          "count":1,
          "charge":-1,
          "enchantmentCharge":-1,
          "soul":""
        }]
    },
    "432534-0":{
      "refId":"kollop_03_pearl",
      "inventory":[{
          "refId":"ingred_pearl_01",
          "count":1,
          "charge":-1,
          "enchantmentCharge":-1,
          "soul":""
        }]
    },
    "432486-0":{
      "refId":"kollop_01_pearl",
      "inventory":[]
    },
    "0-2698":{
      "refId":"slaughterfish_small",
      "location":{
        "posX":34400.0546875,
        "posZ":-272.94577026367,
        "posY":200569,
        "rotX":0.00094266328960657,
        "rotY":0,
        "rotZ":3.0939486026764
      },
      "stats":{
        "healthCurrent":15,
        "magickaCurrent":10,
        "healthModified":15,
        "fatigueBase":300,
        "fatigueModified":300,
        "healthBase":15,
        "magickaModified":10,
        "magickaBase":10,
        "fatigueCurrent":299.96661376953
      }
    },
    "0-2699":{
      "refId":"slaughterfish",
      "location":{
        "posX":36348.3984375,
        "posZ":-580.99890136719,
        "posY":201586.53125,
        "rotX":0.016065077856183,
        "rotY":0,
        "rotZ":2.3334710597992
      },
      "stats":{
        "healthCurrent":23,
        "magickaCurrent":10,
        "healthModified":23,
        "fatigueBase":400,
        "fatigueModified":400,
        "healthBase":23,
        "magickaModified":10,
        "magickaBase":10,
        "fatigueCurrent":399.96661376953
      }
    }
  }
}