{
  "packets":{
    "actorList":["0-392","0-393","0-394","341024-0","0-1735"],
    "ai":[],
    "cellChangeFrom":["341024-0"],
    "cellChangeTo":[],
    "container":["458799-0","458807-0","458814-0","458821-0","478075-0","478076-0","478077-0","478080-0","478081-0","478082-0","478083-0","0-393","0-392","341024-0"],
    "death":["0-393","0-392"],
    "delete":[],
    "doorState":[],
    "equipment":[],
    "lock":[],
    "place":[],
    "position":["0-392","0-393","0-394","341024-0","0-1735"],
    "scale":[],
    "spawn":["0-392","0-393","0-394","0-1735"],
    "state":[],
    "statsDynamic":["0-392","0-393","0-394","341024-0","0-1735"],
    "trap":[]
  },
  "entry":{
    "creationTime":1568700618,
    "description":"5, -12"
  },
  "lastVisit":{
    "Dizzy":1569618335,
    "whisker":1568863601,
    "Tanis":1570147470,
    "Dr,Kups":1569089692
  },
  "recordLinks":[],
  "objectData":{
    "478080-0":{
      "refId":"flora_gold_kanet_02",
      "inventory":[{
          "refId":"ingred_gold_kanet_01",
          "count":1,
          "charge":-1,
          "enchantmentCharge":-1,
          "soul":""
        }]
    },
    "0-1735":{
      "refId":"slaughterfish",
      "location":{
        "posX":42902.42578125,
        "posZ":-37.446487426758,
        "posY":-97518.890625,
        "rotX":0,
        "rotY":0,
        "rotZ":-0.67509484291077
      },
      "stats":{
        "healthCurrent":23,
        "magickaCurrent":10,
        "fatigueModified":400,
        "fatigueBase":400,
        "healthBase":23,
        "healthModified":23,
        "magickaModified":10,
        "magickaBase":10,
        "fatigueCurrent":399.95123291016
      }
    },
    "341024-0":{
      "refId":"slaughterfish",
      "location":{
        "posX":49103.3125,
        "posZ":-138.52352905273,
        "posY":-98110.046875,
        "rotX":0,
        "rotY":0,
        "rotZ":0
      },
      "stats":{
        "healthCurrent":23,
        "magickaCurrent":10,
        "healthModified":23,
        "fatigueBase":400,
        "fatigueModified":400,
        "healthBase":23,
        "magickaModified":10,
        "magickaBase":10,
        "fatigueCurrent":399.95812988281
      },
      "cellChangeFrom":"5, -13",
      "inventory":[]
    },
    "478081-0":{
      "refId":"flora_gold_kanet_01",
      "inventory":[]
    },
    "478077-0":{
      "refId":"flora_gold_kanet_02",
      "inventory":[{
          "refId":"ingred_gold_kanet_01",
          "count":1,
          "charge":-1,
          "enchantmentCharge":-1,
          "soul":""
        }]
    },
    "478076-0":{
      "refId":"flora_gold_kanet_01",
      "inventory":[{
          "refId":"ingred_gold_kanet_01",
          "count":1,
          "charge":-1,
          "enchantmentCharge":-1,
          "soul":""
        }]
    },
    "458807-0":{
      "refId":"kollop_03_pearl",
      "inventory":[{
          "refId":"ingred_pearl_01",
          "count":1,
          "charge":-1,
          "enchantmentCharge":-1,
          "soul":""
        }]
    },
    "478075-0":{
      "refId":"flora_corkbulb",
      "inventory":[{
          "refId":"ingred_corkbulb_root_01",
          "count":1,
          "charge":-1,
          "enchantmentCharge":-1,
          "soul":""
        }]
    },
    "458821-0":{
      "refId":"kollop_02_pearl",
      "inventory":[{
          "refId":"ingred_pearl_01",
          "count":1,
          "charge":-1,
          "enchantmentCharge":-1,
          "soul":""
        }]
    },
    "478082-0":{
      "refId":"flora_gold_kanet_02",
      "inventory":[{
          "refId":"ingred_gold_kanet_01",
          "count":1,
          "charge":-1,
          "enchantmentCharge":-1,
          "soul":""
        }]
    },
    "0-394":{
      "refId":"rat",
      "location":{
        "posX":43178.65625,
        "posZ":-54.378791809082,
        "posY":-97449.09375,
        "rotX":-0.0094807101413608,
        "rotY":0,
        "rotZ":-1.6837193965912
      },
      "stats":{
        "healthCurrent":23,
        "magickaCurrent":10,
        "healthModified":23,
        "fatigueBase":300,
        "fatigueModified":300,
        "healthBase":23,
        "magickaModified":10,
        "magickaBase":10,
        "fatigueCurrent":299.95834350586
      }
    },
    "458814-0":{
      "refId":"kollop_02_pearl",
      "inventory":[{
          "refId":"ingred_pearl_01",
          "count":1,
          "charge":-1,
          "enchantmentCharge":-1,
          "soul":""
        }]
    },
    "478083-0":{
      "refId":"flora_gold_kanet_01",
      "inventory":[{
          "refId":"ingred_gold_kanet_01",
          "count":1,
          "charge":-1,
          "enchantmentCharge":-1,
          "soul":""
        }]
    },
    "0-392":{
      "refId":"mudcrab",
      "location":{
        "posX":42468.09375,
        "posZ":18.455453872681,
        "posY":-92889.421875,
        "rotX":0.043122939765453,
        "rotY":0,
        "rotZ":0.26327013969421
      },
      "stats":{
        "healthCurrent":0,
        "magickaCurrent":5,
        "healthModified":15,
        "fatigueBase":400,
        "fatigueModified":400,
        "healthBase":15,
        "magickaModified":5,
        "magickaBase":5,
        "fatigueCurrent":397.65286254883
      },
      "inventory":[{
          "refId":"ingred_crab_meat_01",
          "count":2,
          "charge":-1,
          "enchantmentCharge":-1,
          "soul":""
        }],
      "killer":{
        "player":"Dr,Kups"
      }
    },
    "458799-0":{
      "refId":"kollop_03_pearl",
      "inventory":[{
          "refId":"ingred_pearl_01",
          "count":1,
          "charge":-1,
          "enchantmentCharge":-1,
          "soul":""
        }]
    },
    "0-393":{
      "refId":"mudcrab",
      "location":{
        "posX":42257.00390625,
        "posZ":-75.235107421875,
        "posY":-92914.9140625,
        "rotX":0.34434759616852,
        "rotY":0,
        "rotZ":-0.54044961929321
      },
      "stats":{
        "healthCurrent":0,
        "magickaCurrent":5,
        "healthModified":15,
        "fatigueBase":400,
        "fatigueModified":400,
        "healthBase":15,
        "magickaModified":5,
        "magickaBase":5,
        "fatigueCurrent":399.33059692383
      },
      "inventory":[{
          "refId":"ingred_crab_meat_01",
          "count":2,
          "charge":-1,
          "enchantmentCharge":-1,
          "soul":""
        }],
      "killer":{
        "player":"Dr,Kups"
      }
    }
  }
}