{
  "packets":{
    "actorList":["0-2704","0-2705","0-2706","0-2707","0-2708"],
    "ai":[],
    "cellChangeFrom":[],
    "cellChangeTo":[],
    "container":["431887-0","431907-0","431929-0","431952-0","431966-0","431969-0","431984-0","431987-0","431997-0","431998-0","432005-0","432006-0"],
    "death":[],
    "delete":[],
    "doorState":[],
    "equipment":[],
    "lock":[],
    "place":[],
    "position":["0-2704","0-2705","0-2706","0-2707","0-2708"],
    "scale":[],
    "spawn":["0-2704","0-2705","0-2706","0-2707","0-2708"],
    "state":[],
    "statsDynamic":["0-2704","0-2705","0-2706","0-2707"],
    "trap":[]
  },
  "entry":{
    "creationTime":1569090767,
    "description":"5, 24"
  },
  "lastVisit":{
    "Dr,Kups":1569090831
  },
  "recordLinks":[],
  "objectData":{
    "431969-0":{
      "refId":"kollop_03_pearl",
      "inventory":[{
          "refId":"ingred_pearl_01",
          "count":1,
          "charge":-1,
          "enchantmentCharge":-1,
          "soul":""
        }]
    },
    "0-2705":{
      "refId":"slaughterfish_small",
      "location":{
        "posX":43413.0625,
        "posZ":-653.03582763672,
        "posY":197299.625,
        "rotX":4.333071410656e-05,
        "rotY":0,
        "rotZ":0.66690826416016
      },
      "stats":{
        "healthCurrent":15,
        "magickaCurrent":10,
        "healthModified":15,
        "fatigueBase":300,
        "fatigueModified":300,
        "healthBase":15,
        "magickaModified":10,
        "magickaBase":10,
        "fatigueCurrent":299.95834350586
      }
    },
    "0-2708":{
      "refId":"cliff racer",
      "location":{
        "posX":48069.2421875,
        "posZ":409.27127075195,
        "posY":199115.78125,
        "rotX":0.076379053294659,
        "rotY":0,
        "rotZ":0.65596055984497
      }
    },
    "431907-0":{
      "refId":"kollop_03_pearl",
      "inventory":[{
          "refId":"ingred_pearl_01",
          "count":1,
          "charge":-1,
          "enchantmentCharge":-1,
          "soul":""
        }]
    },
    "431998-0":{
      "refId":"kollop_02_pearl",
      "inventory":[]
    },
    "0-2707":{
      "refId":"slaughterfish",
      "location":{
        "posX":47496.703125,
        "posZ":-144.58457946777,
        "posY":199610.28125,
        "rotX":0.1575610935688,
        "rotY":0,
        "rotZ":-3.1393883228302
      },
      "stats":{
        "healthCurrent":23,
        "magickaCurrent":10,
        "healthModified":23,
        "fatigueBase":400,
        "fatigueModified":400,
        "healthBase":23,
        "magickaModified":10,
        "magickaBase":10,
        "fatigueCurrent":399.95834350586
      }
    },
    "431887-0":{
      "refId":"kollop_01_pearl",
      "inventory":[{
          "refId":"ingred_pearl_01",
          "count":1,
          "charge":-1,
          "enchantmentCharge":-1,
          "soul":""
        }]
    },
    "432006-0":{
      "refId":"kollop_02_pearl",
      "inventory":[]
    },
    "432005-0":{
      "refId":"kollop_03_pearl",
      "inventory":[]
    },
    "0-2704":{
      "refId":"dreugh",
      "location":{
        "posX":44513.8828125,
        "posZ":-493.39630126953,
        "posY":203622.703125,
        "rotX":0,
        "rotY":0,
        "rotZ":-2.2938568592072
      },
      "stats":{
        "healthCurrent":60,
        "magickaCurrent":75,
        "healthModified":60,
        "fatigueBase":400,
        "fatigueModified":400,
        "healthBase":60,
        "magickaModified":75,
        "magickaBase":75,
        "fatigueCurrent":399.95834350586
      }
    },
    "431929-0":{
      "refId":"kollop_01_pearl",
      "inventory":[{
          "refId":"ingred_pearl_01",
          "count":1,
          "charge":-1,
          "enchantmentCharge":-1,
          "soul":""
        }]
    },
    "431952-0":{
      "refId":"kollop_03_pearl",
      "inventory":[]
    },
    "431987-0":{
      "refId":"kollop_03_pearl",
      "inventory":[]
    },
    "431997-0":{
      "refId":"kollop_03_pearl",
      "inventory":[]
    },
    "0-2706":{
      "refId":"dreugh",
      "location":{
        "posX":45129.49609375,
        "posZ":-714.01049804688,
        "posY":197563.609375,
        "rotX":9.9912285804749e-06,
        "rotY":0,
        "rotZ":-1.2584593296051
      },
      "stats":{
        "healthCurrent":60,
        "magickaCurrent":75,
        "healthModified":60,
        "fatigueBase":400,
        "fatigueModified":400,
        "healthBase":60,
        "magickaModified":75,
        "magickaBase":75,
        "fatigueCurrent":399.95834350586
      }
    },
    "431984-0":{
      "refId":"kollop_01_pearl",
      "inventory":[]
    },
    "431966-0":{
      "refId":"kollop_01_pearl",
      "inventory":[]
    }
  }
}