{
  "packets":{
    "actorList":["0-1656","276582-0","276583-0","276584-0","0-1657"],
    "ai":[],
    "cellChangeFrom":[],
    "cellChangeTo":[],
    "container":["240986-0","240987-0","240988-0","276586-0","299690-0","299691-0","299693-0","299696-0","299697-0","299698-0","299699-0","299702-0","299706-0","299711-0","299715-0","299717-0","299721-0","299725-0","299726-0","299728-0","299731-0","299737-0","299739-0","299751-0","299753-0","276582-0","276583-0","276584-0"],
    "death":[],
    "delete":[],
    "doorState":[],
    "equipment":["276582-0","276583-0","276584-0"],
    "lock":[],
    "place":[],
    "position":["276582-0","276583-0","276584-0","0-1656","0-1657"],
    "scale":[],
    "spawn":["0-1656","0-1657"],
    "state":[],
    "statsDynamic":["276582-0","276583-0","276584-0","0-1656","0-1657"],
    "trap":[]
  },
  "entry":{
    "creationTime":1568923984,
    "description":"5, 4"
  },
  "lastVisit":{
    "Dizzy":1568924033,
    "Dr,Kups":1568924033
  },
  "recordLinks":[],
  "objectData":{
    "299691-0":{
      "refId":"flora_rm_scathecraw_01",
      "inventory":[{
          "refId":"ingred_scathecraw_01",
          "count":1,
          "charge":-1,
          "enchantmentCharge":-1,
          "soul":""
        }]
    },
    "240987-0":{
      "refId":"flora_rm_scathecraw_02",
      "inventory":[{
          "refId":"ingred_scathecraw_01",
          "count":1,
          "charge":-1,
          "enchantmentCharge":-1,
          "soul":""
        }]
    },
    "299751-0":{
      "refId":"flora_fire_fern_01",
      "inventory":[]
    },
    "299739-0":{
      "refId":"flora_fire_fern_01",
      "inventory":[{
          "refId":"ingred_fire_petal_01",
          "count":1,
          "charge":-1,
          "enchantmentCharge":-1,
          "soul":""
        }]
    },
    "0-1657":{
      "refId":"cliff racer",
      "location":{
        "posX":46176.18359375,
        "posZ":3248.0322265625,
        "posY":40936.16015625,
        "rotX":0.03627921640873,
        "rotY":0,
        "rotZ":-2.6755940914154
      },
      "stats":{
        "healthCurrent":45,
        "magickaCurrent":20,
        "healthModified":45,
        "fatigueBase":400,
        "fatigueModified":400,
        "healthBase":45,
        "magickaModified":20,
        "magickaBase":20,
        "fatigueCurrent":400
      }
    },
    "0-1656":{
      "refId":"cliff racer_blighted",
      "location":{
        "posX":47343.90234375,
        "posZ":2426.8864746094,
        "posY":33208.7890625,
        "rotX":1.2306333780289,
        "rotY":0,
        "rotZ":1.8950374126434
      },
      "stats":{
        "healthCurrent":90,
        "magickaCurrent":20,
        "healthModified":90,
        "fatigueBase":400,
        "fatigueModified":400,
        "healthBase":90,
        "magickaModified":20,
        "magickaBase":20,
        "fatigueCurrent":400
      }
    },
    "299717-0":{
      "refId":"flora_rm_scathecraw_01",
      "inventory":[{
          "refId":"ingred_scathecraw_01",
          "count":1,
          "charge":-1,
          "enchantmentCharge":-1,
          "soul":""
        }]
    },
    "276586-0":{
      "refId":"de_p_chest_02_gold_25",
      "inventory":[{
          "refId":"gold_001",
          "count":25,
          "charge":-1,
          "enchantmentCharge":-1,
          "soul":""
        }]
    },
    "240986-0":{
      "refId":"flora_fire_fern_02",
      "inventory":[{
          "refId":"ingred_fire_petal_01",
          "count":1,
          "charge":-1,
          "enchantmentCharge":-1,
          "soul":""
        }]
    },
    "276584-0":{
      "refId":"nund assurnipilu",
      "location":{
        "posX":42797.1953125,
        "posZ":689.00018310547,
        "posY":39212.046875,
        "rotX":0,
        "rotY":0,
        "rotZ":-2.234708070755
      },
      "stats":{
        "healthCurrent":96,
        "magickaCurrent":92,
        "healthModified":96,
        "fatigueBase":213,
        "fatigueModified":213,
        "healthBase":96,
        "magickaModified":92,
        "magickaBase":92,
        "fatigueCurrent":213
      },
      "equipment":{
        "1":{
          "refId":"netch_leather_boiled_cuirass",
          "count":1,
          "charge":-1,
          "enchantmentCharge":-1
        },
        "7":{
          "refId":"netch_leather_boots",
          "count":1,
          "charge":-1,
          "enchantmentCharge":-1
        },
        "8":{
          "refId":"common_shirt_01",
          "count":1,
          "charge":-1,
          "enchantmentCharge":-1
        },
        "16":{
          "refId":"chitin spear",
          "count":1,
          "charge":-1,
          "enchantmentCharge":-1
        },
        "9":{
          "refId":"common_pants_01_z",
          "count":1,
          "charge":-1,
          "enchantmentCharge":-1
        }
      },
      "inventory":[{
          "refId":"netch_leather_boots",
          "count":1,
          "charge":-1,
          "enchantmentCharge":-1,
          "soul":""
        },{
          "refId":"netch_leather_boiled_cuirass",
          "count":1,
          "charge":-1,
          "enchantmentCharge":-1,
          "soul":""
        },{
          "refId":"common_shirt_01",
          "count":1,
          "charge":-1,
          "enchantmentCharge":-1,
          "soul":""
        },{
          "refId":"common_shoes_01",
          "count":1,
          "charge":-1,
          "enchantmentCharge":-1,
          "soul":""
        },{
          "refId":"common_pants_01_z",
          "count":1,
          "charge":-1,
          "enchantmentCharge":-1,
          "soul":""
        },{
          "refId":"chitin spear",
          "count":1,
          "charge":-1,
          "enchantmentCharge":-1,
          "soul":""
        }]
    },
    "299696-0":{
      "refId":"flora_rm_scathecraw_01",
      "inventory":[{
          "refId":"ingred_scathecraw_01",
          "count":1,
          "charge":-1,
          "enchantmentCharge":-1,
          "soul":""
        }]
    },
    "299753-0":{
      "refId":"flora_rm_scathecraw_01",
      "inventory":[{
          "refId":"ingred_scathecraw_01",
          "count":1,
          "charge":-1,
          "enchantmentCharge":-1,
          "soul":""
        }]
    },
    "240988-0":{
      "refId":"flora_red_lichen_02",
      "inventory":[{
          "refId":"ingred_red_lichen_01",
          "count":1,
          "charge":-1,
          "enchantmentCharge":-1,
          "soul":""
        }]
    },
    "299706-0":{
      "refId":"flora_rm_scathecraw_02",
      "inventory":[{
          "refId":"ingred_scathecraw_01",
          "count":1,
          "charge":-1,
          "enchantmentCharge":-1,
          "soul":""
        }]
    },
    "299698-0":{
      "refId":"flora_rm_scathecraw_02",
      "inventory":[{
          "refId":"ingred_scathecraw_01",
          "count":1,
          "charge":-1,
          "enchantmentCharge":-1,
          "soul":""
        }]
    },
    "276582-0":{
      "refId":"yenabi laserbillahemmi",
      "location":{
        "posX":42713.2265625,
        "posZ":689,
        "posY":38946.8203125,
        "rotX":-4.0605664253235e-07,
        "rotY":0,
        "rotZ":-2.0808770656586
      },
      "stats":{
        "healthCurrent":54,
        "magickaCurrent":92,
        "healthModified":54,
        "fatigueBase":181,
        "fatigueModified":181,
        "healthBase":54,
        "magickaModified":92,
        "magickaBase":92,
        "fatigueCurrent":181
      },
      "equipment":{
        "6":{
          "refId":"chitin guantlet - right",
          "count":1,
          "charge":-1,
          "enchantmentCharge":-1
        },
        "7":{
          "refId":"chitin boots",
          "count":1,
          "charge":-1,
          "enchantmentCharge":-1
        },
        "8":{
          "refId":"common_shirt_01_z",
          "count":1,
          "charge":-1,
          "enchantmentCharge":-1
        },
        "10":{
          "refId":"common_skirt_01",
          "count":1,
          "charge":-1,