{
  "packets":{
    "actorList":["0-1687","0-1689","0-1691","0-1692","0-1685","0-1688"],
    "ai":[],
    "cellChangeFrom":[],
    "cellChangeTo":[],
    "container":["247841-0","247850-0","247851-0","247866-0","247870-0"],
    "death":[],
    "delete":[],
    "doorState":[],
    "equipment":[],
    "lock":[],
    "place":[],
    "position":["0-1687","0-1689","0-1691","0-1692","0-1685","0-1688"],
    "scale":[],
    "spawn":["0-1687","0-1689","0-1691","0-1692","0-1685","0-1688"],
    "state":[],
    "statsDynamic":["0-1687","0-1689","0-1691","0-1692","0-1685","0-1688"],
    "trap":[]
  },
  "entry":{
    "creationTime":1568924260,
    "description":"5, 9"
  },
  "lastVisit":{
    "Dizzy":1569613060,
    "Dr,Kups":1568924965
  },
  "recordLinks":[],
  "objectData":{
    "0-1688":{
      "refId":"cliff racer",
      "location":{
        "posX":45448.25,
        "posZ":8721.8828125,
        "posY":81456.1640625,
        "rotX":-0.00033093616366386,
        "rotY":0,
        "rotZ":-2.5569956302643
      },
      "stats":{
        "healthCurrent":45,
        "magickaCurrent":20,
        "fatigueModified":400,
        "fatigueBase":400,
        "healthBase":45,
        "healthModified":45,
        "magickaModified":20,
        "magickaBase":20,
        "fatigueCurrent":400
      }
    },
    "0-1689":{
      "refId":"cliff racer",
      "location":{
        "posX":46862.1875,
        "posZ":8943.7578125,
        "posY":77340.2109375,
        "rotX":0.39782473444939,
        "rotY":0,
        "rotZ":2.4792640209198
      },
      "stats":{
        "healthCurrent":45,
        "magickaCurrent":20,
        "healthModified":45,
        "fatigueBase":400,
        "fatigueModified":400,
        "healthBase":45,
        "magickaModified":20,
        "magickaBase":20,
        "fatigueCurrent":400
      }
    },
    "247851-0":{
      "refId":"flora_rm_scathecraw_02",
      "inventory":[{
          "refId":"ingred_scathecraw_01",
          "count":1,
          "charge":-1,
          "enchantmentCharge":-1,
          "soul":""
        }]
    },
    "0-1692":{
      "refId":"cliff racer",
      "location":{
        "posX":41330.7421875,
        "posZ":11799.876953125,
        "posY":80277.9375,
        "rotX":0.26790454983711,
        "rotY":0,
        "rotZ":-1.0127241611481
      },
      "stats":{
        "healthCurrent":45,
        "magickaCurrent":20,
        "healthModified":45,
        "fatigueBase":400,
        "fatigueModified":400,
        "healthBase":45,
        "magickaModified":20,
        "magickaBase":20,
        "fatigueCurrent":400
      }
    },
    "0-1691":{
      "refId":"rat_blighted",
      "location":{
        "posX":45477.375,
        "posZ":8173.7998046875,
        "posY":75947.390625,
        "rotX":-0.014529871754348,
        "rotY":0,
        "rotZ":2.4444949626923
      },
      "stats":{
        "healthCurrent":45,
        "magickaCurrent":10,
        "healthModified":45,
        "fatigueBase":64,
        "fatigueModified":64,
        "healthBase":45,
        "magickaModified":10,
        "magickaBase":10,
        "fatigueCurrent":64
      }
    },
    "247841-0":{
      "refId":"flora_rm_scathecraw_01",
      "inventory":[{
          "refId":"ingred_scathecraw_01",
          "count":1,
          "charge":-1,
          "enchantmentCharge":-1,
          "soul":""
        }]
    },
    "247870-0":{
      "refId":"flora_rm_scathecraw_01",
      "inventory":[{
          "refId":"ingred_scathecraw_01",
          "count":1,
          "charge":-1,
          "enchantmentCharge":-1,
          "soul":""
        }]
    },
    "247866-0":{
      "refId":"flora_rm_scathecraw_02",
      "inventory":[{
          "refId":"ingred_scathecraw_01",
          "count":1,
          "charge":-1,
          "enchantmentCharge":-1,
          "soul":""
        }]
    },
    "0-1685":{
      "refId":"cliff racer",
      "location":{
        "posX":40960.13671875,
        "posZ":15150.04296875,
        "posY":74824.2265625,
        "rotX":0,
        "rotY":0,
        "rotZ":-0.88345122337341
      },
      "stats":{
        "healthCurrent":45,
        "magickaCurrent":20,
        "fatigueModified":400,
        "fatigueBase":400,
        "healthBase":45,
        "healthModified":45,
        "magickaModified":20,
        "magickaBase":20,
        "fatigueCurrent":400
      }
    },
    "247850-0":{
      "refId":"flora_rm_scathecraw_01",
      "inventory":[{
          "refId":"ingred_scathecraw_01",
          "count":1,
          "charge":-1,
          "enchantmentCharge":-1,
          "soul":""
        }]
    },
    "0-1687":{
      "refId":"shalk_blighted",
      "location":{
        "posX":45359.51953125,
        "posZ":7471.875,
        "posY":79458.25,
        "rotX":-0.059551447629929,
        "rotY":0,
        "rotZ":-2.6686384677887
      },
      "stats":{
        "healthCurrent":80,
        "magickaCurrent":16,
        "healthModified":80,
        "fatigueBase":104,
        "fatigueModified":104,
        "healthBase":80,
        "magickaModified":16,
        "magickaBase":16,
        "fatigueCurrent":104
      }
    }
  }
}