{
  "packets":{
    "actorList":["0-2242","0-2243","0-2244","0-4000","0-2240"],
    "ai":[],
    "cellChangeFrom":[],
    "cellChangeTo":[],
    "container":["0-2242","0-2243","0-2244","0-4000","0-2240"],
    "death":["0-2243","0-4000","0-2240"],
    "delete":[],
    "doorState":[],
    "equipment":[],
    "lock":[],
    "place":[],
    "position":["0-2242","0-2243","0-2244","0-4000","0-2240"],
    "scale":[],
    "spawn":["0-2242","0-2243","0-2244","0-4000","0-2240"],
    "state":[],
    "statsDynamic":["0-2242","0-2243","0-2244","0-4000","0-2240"],
    "trap":[]
  },
  "entry":{
    "creationTime":1569016791,
    "description":"6, 0"
  },
  "lastVisit":{
    "Dizzy":1569016862,
    "Tanis":1569384578
  },
  "recordLinks":[],
  "objectData":{
    "0-2240":{
      "refId":"ogrim",
      "location":{
        "posX":56575.46875,
        "posZ":3122.0876464844,
        "posY":2700.123046875,
        "rotX":0.059268560260534,
        "rotY":0,
        "rotZ":1.1013715267181
      },
      "stats":{
        "healthCurrent":170,
        "magickaCurrent":165,
        "healthModified":170,
        "fatigueBase":1000,
        "fatigueModified":1000,
        "healthBase":170,
        "magickaModified":165,
        "magickaBase":165,
        "fatigueCurrent":993.13629150391
      },
      "inventory":[],
      "killer":{
        "player":"Tanis"
      }
    },
    "0-4000":{
      "refId":"rat",
      "location":{
        "posX":55073.109375,
        "posZ":3703.0036621094,
        "posY":2026.9033203125,
        "rotX":-0.60744786262512,
        "rotY":0,
        "rotZ":-1.0026137828827
      },
      "stats":{
        "healthCurrent":0,
        "magickaCurrent":10,
        "healthModified":23,
        "fatigueBase":300,
        "fatigueModified":300,
        "healthBase":23,
        "magickaModified":10,
        "magickaBase":10,
        "fatigueCurrent":300
      },
      "inventory":[{
          "refId":"ingred_rat_meat_01",
          "count":1,
          "charge":-1,
          "enchantmentCharge":-1,
          "soul":""
        }],
      "killer":{
        "player":"Tanis"
      }
    },
    "0-2242":{
      "refId":"scamp",
      "location":{
        "posX":51926.20703125,
        "posZ":2169,
        "posY":7346.8154296875,
        "rotX":0.011172854341567,
        "rotY":0,
        "rotZ":-0.69383454322815
      },
      "stats":{
        "healthCurrent":45,
        "magickaCurrent":100,
        "healthModified":45,
        "fatigueBase":400,
        "fatigueModified":400,
        "healthBase":45,
        "magickaModified":100,
        "magickaBase":100,
        "fatigueCurrent":400
      },
      "inventory":[]
    },
    "0-2244":{
      "refId":"scrib",
      "location":{
        "posX":55027.28125,
        "posZ":3331.8842773438,
        "posY":240.91415405273,
        "rotX":0.098406679928303,
        "rotY":0,
        "rotZ":-2.0530178546906
      },
      "stats":{
        "healthCurrent":8,
        "magickaCurrent":12,
        "healthModified":8,
        "fatigueBase":300,
        "fatigueModified":300,
        "healthBase":8,
        "magickaModified":12,
        "magickaBase":12,
        "fatigueCurrent":300
      },
      "inventory":[{
          "refId":"ingred_scrib_jelly_01",
          "count":1,
          "charge":-1,
          "enchantmentCharge":-1,
          "soul":""
        }]
    },
    "0-2243":{
      "refId":"cliff racer",
      "location":{
        "posX":54957.49609375,
        "posZ":3964.2221679688,
        "posY":2078.4370117188,
        "rotX":1.2905848026276,
        "rotY":0,
        "rotZ":0.29873442649841
      },
      "stats":{
        "healthCurrent":0,
        "magickaCurrent":20,
        "healthModified":45,
        "fatigueBase":400,
        "fatigueModified":400,
        "healthBase":45,
        "magickaModified":20,
        "magickaBase":20,
        "fatigueCurrent":400
      },
      "inventory":[{
          "refId":"ingred_racer_plumes_01",
          "count":1,
          "charge":-1,
          "enchantmentCharge":-1,
          "soul":""
        }],
      "killer":{
        "player":"Tanis"
      }
    }
  }
}