{
  "packets":{
    "actorList":["0-2649","0-2650","211306-0","211307-0","211308-0","262178-0","262179-0","480892-0"],
    "ai":[],
    "cellChangeFrom":[],
    "cellChangeTo":[],
    "container":["211306-0","211307-0","211308-0","262178-0","262179-0","480892-0"],
    "death":[],
    "delete":[],
    "doorState":[],
    "equipment":["211306-0","211307-0","211308-0","262178-0","262179-0","480892-0"],
    "lock":[],
    "place":[],
    "position":["211306-0","211307-0","211308-0","262178-0","262179-0","480892-0","0-2649","0-2650"],
    "scale":[],
    "spawn":["0-2649","0-2650"],
    "state":[],
    "statsDynamic":["211306-0","211307-0","211308-0","262178-0","262179-0","480892-0","0-2649","0-2650"],
    "trap":[]
  },
  "entry":{
    "creationTime":1569090454,
    "description":"7, 22"
  },
  "lastVisit":{
    "Dizzy":1569090871,
    "Dr,Kups":1569090761
  },
  "recordLinks":[],
  "objectData":{
    "0-2649":{
      "refId":"slaughterfish",
      "location":{
        "posX":59545.16015625,
        "posZ":-83.994407653809,
        "posY":187242.375,
        "rotX":0.6611253619194,
        "rotY":0,
        "rotZ":2.7326176166534
      },
      "stats":{
        "healthCurrent":23,
        "magickaCurrent":10,
        "healthModified":23,
        "fatigueBase":400,
        "fatigueModified":400,
        "healthBase":23,
        "magickaModified":10,
        "magickaBase":10,
        "fatigueCurrent":399.53042602539
      }
    },
    "0-2650":{
      "refId":"slaughterfish",
      "location":{
        "posX":61698.1796875,
        "posZ":-460.9514465332,
        "posY":186447.015625,
        "rotX":-0.0015329886227846,
        "rotY":0,
        "rotZ":0.47388529777527
      },
      "stats":{
        "healthCurrent":23,
        "magickaCurrent":10,
        "healthModified":23,
        "fatigueBase":400,
        "fatigueModified":400,
        "healthBase":23,
        "magickaModified":10,
        "magickaBase":10,
        "fatigueCurrent":399.47802734375
      }
    },
    "262179-0":{
      "refId":"haema farseer",
      "location":{
        "posX":62333.03515625,
        "posZ":82.5,
        "posY":184190.265625,
        "rotX":0,
        "rotY":0,
        "rotZ":1.570796251297
      },
      "stats":{
        "healthCurrent":59,
        "magickaCurrent":86,
        "healthModified":59,
        "fatigueBase":185,
        "fatigueModified":185,
        "healthBase":59,
        "magickaModified":86,
        "magickaBase":86,
        "fatigueCurrent":185
      },
      "equipment":{
        "2":{
          "refId":"netch_leather_greaves",
          "count":1,
          "charge":-1,
          "enchantmentCharge":-1
        },
        "7":{
          "refId":"common_shoes_01",
          "count":1,
          "charge":-1,
          "enchantmentCharge":-1
        },
        "8":{
          "refId":"common_shirt_01",
          "count":1,
          "charge":-1,
          "enchantmentCharge":-1
        },
        "9":{
          "refId":"common_pants_01",
          "count":1,
          "charge":-1,
          "enchantmentCharge":-1
        },
        "15":{
          "refId":"common_belt_02",
          "count":1,
          "charge":-1,
          "enchantmentCharge":-1
        },
        "16":{
          "refId":"iron battle axe",
          "count":1,
          "charge":-1,
          "enchantmentCharge":-1
        }
      },
      "inventory":[{
          "refId":"netch_leather_greaves",
          "count":1,
          "charge":-1,
          "enchantmentCharge":-1,
          "soul":""
        },{
          "refId":"common_belt_02",
          "count":1,
          "charge":-1,
          "enchantmentCharge":-1,
          "soul":""
        },{
          "refId":"common_shirt_01",
          "count":1,
          "charge":-1,
          "enchantmentCharge":-1,
          "soul":""
        },{
          "refId":"common_shoes_01",
          "count":1,
          "charge":-1,
          "enchantmentCharge":-1,
          "soul":""
        },{
          "refId":"common_pants_01",
          "count":1,
          "charge":-1,
          "enchantmentCharge":-1,
          "soul":""
        },{
          "refId":"iron battle axe",
          "count":1,
          "charge":-1,
          "enchantmentCharge":-1,
          "soul":""
        }]
    },
    "262178-0":{
      "refId":"hjoldir",
      "location":{
        "posX":60033.65234375,
        "posZ":432.41363525391,
        "posY":181961.96875,
        "rotX":-0.12834189832211,
        "rotY":0,
        "rotZ":2.1019680500031
      },
      "stats":{
        "healthCurrent":83,
        "magickaCurrent":96,
        "healthModified":83,
        "fatigueBase":200,
        "fatigueModified":200,
        "healthBase":83,
        "magickaModified":96,
        "magickaBase":96,
        "fatigueCurrent":200
      },
      "equipment":{
        "7":{
          "refId":"common_shoes_02",
          "count":1,
          "charge":-1,
          "enchantmentCharge":-1
        },
        "8":{
          "refId":"common_shirt_01",
          "count":1,
          "charge":-1,
          "enchantmentCharge":-1
        },
        "16":{
          "refId":"iron tanto",
          "count":1,
          "charge":-1,
          "enchantmentCharge":-1
        },
        "9":{
          "refId":"common_pants_01",
          "count":1,
          "charge":-1,
          "enchantmentCharge":-1
        }
      },
      "inventory":[{
          "refId":"common_shirt_01",
          "count":1,
          "charge":-1,
          "enchantmentCharge":-1,
          "soul":""
        },{
          "refId":"common_shoes_02",
          "count":1,
          "charge":-1,
          "enchantmentCharge":-1,
          "soul":""
        },{
          "refId":"common_pants_01",
          "count":1,
          "charge":-1,
          "enchantmentCharge":-1,
          "soul":""
        },{
          "refId":"iron tanto",
          "count":1,
          "charge":-1,
          "enchantmentCharge":-1,
          "soul":""
        }]
    },
    "211307-0":{
      "refId":"itar the gentle",
      "location":{
        "posX":61382.1796875,
        "posZ":123.66091918945,
        "posY":183153.609375,
        "rotX":-0.13846984505653,
        "rotY":0,
        "rotZ":-1.0900151729584
      },
      "stats":{
        "healthCurrent":91,
        "magickaCurrent":74,
        "healthModified":91,
        "fatigueBase":205,
        "fatigueModified":205,
        "healthBase":91,
        "magickaModified":74,
        "magickaBase":74,
        "fatigueCurrent":205
      },
      "equipment":[null,null,null,null,null,null,{
          "refId":"common_shoes_05",
          "count":1,
          "charge":-1,
          "enchantmentCharge":-1
        },{
          "refId":"common_shirt_01",
          "count":1,
          "charge":-1,
          "enchantmentCharge":-1
        },{
          "refId":"common_pants_04_b",
          "count":1,
          "charge":-1,
          "enchantmentCharge":-1
        }],
      "inventory":[{
          "refId":"common_shirt_01",
          "count":1,
          "charge":-1,
          "enchantmentCharge":-1,
          "soul":""
        },{
          "refId":"common_shoes_05",
          "count":1,
          "charge":-1,
          "enchantmentCharge":-1,
          "soul":""
        },{
          "refId":"common_pants_04_b",
          "count":1,
          "charge":-1,
          "enchantmentCharge":-1,
          "soul":""
        },{
          "refId":"key_itar",
          "count":1,
          "charge":-1,
          "enchantmentCharge":-1,
          "soul":""
        }]
    },
    "211306-0":{
      "refId":"mette",
      "location":{
        "posX":61342.37890625,
        "posZ":121.48303222656,
        "posY":183191.75,
        "rotX":-0.26922288537025,
        "rotY":0,
        "rotZ":-1.3382732868195
      },
      "stats":{
        "healthCurrent":97,
        "magickaCurrent":78,
        "healthModified":97,
        "fatigueBase":212,
        "fatigueModified":212,
        "healthBase":97,