{
  "packets":{
    "actorList":["0-4073"],
    "ai":[],
    "cellChangeFrom":[],
    "cellChangeTo":[],
    "container":["108943-0","108944-0","107862-0","107863-0","107864-0","108892-0","108896-0","108893-0","108894-0","297401-0","297402-0","297403-0","297404-0","297405-0","297406-0","297407-0","297409-0","297410-0","297411-0","297412-0","297413-0","297414-0","297415-0","297416-0","297417-0","297428-0","401094-0","401097-0","401098-0","480202-0","480203-0","480204-0","480205-0","480206-0","480207-0","480208-0","480209-0"],
    "death":[],
    "delete":[],
    "doorState":[],
    "equipment":[],
    "lock":[],
    "place":[],
    "position":["0-4073"],
    "scale":[],
    "spawn":["0-4073"],
    "state":[],
    "statsDynamic":["0-4073"],
    "trap":[]
  },
  "entry":{
    "creationTime":1569441613,
    "description":"8, 5"
  },
  "lastVisit":{
    "Dizzy":1569452626,
    "Dr,Kups":1569441800
  },
  "recordLinks":[],
  "objectData":{
    "297414-0":{
      "refId":"flora_wickwheat_01",
      "inventory":[{
          "refId":"ingred_wickwheat_01",
          "count":1,
          "charge":-1,
          "enchantmentCharge":-1,
          "soul":""
        }]
    },
    "0-4073":{
      "refId":"rat_blighted",
      "location":{
        "posX":71303.8046875,
        "posZ":1811.1357421875,
        "posY":47939.12109375,
        "rotX":-0.023736022412777,
        "rotY":0,
        "rotZ":-1.8607194423676
      },
      "stats":{
        "healthCurrent":45,
        "magickaCurrent":10,
        "healthModified":45,
        "fatigueBase":78,
        "fatigueModified":78,
        "healthBase":45,
        "magickaModified":10,
        "magickaBase":10,
        "fatigueCurrent":78
      }
    },
    "297415-0":{
      "refId":"flora_wickwheat_04",
      "inventory":[{
          "refId":"ingred_wickwheat_01",
          "count":1,
          "charge":-1,
          "enchantmentCharge":-1,
          "soul":""
        }]
    },
    "297404-0":{
      "refId":"flora_wickwheat_04",
      "inventory":[{
          "refId":"ingred_wickwheat_01",
          "count":1,
          "charge":-1,
          "enchantmentCharge":-1,
          "soul":""
        }]
    },
    "480204-0":{
      "refId":"flora_hackle-lo_01",
      "inventory":[{
          "refId":"ingred_hackle-lo_leaf_01",
          "count":1,
          "charge":-1,
          "enchantmentCharge":-1,
          "soul":""
        }]
    },
    "297405-0":{
      "refId":"flora_wickwheat_04",
      "inventory":[{
          "refId":"ingred_wickwheat_01",
          "count":1,
          "charge":-1,
          "enchantmentCharge":-1,
          "soul":""
        }]
    },
    "108893-0":{
      "refId":"flora_wickwheat_04",
      "inventory":[{
          "refId":"ingred_wickwheat_01",
          "count":1,
          "charge":-1,
          "enchantmentCharge":-1,
          "soul":""
        }]
    },
    "297401-0":{
      "refId":"flora_wickwheat_03",
      "inventory":[{
          "refId":"ingred_wickwheat_01",
          "count":1,
          "charge":-1,
          "enchantmentCharge":-1,
          "soul":""
        }]
    },
    "480205-0":{
      "refId":"flora_hackle-lo_01",
      "inventory":[{
          "refId":"ingred_hackle-lo_leaf_01",
          "count":1,
          "charge":-1,
          "enchantmentCharge":-1,
          "soul":""
        }]
    },
    "108896-0":{
      "refId":"flora_wickwheat_03",
      "inventory":[{
          "refId":"ingred_wickwheat_01",
          "count":1,
          "charge":-1,
          "enchantmentCharge":-1,
          "soul":""
        }]
    },
    "401098-0":{
      "refId":"flora_rm_scathecraw_01",
      "inventory":[{
          "refId":"ingred_scathecraw_01",
          "count":1,
          "charge":-1,
          "enchantmentCharge":-1,
          "soul":""
        }]
    },
    "108943-0":{
      "refId":"flora_hackle-lo_01",
      "inventory":[{
          "refId":"ingred_hackle-lo_leaf_01",
          "count":1,
          "charge":-1,
          "enchantmentCharge":-1,
          "soul":""
        }]
    },
    "480209-0":{
      "refId":"flora_hackle-lo_01",
      "inventory":[{
          "refId":"ingred_hackle-lo_leaf_01",
          "count":1,
          "charge":-1,
          "enchantmentCharge":-1,
          "soul":""
        }]
    },
    "480203-0":{
      "refId":"flora_hackle-lo_02",
      "inventory":[]
    },
    "297410-0":{
      "refId":"flora_hackle-lo_01",
      "inventory":[{
          "refId":"ingred_hackle-lo_leaf_01",
          "count":1,
          "charge":-1,
          "enchantmentCharge":-1,
          "soul":""
        }]
    },
    "297409-0":{
      "refId":"flora_hackle-lo_01",
      "inventory":[{
          "refId":"ingred_hackle-lo_leaf_01",
          "count":1,
          "charge":-1,
          "enchantmentCharge":-1,
          "soul":""
        }]
    },
    "401094-0":{
      "refId":"flora_rm_scathecraw_02",
      "inventory":[{
          "refId":"ingred_scathecraw_01",
          "count":1,
          "charge":-1,
          "enchantmentCharge":-1,
          "soul":""
        }]
    },
    "297428-0":{
      "refId":"flora_wickwheat_04",
      "inventory":[{
          "refId":"ingred_wickwheat_01",
          "count":1,
          "charge":-1,
          "enchantmentCharge":-1,
          "soul":""
        }]
    },
    "401097-0":{
      "refId":"flora_fire_fern_03",
      "inventory":[{
          "refId":"ingred_fire_petal_01",
          "count":1,
          "charge":-1,
          "enchantmentCharge":-1,
          "soul":""
        }]
    },
    "297406-0":{
      "refId":"flora_wickwheat_04",
      "inventory":[{
          "refId":"ingred_wickwheat_01",
          "count":1,
          "charge":-1,
          "enchantmentCharge":-1,
          "soul":""
        }]
    },
    "480206-0":{
      "refId":"flora_hackle-lo_02",
      "inventory":[]
    },
    "297417-0":{
      "refId":"flora_wickwheat_04",
      "inventory":[{
          "refId":"ingred_wickwheat_01",
          "count":1,
          "charge":-1,
          "enchantmentCharge":-1,
          "soul":""
        }]
    },
    "107862-0":{
      "refId":"flora_wickwheat_04",
      "inventory":[{
          "refId":"ingred_wickwheat_01",
          "count":1,
          "charge":-1,
          "enchantmentCharge":-1,
          "soul":""
        }]
    },
    "297416-0":{
      "refId":"flora_wickwheat_03",
      "inventory":[{
          "refId":"ingred_wickwheat_01",
          "count":1,
          "charge":-1,
          "enchantmentCharge":-1,
          "soul":""
        }]
    },
    "480207-0":{
      "refId":"flora_hackle-lo_01",
      "inventory":[{
          "refId":"ingred_hackle-lo_leaf_01",
          "count":1,
          "charge":-1,
          "enchantmentCharge":-1,
          "soul":""
        }]
    },
    "107863-0":{
      "refId":"flora_wickwheat_03",
      "inventory":[{
          "refId":"ingred_wickwheat_01",
          "count":1,
          "charge":-1,
          "enchantmentCharge":-1,
          "soul":""
        }]
    },
    "108894-0":{
      "refId":"flora_wickwheat_03",
      "inventory":[{
          "refId":"ingred_wickwheat_01",
          "count":1,
          "charge":-1,
          "enchantmentCharge":-1,
          "soul":""
        }]
    },
    "107864-0":{
      "refId":"flora_wickwheat_04",
      "inventory":[{
          "refId":"ingred_wickwheat_01",
          "count":1,
          "charge":-1,
          "enchantmentCharge":-1,
          "soul":""
        }]
    },
    "297412-0":{
      "refId":"flora_wickwheat_03",
      "inventory":[{
          "refId":"ingred_wickwheat_01",
          "count":1,
          "charge":-1,
          "enchantmentCharge":-1,
          "soul":""
        }]
    },
    "297413-0":{
      "refId":"flora_wickwheat_04",
      "inventory":[]
    },
    "297411-0":{
      "refId":"flora_hackle-lo_02",
      "inventory":[{
          "refId":"ingred_hackle-lo_leaf_01",
          "count":1,
          "charge":-1,
          "enchantmentCharge":-1,