{
  "packets":{
    "actorList":["0-2848","0-2849","0-2850","232011-0","232013-0","232014-0","232012-0"],
    "ai":[],
    "cellChangeFrom":[],
    "cellChangeTo":[],
    "container":["279098-0","279099-0","304822-0","456132-0","456140-0","456144-0","456154-0","456159-0","456168-0","456176-0","232011-0","232013-0","232014-0","232012-0"],
    "death":[],
    "delete":[],
    "doorState":[],
    "equipment":[],
    "lock":[],
    "place":[],
    "position":["232011-0","232013-0","232014-0","0-2848","0-2849","0-2850","232012-0"],
    "scale":[],
    "spawn":["0-2848","0-2849","0-2850"],
    "state":[],
    "statsDynamic":["232011-0","232013-0","232014-0","0-2848","0-2849","0-2850"],
    "trap":[]
  },
  "entry":{
    "creationTime":1569091290,
    "description":"9, -13"
  },
  "lastVisit":{
    "Dizzy":1569091454
  },
  "recordLinks":[],
  "objectData":{
    "456154-0":{
      "refId":"kollop_03_pearl",
      "inventory":[]
    },
    "456168-0":{
      "refId":"kollop_02_pearl",
      "inventory":[]
    },
    "456144-0":{
      "refId":"kollop_03_pearl",
      "inventory":[]
    },
    "304822-0":{
      "refId":"flora_kreshweed_01",
      "inventory":[{
          "refId":"ingred_kresh_fiber_01",
          "count":1,
          "charge":-1,
          "enchantmentCharge":-1,
          "soul":""
        }]
    },
    "456159-0":{
      "refId":"kollop_02_pearl",
      "inventory":[]
    },
    "232013-0":{
      "refId":"netch_betty",
      "location":{
        "posX":76846.25,
        "posZ":342.50848388672,
        "posY":-102165.28125,
        "rotX":0.069921135902405,
        "rotY":0,
        "rotZ":-1.3443620204926
      },
      "stats":{
        "healthCurrent":113,
        "magickaCurrent":75,
        "healthModified":113,
        "fatigueBase":500,
        "fatigueModified":500,
        "healthBase":113,
        "magickaModified":75,
        "magickaBase":75,
        "fatigueCurrent":500
      },
      "inventory":[{
          "refId":"ingred_netch_leather_01",
          "count":3,
          "charge":-1,
          "enchantmentCharge":-1,
          "soul":""
        }]
    },
    "0-2850":{
      "refId":"slaughterfish_small",
      "location":{
        "posX":79433.3984375,
        "posZ":-378.89819335938,
        "posY":-99871.90625,
        "rotX":0.030145278200507,
        "rotY":0,
        "rotZ":-1.2916762828827
      },
      "stats":{
        "healthCurrent":15,
        "magickaCurrent":10,
        "healthModified":15,
        "fatigueBase":300,
        "fatigueModified":300,
        "healthBase":15,
        "magickaModified":10,
        "magickaBase":10,
        "fatigueCurrent":299.95336914063
      }
    },
    "0-2848":{
      "refId":"slaughterfish_small",
      "location":{
        "posX":74812.2109375,
        "posZ":-632.01330566406,
        "posY":-105387.6796875,
        "rotX":0.0002416055649519,
        "rotY":0,
        "rotZ":3.0291655063629
      },
      "stats":{
        "healthCurrent":15,
        "magickaCurrent":10,
        "healthModified":15,
        "fatigueBase":300,
        "fatigueModified":300,
        "healthBase":15,
        "magickaModified":10,
        "magickaBase":10,
        "fatigueCurrent":299.95336914063
      }
    },
    "232011-0":{
      "refId":"netch_bull",
      "location":{
        "posX":75290.984375,
        "posZ":970.65380859375,
        "posY":-101607.484375,
        "rotX":0,
        "rotY":0,
        "rotZ":-2.3884642124176
      },
      "stats":{
        "healthCurrent":45,
        "magickaCurrent":100,
        "healthModified":45,
        "fatigueBase":400,
        "fatigueModified":400,
        "healthBase":45,
        "magickaModified":100,
        "magickaBase":100,
        "fatigueCurrent":400
      },
      "inventory":[{
          "refId":"ingred_netch_leather_01",
          "count":3,
          "charge":-1,
          "enchantmentCharge":-1,
          "soul":""
        }]
    },
    "279098-0":{
      "refId":"flora_stoneflower_02",
      "inventory":[]
    },
    "0-2849":{
      "refId":"slaughterfish_small",
      "location":{
        "posX":78357.78125,
        "posZ":-297.52551269531,
        "posY":-103509.78125,
        "rotX":0,
        "rotY":0,
        "rotZ":-2.6614153385162
      },
      "stats":{
        "healthCurrent":15,
        "magickaCurrent":10,
        "healthModified":15,
        "fatigueBase":300,
        "fatigueModified":300,
        "healthBase":15,
        "magickaModified":10,
        "magickaBase":10,
        "fatigueCurrent":299.95336914063
      }
    },
    "456132-0":{
      "refId":"kollop_03_pearl",
      "inventory":[]
    },
    "456140-0":{
      "refId":"kollop_02_pearl",
      "inventory":[]
    },
    "232014-0":{
      "refId":"netch_betty",
      "location":{
        "posX":75415.09375,
        "posZ":398.36340332031,
        "posY":-102115.5546875,
        "rotX":0.010271522216499,
        "rotY":0,
        "rotZ":-1.2852799892426
      },
      "stats":{
        "healthCurrent":113,
        "magickaCurrent":75,
        "healthModified":113,
        "fatigueBase":500,
        "fatigueModified":500,
        "healthBase":113,
        "magickaModified":75,
        "magickaBase":75,
        "fatigueCurrent":500
      },
      "inventory":[{
          "refId":"ingred_netch_leather_01",
          "count":3,
          "charge":-1,
          "enchantmentCharge":-1,
          "soul":""
        }]
    },
    "232012-0":{
      "refId":"netch_betty",
      "location":{
        "posX":73728.9375,
        "posZ":1493.3935546875,
        "posY":-98986.7734375,
        "rotX":0.00028461404144764,
        "rotY":0,
        "rotZ":0.79850029945374
      },
      "inventory":[{
          "refId":"ingred_netch_leather_01",
          "count":1,
          "charge":-1,
          "enchantmentCharge":-1,
          "soul":""
        }]
    },
    "456176-0":{
      "refId":"kollop_03_pearl",
      "inventory":[]
    },
    "279099-0":{
      "refId":"flora_kreshweed_01",
      "inventory":[{
          "refId":"ingred_kresh_fiber_01",
          "count":1,
          "charge":-1,
          "enchantmentCharge":-1,
          "soul":""
        }]
    }
  }
}