{
  "packets":{
    "actorList":["0-4064","0-4066","274665-0","274666-0"],
    "ai":[],
    "cellChangeFrom":[],
    "cellChangeTo":[],
    "container":["274668-0","274669-0","108895-0","108902-0","297363-0","297364-0","297367-0","297368-0","297369-0","297370-0","297371-0","297372-0","297373-0","480068-0","480069-0","480070-0","480080-0","480081-0","480082-0","480083-0","480084-0","480085-0","480086-0","480087-0","480088-0","480089-0","480090-0","480091-0","480092-0","274665-0","274666-0","0-4066"],
    "death":["274665-0","274666-0","0-4066"],
    "delete":[],
    "doorState":[],
    "equipment":["274665-0","274666-0"],
    "lock":[],
    "place":[],
    "position":["274665-0","274666-0","0-4064","0-4066"],
    "scale":[],
    "spawn":["0-4064","0-4066"],
    "state":[],
    "statsDynamic":["274665-0","274666-0","0-4064","0-4066"],
    "trap":[]
  },
  "entry":{
    "creationTime":1569441582,
    "description":"9, 5"
  },
  "lastVisit":{
    "Dizzy":1569452626,
    "Dr,Kups":1569441861
  },
  "recordLinks":[],
  "objectData":{
    "297372-0":{
      "refId":"flora_wickwheat_03",
      "inventory":[{
          "refId":"ingred_wickwheat_01",
          "count":1,
          "charge":-1,
          "enchantmentCharge":-1,
          "soul":""
        }]
    },
    "274666-0":{
      "refId":"shullay malman-ammu",
      "location":{
        "posX":76697.171875,
        "posZ":1020.3803710938,
        "posY":46368.28125,
        "rotX":0,
        "rotY":0,
        "rotZ":0.5
      },
      "stats":{
        "healthCurrent":0,
        "magickaCurrent":88,
        "healthModified":81,
        "fatigueBase":198,
        "fatigueModified":198,
        "healthBase":81,
        "magickaModified":88,
        "magickaBase":88,
        "fatigueCurrent":196.81831359863
      },
      "equipment":{
        "5":{
          "refId":"bonemold_bracer_left",
          "count":1,
          "charge":72,
          "enchantmentCharge":-1
        },
        "6":{
          "refId":"bonemold_bracer_right",
          "count":1,
          "charge":-1,
          "enchantmentCharge":-1
        },
        "7":{
          "refId":"common_shoes_01",
          "count":1,
          "charge":-1,
          "enchantmentCharge":-1
        },
        "8":{
          "refId":"common_shirt_01_z",
          "count":1,
          "charge":-1,
          "enchantmentCharge":-1
        },
        "9":{
          "refId":"common_pants_05",
          "count":1,
          "charge":-1,
          "enchantmentCharge":-1
        },
        "16":{
          "refId":"steel club",
          "count":1,
          "charge":-1,
          "enchantmentCharge":-1
        }
      },
      "inventory":[{
          "refId":"bonemold_bracer_right",
          "count":1,
          "charge":-1,
          "enchantmentCharge":-1,
          "soul":""
        },{
          "refId":"bonemold_bracer_left",
          "count":1,
          "charge":72,
          "enchantmentCharge":-1,
          "soul":""
        },{
          "refId":"common_shirt_01_z",
          "count":1,
          "charge":-1,
          "enchantmentCharge":-1,
          "soul":""
        },{
          "refId":"common_shoes_01",
          "count":1,
          "charge":-1,
          "enchantmentCharge":-1,
          "soul":""
        },{
          "refId":"common_pants_05",
          "count":1,
          "charge":-1,
          "enchantmentCharge":-1,
          "soul":""
        },{
          "refId":"steel club",
          "count":1,
          "charge":599,
          "enchantmentCharge":-1,
          "soul":""
        }],
      "killer":{
        "player":"Dr,Kups"
      }
    },
    "480087-0":{
      "refId":"flora_wickwheat_04",
      "inventory":[{
          "refId":"ingred_wickwheat_01",
          "count":1,
          "charge":-1,
          "enchantmentCharge":-1,
          "soul":""
        }]
    },
    "297364-0":{
      "refId":"flora_wickwheat_04",
      "inventory":[{
          "refId":"ingred_wickwheat_01",
          "count":1,
          "charge":-1,
          "enchantmentCharge":-1,
          "soul":""
        }]
    },
    "480084-0":{
      "refId":"flora_wickwheat_04",
      "inventory":[{
          "refId":"ingred_wickwheat_01",
          "count":1,
          "charge":-1,
          "enchantmentCharge":-1,
          "soul":""
        }]
    },
    "297363-0":{
      "refId":"flora_hackle-lo_01",
      "inventory":[{
          "refId":"ingred_hackle-lo_leaf_01",
          "count":1,
          "charge":-1,
          "enchantmentCharge":-1,
          "soul":""
        }]
    },
    "274668-0":{
      "refId":"de_p_chest_02_gold_50",
      "inventory":[]
    },
    "480088-0":{
      "refId":"flora_wickwheat_03",
      "inventory":[]
    },
    "480069-0":{
      "refId":"flora_hackle-lo_02",
      "inventory":[{
          "refId":"ingred_hackle-lo_leaf_01",
          "count":1,
          "charge":-1,
          "enchantmentCharge":-1,
          "soul":""
        }]
    },
    "480089-0":{
      "refId":"flora_wickwheat_04",
      "inventory":[{
          "refId":"ingred_wickwheat_01",
          "count":1,
          "charge":-1,
          "enchantmentCharge":-1,
          "soul":""
        }]
    },
    "480083-0":{
      "refId":"flora_wickwheat_04",
      "inventory":[{
          "refId":"ingred_wickwheat_01",
          "count":1,
          "charge":-1,
          "enchantmentCharge":-1,
          "soul":""
        }]
    },
    "0-4064":{
      "refId":"rat_diseased",
      "location":{
        "posX":73825.6484375,
        "posZ":2654.4777832031,
        "posY":44081.94140625,
        "rotX":1.4276585578918,
        "rotY":0,
        "rotZ":-2.9053728580475
      },
      "stats":{
        "healthCurrent":23,
        "magickaCurrent":10,
        "healthModified":23,
        "fatigueBase":98,
        "fatigueModified":98,
        "healthBase":23,
        "magickaModified":10,
        "magickaBase":10,
        "fatigueCurrent":98
      }
    },
    "108895-0":{
      "refId":"flora_wickwheat_04",
      "inventory":[]
    },
    "297370-0":{
      "refId":"flora_wickwheat_04",
      "inventory":[{
          "refId":"ingred_wickwheat_01",
          "count":1,
          "charge":-1,
          "enchantmentCharge":-1,
          "soul":""
        }]
    },
    "274669-0":{
      "refId":"com_sack_02_chpfood3",
      "inventory":[{
          "refId":"ingred_saltrice_01",
          "count":3,
          "charge":-1,
          "enchantmentCharge":-1,
          "soul":""
        }]
    },
    "480086-0":{
      "refId":"flora_wickwheat_04",
      "inventory":[{
          "refId":"ingred_wickwheat_01",
          "count":1,
          "charge":-1,
          "enchantmentCharge":-1,
          "soul":""
        }]
    },
    "0-4066":{
      "refId":"kagouti",
      "location":{
        "posX":79662.9453125,
        "posZ":1828.95703125,
        "posY":46811.375,
        "rotX":-0.02897734940052,
        "rotY":0,
        "rotZ":-2.7729294300079
      },
      "stats":{
        "healthCurrent":0,
        "magickaCurrent":10,
        "healthModified":45,
        "fatigueBase":400,
        "fatigueModified":400,
        "healthBase":45,
        "magickaModified":10,
        "magickaBase":10,
        "fatigueCurrent":400
      },
      "inventory":[],
      "killer":{
        "player":"Dr,Kups"
      }
    },
    "297367-0":{
      "refId":"flora_wickwheat_03",
      "inventory":[]
    },
    "297371-0":{
      "refId":"flora_wickwheat_04",
      "inventory":[{
          "refId":"ingred_wickwheat_01",
          "count":1,
          "charge":-1,
          "enchantmentCharge":-1,
          "soul":""
        }]
    },
    "480068-0":{
      "refId":"flora_hackle-lo_01",
      "inventory":[{
          "refId":"ingred_hackle-lo_leaf_01",
          "count":1,
          "charge":-1,
          "enchantmentCharge":-1,
          "soul":""
        }]
    },
    "108902-0":{
      "refId":"flora_wickwheat_04",
      "inventory":[{
          "refId":"ingred_wickwheat_01",