{
  "packets":{
    "actorList":["0-2005","0-2006","0-2007","89675-0","89677-0","89676-0"],
    "ai":[],
    "cellChangeFrom":[],
    "cellChangeTo":[],
    "container":["89675-0","89677-0","89676-0","0-2007","0-2005","0-2006"],
    "death":["0-2007","89676-0","0-2005","0-2006","89675-0","89677-0"],
    "delete":["89602-0"],
    "doorState":[],
    "equipment":["89675-0","89676-0","89677-0"],
    "lock":[],
    "place":[],
    "position":["89675-0","89676-0","89677-0","0-2005","0-2006","0-2007"],
    "scale":[],
    "spawn":["0-2005","0-2006","0-2007"],
    "state":[],
    "statsDynamic":["89675-0","89676-0","89677-0","0-2005","0-2006","0-2007"],
    "trap":[]
  },
  "entry":{
    "creationTime":1569004271,
    "description":"Abinabi"
  },
  "lastVisit":{
    "Tanis":1569004616
  },
  "recordLinks":[],
  "objectData":{
    "89677-0":{
      "refId":"dreamer",
      "location":{
        "posX":-684.52661132813,
        "posZ":-1238.8741455078,
        "posY":2832.818359375,
        "rotX":0.093910880386829,
        "rotY":0,
        "rotZ":-2.3976500034332
      },
      "stats":{
        "healthCurrent":0,
        "magickaCurrent":80,
        "healthModified":40,
        "fatigueBase":160,
        "fatigueModified":160,
        "healthBase":40,
        "magickaModified":80,
        "magickaBase":80,
        "fatigueCurrent":160
      },
      "equipment":{
        "16":{
          "refId":"iron club",
          "count":1,
          "charge":-1,
          "enchantmentCharge":-1
        }
      },
      "inventory":[{
          "refId":"ingred_6th_corprusmeat_01",
          "count":1,
          "charge":-1,
          "enchantmentCharge":-1,
          "soul":""
        },{
          "refId":"iron club",
          "count":1,
          "charge":-1,
          "enchantmentCharge":-1,
          "soul":""
        }],
      "killer":{
        "player":"Tanis"
      }
    },
    "89676-0":{
      "refId":"dreamer_f_01",
      "location":{
        "posX":-1675.6447753906,
        "posZ":-508.53625488281,
        "posY":3587.2243652344,
        "rotX":-0.0053472407162189,
        "rotY":0,
        "rotZ":0.55139899253845
      },
      "stats":{
        "healthCurrent":0,
        "magickaCurrent":80,
        "healthModified":35,
        "fatigueBase":150,
        "fatigueModified":150,
        "healthBase":35,
        "magickaModified":80,
        "magickaBase":80,
        "fatigueCurrent":103.86576080322
      },
      "equipment":{
        "16":{
          "refId":"iron club",
          "count":1,
          "charge":-1,
          "enchantmentCharge":-1
        }
      },
      "inventory":[{
          "refId":"ingred_6th_corprusmeat_04",
          "count":1,
          "charge":-1,
          "enchantmentCharge":-1,
          "soul":""
        },{
          "refId":"iron club",
          "count":1,
          "charge":-1,
          "enchantmentCharge":-1,
          "soul":""
        }],
      "killer":{
        "player":"Tanis"
      }
    },
    "89602-0":{
      "refId":"6th bell hammer"
    },
    "89675-0":{
      "refId":"dreamer_02",
      "location":{
        "posX":-407.47534179688,
        "posZ":-1286.5933837891,
        "posY":3170.5510253906,
        "rotX":0.22238996624947,
        "rotY":0,
        "rotZ":1.0276067256927
      },
      "stats":{
        "healthCurrent":0,
        "magickaCurrent":80,
        "healthModified":40,
        "fatigueBase":160,
        "fatigueModified":160,
        "healthBase":40,
        "magickaModified":80,
        "magickaBase":80,
        "fatigueCurrent":160
      },
      "equipment":{
        "16":{
          "refId":"iron club",
          "count":1,
          "charge":-1,
          "enchantmentCharge":-1
        }
      },
      "inventory":[{
          "refId":"iron club",
          "count":1,
          "charge":-1,
          "enchantmentCharge":-1,
          "soul":""
        }],
      "killer":{
        "player":"Tanis"
      }
    },
    "0-2005":{
      "refId":"ash_zombie",
      "location":{
        "posX":-1831.6596679688,
        "posZ":-730.50689697266,
        "posY":2602.5541992188,
        "rotX":0.033422786742449,
        "rotY":0,
        "rotZ":0.099714279174805
      },
      "stats":{
        "healthCurrent":0,
        "magickaCurrent":100,
        "healthModified":90,
        "fatigueBase":400,
        "fatigueModified":400,
        "healthBase":90,
        "magickaModified":100,
        "magickaBase":100,
        "fatigueCurrent":396.68020629883
      },
      "inventory":[{
          "refId":"ingred_ash_salts_01",
          "count":1,
          "charge":-1,
          "enchantmentCharge":-1,
          "soul":""
        },{
          "refId":"spiked club",
          "count":1,
          "charge":-1,
          "enchantmentCharge":-1,
          "soul":""
        },{
          "refId":"iron bolt",
          "count":1,
          "charge":-1,
          "enchantmentCharge":-1,
          "soul":""
        }],
      "killer":{
        "player":"Tanis"
      }
    },
    "0-2007":{
      "refId":"corprus_lame",
      "location":{
        "posX":77.614685058594,
        "posZ":-651.50909423828,
        "posY":3851.8852539063,
        "rotX":-0.50664967298508,
        "rotY":0,
        "rotZ":-1.6281306743622
      },
      "stats":{
        "healthCurrent":0,
        "magickaCurrent":160,
        "healthModified":90,
        "fatigueBase":370,
        "fatigueModified":370,
        "healthBase":90,
        "magickaModified":160,
        "magickaBase":160,
        "fatigueCurrent":366.34365844727
      },
      "inventory":[{
          "refId":"iron bolt",
          "count":2,
          "charge":-1,
          "enchantmentCharge":-1,
          "soul":""
        }],
      "killer":{
        "player":"Tanis"
      }
    },
    "0-2006":{
      "refId":"ash_ghoul",
      "location":{
        "posX":-1927.3082275391,
        "posZ":-1070.365234375,
        "posY":1160.9311523438,
        "rotX":-0.061868093907833,
        "rotY":0,
        "rotZ":0.079739332199097
      },
      "stats":{
        "healthCurrent":0,
        "magickaCurrent":0,
        "healthModified":220,
        "fatigueBase":400,
        "fatigueModified":400,
        "healthBase":220,
        "magickaModified":200,
        "magickaBase":200,
        "fatigueCurrent":400
      },
      "inventory":[{
          "refId":"ingred_ash_salts_01",
          "count":1,
          "charge":-1,
          "enchantmentCharge":-1,
          "soul":""
        }],
      "killer":{
        "player":"Tanis"
      }
    }
  }
}