{
  "packets":{
    "actorList":["356214-0","331123-0","331124-0","441376-0","441377-0","441378-0","441380-0","452515-0","452516-0","0-618"],
    "ai":[],
    "cellChangeFrom":[],
    "cellChangeTo":[],
    "container":["379641-0","379642-0","379643-0","379653-0","379655-0","379656-0","379657-0","379670-0","379680-0","379681-0","379682-0","379683-0","379684-0","379685-0","379686-0","379687-0","379688-0","379689-0","379690-0","379691-0","379692-0","452517-0","356214-0","331123-0","331124-0","441376-0","441377-0","441378-0","441380-0","452515-0","452516-0","0-618"],
    "death":["441377-0","441376-0","331124-0","441380-0","452515-0","441378-0","452516-0","331123-0","0-618"],
    "delete":["379665-0","379666-0","379659-0","483322-0","376620-0","376619-0","379669-0","379668-0"],
    "doorState":["332323-0","322677-0","332333-0","332335-0","332331-0","332329-0","332327-0"],
    "equipment":["356214-0","441376-0","441378-0","441380-0","452515-0","452516-0","0-618"],
    "lock":[],
    "place":[],
    "position":["331123-0","331124-0","356214-0","441376-0","441377-0","441378-0","441380-0","452515-0","452516-0","0-618"],
    "scale":[],
    "spawn":["0-618"],
    "state":[],
    "statsDynamic":["331123-0","331124-0","356214-0","441376-0","441377-0","441378-0","441380-0","452515-0","452516-0","0-618"],
    "trap":[]
  },
  "entry":{
    "creationTime":1568767266,
    "description":"Andrano Ancestral Tomb"
  },
  "lastVisit":{
    "whisker":1568767652,
    "Dizzy":1568822139,
    "Tanis":1568767739,
    "Dr,Kups":1568822139
  },
  "recordLinks":[],
  "objectData":{
    "0-618":{
      "refId":"db_assassin1",
      "location":{
        "posX":2592.4262695313,
        "posZ":13249,
        "posY":4566.916015625,
        "rotX":0,
        "rotY":0,
        "rotZ":-0.15727949142456
      },
      "stats":{
        "healthCurrent":0,
        "magickaCurrent":106,
        "healthModified":50,
        "fatigueBase":164,
        "fatigueModified":164,
        "healthBase":50,
        "magickaModified":106,
        "magickaBase":106,
        "fatigueCurrent":164
      },
      "equipment":{
        "0":{
          "refId":"darkbrotherhood helm",
          "count":1,
          "charge":-1,
          "enchantmentCharge":-1
        },
        "1":{
          "refId":"darkbrotherhood cuirass",
          "count":1,
          "charge":-1,
          "enchantmentCharge":-1
        },
        "2":{
          "refId":"darkbrotherhood greaves",
          "count":1,
          "charge":-1,
          "enchantmentCharge":-1
        },
        "3":{
          "refId":"darkbrotherhood pauldron_l",
          "count":1,
          "charge":-1,
          "enchantmentCharge":-1
        },
        "5":{
          "refId":"darkbrotherhood gauntlet_l",
          "count":1,
          "charge":-1,
          "enchantmentCharge":-1
        },
        "6":{
          "refId":"darkbrotherhood gauntlet_r",
          "count":1,
          "charge":-1,
          "enchantmentCharge":-1
        },
        "7":{
          "refId":"darkbrotherhood boots",
          "count":1,
          "charge":-1,
          "enchantmentCharge":-1
        },
        "16":{
          "refId":"iron spider dagger",
          "count":1,
          "charge":-1,
          "enchantmentCharge":-1
        }
      },
      "inventory":[{
          "refId":"darkbrotherhood gauntlet_r",
          "count":1,
          "charge":-1,
          "enchantmentCharge":-1,
          "soul":""
        },{
          "refId":"darkbrotherhood gauntlet_l",
          "count":1,
          "charge":-1,
          "enchantmentCharge":-1,
          "soul":""
        },{
          "refId":"darkbrotherhood boots",
          "count":1,
          "charge":-1,
          "enchantmentCharge":-1,
          "soul":""
        },{
          "refId":"darkbrotherhood greaves",
          "count":1,
          "charge":-1,
          "enchantmentCharge":-1,
          "soul":""
        },{
          "refId":"darkbrotherhood pauldron_l",
          "count":1,
          "charge":-1,
          "enchantmentCharge":-1,
          "soul":""
        },{
          "refId":"darkbrotherhood cuirass",
          "count":1,
          "charge":-1,
          "enchantmentCharge":-1,
          "soul":""
        },{
          "refId":"darkbrotherhood helm",
          "count":1,
          "charge":-1,
          "enchantmentCharge":-1,
          "soul":""
        },{
          "refId":"iron spider dagger",
          "count":1,
          "charge":493,
          "enchantmentCharge":24,
          "soul":""
        }],
      "killer":{
        "player":"whisker"
      }
    },
    "379670-0":{
      "refId":"chest_andrano00",
      "inventory":[]
    },
    "331124-0":{
      "refId":"bonewalker_weak",
      "location":{
        "posX":2828.453125,
        "posZ":14017,
        "posY":5973.4853515625,
        "rotX":0,
        "rotY":0,
        "rotZ":0
      },
      "stats":{
        "healthCurrent":0,
        "magickaCurrent":4,
        "healthModified":45,
        "fatigueBase":200,
        "fatigueModified":200,
        "healthBase":45,
        "magickaModified":60,
        "magickaBase":60,
        "fatigueCurrent":194.55697631836
      },
      "inventory":[],
      "killer":{
        "player":"whisker"
      }
    },
    "332327-0":{
      "refId":"in_velothismall_ndoor_01",
      "doorState":1
    },
    "452516-0":{
      "refId":"skeleton_weak",
      "location":{
        "posX":3052.3979492188,
        "posZ":13249,
        "posY":5049.3525390625,
        "rotX":0,
        "rotY":0,
        "rotZ":0
      },
      "stats":{
        "healthCurrent":0,
        "magickaCurrent":20,
        "healthModified":30,
        "fatigueBase":1000,
        "fatigueModified":1000,
        "healthBase":30,
        "magickaModified":20,
        "magickaBase":20,
        "fatigueCurrent":978.26916503906
      },
      "equipment":{
        "17":{
          "refId":"iron_shield",
          "count":1,
          "charge":-1,
          "enchantmentCharge":-1
        },
        "16":{
          "refId":"iron saber",
          "count":1,
          "charge":-1,
          "enchantmentCharge":-1
        }
      },
      "inventory":[{
          "refId":"iron_shield",
          "count":1,
          "charge":-1,
          "enchantmentCharge":-1,
          "soul":""
        },{
          "refId":"iron saber",
          "count":1,
          "charge":693,
          "enchantmentCharge":-1,
          "soul":""
        }],
      "killer":{
        "player":"Tanis"
      }
    },
    "379659-0":{
      "refId":"ingred_bc_bungler's_bane"
    },
    "332331-0":{
      "refId":"in_velothismall_ndoor_01",
      "doorState":1
    },
    "379681-0":{
      "refId":"urn_ash00",
      "inventory":[{
          "refId":"ingred_bonemeal_01",
          "count":1,
          "charge":-1,
          "enchantmentCharge":-1,
          "soul":""
        }]
    },
    "332329-0":{
      "refId":"in_velothismall_ndoor_01",
      "doorState":1
    },
    "379641-0":{
      "refId":"urn_ash00",
      "inventory":[]
    },
    "379655-0":{
      "refId":"sack_tomb_ingred",
      "inventory":[{
          "refId":"ingred_bittergreen_petals_01",
          "count":1,
          "charge":-1,
          "enchantmentCharge":-1,
          "soul":""
        },{
          "refId":"ingred_comberry_01",
          "count":1,
          "charge":-1,
          "enchantmentCharge":-1,
          "soul":""
        },{
          "refId":"ingred_ash_salts_01",
          "count":1,
          "charge":-1,
          "enchantmentCharge":-1,
          "soul":""
        },{
          "refId":"ingred_heather_01",
          "count":1,
          "charge":-1,
          "enchantmentCharge":-1,
          "soul":""
        }]
    },
    "379653-0":{
      "refId":"sack_tomb_ingred",
      "inventory":[]
    },
    "379643-0":{
      "refId":"urn_ash00",
      "inventory":[]
    },
    "379642-0":{
      "refId":"urn_ash00",
      "inventory":[]
    },