{
  "packets":{
    "actorList":["0-4576","0-4578","425534-0","210995-0"],
    "ai":[],
    "cellChangeFrom":[],
    "cellChangeTo":[],
    "container":["211127-0","211128-0","211129-0","211130-0","211134-0","211135-0","211136-0","211137-0","211138-0","425534-0","210995-0","0-4576","0-4578"],
    "death":["0-4576","0-4578","210995-0"],
    "delete":["234381-0","234380-0","210994-0","234386-0","234387-0","427676-0","427675-0"],
    "doorState":["211084-0","211083-0","211085-0","211086-0"],
    "equipment":["425534-0"],
    "lock":[],
    "place":[],
    "position":["210995-0","425534-0","0-4576","0-4578","210994-0"],
    "scale":[],
    "spawn":["0-4576","0-4578"],
    "state":[],
    "statsDynamic":["210995-0","425534-0","0-4576","0-4578","210994-0"],
    "trap":[]
  },
  "entry":{
    "creationTime":1569616054,
    "description":"Dagoth Ur, Outer Facility"
  },
  "lastVisit":{
    "Dizzy":1569617290,
    "Dr,Kups":1569617291
  },
  "recordLinks":[],
  "objectData":{
    "0-4576":{
      "refId":"ash_slave",
      "location":{
        "posX":-123.27201080322,
        "posZ":-575,
        "posY":-209.37773132324,
        "rotX":0.01192881911993,
        "rotY":0,
        "rotZ":-1.2953584194183
      },
      "stats":{
        "healthCurrent":0,
        "magickaCurrent":150.81967163086,
        "healthModified":60,
        "fatigueBase":380,
        "fatigueModified":380,
        "healthBase":60,
        "magickaModified":200,
        "magickaBase":200,
        "fatigueCurrent":379.83596801758
      },
      "inventory":[{
          "refId":"ingred_ash_salts_01",
          "count":1,
          "charge":-1,
          "enchantmentCharge":-1,
          "soul":""
        }],
      "killer":{
        "player":"Dr,Kups"
      }
    },
    "234381-0":{
      "refId":"ingred_raw_ebony_01"
    },
    "211083-0":{
      "refId":"door_dwrv_inner00",
      "doorState":1
    },
    "210995-0":{
      "refId":"dagoth ienas",
      "location":{
        "posX":-9.1850309371948,
        "posZ":-767,
        "posY":-3006.4372558594,
        "rotX":0.030079932883382,
        "rotY":0,
        "rotZ":-3.0337150096893
      },
      "stats":{
        "healthCurrent":0,
        "magickaCurrent":51.764705657959,
        "healthModified":240,
        "fatigueBase":250,
        "fatigueModified":250,
        "healthBase":240,
        "magickaModified":110,
        "magickaBase":110,
        "fatigueCurrent":217.57614135742
      },
      "inventory":[{
          "refId":"amulet of 6th house",
          "count":1,
          "charge":-1,
          "enchantmentCharge":-1,
          "soul":""
        }],
      "killer":{
        "player":"Dr,Kups"
      }
    },
    "211130-0":{
      "refId":"dwrv_barrel00",
      "inventory":[{
          "refId":"ingred_scrap_metal_01",
          "count":1,
          "charge":-1,
          "enchantmentCharge":-1,
          "soul":""
        }]
    },
    "0-4578":{
      "refId":"ash_zombie",
      "location":{
        "posX":718.1767578125,
        "posZ":-767,
        "posY":-2855.9167480469,
        "rotX":0.02196597866714,
        "rotY":0,
        "rotZ":-0.50984334945679
      },
      "stats":{
        "healthCurrent":0,
        "magickaCurrent":100,
        "healthModified":90,
        "fatigueBase":400,
        "fatigueModified":400,
        "healthBase":90,
        "magickaModified":100,
        "magickaBase":100,
        "fatigueCurrent":394.49670410156
      },
      "inventory":[{
          "refId":"ingred_ash_salts_01",
          "count":1,
          "charge":-1,
          "enchantmentCharge":-1,
          "soul":""
        },{
          "refId":"spiked club",
          "count":1,
          "charge":-1,
          "enchantmentCharge":-1,
          "soul":""
        }],
      "killer":{
        "player":"Dr,Kups"
      }
    },
    "211134-0":{
      "refId":"dwrv_barrel10",
      "inventory":[]
    },
    "425534-0":{
      "refId":"dead random female",
      "location":{
        "posX":-176.18179321289,
        "posZ":-767,
        "posY":-2109.3269042969,
        "rotX":0,
        "rotY":0,
        "rotZ":0
      },
      "stats":{
        "healthCurrent":0,
        "magickaCurrent":92,
        "healthModified":0,
        "fatigueBase":226,
        "fatigueModified":226,
        "healthBase":0,
        "magickaModified":92,
        "magickaBase":92,
        "fatigueCurrent":226
      },
      "equipment":{
        "0":{
          "refId":"netch_leather_boiled_helm",
          "count":1,
          "charge":-1,
          "enchantmentCharge":-1
        },
        "1":{
          "refId":"chitin cuirass",
          "count":1,
          "charge":-1,
          "enchantmentCharge":-1
        },
        "2":{
          "refId":"dwemer_greaves",
          "count":1,
          "charge":-1,
          "enchantmentCharge":-1
        },
        "4":{
          "refId":"bonemold_pauldron_r",
          "count":1,
          "charge":-1,
          "enchantmentCharge":-1
        },
        "5":{
          "refId":"steel_gauntlet_left",
          "count":1,
          "charge":-1,
          "enchantmentCharge":-1
        },
        "7":{
          "refId":"netch_leather_boots",
          "count":1,
          "charge":-1,
          "enchantmentCharge":-1
        },
        "16":{
          "refId":"iron sparkaxe",
          "count":1,
          "charge":-1,
          "enchantmentCharge":-1
        },
        "17":{
          "refId":"steel_shield",
          "count":1,
          "charge":-1,
          "enchantmentCharge":-1
        }
      },
      "inventory":[{
          "refId":"netch_leather_boots",
          "count":1,
          "charge":-1,
          "enchantmentCharge":-1,
          "soul":""
        },{
          "refId":"cloth bracer left",
          "count":1,
          "charge":-1,
          "enchantmentCharge":-1,
          "soul":""
        },{
          "refId":"chitin cuirass",
          "count":1,
          "charge":-1,
          "enchantmentCharge":-1,
          "soul":""
        },{
          "refId":"steel_gauntlet_left",
          "count":1,
          "charge":-1,
          "enchantmentCharge":-1,
          "soul":""
        },{
          "refId":"dwemer_greaves",
          "count":1,
          "charge":-1,
          "enchantmentCharge":-1,
          "soul":""
        },{
          "refId":"netch_leather_boiled_helm",
          "count":1,
          "charge":-1,
          "enchantmentCharge":-1,
          "soul":""
        },{
          "refId":"bonemold_pauldron_r",
          "count":1,
          "charge":-1,
          "enchantmentCharge":-1,
          "soul":""
        },{
          "refId":"steel_shield",
          "count":1,
          "charge":-1,
          "enchantmentCharge":-1,
          "soul":""
        },{
          "refId":"pick_apprentice_01",
          "count":1,
          "charge":-1,
          "enchantmentCharge":-1,
          "soul":""
        },{
          "refId":"gold_001",
          "count":1,
          "charge":-1,
          "enchantmentCharge":-1,
          "soul":""
        },{
          "refId":"iron sparkaxe",
          "count":1,
          "charge":-1,
          "enchantmentCharge":-1,
          "soul":""
        }]
    },
    "211129-0":{
      "refId":"dwrv_barrel00",
      "inventory":[{
          "refId":"ingred_scrap_metal_01",
          "count":1,
          "charge":-1,
          "enchantmentCharge":-1,
          "soul":""
        }]
    },
    "211127-0":{
      "refId":"dwrv_barrel00",
      "inventory":[{
          "refId":"ingred_scrap_metal_01",
          "count":1,
          "charge":-1,
          "enchantmentCharge":-1,
          "soul":""
        },{
          "refId":"ingred_diamond_01",
          "count":1,
          "charge":-1,
          "enchantmentCharge":-1,
          "soul":""
        }]
    },
    "211135-0":{
      "refId":"dwrv_barrel00",
      "inventory":[{
          "refId":"ingred_scrap_metal_01",
          "count":2,
          "charge":-1,
          "enchantmentCharge":-1,