{
  "packets":{
    "actorList":["234626-0","234627-0","234628-0"],
    "ai":[],
    "cellChangeFrom":[],
    "cellChangeTo":[],
    "container":["234701-0","234702-0","234703-0","234704-0","234705-0","234706-0","234707-0","234708-0","234709-0","234710-0","234711-0","234712-0","234713-0","234626-0","234627-0","234628-0"],
    "death":["234627-0","234628-0"],
    "delete":["471813-0"],
    "doorState":[],
    "equipment":["234626-0"],
    "lock":[],
    "place":[],
    "position":["234626-0","234627-0","234628-0","471813-0"],
    "scale":[],
    "spawn":[],
    "state":[],
    "statsDynamic":["234626-0","234627-0","234628-0","471813-0"],
    "trap":[]
  },
  "entry":{
    "creationTime":1569617418,
    "description":"Dagoth Ur, Lower Facility"
  },
  "lastVisit":{
    "Dizzy":1569618047,
    "Dr,Kups":1569617495
  },
  "recordLinks":[],
  "objectData":{
    "234710-0":{
      "refId":"dwrv_barrel10",
      "inventory":[]
    },
    "234704-0":{
      "refId":"dwrv_barrel00",
      "inventory":[]
    },
    "234627-0":{
      "refId":"dagoth muthes",
      "location":{
        "posX":28.787704467773,
        "posZ":385.00003051758,
        "posY":99.365249633789,
        "rotX":0,
        "rotY":0,
        "rotZ":0.65853071212769
      },
      "stats":{
        "healthCurrent":0,
        "magickaCurrent":60.5,
        "healthModified":240,
        "fatigueBase":250,
        "fatigueModified":250,
        "healthBase":240,
        "magickaModified":110,
        "magickaBase":110,
        "fatigueCurrent":249.16317749023
      },
      "inventory":[{
          "refId":"amulet of 6th house",
          "count":1,
          "charge":-1,
          "enchantmentCharge":-1,
          "soul":""
        }],
      "killer":{
        "player":"Dizzy"
      }
    },
    "234702-0":{
      "refId":"dwrv_barrel00",
      "inventory":[{
          "refId":"ingred_raw_ebony_01",
          "count":1,
          "charge":-1,
          "enchantmentCharge":-1,
          "soul":""
        },{
          "refId":"ingred_scrap_metal_01",
          "count":1,
          "charge":-1,
          "enchantmentCharge":-1,
          "soul":""
        }]
    },
    "234628-0":{
      "refId":"bonelord",
      "location":{
        "posX":130.06286621094,
        "posZ":385.00003051758,
        "posY":-612.11633300781,
        "rotX":0.11176612228155,
        "rotY":0,
        "rotZ":-1.0030281543732
      },
      "stats":{
        "healthCurrent":0,
        "magickaCurrent":220,
        "healthModified":90,
        "fatigueBase":500,
        "fatigueModified":500,
        "healthBase":90,
        "magickaModified":400,
        "magickaBase":400,
        "fatigueCurrent":499.51187133789
      },
      "inventory":[{
          "refId":"misc_soulgem_common",
          "count":1,
          "charge":-1,
          "enchantmentCharge":-1,
          "soul":""
        }],
      "killer":{
        "player":"Dr,Kups"
      }
    },
    "234707-0":{
      "refId":"dwrv_barrel00",
      "inventory":[{
          "refId":"ingred_fire_salts_01",
          "count":1,
          "charge":-1,
          "enchantmentCharge":-1,
          "soul":""
        }]
    },
    "234706-0":{
      "refId":"dwrv_barrel10",
      "inventory":[{
          "refId":"ingred_diamond_01",
          "count":1,
          "charge":-1,
          "enchantmentCharge":-1,
          "soul":""
        }]
    },
    "234705-0":{
      "refId":"dwrv_barrel10",
      "inventory":[]
    },
    "234708-0":{
      "refId":"dwrv_barrel10",
      "inventory":[]
    },
    "234709-0":{
      "refId":"dwrv_barrel00",
      "inventory":[]
    },
    "234703-0":{
      "refId":"dwrv_barrel00",
      "inventory":[{
          "refId":"ingred_scrap_metal_01",
          "count":1,
          "charge":-1,
          "enchantmentCharge":-1,
          "soul":""
        }]
    },
    "471813-0":{
      "refId":"dagoth gilvoth",
      "location":{
        "posX":122.28350830078,
        "posZ":301.70965576172,
        "posY":-1984.8138427734,
        "rotX":-0.56123721599579,
        "rotY":0,
        "rotZ":-0.25567507743835
      },
      "stats":{
        "healthCurrent":0,
        "magickaCurrent":374,
        "healthModified":400,
        "fatigueBase":600,
        "fatigueModified":600,
        "healthBase":400,
        "magickaModified":500,
        "magickaBase":500,
        "fatigueCurrent":599.85809326172
      }
    },
    "234701-0":{
      "refId":"dwrv_barrel00",
      "inventory":[{
          "refId":"ingred_raw_glass_01",
          "count":1,
          "charge":-1,
          "enchantmentCharge":-1,
          "soul":""
        }]
    },
    "234711-0":{
      "refId":"dwrv_chest10_rare",
      "inventory":[{
          "refId":"ingred_scrap_metal_01",
          "count":1,
          "charge":-1,
          "enchantmentCharge":-1,
          "soul":""
        },{
          "refId":"misc_dwrv_coin00",
          "count":26,
          "charge":-1,
          "enchantmentCharge":-1,
          "soul":""
        },{
          "refId":"misc_dwrv_mug00",
          "count":1,
          "charge":-1,
          "enchantmentCharge":-1,
          "soul":""
        }]
    },
    "234712-0":{
      "refId":"dwrv_closet00_arms",
      "inventory":[]
    },
    "234713-0":{
      "refId":"dwrv_barrel00",
      "inventory":[{
          "refId":"ingred_raw_glass_01",
          "count":1,
          "charge":-1,
          "enchantmentCharge":-1,
          "soul":""
        },{
          "refId":"ingred_scrap_metal_01",
          "count":1,
          "charge":-1,
          "enchantmentCharge":-1,
          "soul":""
        }]
    },
    "234626-0":{
      "refId":"thief dead 01",
      "location":{
        "posX":483.92581176758,
        "posZ":193,
        "posY":-2798.986328125,
        "rotX":0,
        "rotY":0,
        "rotZ":5.5831861495972
      },
      "stats":{
        "healthCurrent":0,
        "magickaCurrent":44,
        "healthModified":0,
        "fatigueBase":326,
        "fatigueModified":326,
        "healthBase":0,
        "magickaModified":44,
        "magickaBase":44,
        "fatigueCurrent":326
      },
      "equipment":{
        "0":{
          "refId":"netch_leather_boiled_helm",
          "count":1,
          "charge":-1,
          "enchantmentCharge":-1
        },
        "1":{
          "refId":"netch_leather_boiled_cuirass",
          "count":1,
          "charge":-1,
          "enchantmentCharge":-1
        },
        "2":{
          "refId":"netch_leather_greaves",
          "count":1,
          "charge":-1,
          "enchantmentCharge":-1
        },
        "3":{
          "refId":"netch_leather_pauldron_left",
          "count":1,
          "charge":-1,
          "enchantmentCharge":-1
        },
        "4":{
          "refId":"netch_leather_pauldron_right",
          "count":1,
          "charge":-1,
          "enchantmentCharge":-1
        },
        "5":{
          "refId":"netch_leather_gauntlet_left",
          "count":1,
          "charge":-1,
          "enchantmentCharge":-1
        },
        "6":{
          "refId":"netch_leather_gauntlet_right",
          "count":1,
          "charge":-1,
          "enchantmentCharge":-1
        },
        "7":{
          "refId":"netch_leather_boots",
          "count":1,
          "charge":-1,
          "enchantmentCharge":-1
        }
      },
      "inventory":[{
          "refId":"netch_leather_gauntlet_right",
          "count":1,
          "charge":-1,
          "enchantmentCharge":-1,
          "soul":""
        },{
          "refId":"netch_leather_gauntlet_left",
          "count":1,
          "charge":-1,
          "enchantmentCharge":-1,
          "soul":""
        },{
          "refId":"netch_leather_boots",
          "count":1,
          "charge":-1,
          "enchantmentCharge":-1,
          "soul":""
        },{
          "refId":"netch_leather_greaves",
          "count":1,
          "charge":-1,
          "enchantmentCharge":-1,