{
  "packets":{
    "actorList":["0-2491","0-2492","0-2493","196603-0","196602-0","196604-0"],
    "ai":[],
    "cellChangeFrom":[],
    "cellChangeTo":[],
    "container":["306796-0","306797-0","306798-0","414223-0","440286-0","440287-0","440290-0","196603-0","196602-0","196604-0"],
    "death":["196602-0","196603-0","196604-0"],
    "delete":["483368-0","414215-0","414218-0","414216-0","440288-0"],
    "doorState":["194558-0","194560-0","194666-0","194665-0","194559-0","194561-0"],
    "equipment":["196602-0","196603-0","196604-0","0-2491","0-2492","0-2493"],
    "lock":["440287-0","440286-0","440290-0"],
    "place":["0-2494","0-2496","0-2501","0-2502","0-2504","0-2505","0-2506","0-2507"],
    "position":["196602-0","196603-0","196604-0","0-2491","0-2492","0-2493"],
    "scale":[],
    "spawn":["0-2491","0-2492","0-2493"],
    "state":[],
    "statsDynamic":["196602-0","196603-0","196604-0","0-2491","0-2492","0-2493"],
    "trap":["194665-0","194561-0"]
  },
  "entry":{
    "creationTime":1569033884,
    "description":"Druscashti, Upper Level"
  },
  "lastVisit":{
    "Tanis":1569035316,
    "Dizzy":1569034812
  },
  "recordLinks":[],
  "objectData":{
    "483368-0":{
      "refId":"bookskill_sneak4"
    },
    "194561-0":{
      "refId":"door_dwrv_inner00",
      "doorState":1
    },
    "0-2501":{
      "refId":"chitin arrow",
      "count":15,
      "location":{
        "posX":-169.28030395508,
        "posZ":-1407.4975585938,
        "posY":-318.87744140625,
        "rotX":0,
        "rotY":0,
        "rotZ":-2.4697177410126
      }
    },
    "196602-0":{
      "refId":"pelf",
      "location":{
        "posX":123.1911239624,
        "posZ":-1022.9878540039,
        "posY":-966.73364257813,
        "rotX":0,
        "rotY":0,
        "rotZ":2.2501747608185
      },
      "stats":{
        "healthCurrent":0,
        "magickaCurrent":42,
        "healthModified":121,
        "fatigueBase":249,
        "fatigueModified":249,
        "healthBase":121,
        "magickaModified":74,
        "magickaBase":74,
        "fatigueCurrent":249
      },
      "equipment":[{
          "refId":"fur_cuirass",
          "count":1,
          "charge":143,
          "enchantmentCharge":-1
        },{
          "refId":"fur_greaves",
          "count":1,
          "charge":-1,
          "enchantmentCharge":-1
        },null,null,{
          "refId":"fur_bracer_left",
          "count":1,
          "charge":15,
          "enchantmentCharge":-1
        },{
          "refId":"fur_bracer_right",
          "count":1,
          "charge":11,
          "enchantmentCharge":-1
        },{
          "refId":"common_shoes_03",
          "count":1,
          "charge":-1,
          "enchantmentCharge":-1
        },{
          "refId":"common_shirt_02",
          "count":1,
          "charge":-1,
          "enchantmentCharge":-1
        },{
          "refId":"common_pants_04",
          "count":1,
          "charge":-1,
          "enchantmentCharge":-1
        },null,null,null,null,null,null,{
          "refId":"steel war axe of deep biting",
          "count":1,
          "charge":-1,
          "enchantmentCharge":-1
        }],
      "inventory":[{
          "refId":"fur_bracer_right",
          "count":1,
          "charge":11,
          "enchantmentCharge":-1,
          "soul":""
        },{
          "refId":"fur_bracer_left",
          "count":1,
          "charge":15,
          "enchantmentCharge":-1,
          "soul":""
        },{
          "refId":"fur_greaves",
          "count":1,
          "charge":-1,
          "enchantmentCharge":-1,
          "soul":""
        },{
          "refId":"fur_cuirass",
          "count":1,
          "charge":143,
          "enchantmentCharge":-1,
          "soul":""
        },{
          "refId":"common_shirt_02",
          "count":1,
          "charge":-1,
          "enchantmentCharge":-1,
          "soul":""
        },{
          "refId":"common_shoes_03",
          "count":1,
          "charge":-1,
          "enchantmentCharge":-1,
          "soul":""
        },{
          "refId":"common_pants_04",
          "count":1,
          "charge":-1,
          "enchantmentCharge":-1,
          "soul":""
        },{
          "refId":"steel war axe of deep biting",
          "count":1,
          "charge":-1,
          "enchantmentCharge":-1,
          "soul":""
        }],
      "killer":{
        "player":"Tanis"
      }
    },
    "414218-0":{
      "refId":"repair_journeyman_01"
    },
    "440288-0":{
      "refId":"repair_master_01"
    },
    "194558-0":{
      "refId":"door_dwrv_inner00",
      "doorState":1
    },
    "0-2507":{
      "refId":"dwarven shortsword",
      "location":{
        "posX":43.915107727051,
        "posZ":-1406.7006835938,
        "posY":-256.68518066406,
        "rotX":0,
        "rotY":0,
        "rotZ":1.6845614910126
      }
    },
    "194560-0":{
      "refId":"door_dwrv_inner00",
      "doorState":1
    },
    "414223-0":{
      "refId":"crate_01_silver_weapons",
      "inventory":[{
          "refId":"silver war axe",
          "count":1,
          "charge":-1,
          "enchantmentCharge":-1,
          "soul":""
        },{
          "refId":"silver spear",
          "count":1,
          "charge":-1,
          "enchantmentCharge":-1,
          "soul":""
        },{
          "refId":"silver staff",
          "count":1,
          "charge":-1,
          "enchantmentCharge":-1,
          "soul":""
        },{
          "refId":"silver claymore",
          "count":1,
          "charge":-1,
          "enchantmentCharge":-1,
          "soul":""
        },{
          "refId":"silver longsword",
          "count":1,
          "charge":-1,
          "enchantmentCharge":-1,
          "soul":""
        },{
          "refId":"silver dagger",
          "count":1,
          "charge":-1,
          "enchantmentCharge":-1,
          "soul":""
        },{
          "refId":"silver shortsword",
          "count":1,
          "charge":-1,
          "enchantmentCharge":-1,
          "soul":""
        }]
    },
    "0-2492":{
      "refId":"cattle_orc_m01",
      "location":{
        "posX":198.0652923584,
        "posZ":-1023,
        "posY":-819.13024902344,
        "rotX":-0.93886005878448,
        "rotY":0,
        "rotZ":2.7904951572418
      },
      "stats":{
        "healthCurrent":52,
        "magickaCurrent":54.012897491455,
        "healthModified":52,
        "fatigueBase":190,
        "fatigueModified":190,
        "healthBase":52,
        "magickaModified":54.012897491455,
        "magickaBase":60,
        "fatigueCurrent":190
      },
      "equipment":[null,null,null,null,{
          "refId":"slave_bracer_left",
          "count":1,
          "charge":-1,
          "enchantmentCharge":-1
        },{
          "refId":"slave_bracer_right",
          "count":1,
          "charge":-1,
          "enchantmentCharge":-1
        },null,{
          "refId":"common_shirt_01",
          "count":1,
          "charge":-1,
          "enchantmentCharge":-1
        },{
          "refId":"common_pants_01_z",
          "count":1,
          "charge":-1,
          "enchantmentCharge":-1
        }]
    },
    "0-2496":{
      "refId":"dreugh_cuirass",
      "location":{
        "posX":38.557060241699,
        "posZ":-1407.0759277344,
        "posY":-476.69931030273,
        "rotX":0,
        "rotY":0,
        "rotZ":-0.867671251297
      },
      "goldValue":0
    },
    "0-2504":{
      "refId":"food_kwama_egg_02",
      "location":{
        "posX":-217.02090454102,
        "posZ":-1398.8536376953,
        "posY":-282.29415893555,
        "rotX":0,
        "rotY":0,
        "rotZ":1.513881444931
      }
    },
    "194559-0":{
      "refId":"door_dwrv_inner00",
      "doorState":1
    },
    "306796-0":{
      "refId":"dwrv_barrel00",
      "inventory":[{
          "refId":"ingred_scrap_metal_01",
          "count":2,
          "charge":-1,
          "enchantmentCharge":-1,
          "soul":""
        }]
    },