{
  "packets":{
    "actorList":["147922-0","147923-0","147924-0","147925-0","147920-0","147921-0","141915-0","261828-0"],
    "ai":[],
    "cellChangeFrom":["261828-0"],
    "cellChangeTo":[],
    "container":["141934-0","141955-0","321907-0","321917-0","321918-0","321919-0","321920-0","321921-0","321922-0","321923-0","321924-0","321925-0","321926-0","321927-0","321928-0","321929-0","321930-0","147922-0","147923-0","147924-0","147925-0","147920-0","147921-0","141915-0","261828-0"],
    "death":["261828-0"],
    "delete":["141914-0"],
    "doorState":["141916-0","141913-0"],
    "equipment":["147920-0","147921-0","147922-0","147923-0","147924-0","147925-0","261828-0"],
    "lock":["141913-0"],
    "place":[],
    "position":["141915-0","147920-0","147921-0","147922-0","147923-0","147924-0","147925-0","261828-0","141914-0"],
    "scale":[],
    "spawn":[],
    "state":[],
    "statsDynamic":["141915-0","147920-0","147921-0","147922-0","147923-0","147924-0","147925-0","261828-0","141914-0"],
    "trap":[]
  },
  "entry":{
    "creationTime":1569463838,
    "description":"Ebonheart, Argonian Mission"
  },
  "lastVisit":{
    "Dizzy":1569465775
  },
  "recordLinks":[],
  "objectData":{
    "141916-0":{
      "refId":"in_impsmall_door_01",
      "doorState":1
    },
    "321928-0":{
      "refId":"flora_bc_mushroom_07",
      "inventory":[{
          "refId":"ingred_coprinus_01",
          "count":1,
          "charge":-1,
          "enchantmentCharge":-1,
          "soul":""
        }]
    },
    "147922-0":{
      "refId":"onasha",
      "location":{
        "posX":172.05819702148,
        "posZ":257,
        "posY":-298.99926757813,
        "rotX":0.010036943480372,
        "rotY":0,
        "rotZ":-0.82981324195862
      },
      "stats":{
        "healthCurrent":76,
        "magickaCurrent":118,
        "healthModified":76,
        "fatigueBase":207,
        "fatigueModified":207,
        "healthBase":76,
        "magickaModified":118,
        "magickaBase":118,
        "fatigueCurrent":207
      },
      "equipment":[null,null,null,null,null,null,null,{
          "refId":"expensive_shirt_03",
          "count":1,
          "charge":-1,
          "enchantmentCharge":-1
        },null,{
          "refId":"expensive_skirt_03",
          "count":1,
          "charge":-1,
          "enchantmentCharge":-1
        }],
      "inventory":[{
          "refId":"expensive_skirt_03",
          "count":1,
          "charge":-1,
          "enchantmentCharge":-1,
          "soul":""
        },{
          "refId":"expensive_shirt_03",
          "count":1,
          "charge":-1,
          "enchantmentCharge":-1,
          "soul":""
        },{
          "refId":"gold_001",
          "count":8,
          "charge":-1,
          "enchantmentCharge":-1,
          "soul":""
        }]
    },
    "321921-0":{
      "refId":"flora_bc_podplant_01",
      "inventory":[{
          "refId":"ingred_bc_ampoule_pod",
          "count":1,
          "charge":-1,
          "enchantmentCharge":-1,
          "soul":""
        }]
    },
    "141913-0":{
      "refId":"in_impsmall_door_jail_01",
      "doorState":1,
      "lockLevel":0
    },
    "321907-0":{
      "refId":"crate_02_bottle05_16",
      "inventory":[{
          "refId":"misc_com_bottle_05",
          "count":16,
          "charge":-1,
          "enchantmentCharge":-1,
          "soul":""
        }]
    },
    "321918-0":{
      "refId":"flora_bc_mushroom_03",
      "inventory":[{
          "refId":"ingred_russula_01",
          "count":1,
          "charge":-1,
          "enchantmentCharge":-1,
          "soul":""
        }]
    },
    "321924-0":{
      "refId":"flora_bc_podplant_03",
      "inventory":[{
          "refId":"ingred_bc_coda_flower",
          "count":1,
          "charge":-1,
          "enchantmentCharge":-1,
          "soul":""
        }]
    },
    "147923-0":{
      "refId":"geel_lah",
      "location":{
        "posX":-73.207511901855,
        "posZ":257,
        "posY":-262.92767333984,
        "rotX":0.016372190788388,
        "rotY":0,
        "rotZ":-1.5216553211212
      },
      "stats":{
        "healthCurrent":78,
        "magickaCurrent":92,
        "healthModified":78,
        "fatigueBase":221,
        "fatigueModified":221,
        "healthBase":78,
        "magickaModified":92,
        "magickaBase":92,
        "fatigueCurrent":221
      },
      "equipment":[null,null,null,null,null,null,null,{
          "refId":"common_shirt_04",
          "count":1,
          "charge":-1,
          "enchantmentCharge":-1
        },{
          "refId":"common_pants_04",
          "count":1,
          "charge":-1,
          "enchantmentCharge":-1
        }],
      "inventory":[{
          "refId":"netch_leather_greaves",
          "count":1,
          "charge":-1,
          "enchantmentCharge":-1,
          "soul":""
        },{
          "refId":"netch_leather_cuirass",
          "count":1,
          "charge":-1,
          "enchantmentCharge":-1,
          "soul":""
        },{
          "refId":"common_shirt_04",
          "count":1,
          "charge":-1,
          "enchantmentCharge":-1,
          "soul":""
        },{
          "refId":"common_pants_04",
          "count":1,
          "charge":-1,
          "enchantmentCharge":-1,
          "soul":""
        },{
          "refId":"gold_001",
          "count":8,
          "charge":-1,
          "enchantmentCharge":-1,
          "soul":""
        }]
    },
    "321926-0":{
      "refId":"flora_bc_podplant_01",
      "inventory":[{
          "refId":"ingred_bc_ampoule_pod",
          "count":1,
          "charge":-1,
          "enchantmentCharge":-1,
          "soul":""
        }]
    },
    "321930-0":{
      "refId":"flora_bc_mushroom_04",
      "inventory":[{
          "refId":"ingred_russula_01",
          "count":1,
          "charge":-1,
          "enchantmentCharge":-1,
          "soul":""
        }]
    },
    "141914-0":{
      "refId":"slaughterfish",
      "location":{
        "posX":524.61743164063,
        "posZ":-495.1569519043,
        "posY":244.31916809082,
        "rotX":-0.34500494599342,
        "rotY":0,
        "rotZ":-3.0284039974213
      },
      "stats":{
        "healthCurrent":0,
        "magickaCurrent":10,
        "healthModified":23,
        "fatigueBase":400,
        "fatigueModified":400,
        "healthBase":23,
        "magickaModified":10,
        "magickaBase":10,
        "fatigueCurrent":398.24676513672
      }
    },
    "147921-0":{
      "refId":"ukawei",
      "location":{
        "posX":-860.8681640625,
        "posZ":257,
        "posY":-434.83074951172,
        "rotX":0,
        "rotY":0,
        "rotZ":0.37326407432556
      },
      "stats":{
        "healthCurrent":66,
        "magickaCurrent":98,
        "healthModified":66,
        "fatigueBase":210,
        "fatigueModified":210,
        "healthBase":66,
        "magickaModified":98,
        "magickaBase":98,
        "fatigueCurrent":210
      },
      "equipment":{
        "11":{
          "refId":"expensive_robe_02",
          "count":1,
          "charge":-1,
          "enchantmentCharge":-1
        }
      },
      "inventory":[{
          "refId":"expensive_robe_02",
          "count":1,
          "charge":-1,
          "enchantmentCharge":-1,
          "soul":""
        },{
          "refId":"gold_001",
          "count":10,
          "charge":-1,
          "enchantmentCharge":-1,
          "soul":""
        }]
    },
    "141934-0":{
      "refId":"chest_small_01_gold_50",
      "inventory":[{
          "refId":"gold_001",
          "count":50,
          "charge":-1,
          "enchantmentCharge":-1,
          "soul":""
        }]
    },
    "147924-0":{
      "refId":"an_deesei",
      "location":{
        "posX":-236.78709411621,
        "posZ":-255,
        "posY":-342.06793212891,
        "rotX":0,
        "rotY":0,
        "rotZ":-1.0839736461639
      },
      "stats":{
        "healthCurrent":78,
        "magickaCurrent":112,