{
  "packets":{
    "actorList":["0-1982","0-1983","0-1984","0-1985","0-1986","0-1987","0-1988","0-1989","0-1990"],
    "ai":[],
    "cellChangeFrom":[],
    "cellChangeTo":[],
    "container":["250653-0","250654-0","0-1985","0-1986","0-1990","0-1989","0-1983","0-1988","0-1982","0-1987","0-1984"],
    "death":["0-1985","0-1986","0-1990","0-1989","0-1983","0-1988","0-1982","0-1987","0-1984"],
    "delete":[],
    "doorState":["112038-0"],
    "equipment":[],
    "lock":["250653-0"],
    "place":[],
    "position":["0-1982","0-1983","0-1984","0-1985","0-1986","0-1987","0-1988","0-1989","0-1990"],
    "scale":[],
    "spawn":["0-1982","0-1983","0-1984","0-1985","0-1986","0-1987","0-1988","0-1989","0-1990"],
    "state":[],
    "statsDynamic":["0-1982","0-1983","0-1984","0-1985","0-1986","0-1987","0-1988","0-1989","0-1990"],
    "trap":[]
  },
  "entry":{
    "creationTime":1569003402,
    "description":"Falasmaryon, Upper Level"
  },
  "lastVisit":{
    "Dizzy":1569003554,
    "Tanis":1569003560,
    "Dr,Kups":1569003556
  },
  "recordLinks":[],
  "objectData":{
    "112038-0":{
      "refId":"in_strong_vaultdoor00",
      "doorState":1
    },
    "0-1987":{
      "refId":"ash_zombie",
      "location":{
        "posX":1968.0141601563,
        "posZ":-1278.9995117188,
        "posY":3817.6804199219,
        "rotX":-0.054464850574732,
        "rotY":0,
        "rotZ":-0.36969804763794
      },
      "stats":{
        "healthCurrent":0,
        "magickaCurrent":100,
        "healthModified":90,
        "fatigueBase":400,
        "fatigueModified":400,
        "healthBase":90,
        "magickaModified":100,
        "magickaBase":100,
        "fatigueCurrent":400
      },
      "inventory":[{
          "refId":"ingred_ash_salts_01",
          "count":2,
          "charge":-1,
          "enchantmentCharge":-1,
          "soul":""
        },{
          "refId":"spiked club",
          "count":1,
          "charge":-1,
          "enchantmentCharge":-1,
          "soul":""
        }],
      "killer":{
        "player":"Tanis"
      }
    },
    "0-1990":{
      "refId":"corprus_stalker",
      "location":{
        "posX":-2173.080078125,
        "posZ":-1279,
        "posY":2917.3916015625,
        "rotX":0.01595806889236,
        "rotY":0,
        "rotZ":2.2273004055023
      },
      "stats":{
        "healthCurrent":0,
        "magickaCurrent":50,
        "healthModified":60,
        "fatigueBase":300,
        "fatigueModified":300,
        "healthBase":60,
        "magickaModified":50,
        "magickaBase":50,
        "fatigueCurrent":300
      },
      "inventory":[],
      "killer":{
        "player":"Dr,Kups"
      }
    },
    "0-1986":{
      "refId":"corprus_lame",
      "location":{
        "posX":-360.77209472656,
        "posZ":-1278.9992675781,
        "posY":2361.3662109375,
        "rotX":-0.047802079468966,
        "rotY":0,
        "rotZ":1.3288924694061
      },
      "stats":{
        "healthCurrent":0,
        "magickaCurrent":160,
        "healthModified":90,
        "fatigueBase":370,
        "fatigueModified":370,
        "healthBase":90,
        "magickaModified":160,
        "magickaBase":160,
        "fatigueCurrent":370
      },
      "inventory":[],
      "killer":{
        "player":"Tanis"
      }
    },
    "250654-0":{
      "refId":"de_p_chest_02_fclothes3",
      "inventory":[{
          "refId":"common_belt_02",
          "count":1,
          "charge":-1,
          "enchantmentCharge":-1,
          "soul":""
        },{
          "refId":"common_amulet_02",
          "count":1,
          "charge":-1,
          "enchantmentCharge":-1,
          "soul":""
        },{
          "refId":"common_shirt_02",
          "count":1,
          "charge":-1,
          "enchantmentCharge":-1,
          "soul":""
        }]
    },
    "0-1983":{
      "refId":"corprus_lame",
      "location":{
        "posX":-2155.0786132813,
        "posZ":-1279,
        "posY":3009.6474609375,
        "rotX":-0.061362817883492,
        "rotY":0,
        "rotZ":-1.6343057155609
      },
      "stats":{
        "healthCurrent":0,
        "magickaCurrent":160,
        "healthModified":90,
        "fatigueBase":370,
        "fatigueModified":370,
        "healthBase":90,
        "magickaModified":160,
        "magickaBase":160,
        "fatigueCurrent":368.34915161133
      },
      "inventory":[],
      "killer":{
        "player":"Dr,Kups"
      }
    },
    "250653-0":{
      "refId":"de_p_chest_02_potions",
      "inventory":[],
      "lockLevel":0
    },
    "0-1982":{
      "refId":"corprus_lame",
      "location":{
        "posX":950.07458496094,
        "posZ":-1278.9987792969,
        "posY":4625.982421875,
        "rotX":-0.051869157701731,
        "rotY":0,
        "rotZ":3.0279395580292
      },
      "stats":{
        "healthCurrent":0,
        "magickaCurrent":160,
        "healthModified":90,
        "fatigueBase":370,
        "fatigueModified":370,
        "healthBase":90,
        "magickaModified":160,
        "magickaBase":160,
        "fatigueCurrent":367.65078735352
      },
      "inventory":[{
          "refId":"ingred_corprus_weepings_01",
          "count":1,
          "charge":-1,
          "enchantmentCharge":-1,
          "soul":""
        }],
      "killer":{
        "player":"Dr,Kups"
      }
    },
    "0-1989":{
      "refId":"ash_zombie",
      "location":{
        "posX":-2121.52734375,
        "posZ":-1279,
        "posY":2838.7587890625,
        "rotX":0.020096207037568,
        "rotY":0,
        "rotZ":-1.1689994335175
      },
      "stats":{
        "healthCurrent":0,
        "magickaCurrent":100,
        "healthModified":90,
        "fatigueBase":400,
        "fatigueModified":400,
        "healthBase":90,
        "magickaModified":100,
        "magickaBase":100,
        "fatigueCurrent":400
      },
      "inventory":[{
          "refId":"ingred_ash_salts_01",
          "count":1,
          "charge":-1,
          "enchantmentCharge":-1,
          "soul":""
        },{
          "refId":"spiked club",
          "count":1,
          "charge":-1,
          "enchantmentCharge":-1,
          "soul":""
        }],
      "killer":{
        "player":"Dr,Kups"
      }
    },
    "0-1985":{
      "refId":"corprus_lame",
      "location":{
        "posX":316.04052734375,
        "posZ":-1278.9992675781,
        "posY":1080.1176757813,
        "rotX":-0.03316680714488,
        "rotY":0,
        "rotZ":2.3143064975739
      },
      "stats":{
        "healthCurrent":0,
        "magickaCurrent":160,
        "healthModified":90,
        "fatigueBase":370,
        "fatigueModified":370,
        "healthBase":90,
        "magickaModified":160,
        "magickaBase":160,
        "fatigueCurrent":370
      },
      "inventory":[{
          "refId":"ingred_corprus_weepings_01",
          "count":2,
          "charge":-1,
          "enchantmentCharge":-1,
          "soul":""
        }],
      "killer":{
        "player":"Dr,Kups"
      }
    },
    "0-1988":{
      "refId":"ash_slave",
      "location":{
        "posX":-1132.4213867188,
        "posZ":-1260.4938964844,
        "posY":4521.3798828125,
        "rotX":0.27532562613487,
        "rotY":0,
        "rotZ":-1.2224113941193
      },
      "stats":{
        "healthCurrent":0,
        "magickaCurrent":3.7500002384186,
        "healthModified":60,
        "fatigueBase":380,
        "fatigueModified":380,
        "healthBase":60,
        "magickaModified":200,
        "magickaBase":200,
        "fatigueCurrent":379.7375793457
      },
      "inventory":[{
          "refId":"ingred_ash_salts_01",
          "count":1,
          "charge":-1,
          "enchantmentCharge":-1,
          "soul":""
        }],
      "killer":{
        "player":"Dr,Kups"
      }
    },
    "0-1984":{
      "refId":"corprus_lame",
      "location":{
        "posX":2021.6179199219,
        "posZ":-1278.9992675781,
        "posY":1599.2429199219,
        "rotX":-0.029390402138233,
        "rotY":0,