{
  "packets":{
    "actorList":["0-1979","0-1980","0-1981","127618-0","127619-0","127620-0","434440-0","428894-0"],
    "ai":[],
    "cellChangeFrom":[],
    "cellChangeTo":[],
    "container":["250651-0","427951-0","427954-0","427955-0","127618-0","127619-0","127620-0","434440-0","428894-0","0-1979","0-1981","0-1980"],
    "death":["0-1979","127618-0","127620-0","127619-0","428894-0","0-1981","0-1980"],
    "delete":["111956-0","427963-0","427952-0","427953-0","427962-0","127607-0","127605-0","127606-0","427960-0","427957-0","427956-0"],
    "doorState":["111934-0","111933-0"],
    "equipment":["127618-0","127619-0","127620-0","434440-0"],
    "lock":[],
    "place":[],
    "position":["127618-0","127619-0","127620-0","428894-0","434440-0","0-1979","0-1980","0-1981","111956-0"],
    "scale":[],
    "spawn":["0-1979","0-1980","0-1981"],
    "state":[],
    "statsDynamic":["127618-0","127619-0","127620-0","428894-0","434440-0","0-1979","0-1980","0-1981","111956-0"],
    "trap":[]
  },
  "entry":{
    "creationTime":1569003211,
    "description":"Falasmaryon, Lower Level"
  },
  "lastVisit":{
    "Dizzy":1569004197,
    "Tanis":1569004082,
    "Dr,Kups":1569004085
  },
  "recordLinks":[],
  "objectData":{
    "127607-0":{
      "refId":"ingred_6th_corprusmeat_07"
    },
    "427951-0":{
      "refId":"com_chest_02_lev_gold",
      "inventory":[]
    },
    "427960-0":{
      "refId":"exquisite_shirt_01"
    },
    "427952-0":{
      "refId":"p_swift_swim_b"
    },
    "427956-0":{
      "refId":"bookskill_hand to hand2"
    },
    "427962-0":{
      "refId":"sc_firstbarrier"
    },
    "111934-0":{
      "refId":"in_strong_vaultdoor00",
      "doorState":1
    },
    "127619-0":{
      "refId":"dreamer_02",
      "location":{
        "posX":221.24055480957,
        "posZ":-1919,
        "posY":8129.013671875,
        "rotX":-0.0062376614660025,
        "rotY":0,
        "rotZ":0.048139572143555
      },
      "stats":{
        "healthCurrent":0,
        "magickaCurrent":80,
        "healthModified":40,
        "fatigueBase":160,
        "fatigueModified":160,
        "healthBase":40,
        "magickaModified":80,
        "magickaBase":80,
        "fatigueCurrent":153.38926696777
      },
      "equipment":{
        "16":{
          "refId":"iron club",
          "count":1,
          "charge":398,
          "enchantmentCharge":-1
        }
      },
      "inventory":[{
          "refId":"iron club",
          "count":1,
          "charge":398,
          "enchantmentCharge":-1,
          "soul":""
        }],
      "killer":{
        "player":"Dr,Kups"
      }
    },
    "127605-0":{
      "refId":"ingred_6th_corprusmeat_07"
    },
    "111933-0":{
      "refId":"in_strong_vaultdoor00",
      "doorState":1
    },
    "427953-0":{
      "refId":"potion_t_bug_musk_01"
    },
    "427963-0":{
      "refId":"sc_greyfate"
    },
    "427955-0":{
      "refId":"urn_05_ingred",
      "inventory":[]
    },
    "127618-0":{
      "refId":"dreamer",
      "location":{
        "posX":-905.49890136719,
        "posZ":-1918.9992675781,
        "posY":8733.9189453125,
        "rotX":3.0919909477234e-07,
        "rotY":0,
        "rotZ":-1.2498724460602
      },
      "stats":{
        "healthCurrent":0,
        "magickaCurrent":80,
        "healthModified":40,
        "fatigueBase":160,
        "fatigueModified":160,
        "healthBase":40,
        "magickaModified":80,
        "magickaBase":80,
        "fatigueCurrent":154.81150817871
      },
      "equipment":[],
      "inventory":[{
          "refId":"ingred_6th_corprusmeat_01",
          "count":1,
          "charge":-1,
          "enchantmentCharge":-1,
          "soul":""
        },{
          "refId":"iron club",
          "count":1,
          "charge":399,
          "enchantmentCharge":-1,
          "soul":""
        }],
      "killer":{
        "player":"Dr,Kups"
      }
    },
    "434440-0":{
      "refId":"irer nervion",
      "location":{
        "posX":-1612.9995117188,
        "posZ":-1919,
        "posY":7106.9990234375,
        "rotX":0,
        "rotY":0,
        "rotZ":0.3053982257843
      },
      "stats":{
        "healthCurrent":0,
        "magickaCurrent":106,
        "healthModified":0,
        "fatigueBase":281,
        "fatigueModified":281,
        "healthBase":0,
        "magickaModified":106,
        "magickaBase":106,
        "fatigueCurrent":281
      },
      "equipment":{
        "8":{
          "refId":"expensive_shirt_02",
          "count":1,
          "charge":-1,
          "enchantmentCharge":-1
        },
        "12":{
          "refId":"expensive_ring_01_hrdt",
          "count":1,
          "charge":-1,
          "enchantmentCharge":-1
        },
        "9":{
          "refId":"expensive_pants_02",
          "count":1,
          "charge":-1,
          "enchantmentCharge":-1
        }
      },
      "inventory":[{
          "refId":"expensive_ring_01_hrdt",
          "count":1,
          "charge":-1,
          "enchantmentCharge":-1,
          "soul":""
        },{
          "refId":"expensive_shirt_02",
          "count":1,
          "charge":-1,
          "enchantmentCharge":-1,
          "soul":""
        },{
          "refId":"expensive_pants_02",
          "count":1,
          "charge":-1,
          "enchantmentCharge":-1,
          "soul":""
        }]
    },
    "127620-0":{
      "refId":"dreamer_f_01",
      "location":{
        "posX":208.95178222656,
        "posZ":-1919,
        "posY":8125.59765625,
        "rotX":0,
        "rotY":0,
        "rotZ":0.043112277984619
      },
      "stats":{
        "healthCurrent":0,
        "magickaCurrent":80,
        "healthModified":35,
        "fatigueBase":150,
        "fatigueModified":150,
        "healthBase":35,
        "magickaModified":80,
        "magickaBase":80,
        "fatigueCurrent":146.34878540039
      },
      "equipment":[],
      "inventory":[{
          "refId":"ingred_6th_corprusmeat_04",
          "count":1,
          "charge":-1,
          "enchantmentCharge":-1,
          "soul":""
        },{
          "refId":"iron club",
          "count":1,
          "charge":399,
          "enchantmentCharge":-1,
          "soul":""
        }],
      "killer":{
        "player":"Dr,Kups"
      }
    },
    "0-1980":{
      "refId":"ash_zombie",
      "location":{
        "posX":-1920.0849609375,
        "posZ":-1919,
        "posY":7283.58203125,
        "rotX":0.017772844061255,
        "rotY":0,
        "rotZ":1.3781778812408
      },
      "stats":{
        "healthCurrent":0,
        "magickaCurrent":100,
        "healthModified":90,
        "fatigueBase":400,
        "fatigueModified":400,
        "healthBase":90,
        "magickaModified":100,
        "magickaBase":100,
        "fatigueCurrent":400
      },
      "inventory":[{
          "refId":"ingred_ash_salts_01",
          "count":1,
          "charge":-1,
          "enchantmentCharge":-1,
          "soul":""
        },{
          "refId":"spiked club",
          "count":1,
          "charge":-1,
          "enchantmentCharge":-1,
          "soul":""
        }],
      "killer":{
        "player":"Dr,Kups"
      }
    },
    "0-1979":{
      "refId":"ash_slave",
      "location":{
        "posX":-2283.4897460938,
        "posZ":-1918.9992675781,
        "posY":7126.087890625,
        "rotX":0.01517591252923,
        "rotY":0,
        "rotZ":-2.879673242569
      },
      "stats":{
        "healthCurrent":0,
        "magickaCurrent":113.04347229004,
        "healthModified":60,
        "fatigueBase":380,
        "fatigueModified":380,
        "healthBase":60,
        "magickaModified":200,
        "magickaBase":200,
        "fatigueCurrent":379.94189453125
      },
      "inventory":[{
          "refId":"ingred_ash_salts_01",
          "count":1,
          "charge":-1,
          "enchantmentCharge":-1,
          "soul":""
        }],
      "killer":{
        "player":"Dr,Kups"
      }
    },
    "111956-0":{
      "refId":"ash_ghoul_ganel",