{
  "packets":{
    "actorList":["0-1864","0-1865","0-1866","0-1867","0-1868","0-1869","258279-0","258280-0"],
    "ai":[],
    "cellChangeFrom":[],
    "cellChangeTo":[],
    "container":["258276-0","258277-0","390324-0","390325-0","258279-0","258280-0","0-1867","0-1866","0-1864","0-1865"],
    "death":["0-1867","0-1866","0-1864","0-1865","258280-0","258279-0"],
    "delete":[],
    "doorState":[],
    "equipment":[],
    "lock":[],
    "place":[],
    "position":["258279-0","258280-0","0-1864","0-1865","0-1866","0-1867","0-1868","0-1869"],
    "scale":[],
    "spawn":["0-1864","0-1865","0-1866","0-1867","0-1868","0-1869"],
    "state":[],
    "statsDynamic":["258279-0","258280-0","0-1864","0-1865","0-1866","0-1867","0-1868","0-1869"],
    "trap":[]
  },
  "entry":{
    "creationTime":1569001409,
    "description":"Hlormaren, Sewers"
  },
  "lastVisit":{
    "Tanis":1569001526
  },
  "recordLinks":[],
  "objectData":{
    "390324-0":{
      "refId":"barrel_smuggler_01",
      "inventory":[{
          "refId":"sc_ondusisunhinging",
          "count":1,
          "charge":-1,
          "enchantmentCharge":-1,
          "soul":""
        }]
    },
    "0-1867":{
      "refId":"rat",
      "location":{
        "posX":-160.46783447266,
        "posZ":-128.30049133301,
        "posY":-305.12161254883,
        "rotX":0,
        "rotY":0,
        "rotZ":0
      },
      "stats":{
        "healthCurrent":0,
        "magickaCurrent":10,
        "healthModified":23,
        "fatigueBase":300,
        "fatigueModified":300,
        "healthBase":23,
        "magickaModified":10,
        "magickaBase":10,
        "fatigueCurrent":300
      },
      "inventory":[],
      "killer":{
        "player":"Tanis"
      }
    },
    "0-1868":{
      "refId":"rat_diseased",
      "location":{
        "posX":-2996.5432128906,
        "posZ":-52.241058349609,
        "posY":92.372955322266,
        "rotX":-0.041126649826765,
        "rotY":0,
        "rotZ":2.6048405170441
      },
      "stats":{
        "healthCurrent":23,
        "magickaCurrent":10,
        "healthModified":23,
        "fatigueBase":112,
        "fatigueModified":112,
        "healthBase":23,
        "magickaModified":10,
        "magickaBase":10,
        "fatigueCurrent":112
      }
    },
    "0-1865":{
      "refId":"rat_diseased",
      "location":{
        "posX":-4179.0737304688,
        "posZ":-126.9998626709,
        "posY":-7276.5400390625,
        "rotX":0.0055593978613615,
        "rotY":0,
        "rotZ":3.121071100235
      },
      "stats":{
        "healthCurrent":0,
        "magickaCurrent":10,
        "healthModified":23,
        "fatigueBase":135,
        "fatigueModified":135,
        "healthBase":23,
        "magickaModified":10,
        "magickaBase":10,
        "fatigueCurrent":135
      },
      "inventory":[],
      "killer":{
        "player":"Tanis"
      }
    },
    "258276-0":{
      "refId":"barrel_01_ingredients_f",
      "inventory":[{
          "refId":"ingred_muck_01",
          "count":2,
          "charge":-1,
          "enchantmentCharge":-1,
          "soul":""
        },{
          "refId":"ingred_bloat_01",
          "count":1,
          "charge":-1,
          "enchantmentCharge":-1,
          "soul":""
        },{
          "refId":"ingred_hackle-lo_leaf_01",
          "count":1,
          "charge":-1,
          "enchantmentCharge":-1,
          "soul":""
        },{
          "refId":"food_kwama_egg_02",
          "count":1,
          "charge":-1,
          "enchantmentCharge":-1,
          "soul":""
        },{
          "refId":"ingred_netch_leather_01",
          "count":1,
          "charge":-1,
          "enchantmentCharge":-1,
          "soul":""
        },{
          "refId":"ingred_wickwheat_01",
          "count":1,
          "charge":-1,
          "enchantmentCharge":-1,
          "soul":""
        },{
          "refId":"ingred_trama_root_01",
          "count":1,
          "charge":-1,
          "enchantmentCharge":-1,
          "soul":""
        }]
    },
    "258279-0":{
      "refId":"slaughterfish",
      "location":{
        "posX":-3724.4377441406,
        "posZ":-340.71887207031,
        "posY":-9816.2509765625,
        "rotX":0.25210812687874,
        "rotY":0,
        "rotZ":-2.6730115413666
      },
      "stats":{
        "healthCurrent":0,
        "magickaCurrent":10,
        "healthModified":23,
        "fatigueBase":400,
        "fatigueModified":400,
        "healthBase":23,
        "magickaModified":10,
        "magickaBase":10,
        "fatigueCurrent":388.30706787109
      },
      "inventory":[{
          "refId":"ingred_scales_01",
          "count":2,
          "charge":-1,
          "enchantmentCharge":-1,
          "soul":""
        }],
      "killer":{
        "player":"Tanis"
      }
    },
    "258277-0":{
      "refId":"barrel_01_ingredients_f",
      "inventory":[{
          "refId":"ingred_racer_plumes_01",
          "count":1,
          "charge":-1,
          "enchantmentCharge":-1,
          "soul":""
        },{
          "refId":"ingred_comberry_01",
          "count":1,
          "charge":-1,
          "enchantmentCharge":-1,
          "soul":""
        },{
          "refId":"ingred_scamp_skin_01",
          "count":1,
          "charge":-1,
          "enchantmentCharge":-1,
          "soul":""
        },{
          "refId":"ingred_scathecraw_01",
          "count":2,
          "charge":-1,
          "enchantmentCharge":-1,
          "soul":""
        },{
          "refId":"ingred_dreugh_wax_01",
          "count":1,
          "charge":-1,
          "enchantmentCharge":-1,
          "soul":""
        }]
    },
    "0-1864":{
      "refId":"rat",
      "location":{
        "posX":-3547.0922851563,
        "posZ":-126.99980926514,
        "posY":-6851.5415039063,
        "rotX":0.031541403383017,
        "rotY":0,
        "rotZ":-3.0316269397736
      },
      "stats":{
        "healthCurrent":0,
        "magickaCurrent":10,
        "healthModified":23,
        "fatigueBase":300,
        "fatigueModified":300,
        "healthBase":23,
        "magickaModified":10,
        "magickaBase":10,
        "fatigueCurrent":300
      },
      "inventory":[],
      "killer":{
        "player":"Tanis"
      }
    },
    "0-1866":{
      "refId":"rat_blighted",
      "location":{
        "posX":-1781.5119628906,
        "posZ":-164.75982666016,
        "posY":-2030.5129394531,
        "rotX":0,
        "rotY":0,
        "rotZ":-1.6308538913727
      },
      "stats":{
        "healthCurrent":0,
        "magickaCurrent":10,
        "healthModified":45,
        "fatigueBase":125,
        "fatigueModified":125,
        "healthBase":45,
        "magickaModified":10,
        "magickaBase":10,
        "fatigueCurrent":125
      },
      "inventory":[{
          "refId":"ingred_rat_meat_01",
          "count":2,
          "charge":-1,
          "enchantmentCharge":-1,
          "soul":""
        }],
      "killer":{
        "player":"Tanis"
      }
    },
    "390325-0":{
      "refId":"barrel_smuggler_01",
      "inventory":[{
          "refId":"heartbite ring",
          "count":1,
          "charge":-1,
          "enchantmentCharge":-1,
          "soul":""
        },{
          "refId":"ingred_ash_yam_01",
          "count":1,
          "charge":-1,
          "enchantmentCharge":-1,
          "soul":""
        },{
          "refId":"misc_soulgem_greater",
          "count":1,
          "charge":-1,
          "enchantmentCharge":-1,
          "soul":""
        }]
    },
    "0-1869":{
      "refId":"rat_blighted",
      "location":{
        "posX":-4176.4741210938,
        "posZ":-126.99987792969,
        "posY":-3180.2282714844,
        "rotX":0.010389909148216,
        "rotY":0,
        "rotZ":-0.34759211540222
      },
      "stats":{
        "healthCurrent":45,
        "magickaCurrent":10,
        "healthModified":45,
        "fatigueBase":73,
        "fatigueModified":73,
        "healthBase":45,
        "magickaModified":10,