{
  "packets":{
    "actorList":["32198-0","32199-0","32200-0","32203-0","32204-0","32205-0","32210-0","32214-0","32217-0","32218-0"],
    "ai":[],
    "cellChangeFrom":[],
    "cellChangeTo":[],
    "container":["32155-0","32157-0","32201-0","32198-0","32199-0","32200-0","32203-0","32204-0","32205-0","32210-0","32214-0","32217-0","32218-0"],
    "death":["32198-0","32200-0","32199-0"],
    "delete":[],
    "doorState":["32141-0","32137-0","32144-0","32135-0"],
    "equipment":["32198-0","32199-0","32200-0","32203-0","32204-0","32205-0","32210-0","32214-0","32217-0","32218-0"],
    "lock":["32141-0","32137-0","32144-0","32135-0"],
    "place":[],
    "position":["32198-0","32199-0","32200-0","32203-0","32204-0","32205-0","32210-0","32214-0","32217-0","32218-0"],
    "scale":[],
    "spawn":[],
    "state":["32203-0","32204-0","32205-0","32210-0","32217-0","32218-0"],
    "statsDynamic":["32198-0","32199-0","32200-0","32203-0","32204-0","32205-0","32210-0","32214-0","32217-0","32218-0"],
    "trap":[]
  },
  "entry":{
    "creationTime":1569001091,
    "description":"Hlormaren, Underground"
  },
  "lastVisit":{
    "Tanis":1569001409
  },
  "recordLinks":[],
  "objectData":{
    "32203-0":{
      "refId":"reemukeeus",
      "location":{
        "posX":1255.9289550781,
        "posZ":-127,
        "posY":-568.86199951172,
        "rotX":0.01155209261924,
        "rotY":0,
        "rotZ":0.40515518188477
      },
      "stats":{
        "healthCurrent":40,
        "magickaCurrent":77,
        "fatigueModified":160,
        "fatigueBase":160,
        "healthBase":40,
        "healthModified":40,
        "magickaModified":77,
        "magickaBase":80,
        "fatigueCurrent":160
      },
      "equipment":[null,null,null,null,null,null,null,null,{
          "refId":"common_pants_03",
          "count":1,
          "charge":-1,
          "enchantmentCharge":-1
        }],
      "inventory":[{
          "refId":"slave_bracer_right",
          "count":1,
          "charge":-1,
          "enchantmentCharge":-1,
          "soul":""
        },{
          "refId":"common_pants_03",
          "count":1,
          "charge":-1,
          "enchantmentCharge":-1,
          "soul":""
        }],
      "state":false
    },
    "32155-0":{
      "refId":"crate__02_skooma2",
      "inventory":[]
    },
    "32141-0":{
      "refId":"in_strong_vaultdoor00",
      "doorState":1,
      "lockLevel":0
    },
    "32205-0":{
      "refId":"dreaded_water",
      "location":{
        "posX":-1093.3907470703,
        "posZ":-127,
        "posY":-662.81689453125,
        "rotX":0.015774622559547,
        "rotY":0,
        "rotZ":-1.4394533634186
      },
      "stats":{
        "healthCurrent":40,
        "magickaCurrent":77,
        "fatigueModified":160,
        "fatigueBase":160,
        "healthBase":40,
        "healthModified":40,
        "magickaModified":77,
        "magickaBase":80,
        "fatigueCurrent":160
      },
      "equipment":[null,null,null,null,null,null,null,null,{
          "refId":"common_pants_02",
          "count":1,
          "charge":-1,
          "enchantmentCharge":-1
        }],
      "inventory":[{
          "refId":"slave_bracer_right",
          "count":1,
          "charge":-1,
          "enchantmentCharge":-1,
          "soul":""
        },{
          "refId":"common_pants_02",
          "count":1,
          "charge":-1,
          "enchantmentCharge":-1,
          "soul":""
        }],
      "state":false
    },
    "32144-0":{
      "refId":"in_strong_vaultdoor00",
      "doorState":1,
      "lockLevel":0
    },
    "32135-0":{
      "refId":"in_strong_vaultdoor00",
      "doorState":1,
      "lockLevel":0
    },
    "32200-0":{
      "refId":"arkming the flayer",
      "location":{
        "posX":1033.9704589844,
        "posZ":-127,
        "posY":-594.83123779297,
        "rotX":0.0044043902307749,
        "rotY":0,
        "rotZ":-0.1197943687439
      },
      "stats":{
        "healthCurrent":0,
        "magickaCurrent":72,
        "healthModified":106,
        "fatigueBase":233,
        "fatigueModified":233,
        "healthBase":106,
        "magickaModified":72,
        "magickaBase":72,
        "fatigueCurrent":221.31127929688
      },
      "equipment":{
        "1":{
          "refId":"fur_cuirass",
          "count":1,
          "charge":147,
          "enchantmentCharge":-1
        },
        "3":{
          "refId":"fur_pauldron_left",
          "count":1,
          "charge":-1,
          "enchantmentCharge":-1
        },
        "4":{
          "refId":"fur_pauldron_right",
          "count":1,
          "charge":47,
          "enchantmentCharge":-1
        },
        "7":{
          "refId":"fur_boots",
          "count":1,
          "charge":-1,
          "enchantmentCharge":-1
        },
        "9":{
          "refId":"common_pants_04",
          "count":1,
          "charge":-1,
          "enchantmentCharge":-1
        },
        "16":{
          "refId":"spiked club",
          "count":1,
          "charge":-1,
          "enchantmentCharge":-1
        }
      },
      "inventory":[{
          "refId":"fur_boots",
          "count":1,
          "charge":-1,
          "enchantmentCharge":-1,
          "soul":""
        },{
          "refId":"fur_pauldron_right",
          "count":1,
          "charge":47,
          "enchantmentCharge":-1,
          "soul":""
        },{
          "refId":"fur_pauldron_left",
          "count":1,
          "charge":-1,
          "enchantmentCharge":-1,
          "soul":""
        },{
          "refId":"fur_cuirass",
          "count":1,
          "charge":147,
          "enchantmentCharge":-1,
          "soul":""
        },{
          "refId":"common_pants_04",
          "count":1,
          "charge":-1,
          "enchantmentCharge":-1,
          "soul":""
        },{
          "refId":"spiked club",
          "count":1,
          "charge":-1,
          "enchantmentCharge":-1,
          "soul":""
        }],
      "killer":{
        "player":"Tanis"
      }
    },
    "32198-0":{
      "refId":"sharog gra-ulfish",
      "location":{
        "posX":37.022747039795,
        "posZ":-127,
        "posY":-1004.7052612305,
        "rotX":0.014290949329734,
        "rotY":0,
        "rotZ":0.2327287197113
      },
      "stats":{
        "healthCurrent":0,
        "magickaCurrent":92,
        "healthModified":111,
        "fatigueBase":246,
        "fatigueModified":246,
        "healthBase":111,
        "magickaModified":92,
        "magickaBase":92,
        "fatigueCurrent":246
      },
      "equipment":{
        "2":{
          "refId":"fur_greaves",
          "count":1,
          "charge":-1,
          "enchantmentCharge":-1
        },
        "5":{
          "refId":"fur_gauntlet_left",
          "count":1,
          "charge":-1,
          "enchantmentCharge":-1
        },
        "6":{
          "refId":"fur_gauntlet_right",
          "count":1,
          "charge":-1,
          "enchantmentCharge":-1
        },
        "7":{
          "refId":"fur_boots",
          "count":1,
          "charge":47,
          "enchantmentCharge":-1
        },
        "8":{
          "refId":"common_shirt_01",
          "count":1,
          "charge":-1,
          "enchantmentCharge":-1
        },
        "9":{
          "refId":"common_pants_04",
          "count":1,
          "charge":-1,
          "enchantmentCharge":-1
        },
        "16":{
          "refId":"steel axe",
          "count":1,
          "charge":-1,
          "enchantmentCharge":-1
        }
      },
      "inventory":[{
          "refId":"fur_gauntlet_right",
          "count":1,
          "charge":-1,
          "enchantmentCharge":-1,
          "soul":""
        },{
          "refId":"fur_gauntlet_left",
          "count":1,
          "charge":-1,
          "enchantmentCharge":-1,
          "soul":""
        },{
          "refId":"fur_boots",
          "count":1,
          "charge":47,
          "enchantmentCharge":-1,