{
  "packets":{
    "actorList":["0-2209","0-2210","0-2211","380907-0","409999-0"],
    "ai":[],
    "cellChangeFrom":[],
    "cellChangeTo":[],
    "container":["380907-0","409999-0","0-2211","0-2209","0-2210"],
    "death":["380907-0","0-2211","0-2209","0-2210"],
    "delete":[],
    "doorState":[],
    "equipment":["380907-0","409999-0","0-2209"],
    "lock":[],
    "place":[],
    "position":["380907-0","409999-0","0-2209","0-2210","0-2211"],
    "scale":[],
    "spawn":["0-2209","0-2210","0-2211"],
    "state":[],
    "statsDynamic":["380907-0","409999-0","0-2209","0-2210","0-2211"],
    "trap":[]
  },
  "entry":{
    "creationTime":1569015643,
    "description":"Ilunibi, Tainted Marrow"
  },
  "lastVisit":{
    "Dizzy":1569015889
  },
  "recordLinks":[],
  "objectData":{
    "0-2211":{
      "refId":"ash_slave",
      "location":{
        "posX":6127.4814453125,
        "posZ":148.59504699707,
        "posY":1638.4473876953,
        "rotX":0.25486451387405,
        "rotY":0,
        "rotZ":0.95172238349915
      },
      "stats":{
        "healthCurrent":0,
        "magickaCurrent":33.333335876465,
        "healthModified":60,
        "fatigueBase":380,
        "fatigueModified":380,
        "healthBase":60,
        "magickaModified":200,
        "magickaBase":200,
        "fatigueCurrent":379.80096435547
      },
      "inventory":[{
          "refId":"ingred_ash_salts_01",
          "count":1,
          "charge":-1,
          "enchantmentCharge":-1,
          "soul":""
        }],
      "killer":{
        "player":"Dizzy"
      }
    },
    "0-2209":{
      "refId":"dremora",
      "location":{
        "posX":5370.1616210938,
        "posZ":777.77740478516,
        "posY":6594.6259765625,
        "rotX":0.087281599640846,
        "rotY":0,
        "rotZ":0.13333439826965
      },
      "stats":{
        "healthCurrent":0,
        "magickaCurrent":40,
        "healthModified":160,
        "fatigueBase":400,
        "fatigueModified":400,
        "healthBase":160,
        "magickaModified":100,
        "magickaBase":100,
        "fatigueCurrent":359.36938476563
      },
      "equipment":{
        "16":{
          "refId":"ebony spear",
          "count":1,
          "charge":1182,
          "enchantmentCharge":-1
        }
      },
      "inventory":[{
          "refId":"ebony spear",
          "count":1,
          "charge":1182,
          "enchantmentCharge":-1,
          "soul":""
        }],
      "killer":{
        "player":"Dizzy"
      }
    },
    "0-2210":{
      "refId":"corprus_stalker",
      "location":{
        "posX":-129.96614074707,
        "posZ":905.60992431641,
        "posY":5574.5512695313,
        "rotX":0.077469632029533,
        "rotY":0,
        "rotZ":-1.3771040439606
      },
      "stats":{
        "healthCurrent":0,
        "magickaCurrent":50,
        "healthModified":60,
        "fatigueBase":300,
        "fatigueModified":300,
        "healthBase":60,
        "magickaModified":50,
        "magickaBase":50,
        "fatigueCurrent":300
      },
      "inventory":[{
          "refId":"ingred_corprus_weepings_01",
          "count":1,
          "charge":-1,
          "enchantmentCharge":-1,
          "soul":""
        }],
      "killer":{
        "player":"Dizzy"
      }
    },
    "380907-0":{
      "refId":"dreamer",
      "location":{
        "posX":6410.744140625,
        "posZ":122.00463867188,
        "posY":724.08972167969,
        "rotX":-0.051344513893127,
        "rotY":0,
        "rotZ":-2.2631013393402
      },
      "stats":{
        "healthCurrent":0,
        "magickaCurrent":80,
        "healthModified":40,
        "fatigueBase":160,
        "fatigueModified":160,
        "healthBase":40,
        "magickaModified":80,
        "magickaBase":80,
        "fatigueCurrent":154.77415466309
      },
      "equipment":{
        "16":{
          "refId":"iron club",
          "count":1,
          "charge":398,
          "enchantmentCharge":-1
        }
      },
      "inventory":[{
          "refId":"ingred_6th_corprusmeat_01",
          "count":1,
          "charge":-1,
          "enchantmentCharge":-1,
          "soul":""
        },{
          "refId":"iron club",
          "count":1,
          "charge":398,
          "enchantmentCharge":-1,
          "soul":""
        }],
      "killer":{
        "player":"Dizzy"
      }
    },
    "409999-0":{
      "refId":"dead random female",
      "location":{
        "posX":683.09240722656,
        "posZ":1198.9409179688,
        "posY":4997.4951171875,
        "rotX":0,
        "rotY":0,
        "rotZ":0
      },
      "stats":{
        "healthCurrent":0,
        "magickaCurrent":92,
        "healthModified":0,
        "fatigueBase":226,
        "fatigueModified":226,
        "healthBase":0,
        "magickaModified":92,
        "magickaBase":92,
        "fatigueCurrent":226
      },
      "equipment":{
        "0":{
          "refId":"chitin helm",
          "count":1,
          "charge":-1,
          "enchantmentCharge":-1
        },
        "1":{
          "refId":"silver_cuirass",
          "count":1,
          "charge":-1,
          "enchantmentCharge":-1
        },
        "2":{
          "refId":"chitin greaves",
          "count":1,
          "charge":-1,
          "enchantmentCharge":-1
        },
        "4":{
          "refId":"chitin pauldron - right",
          "count":1,
          "charge":-1,
          "enchantmentCharge":-1
        },
        "5":{
          "refId":"dwemer_bracer_left",
          "count":1,
          "charge":-1,
          "enchantmentCharge":-1
        },
        "6":{
          "refId":"netch_leather_gauntlet_right",
          "count":1,
          "charge":-1,
          "enchantmentCharge":-1
        },
        "7":{
          "refId":"steel_boots",
          "count":1,
          "charge":-1,
          "enchantmentCharge":-1
        },
        "16":{
          "refId":"wild sparksword",
          "count":1,
          "charge":-1,
          "enchantmentCharge":-1
        },
        "17":{
          "refId":"bonemold_shield",
          "count":1,
          "charge":-1,
          "enchantmentCharge":-1
        }
      },
      "inventory":[{
          "refId":"steel_boots",
          "count":1,
          "charge":-1,
          "enchantmentCharge":-1,
          "soul":""
        },{
          "refId":"dwemer_bracer_left",
          "count":1,
          "charge":-1,
          "enchantmentCharge":-1,
          "soul":""
        },{
          "refId":"silver_cuirass",
          "count":1,
          "charge":-1,
          "enchantmentCharge":-1,
          "soul":""
        },{
          "refId":"netch_leather_gauntlet_right",
          "count":1,
          "charge":-1,
          "enchantmentCharge":-1,
          "soul":""
        },{
          "refId":"chitin greaves",
          "count":1,
          "charge":-1,
          "enchantmentCharge":-1,
          "soul":""
        },{
          "refId":"chitin helm",
          "count":1,
          "charge":-1,
          "enchantmentCharge":-1,
          "soul":""
        },{
          "refId":"chitin pauldron - right",
          "count":1,
          "charge":-1,
          "enchantmentCharge":-1,
          "soul":""
        },{
          "refId":"bonemold_shield",
          "count":1,
          "charge":-1,
          "enchantmentCharge":-1,
          "soul":""
        },{
          "refId":"pick_apprentice_01",
          "count":1,
          "charge":-1,
          "enchantmentCharge":-1,
          "soul":""
        },{
          "refId":"gold_001",
          "count":1,
          "charge":-1,
          "enchantmentCharge":-1,
          "soul":""
        },{
          "refId":"probe_apprentice_01",
          "count":1,
          "charge":-1,
          "enchantmentCharge":-1,
          "soul":""
        },{
          "refId":"wild sparksword",
          "count":1,
          "charge":-1,
          "enchantmentCharge":-1,
          "soul":""
        }]
    }
  }
}