{
  "packets":{
    "actorList":["0-2221","380664-0","380665-0"],
    "ai":[],
    "cellChangeFrom":[],
    "cellChangeTo":[],
    "container":["380664-0","380665-0","0-2221"],
    "death":["0-2221","380664-0","380665-0"],
    "delete":["470765-0","385500-0","385505-0","385504-0","385506-0","385497-0","385487-0","385502-0","385503-0"],
    "doorState":[],
    "equipment":["380664-0","380665-0"],
    "lock":[],
    "place":[],
    "position":["380664-0","380665-0","470765-0","0-2221"],
    "scale":[],
    "spawn":["0-2221"],
    "state":[],
    "statsDynamic":["380664-0","380665-0","470765-0","0-2221"],
    "trap":[]
  },
  "entry":{
    "creationTime":1569015950,
    "description":"Ilunibi, Soul's Rattle"
  },
  "lastVisit":{
    "Dizzy":1569016186
  },
  "recordLinks":[],
  "objectData":{
    "385502-0":{
      "refId":"gauntlet_fists_l_unique"
    },
    "380665-0":{
      "refId":"dreamer_05",
      "location":{
        "posX":4095.8076171875,
        "posZ":12165.025390625,
        "posY":2341.3752441406,
        "rotX":-0.044931750744581,
        "rotY":0,
        "rotZ":-0.13306927680969
      },
      "stats":{
        "healthCurrent":0,
        "magickaCurrent":20,
        "healthModified":45,
        "fatigueBase":178,
        "fatigueModified":178,
        "healthBase":45,
        "magickaModified":20,
        "magickaBase":20,
        "fatigueCurrent":178
      },
      "equipment":{
        "16":{
          "refId":"iron club",
          "count":1,
          "charge":-1,
          "enchantmentCharge":-1
        }
      },
      "inventory":[{
          "refId":"ingred_6th_corprusmeat_01",
          "count":1,
          "charge":-1,
          "enchantmentCharge":-1,
          "soul":""
        },{
          "refId":"iron club",
          "count":1,
          "charge":396,
          "enchantmentCharge":-1,
          "soul":""
        }],
      "killer":{
        "player":"Dizzy"
      }
    },
    "385487-0":{
      "refId":"amulet of 6th house"
    },
    "385504-0":{
      "refId":"sc_elementalburstfrost"
    },
    "385503-0":{
      "refId":"gauntlet_fists_r_unique"
    },
    "470765-0":{
      "refId":"dagoth gares",
      "location":{
        "posX":4152.82421875,
        "posZ":12168.711914063,
        "posY":3520.0217285156,
        "rotX":0.10596919804811,
        "rotY":0,
        "rotZ":0.013041019439697
      },
      "stats":{
        "healthCurrent":0,
        "magickaCurrent":10,
        "healthModified":220,
        "fatigueBase":230,
        "fatigueModified":230,
        "healthBase":220,
        "magickaModified":100,
        "magickaBase":100,
        "fatigueCurrent":193.80133056641
      }
    },
    "385497-0":{
      "refId":"glass_boots"
    },
    "0-2221":{
      "refId":"ash_zombie",
      "location":{
        "posX":2124.6713867188,
        "posZ":12420.999023438,
        "posY":3515.0263671875,
        "rotX":0.15502478182316,
        "rotY":0,
        "rotZ":-0.10083103179932
      },
      "stats":{
        "healthCurrent":0,
        "magickaCurrent":100,
        "healthModified":90,
        "fatigueBase":400,
        "fatigueModified":400,
        "healthBase":90,
        "magickaModified":100,
        "magickaBase":100,
        "fatigueCurrent":396.70013427734
      },
      "inventory":[{
          "refId":"ingred_ash_salts_01",
          "count":2,
          "charge":-1,
          "enchantmentCharge":-1,
          "soul":""
        },{
          "refId":"spiked club",
          "count":1,
          "charge":-1,
          "enchantmentCharge":-1,
          "soul":""
        }],
      "killer":{
        "player":"Dizzy"
      }
    },
    "385505-0":{
      "refId":"p_drain_agility_q"
    },
    "385506-0":{
      "refId":"p_light_s"
    },
    "380664-0":{
      "refId":"dreamer",
      "location":{
        "posX":4171.462890625,
        "posZ":12162.16796875,
        "posY":2460.2534179688,
        "rotX":0.023928117007017,
        "rotY":0,
        "rotZ":-0.67247486114502
      },
      "stats":{
        "healthCurrent":0,
        "magickaCurrent":80,
        "healthModified":40,
        "fatigueBase":160,
        "fatigueModified":160,
        "healthBase":40,
        "magickaModified":80,
        "magickaBase":80,
        "fatigueCurrent":152.99145507813
      },
      "equipment":{
        "16":{
          "refId":"iron club",
          "count":1,
          "charge":-1,
          "enchantmentCharge":-1
        }
      },
      "inventory":[{
          "refId":"ingred_6th_corprusmeat_01",
          "count":1,
          "charge":-1,
          "enchantmentCharge":-1,
          "soul":""
        },{
          "refId":"iron club",
          "count":1,
          "charge":398,
          "enchantmentCharge":-1,
          "soul":""
        }],
      "killer":{
        "player":"Dizzy"
      }
    },
    "385500-0":{
      "refId":"repair_journeyman_01"
    }
  }
}