{
  "packets":{
    "actorList":["0-1572","0-1574","0-1575","114408-0","114409-0","114410-0","114444-0","114445-0"],
    "ai":[],
    "cellChangeFrom":[],
    "cellChangeTo":["114400-0"],
    "container":["114446-0","114447-0","114408-0","114409-0","114410-0","114444-0","114445-0","0-1572","0-1575"],
    "death":["114410-0","114409-0","114408-0","114445-0","0-1572","0-1575"],
    "delete":[],
    "doorState":[],
    "equipment":["114408-0","114409-0","114410-0","114444-0","114445-0"],
    "lock":[],
    "place":[],
    "position":["114408-0","114409-0","114410-0","114444-0","114445-0","0-1572","0-1574","0-1575"],
    "scale":[],
    "spawn":["0-1572","0-1574","0-1575"],
    "state":[],
    "statsDynamic":["114408-0","114409-0","114410-0","114444-0","114445-0","0-1572","0-1574","0-1575"],
    "trap":[]
  },
  "entry":{
    "creationTime":1568870309,
    "description":"Indoranyon"
  },
  "lastVisit":{
    "Dizzy":1568873334
  },
  "recordLinks":[],
  "objectData":{
    "0-1574":{
      "refId":"scamp",
      "location":{
        "posX":155.7756652832,
        "posZ":-749.16101074219,
        "posY":-876.80932617188,
        "rotX":-1.3803788423538,
        "rotY":0,
        "rotZ":-1.6870038509369
      },
      "stats":{
        "healthCurrent":45,
        "magickaCurrent":100,
        "healthModified":45,
        "fatigueBase":400,
        "fatigueModified":400,
        "healthBase":45,
        "magickaModified":100,
        "magickaBase":100,
        "fatigueCurrent":400
      }
    },
    "114445-0":{
      "refId":"mehrunesworshipper_f01",
      "location":{
        "posX":1301.4587402344,
        "posZ":-881.08679199219,
        "posY":679.26000976563,
        "rotX":-0.16194844245911,
        "rotY":0,
        "rotZ":-2.2388670444489
      },
      "stats":{
        "healthCurrent":0,
        "magickaCurrent":109.91304779053,
        "healthModified":54,
        "fatigueBase":187,
        "fatigueModified":187,
        "healthBase":54,
        "magickaModified":158,
        "magickaBase":158,
        "fatigueCurrent":23.154483795166
      },
      "equipment":{
        "1":{
          "refId":"netch_leather_boiled_cuirass",
          "count":1,
          "charge":-1,
          "enchantmentCharge":-1
        },
        "2":{
          "refId":"netch_leather_greaves",
          "count":1,
          "charge":-1,
          "enchantmentCharge":-1
        },
        "7":{
          "refId":"netch_leather_boots",
          "count":1,
          "charge":-1,
          "enchantmentCharge":-1
        },
        "11":{
          "refId":"common_robe_01",
          "count":1,
          "charge":-1,
          "enchantmentCharge":-1
        },
        "16":{
          "refId":"chitin short bow",
          "count":1,
          "charge":483,
          "enchantmentCharge":-1
        },
        "18":{
          "refId":"chitin arrow",
          "count":43,
          "charge":-1,
          "enchantmentCharge":-1
        }
      },
      "inventory":[{
          "refId":"p_levitation_s",
          "count":1,
          "charge":-1,
          "enchantmentCharge":-1,
          "soul":""
        },{
          "refId":"netch_leather_boots",
          "count":1,
          "charge":-1,
          "enchantmentCharge":-1,
          "soul":""
        },{
          "refId":"netch_leather_greaves",
          "count":1,
          "charge":-1,
          "enchantmentCharge":-1,
          "soul":""
        },{
          "refId":"netch_leather_boiled_cuirass",
          "count":1,
          "charge":-1,
          "enchantmentCharge":-1,
          "soul":""
        },{
          "refId":"common_robe_01",
          "count":1,
          "charge":-1,
          "enchantmentCharge":-1,
          "soul":""
        },{
          "refId":"chitin arrow",
          "count":43,
          "charge":-1,
          "enchantmentCharge":-1,
          "soul":""
        },{
          "refId":"chitin short bow",
          "count":1,
          "charge":483,
          "enchantmentCharge":-1,
          "soul":""
        }],
      "killer":{
        "player":"Dizzy"
      }
    },
    "0-1575":{
      "refId":"scamp",
      "location":{
        "posX":2121.5,
        "posZ":-422.57333374023,
        "posY":2247.4797363281,
        "rotX":-0.20017629861832,
        "rotY":0,
        "rotZ":2.6389935016632
      },
      "stats":{
        "healthCurrent":0,
        "magickaCurrent":100,
        "healthModified":45,
        "fatigueBase":400,
        "fatigueModified":400,
        "healthBase":45,
        "magickaModified":100,
        "magickaBase":100,
        "fatigueCurrent":169.81298828125
      },
      "inventory":[{
          "refId":"ingred_scamp_skin_01",
          "count":1,
          "charge":-1,
          "enchantmentCharge":-1,
          "soul":""
        }],
      "killer":{
        "player":"Dizzy"
      }
    },
    "114409-0":{
      "refId":"mehrunesworshipper_f01",
      "location":{
        "posX":3209.8383789063,
        "posZ":-751.00006103516,
        "posY":707.1865234375,
        "rotX":-0.072576351463795,
        "rotY":0,
        "rotZ":-0.17177581787109
      },
      "stats":{
        "healthCurrent":0,
        "magickaCurrent":133.95651245117,
        "healthModified":54,
        "fatigueBase":187,
        "fatigueModified":187,
        "healthBase":54,
        "magickaModified":158,
        "magickaBase":158,
        "fatigueCurrent":135.30549621582
      },
      "equipment":{
        "1":{
          "refId":"netch_leather_boiled_cuirass",
          "count":1,
          "charge":-1,
          "enchantmentCharge":-1
        },
        "2":{
          "refId":"netch_leather_greaves",
          "count":1,
          "charge":-1,
          "enchantmentCharge":-1
        },
        "7":{
          "refId":"netch_leather_boots",
          "count":1,
          "charge":-1,
          "enchantmentCharge":-1
        },
        "11":{
          "refId":"common_robe_01",
          "count":1,
          "charge":-1,
          "enchantmentCharge":-1
        },
        "16":{
          "refId":"chitin short bow",
          "count":1,
          "charge":480,
          "enchantmentCharge":-1
        },
        "18":{
          "refId":"chitin arrow",
          "count":40,
          "charge":-1,
          "enchantmentCharge":-1
        }
      },
      "inventory":[{
          "refId":"p_levitation_s",
          "count":1,
          "charge":-1,
          "enchantmentCharge":-1,
          "soul":""
        },{
          "refId":"netch_leather_boots",
          "count":1,
          "charge":-1,
          "enchantmentCharge":-1,
          "soul":""
        },{
          "refId":"netch_leather_greaves",
          "count":1,
          "charge":-1,
          "enchantmentCharge":-1,
          "soul":""
        },{
          "refId":"netch_leather_boiled_cuirass",
          "count":1,
          "charge":-1,
          "enchantmentCharge":-1,
          "soul":""
        },{
          "refId":"common_robe_01",
          "count":1,
          "charge":-1,
          "enchantmentCharge":-1,
          "soul":""
        },{
          "refId":"chitin arrow",
          "count":40,
          "charge":-1,
          "enchantmentCharge":-1,
          "soul":""
        },{
          "refId":"chitin short bow",
          "count":1,
          "charge":480,
          "enchantmentCharge":-1,
          "soul":""
        }]
    },
    "0-1572":{
      "refId":"daedroth",
      "location":{
        "posX":2707.8244628906,
        "posZ":-615.41070556641,
        "posY":-127.58849334717,
        "rotX":4.3958425521851e-07,
        "rotY":0,
        "rotZ":1.7862770557404
      },
      "stats":{
        "healthCurrent":0,
        "magickaCurrent":0,
        "healthModified":180,
        "fatigueBase":600,
        "fatigueModified":600,
        "healthBase":180,
        "magickaModified":195,
        "magickaBase":195,
        "fatigueCurrent":560.47412109375
      },