{
  "packets":{
    "actorList":["0-4560","381218-0"],
    "ai":[],
    "cellChangeFrom":[],
    "cellChangeTo":[],
    "container":["381218-0","0-4560"],
    "death":["0-4560","381218-0"],
    "delete":["381219-0","381217-0","385565-0","385564-0","385562-0","385570-0","385567-0","385566-0","381231-0","385568-0"],
    "doorState":[],
    "equipment":[],
    "lock":[],
    "place":[],
    "position":["381218-0","0-4560","381217-0","381219-0"],
    "scale":[],
    "spawn":["0-4560"],
    "state":[],
    "statsDynamic":["381218-0","0-4560","381217-0","381219-0"],
    "trap":[]
  },
  "entry":{
    "creationTime":1569613469,
    "description":"Kogoruhn, Bleeding Heart"
  },
  "lastVisit":{
    "Dizzy":1569613556
  },
  "recordLinks":[],
  "objectData":{
    "385570-0":{
      "refId":"p_restore_endurance_c"
    },
    "385566-0":{
      "refId":"daedric_gauntlet_left"
    },
    "385568-0":{
      "refId":"ingred_frost_salts_01"
    },
    "381231-0":{
      "refId":"ingred_6th_corprusmeat_07"
    },
    "385567-0":{
      "refId":"daedric_gauntlet_right"
    },
    "0-4560":{
      "refId":"ash_ghoul",
      "location":{
        "posX":-5084.0190429688,
        "posZ":-120.9973449707,
        "posY":1352.0747070313,
        "rotX":-0.055252075195313,
        "rotY":0,
        "rotZ":-0.48222017288208
      },
      "stats":{
        "healthCurrent":0,
        "magickaCurrent":80,
        "healthModified":220,
        "fatigueBase":400,
        "fatigueModified":400,
        "healthBase":220,
        "magickaModified":200,
        "magickaBase":200,
        "fatigueCurrent":400
      },
      "inventory":[{
          "refId":"ingred_ash_salts_01",
          "count":3,
          "charge":-1,
          "enchantmentCharge":-1,
          "soul":""
        }],
      "killer":{
        "player":"Dizzy"
      }
    },
    "385562-0":{
      "refId":"p_swift_swim_e"
    },
    "381217-0":{
      "refId":"atronach_flame",
      "location":{
        "posX":-3513.5419921875,
        "posZ":-375.77923583984,
        "posY":1720.6435546875,
        "rotX":-0.26579448580742,
        "rotY":0,
        "rotZ":-0.20505738258362
      },
      "stats":{
        "healthCurrent":0,
        "magickaCurrent":1,
        "healthModified":75,
        "fatigueBase":600,
        "fatigueModified":600,
        "healthBase":75,
        "magickaModified":105,
        "magickaBase":105,
        "fatigueCurrent":598.27954101563
      }
    },
    "385565-0":{
      "refId":"p_lightning shield_q"
    },
    "381218-0":{
      "refId":"dagoth elam",
      "location":{
        "posX":-6625.439453125,
        "posZ":-127,
        "posY":1762.0102539063,
        "rotX":-0.078831024467945,
        "rotY":0,
        "rotZ":3.0912573337555
      },
      "stats":{
        "healthCurrent":0,
        "magickaCurrent":0,
        "healthModified":240,
        "fatigueBase":250,
        "fatigueModified":250,
        "healthBase":240,
        "magickaModified":110,
        "magickaBase":110,
        "fatigueCurrent":241.97758483887
      },
      "inventory":[{
          "refId":"amulet of 6th house",
          "count":1,
          "charge":-1,
          "enchantmentCharge":-1,
          "soul":""
        }],
      "killer":{
        "player":"Dizzy"
      }
    },
    "385564-0":{
      "refId":"ingred_coprinus_01"
    },
    "381219-0":{
      "refId":"atronach_flame",
      "location":{
        "posX":-3601.85546875,
        "posZ":-366.66204833984,
        "posY":1712.0562744141,
        "rotX":0.039764191955328,
        "rotY":0,
        "rotZ":-0.010270833969116
      },
      "stats":{
        "healthCurrent":0,
        "magickaCurrent":1,
        "healthModified":75,
        "fatigueBase":600,
        "fatigueModified":600,
        "healthBase":75,
        "magickaModified":105,
        "magickaBase":105,
        "fatigueCurrent":600
      }
    }
  }
}