{
  "packets":{
    "actorList":["0-4546","0-4548","0-4549","382667-0","382668-0","382669-0","382670-0"],
    "ai":[],
    "cellChangeFrom":[],
    "cellChangeTo":[],
    "container":["382667-0","382668-0","382669-0","382670-0","0-4546","0-4549"],
    "death":["382668-0","0-4546","0-4549","382667-0"],
    "delete":[],
    "doorState":["382671-0","382673-0"],
    "equipment":["382667-0","382668-0","382669-0","382670-0"],
    "lock":["382671-0","382673-0"],
    "place":[],
    "position":["382667-0","382668-0","382669-0","382670-0","0-4546","0-4548","0-4549"],
    "scale":[],
    "spawn":["0-4546","0-4548","0-4549"],
    "state":[],
    "statsDynamic":["382667-0","382668-0","382669-0","382670-0","0-4546","0-4548","0-4549"],
    "trap":["382671-0"]
  },
  "entry":{
    "creationTime":1569612304,
    "description":"Mamaea, Sanctum of Awakening"
  },
  "lastVisit":{
    "Dizzy":1569612501
  },
  "recordLinks":[],
  "objectData":{
    "382673-0":{
      "refId":"door_cavern_doors00",
      "doorState":1,
      "lockLevel":0
    },
    "0-4546":{
      "refId":"ash_slave",
      "location":{
        "posX":2134.5263671875,
        "posZ":490.20208740234,
        "posY":4392.7866210938,
        "rotX":0.20331597328186,
        "rotY":0,
        "rotZ":0.56107211112976
      },
      "stats":{
        "healthCurrent":0,
        "magickaCurrent":114.2857208252,
        "healthModified":60,
        "fatigueBase":380,
        "fatigueModified":380,
        "healthBase":60,
        "magickaModified":200,
        "magickaBase":200,
        "fatigueCurrent":380
      },
      "inventory":[],
      "killer":{
        "player":"Dizzy"
      }
    },
    "382670-0":{
      "refId":"skeleton hero dead",
      "location":{
        "posX":1786.91796875,
        "posZ":437.97607421875,
        "posY":4371.724609375,
        "rotX":0,
        "rotY":0,
        "rotZ":2.300888299942
      },
      "stats":{
        "healthCurrent":0,
        "magickaCurrent":30,
        "healthModified":0,
        "fatigueBase":400,
        "fatigueModified":400,
        "healthBase":0,
        "magickaModified":30,
        "magickaBase":30,
        "fatigueCurrent":400
      },
      "equipment":[],
      "inventory":[{
          "refId":"ingred_bonemeal_01",
          "count":1,
          "charge":-1,
          "enchantmentCharge":-1,
          "soul":""
        },{
          "refId":"gold_001",
          "count":7,
          "charge":-1,
          "enchantmentCharge":-1,
          "soul":""
        }]
    },
    "382668-0":{
      "refId":"dreamer",
      "location":{
        "posX":5254.0068359375,
        "posZ":478.06927490234,
        "posY":4607.4921875,
        "rotX":-0.045760337263346,
        "rotY":0,
        "rotZ":-0.22413659095764
      },
      "stats":{
        "healthCurrent":0,
        "magickaCurrent":80,
        "healthModified":40,
        "fatigueBase":160,
        "fatigueModified":160,
        "healthBase":40,
        "magickaModified":80,
        "magickaBase":80,
        "fatigueCurrent":152.79188537598
      },
      "equipment":{
        "16":{
          "refId":"iron club",
          "count":1,
          "charge":398,
          "enchantmentCharge":-1
        }
      },
      "inventory":[{
          "refId":"ingred_6th_corprusmeat_01",
          "count":1,
          "charge":-1,
          "enchantmentCharge":-1,
          "soul":""
        },{
          "refId":"iron club",
          "count":1,
          "charge":398,
          "enchantmentCharge":-1,
          "soul":""
        }],
      "killer":{
        "player":"Dizzy"
      }
    },
    "382669-0":{
      "refId":"dreamer",
      "location":{
        "posX":9602.796875,
        "posZ":99.165885925293,
        "posY":3074.986328125,
        "rotX":-0.11457528918982,
        "rotY":0,
        "rotZ":1.4056475162506
      },
      "stats":{
        "healthCurrent":40,
        "magickaCurrent":80,
        "healthModified":40,
        "fatigueBase":140,
        "fatigueModified":140,
        "healthBase":40,
        "magickaModified":80,
        "magickaBase":80,
        "fatigueCurrent":140
      },
      "equipment":{
        "16":{
          "refId":"iron club",
          "count":1,
          "charge":-1,
          "enchantmentCharge":-1
        }
      },
      "inventory":[{
          "refId":"ingred_6th_corprusmeat_01",
          "count":1,
          "charge":-1,
          "enchantmentCharge":-1,
          "soul":""
        },{
          "refId":"iron club",
          "count":1,
          "charge":-1,
          "enchantmentCharge":-1,
          "soul":""
        }]
    },
    "382671-0":{
      "refId":"door_cavern_doors00",
      "doorState":1,
      "lockLevel":0
    },
    "0-4549":{
      "refId":"ash_slave",
      "location":{
        "posX":5205.7568359375,
        "posZ":617.10717773438,
        "posY":3475.595703125,
        "rotX":0.13667814433575,
        "rotY":0,
        "rotZ":0.04483962059021
      },
      "stats":{
        "healthCurrent":0,
        "magickaCurrent":122.07791900635,
        "healthModified":60,
        "fatigueBase":380,
        "fatigueModified":380,
        "healthBase":60,
        "magickaModified":200,
        "magickaBase":200,
        "fatigueCurrent":379.92395019531
      },
      "inventory":[{
          "refId":"ingred_ash_salts_01",
          "count":1,
          "charge":-1,
          "enchantmentCharge":-1,
          "soul":""
        }],
      "killer":{
        "player":"Dizzy"
      }
    },
    "382667-0":{
      "refId":"dreamer",
      "location":{
        "posX":8144.466796875,
        "posZ":122.05827331543,
        "posY":5388.1313476563,
        "rotX":0.17680868506432,
        "rotY":0,
        "rotZ":-1.7063677310944
      },
      "stats":{
        "healthCurrent":0,
        "magickaCurrent":80,
        "healthModified":40,
        "fatigueBase":160,
        "fatigueModified":160,
        "healthBase":40,
        "magickaModified":80,
        "magickaBase":80,
        "fatigueCurrent":-3.3112788200378
      },
      "equipment":{
        "16":{
          "refId":"iron club",
          "count":1,
          "charge":397,
          "enchantmentCharge":-1
        }
      },
      "inventory":[{
          "refId":"iron club",
          "count":1,
          "charge":397,
          "enchantmentCharge":-1,
          "soul":""
        }],
      "killer":{
        "player":"Dizzy"
      }
    },
    "0-4548":{
      "refId":"ash_ghoul",
      "location":{
        "posX":8392.8994140625,
        "posZ":26.523643493652,
        "posY":6581.2680664063,
        "rotX":-0.094999298453331,
        "rotY":0,
        "rotZ":-0.3590567111969
      },
      "stats":{
        "healthCurrent":220,
        "magickaCurrent":152,
        "healthModified":220,
        "fatigueBase":370,
        "fatigueModified":370,
        "healthBase":220,
        "magickaModified":152,
        "magickaBase":152,
        "fatigueCurrent":370
      }
    }
  }
}