{
  "packets":{
    "actorList":["0-4544","382936-0","382937-0","382938-0","382939-0","382940-0","382941-0"],
    "ai":[],
    "cellChangeFrom":[],
    "cellChangeTo":[],
    "container":["382936-0","382937-0","382938-0","382939-0","382940-0","382941-0"],
    "death":["382940-0","382938-0","382936-0","382939-0"],
    "delete":["440128-0"],
    "doorState":["382942-0","382943-0"],
    "equipment":["382936-0","382937-0","382938-0","382939-0","382940-0","382941-0"],
    "lock":["382942-0","382943-0"],
    "place":[],
    "position":["382936-0","382937-0","382938-0","382939-0","382940-0","382941-0","0-4544","440128-0"],
    "scale":[],
    "spawn":["0-4544"],
    "state":[],
    "statsDynamic":["382936-0","382937-0","382938-0","382939-0","382940-0","382941-0","0-4544","440128-0"],
    "trap":[]
  },
  "entry":{
    "creationTime":1569612204,
    "description":"Mamaea, Sanctum of Black Hope"
  },
  "lastVisit":{
    "Dizzy":1569612759
  },
  "recordLinks":[],
  "objectData":{
    "382940-0":{
      "refId":"dreamer",
      "location":{
        "posX":4172.5205078125,
        "posZ":787.79461669922,
        "posY":88.129066467285,
        "rotX":0.40239840745926,
        "rotY":0,
        "rotZ":-1.5071632862091
      },
      "stats":{
        "healthCurrent":0,
        "magickaCurrent":80,
        "healthModified":40,
        "fatigueBase":160,
        "fatigueModified":160,
        "healthBase":40,
        "magickaModified":80,
        "magickaBase":80,
        "fatigueCurrent":157.16638183594
      },
      "equipment":{
        "16":{
          "refId":"iron club",
          "count":1,
          "charge":-1,
          "enchantmentCharge":-1
        }
      },
      "inventory":[{
          "refId":"ingred_6th_corprusmeat_01",
          "count":1,
          "charge":-1,
          "enchantmentCharge":-1,
          "soul":""
        },{
          "refId":"iron club",
          "count":1,
          "charge":399,
          "enchantmentCharge":-1,
          "soul":""
        }],
      "killer":{
        "player":"Dizzy"
      }
    },
    "382941-0":{
      "refId":"hannat zainsubani",
      "location":{
        "posX":7829.2387695313,
        "posZ":97,
        "posY":-4036.1948242188,
        "rotX":0.010604176670313,
        "rotY":0,
        "rotZ":2.9174416065216
      },
      "stats":{
        "healthCurrent":85,
        "magickaCurrent":26,
        "healthModified":85,
        "fatigueBase":217,
        "fatigueModified":217,
        "healthBase":85,
        "magickaModified":26,
        "magickaBase":26,
        "fatigueCurrent":217
      },
      "equipment":[null,null,null,null,null,null,null,null,{
          "refId":"common_pants_04",
          "count":1,
          "charge":-1,
          "enchantmentCharge":-1
        }],
      "inventory":[{
          "refId":"common_pants_04",
          "count":1,
          "charge":-1,
          "enchantmentCharge":-1,
          "soul":""
        }]
    },
    "382943-0":{
      "refId":"door_cavern_doors00",
      "doorState":1,
      "lockLevel":0
    },
    "382939-0":{
      "refId":"dreamer",
      "location":{
        "posX":2252.5617675781,
        "posZ":124.88092803955,
        "posY":-70.555107116699,
        "rotX":0.40771818161011,
        "rotY":0,
        "rotZ":-1.4119756221771
      },
      "stats":{
        "healthCurrent":0,
        "magickaCurrent":80,
        "healthModified":40,
        "fatigueBase":160,
        "fatigueModified":160,
        "healthBase":40,
        "magickaModified":80,
        "magickaBase":80,
        "fatigueCurrent":155.13458251953
      },
      "equipment":{
        "16":{
          "refId":"iron club",
          "count":1,
          "charge":-1,
          "enchantmentCharge":-1
        }
      },
      "inventory":[{
          "refId":"ingred_6th_corprusmeat_01",
          "count":1,
          "charge":-1,
          "enchantmentCharge":-1,
          "soul":""
        },{
          "refId":"iron club",
          "count":1,
          "charge":399,
          "enchantmentCharge":-1,
          "soul":""
        }],
      "killer":{
        "player":"Dizzy"
      }
    },
    "382942-0":{
      "refId":"door_cavern_doors00",
      "doorState":1,
      "lockLevel":0
    },
    "382938-0":{
      "refId":"dreamer guard",
      "location":{
        "posX":1437.8210449219,
        "posZ":96.881057739258,
        "posY":-1331.7963867188,
        "rotX":0.00015188753604889,
        "rotY":0,
        "rotZ":1.3542301654816
      },
      "stats":{
        "healthCurrent":0,
        "magickaCurrent":84,
        "healthModified":50,
        "fatigueBase":174,
        "fatigueModified":174,
        "healthBase":50,
        "magickaModified":84,
        "magickaBase":84,
        "fatigueCurrent":172.92851257324
      },
      "equipment":{
        "1":{
          "refId":"steel_cuirass",
          "count":1,
          "charge":-1,
          "enchantmentCharge":-1
        },
        "7":{
          "refId":"fur_boots",
          "count":1,
          "charge":-1,
          "enchantmentCharge":-1
        },
        "16":{
          "refId":"steel shortsword",
          "count":1,
          "charge":-1,
          "enchantmentCharge":-1
        }
      },
      "inventory":[{
          "refId":"fur_boots",
          "count":1,
          "charge":-1,
          "enchantmentCharge":-1,
          "soul":""
        },{
          "refId":"steel_cuirass",
          "count":1,
          "charge":-1,
          "enchantmentCharge":-1,
          "soul":""
        },{
          "refId":"steel shortsword",
          "count":1,
          "charge":748,
          "enchantmentCharge":-1,
          "soul":""
        }],
      "killer":{
        "player":"Dizzy"
      }
    },
    "440128-0":{
      "refId":"dagoth araynys",
      "location":{
        "posX":-93.585479736328,
        "posZ":57.599109649658,
        "posY":727.951171875,
        "rotX":0.060163542628288,
        "rotY":0,
        "rotZ":2.3380343914032
      },
      "stats":{
        "healthCurrent":0,
        "magickaCurrent":374,
        "healthModified":400,
        "fatigueBase":600,
        "fatigueModified":600,
        "healthBase":400,
        "magickaModified":500,
        "magickaBase":500,
        "fatigueCurrent":599.19885253906
      }
    },
    "0-4544":{
      "refId":"ash_ghoul",
      "location":{
        "posX":5870.3359375,
        "posZ":97,
        "posY":-4098.3173828125,
        "rotX":0,
        "rotY":0,
        "rotZ":3.1395471096039
      },
      "stats":{
        "healthCurrent":220,
        "magickaCurrent":158,
        "healthModified":220,
        "fatigueBase":361,
        "fatigueModified":361,
        "healthBase":220,
        "magickaModified":158,
        "magickaBase":158,
        "fatigueCurrent":361
      }
    },
    "382936-0":{
      "refId":"dreamer",
      "location":{
        "posX":1207.5467529297,
        "posZ":93.273361206055,
        "posY":-387.41027832031,
        "rotX":-0.11973451077938,
        "rotY":0,
        "rotZ":3.0887839794159
      },
      "stats":{
        "healthCurrent":0,
        "magickaCurrent":80,
        "healthModified":40,
        "fatigueBase":160,
        "fatigueModified":160,
        "healthBase":40,
        "magickaModified":80,
        "magickaBase":80,
        "fatigueCurrent":157.66361999512
      },
      "equipment":{
        "16":{
          "refId":"iron club",
          "count":1,
          "charge":-1,
          "enchantmentCharge":-1
        }
      },
      "inventory":[{
          "refId":"ingred_6th_corprusmeat_01",
          "count":1,
          "charge":-1,
          "enchantmentCharge":-1,
          "soul":""
        },{
          "refId":"iron club",
          "count":1,
          "charge":399,
          "enchantmentCharge":-1,
          "soul":""
        }],
      "killer":{
        "player":"Dizzy"
      }
    },
    "382937-0":{
      "refId":"dreamer",
      "location":{
        "posX":6210.759765625,