{
  "packets":{
    "actorList":["0-3319","0-3320","0-3321","0-3322","0-3323","0-3324","0-3325","0-3326"],
    "ai":[],
    "cellChangeFrom":[],
    "cellChangeTo":[],
    "container":["385595-0","385596-0","385597-0","385598-0","385599-0","385600-0","385601-0","385602-0","385603-0","385604-0","385605-0","385606-0","385607-0","385608-0","385609-0","385610-0","385621-0","385622-0","385627-0","385631-0","397203-0","397208-0","0-3319","0-3320","0-3321","0-3325","0-3326","0-3324","0-3323","0-3322"],
    "death":["0-3319","0-3320","0-3321","0-3325","0-3326","0-3324","0-3323","0-3322"],
    "delete":["385613-0","385612-0","385614-0","385615-0","385624-0","385625-0","385626-0","385630-0","385629-0","397204-0"],
    "doorState":["343661-0","343770-0","343756-0","343662-0","343755-0","343754-0"],
    "equipment":["0-3319","0-3320","0-3321","0-3322","0-3323","0-3324","0-3326"],
    "lock":["343661-0","385631-0","385621-0"],
    "place":[],
    "position":["0-3319","0-3320","0-3321","0-3322","0-3323","0-3324","0-3325","0-3326"],
    "scale":[],
    "spawn":["0-3319","0-3320","0-3321","0-3322","0-3323","0-3324","0-3325","0-3326"],
    "state":[],
    "statsDynamic":["0-3319","0-3320","0-3321","0-3322","0-3323","0-3324","0-3325","0-3326"],
    "trap":[]
  },
  "entry":{
    "creationTime":1569178252,
    "description":"Norvayn Ancestral Tomb"
  },
  "lastVisit":{
    "Tanis":1569179068
  },
  "recordLinks":[],
  "objectData":{
    "385625-0":{
      "refId":"ingred_russula_01"
    },
    "397208-0":{
      "refId":"sack_small_(scale)00",
      "inventory":[]
    },
    "385629-0":{
      "refId":"ingred_corkbulb_root_01"
    },
    "385597-0":{
      "refId":"urn_ash00",
      "inventory":[]
    },
    "0-3326":{
      "refId":"skeleton champion",
      "location":{
        "posX":-67.10181427002,
        "posZ":1153,
        "posY":-3970.2878417969,
        "rotX":0.0072135049849749,
        "rotY":0,
        "rotZ":-1.6468346118927
      },
      "stats":{
        "healthCurrent":0,
        "magickaCurrent":30,
        "healthModified":150,
        "fatigueBase":1000,
        "fatigueModified":1000,
        "healthBase":150,
        "magickaModified":30,
        "magickaBase":30,
        "fatigueCurrent":958.05895996094
      },
      "equipment":{
        "17":{
          "refId":"iron_shield",
          "count":1,
          "charge":-1,
          "enchantmentCharge":-1
        },
        "16":{
          "refId":"silver claymore",
          "count":1,
          "charge":-1,
          "enchantmentCharge":-1
        }
      },
      "inventory":[{
          "refId":"iron_shield",
          "count":1,
          "charge":-1,
          "enchantmentCharge":-1,
          "soul":""
        },{
          "refId":"silver claymore",
          "count":1,
          "charge":1255,
          "enchantmentCharge":-1,
          "soul":""
        }],
      "killer":{
        "player":"Tanis"
      }
    },
    "385610-0":{
      "refId":"urn_ash00",
      "inventory":[{
          "refId":"ingred_bonemeal_01",
          "count":1,
          "charge":-1,
          "enchantmentCharge":-1,
          "soul":""
        }]
    },
    "385627-0":{
      "refId":"chest_tomb_small01",
      "inventory":[{
          "refId":"common_amulet_02",
          "count":1,
          "charge":-1,
          "enchantmentCharge":-1,
          "soul":""
        }]
    },
    "385630-0":{
      "refId":"ingred_bloat_01"
    },
    "385612-0":{
      "refId":"ingred_daedra_skin_01"
    },
    "397203-0":{
      "refId":"contain_corpse10",
      "inventory":[]
    },
    "397204-0":{
      "refId":"chitin_watchman_helm"
    },
    "385602-0":{
      "refId":"urn_ash00",
      "inventory":[]
    },
    "385596-0":{
      "refId":"urn_ash00",
      "inventory":[]
    },
    "343756-0":{
      "refId":"in_velothismall_ndoor_01",
      "doorState":1
    },
    "0-3325":{
      "refId":"bonelord",
      "location":{
        "posX":515.96783447266,
        "posZ":1153,
        "posY":-4103.2377929688,
        "rotX":0,
        "rotY":0,
        "rotZ":-2.2309181690216
      },
      "stats":{
        "healthCurrent":0,
        "magickaCurrent":12,
        "healthModified":90,
        "fatigueBase":500,
        "fatigueModified":500,
        "healthBase":90,
        "magickaModified":400,
        "magickaBase":400,
        "fatigueCurrent":497.90054321289
      },
      "inventory":[],
      "killer":{
        "player":"Tanis"
      }
    },
    "343662-0":{
      "refId":"in_velothismall_ndoor_01",
      "doorState":1
    },
    "385595-0":{
      "refId":"urn_ash00",
      "inventory":[]
    },
    "0-3322":{
      "refId":"skeleton champion",
      "location":{
        "posX":457.62646484375,
        "posZ":1153,
        "posY":-4210.5419921875,
        "rotX":0.0078679034486413,
        "rotY":0,
        "rotZ":1.3150246143341
      },
      "stats":{
        "healthCurrent":0,
        "magickaCurrent":30,
        "healthModified":150,
        "fatigueBase":1000,
        "fatigueModified":1000,
        "healthBase":150,
        "magickaModified":30,
        "magickaBase":30,
        "fatigueCurrent":983.12652587891
      },
      "equipment":{
        "17":{
          "refId":"iron_shield",
          "count":1,
          "charge":-1,
          "enchantmentCharge":-1
        },
        "16":{
          "refId":"silver longsword",
          "count":1,
          "charge":-1,
          "enchantmentCharge":-1
        }
      },
      "inventory":[{
          "refId":"iron_shield",
          "count":1,
          "charge":-1,
          "enchantmentCharge":-1,
          "soul":""
        },{
          "refId":"silver longsword",
          "count":1,
          "charge":632,
          "enchantmentCharge":-1,
          "soul":""
        }],
      "killer":{
        "player":"Tanis"
      }
    },
    "385601-0":{
      "refId":"urn_ash00",
      "inventory":[]
    },
    "385608-0":{
      "refId":"urn_ash00",
      "inventory":[]
    },
    "385599-0":{
      "refId":"urn_ash00",
      "inventory":[]
    },
    "0-3324":{
      "refId":"skeleton champion",
      "location":{
        "posX":114.73764038086,
        "posZ":1153,
        "posY":-3998.3977050781,
        "rotX":0,
        "rotY":0,
        "rotZ":-1.6408970355988
      },
      "stats":{
        "healthCurrent":0,
        "magickaCurrent":30,
        "healthModified":150,
        "fatigueBase":1000,
        "fatigueModified":1000,
        "healthBase":150,
        "magickaModified":30,
        "magickaBase":30,
        "fatigueCurrent":992.11560058594
      },
      "equipment":{
        "17":{
          "refId":"iron_shield",
          "count":1,
          "charge":-1,
          "enchantmentCharge":-1
        },
        "16":{
          "refId":"silver claymore",
          "count":1,
          "charge":-1,
          "enchantmentCharge":-1
        }
      },
      "inventory":[{
          "refId":"iron_shield",
          "count":1,
          "charge":-1,
          "enchantmentCharge":-1,
          "soul":""
        },{
          "refId":"silver claymore",
          "count":1,
          "charge":-1,
          "enchantmentCharge":-1,
          "soul":""
        }],
      "killer":{
        "player":"Tanis"
      }
    },
    "0-3323":{
      "refId":"skeleton champion",
      "location":{
        "posX":-19.426872253418,
        "posZ":1153,
        "posY":-4020.4440917969,
        "rotX":0,
        "rotY":0,
        "rotZ":-1.5780279636383
      },
      "stats":{
        "healthCurrent":0,
        "magickaCurrent":30,
        "healthModified":150,
        "fatigueBase":1000,
        "fatigueModified":1000,
        "healthBase":150,
        "magickaModified":30,
        "magickaBase":30,
        "fatigueCurrent":979.53405761719
      },
      "equipment":{
        "17":{
          "refId":"iron_shield",
          "count":1,
          "charge":-1,
          "enchantmentCharge":-1
        },
        "16":{
          "refId":"silver longsword",