{
  "packets":{
    "actorList":["257942-0","257943-0","257944-0","257945-0","268173-0","383867-0"],
    "ai":[],
    "cellChangeFrom":[],
    "cellChangeTo":[],
    "container":["258057-0","258068-0","258069-0","258070-0","268174-0","257942-0","257943-0","257944-0","257945-0","268173-0","383867-0"],
    "death":["257945-0","268173-0"],
    "delete":["268172-0","258044-0","258066-0","258065-0","258064-0"],
    "doorState":["258032-0","258031-0","257999-0","257998-0","258002-0","258003-0","258000-0","258001-0"],
    "equipment":["257942-0","257943-0","257944-0","268173-0","383867-0"],
    "lock":["258032-0","258031-0","257998-0","257999-0"],
    "place":[],
    "position":["257942-0","257943-0","257944-0","257945-0","268173-0","383867-0","268172-0"],
    "scale":[],
    "spawn":[],
    "state":[],
    "statsDynamic":["257942-0","257943-0","257944-0","257945-0","268173-0","383867-0","268172-0"],
    "trap":[]
  },
  "entry":{
    "creationTime":1569610077,
    "description":"Odrosal, Dwemer Training Academy"
  },
  "lastVisit":{
    "Dizzy":1569610307,
    "Dr,Kups":1569610307
  },
  "recordLinks":[],
  "objectData":{
    "268172-0":{
      "refId":"atronach_flame",
      "location":{
        "posX":188.19110107422,
        "posZ":-191,
        "posY":-2744.7548828125,
        "rotX":0.16258300840855,
        "rotY":0,
        "rotZ":2.7503073215485
      },
      "stats":{
        "healthCurrent":0,
        "magickaCurrent":1,
        "healthModified":75,
        "fatigueBase":600,
        "fatigueModified":600,
        "healthBase":75,
        "magickaModified":105,
        "magickaBase":105,
        "fatigueCurrent":600
      }
    },
    "257942-0":{
      "refId":"dreamer_dead",
      "location":{
        "posX":-1020.1453857422,
        "posZ":-190.99998474121,
        "posY":-748.50512695313,
        "rotX":0,
        "rotY":0,
        "rotZ":3.7831864356995
      },
      "stats":{
        "healthCurrent":0,
        "magickaCurrent":20,
        "healthModified":0,
        "fatigueBase":178,
        "fatigueModified":178,
        "healthBase":0,
        "magickaModified":20,
        "magickaBase":20,
        "fatigueCurrent":178
      },
      "equipment":{
        "16":{
          "refId":"iron club",
          "count":1,
          "charge":-1,
          "enchantmentCharge":-1
        }
      },
      "inventory":[{
          "refId":"ingred_6th_corprusmeat_01",
          "count":1,
          "charge":-1,
          "enchantmentCharge":-1,
          "soul":""
        },{
          "refId":"iron club",
          "count":1,
          "charge":-1,
          "enchantmentCharge":-1,
          "soul":""
        }]
    },
    "257944-0":{
      "refId":"dreamer_dead",
      "location":{
        "posX":428.91314697266,
        "posZ":-190.99998474121,
        "posY":-2876.6030273438,
        "rotX":0,
        "rotY":0,
        "rotZ":5.5831861495972
      },
      "stats":{
        "healthCurrent":0,
        "magickaCurrent":20,
        "healthModified":0,
        "fatigueBase":178,
        "fatigueModified":178,
        "healthBase":0,
        "magickaModified":20,
        "magickaBase":20,
        "fatigueCurrent":178
      },
      "equipment":{
        "16":{
          "refId":"iron club",
          "count":1,
          "charge":-1,
          "enchantmentCharge":-1
        }
      },
      "inventory":[{
          "refId":"iron club",
          "count":1,
          "charge":-1,
          "enchantmentCharge":-1,
          "soul":""
        }]
    },
    "257998-0":{
      "refId":"door_dwrv_inner00",
      "doorState":1,
      "lockLevel":0
    },
    "258065-0":{
      "refId":"p_fortify_agility_q"
    },
    "258064-0":{
      "refId":"p_fire_shield_b"
    },
    "257945-0":{
      "refId":"dagoth odros",
      "location":{
        "posX":260.50350952148,
        "posZ":-191,
        "posY":-2801.81640625,
        "rotX":0.22093531489372,
        "rotY":0,
        "rotZ":1.9111726284027
      },
      "stats":{
        "healthCurrent":0,
        "magickaCurrent":360,
        "healthModified":440,
        "fatigueBase":600,
        "fatigueModified":600,
        "healthBase":440,
        "magickaModified":360,
        "magickaBase":360,
        "fatigueCurrent":598.27429199219
      },
      "inventory":[{
          "refId":"key_dawnvault",
          "count":1,
          "charge":0,
          "enchantmentCharge":-1,
          "soul":""
        }],
      "killer":{
        "player":"Dr,Kups"
      }
    },
    "268173-0":{
      "refId":"golden saint",
      "location":{
        "posX":442.56460571289,
        "posZ":-575,
        "posY":-2415.7749023438,
        "rotX":0,
        "rotY":0,
        "rotZ":2.3176782131195
      },
      "stats":{
        "healthCurrent":0,
        "magickaCurrent":755,
        "healthModified":250,
        "fatigueBase":700,
        "fatigueModified":700,
        "healthBase":250,
        "magickaModified":755,
        "magickaBase":755,
        "fatigueCurrent":631.56280517578
      },
      "equipment":{
        "17":{
          "refId":"nordic_leather_shield",
          "count":1,
          "charge":-1,
          "enchantmentCharge":-1
        }
      },
      "inventory":[{
          "refId":"nordic_leather_shield",
          "count":1,
          "charge":5,
          "enchantmentCharge":-1,
          "soul":""
        }],
      "killer":{
        "player":"Dr,Kups"
      }
    },
    "258031-0":{
      "refId":"door_dwrv_inner00",
      "doorState":1,
      "lockLevel":0
    },
    "268174-0":{
      "refId":"dwrv_chest_arrows_bolts",
      "inventory":[{
          "refId":"iron bolt",
          "count":80,
          "charge":-1,
          "enchantmentCharge":-1,
          "soul":""
        },{
          "refId":"silver bolt",
          "count":20,
          "charge":-1,
          "enchantmentCharge":-1,
          "soul":""
        },{
          "refId":"iron arrow",
          "count":60,
          "charge":-1,
          "enchantmentCharge":-1,
          "soul":""
        },{
          "refId":"ebony arrow",
          "count":10,
          "charge":-1,
          "enchantmentCharge":-1,
          "soul":""
        }]
    },
    "258066-0":{
      "refId":"p_frost_shield_c"
    },
    "258003-0":{
      "refId":"door_dwrv_inner00",
      "doorState":1
    },
    "258002-0":{
      "refId":"door_dwrv_inner00",
      "doorState":1
    },
    "258057-0":{
      "refId":"dwrv_chest_missile",
      "inventory":[{
          "refId":"iron bolt",
          "count":12,
          "charge":-1,
          "enchantmentCharge":-1,
          "soul":""
        },{
          "refId":"dwarven crossbow",
          "count":1,
          "charge":-1,
          "enchantmentCharge":-1,
          "soul":""
        }]
    },
    "258070-0":{
      "refId":"dwrv_chest10_rare",
      "inventory":[{
          "refId":"misc_dwrv_mug00",
          "count":1,
          "charge":-1,
          "enchantmentCharge":-1,
          "soul":""
        },{
          "refId":"misc_dwrv_pitcher00",
          "count":1,
          "charge":-1,
          "enchantmentCharge":-1,
          "soul":""
        },{
          "refId":"misc_dwrv_artifact60",
          "count":1,
          "charge":-1,
          "enchantmentCharge":-1,
          "soul":""
        },{
          "refId":"misc_dwrv_coin00",
          "count":25,
          "charge":-1,
          "enchantmentCharge":-1,
          "soul":""
        }]
    },
    "257999-0":{
      "refId":"door_dwrv_inner00",
      "doorState":1,
      "lockLevel":0
    },
    "258069-0":{
      "refId":"dwrv_barrel00",
      "inventory":[]
    },
    "258044-0":{
      "refId":"p_jump_s"
    },
    "258032-0":{
      "refId":"door_dwrv_inner00",
      "doorState":1,
      "lockLevel":0
    },
    "258000-0":{
      "refId":"door_dwrv_inner00",
      "doorState":1
    },
    "258068-0":{
      "refId":"dwrv_barrel00",
      "inventory":[]
    },
    "257943-0":{
      "refId":"dreamer_dead",