{
  "packets":{
    "actorList":["0-1274","0-1275","0-1276","0-1277","0-1278","0-1279","12852-0","18501-0","25655-0"],
    "ai":[],
    "cellChangeFrom":[],
    "cellChangeTo":[],
    "container":["10930-0","10950-0","10951-0","10952-0","12852-0","18501-0","25655-0","0-1278","0-1277","0-1279","0-1276","0-1274","0-1275"],
    "death":["0-1278","18501-0","0-1277","12852-0","0-1279","0-1276","0-1274","25655-0","0-1275"],
    "delete":[],
    "doorState":[],
    "equipment":["0-1274","0-1275","0-1276","0-1277","0-1279"],
    "lock":[],
    "place":[],
    "position":["12852-0","18501-0","25655-0","0-1274","0-1275","0-1276","0-1277","0-1278","0-1279"],
    "scale":[],
    "spawn":["0-1274","0-1275","0-1276","0-1277","0-1278","0-1279"],
    "state":[],
    "statsDynamic":["12852-0","18501-0","25655-0","0-1274","0-1275","0-1276","0-1277","0-1278","0-1279"],
    "trap":[]
  },
  "entry":{
    "creationTime":1568865131,
    "description":"Old Mournhold: Palace Sewers"
  },
  "lastVisit":{
    "Dizzy":1569992552,
    "Tanis":1570148913,
    "DizzyDasher":1570148914
  },
  "recordLinks":[],
  "objectData":{
    "10952-0":{
      "refId":"crate_01_eggs",
      "inventory":[]
    },
    "10950-0":{
      "refId":"crate_01_de_weapons",
      "inventory":[{
          "refId":"chitin club",
          "count":1,
          "charge":-1,
          "enchantmentCharge":-1,
          "soul":""
        }]
    },
    "0-1275":{
      "refId":"goblin_grunt",
      "location":{
        "posX":-2834.9975585938,
        "posZ":897.03192138672,
        "posY":1680.3447265625,
        "rotX":-0.080743014812469,
        "rotY":0,
        "rotZ":2.8154184818268
      },
      "stats":{
        "healthCurrent":0,
        "magickaCurrent":10,
        "healthModified":80,
        "fatigueBase":500,
        "fatigueModified":500,
        "healthBase":80,
        "magickaModified":10,
        "magickaBase":10,
        "fatigueCurrent":492.82440185547
      },
      "equipment":{
        "17":{
          "refId":"goblin_shield",
          "count":1,
          "charge":-1,
          "enchantmentCharge":-1
        },
        "16":{
          "refId":"goblin_sword",
          "count":1,
          "charge":-1,
          "enchantmentCharge":-1
        }
      },
      "inventory":[{
          "refId":"p_restore_health_q",
          "count":1,
          "charge":-1,
          "enchantmentCharge":-1,
          "soul":""
        },{
          "refId":"goblin_shield",
          "count":1,
          "charge":-1,
          "enchantmentCharge":-1,
          "soul":""
        },{
          "refId":"gold_001",
          "count":1,
          "charge":-1,
          "enchantmentCharge":-1,
          "soul":""
        },{
          "refId":"goblin_sword",
          "count":1,
          "charge":-1,
          "enchantmentCharge":-1,
          "soul":""
        }],
      "killer":{
        "player":"Dizzy"
      }
    },
    "10930-0":{
      "refId":"contain_corpse_water",
      "inventory":[]
    },
    "0-1274":{
      "refId":"goblin_grunt",
      "location":{
        "posX":-2457.3408203125,
        "posZ":897.16442871094,
        "posY":2596.484375,
        "rotX":-0.12509152293205,
        "rotY":0,
        "rotZ":0.57686114311218
      },
      "stats":{
        "healthCurrent":0,
        "magickaCurrent":10,
        "healthModified":80,
        "fatigueBase":500,
        "fatigueModified":500,
        "healthBase":80,
        "magickaModified":10,
        "magickaBase":10,
        "fatigueCurrent":500
      },
      "equipment":{
        "17":{
          "refId":"goblin_shield",
          "count":1,
          "charge":-1,
          "enchantmentCharge":-1
        },
        "16":{
          "refId":"goblin_sword",
          "count":1,
          "charge":244,
          "enchantmentCharge":-1
        }
      },
      "inventory":[{
          "refId":"goblin_shield",
          "count":1,
          "charge":-1,
          "enchantmentCharge":-1,
          "soul":""
        },{
          "refId":"goblin_sword",
          "count":1,
          "charge":244,
          "enchantmentCharge":-1,
          "soul":""
        }],
      "killer":{
        "player":"Dizzy"
      }
    },
    "0-1277":{
      "refId":"skeleton warrior",
      "location":{
        "posX":-1102.9208984375,
        "posZ":385.03189086914,
        "posY":-2129.3586425781,
        "rotX":-0.14145816862583,
        "rotY":0,
        "rotZ":1.4919579029083
      },
      "stats":{
        "healthCurrent":0,
        "magickaCurrent":30,
        "healthModified":80,
        "fatigueBase":1000,
        "fatigueModified":1000,
        "healthBase":80,
        "magickaModified":30,
        "magickaBase":30,
        "fatigueCurrent":1000
      },
      "equipment":{
        "17":{
          "refId":"iron_shield",
          "count":1,
          "charge":-1,
          "enchantmentCharge":-1
        }
      },
      "inventory":[{
          "refId":"iron_shield",
          "count":1,
          "charge":-1,
          "enchantmentCharge":-1,
          "soul":""
        },{
          "refId":"ingred_bonemeal_01",
          "count":1,
          "charge":-1,
          "enchantmentCharge":-1,
          "soul":""
        },{
          "refId":"steel claymore",
          "count":1,
          "charge":-1,
          "enchantmentCharge":-1,
          "soul":""
        },{
          "refId":"steel bolt",
          "count":1,
          "charge":-1,
          "enchantmentCharge":-1,
          "soul":""
        }],
      "killer":{
        "player":"Tanis"
      }
    },
    "0-1279":{
      "refId":"goblin_grunt",
      "location":{
        "posX":686.28277587891,
        "posZ":346.77365112305,
        "posY":4299.8857421875,
        "rotX":-0.10532865673304,
        "rotY":0,
        "rotZ":-1.1994211673737
      },
      "stats":{
        "healthCurrent":0,
        "magickaCurrent":10,
        "healthModified":80,
        "fatigueBase":500,
        "fatigueModified":500,
        "healthBase":80,
        "magickaModified":10,
        "magickaBase":10,
        "fatigueCurrent":498.31784057617
      },
      "equipment":{
        "17":{
          "refId":"goblin_shield",
          "count":1,
          "charge":-1,
          "enchantmentCharge":-1
        },
        "16":{
          "refId":"goblin_sword",
          "count":1,
          "charge":242,
          "enchantmentCharge":-1
        }
      },
      "inventory":[{
          "refId":"goblin_shield",
          "count":1,
          "charge":-1,
          "enchantmentCharge":-1,
          "soul":""
        },{
          "refId":"ingred_moon_sugar_01",
          "count":1,
          "charge":-1,
          "enchantmentCharge":-1,
          "soul":""
        },{
          "refId":"goblin_sword",
          "count":1,
          "charge":242,
          "enchantmentCharge":-1,
          "soul":""
        }],
      "killer":{
        "player":"Dizzy"
      }
    },
    "0-1276":{
      "refId":"goblin_grunt",
      "location":{
        "posX":-2484.6162109375,
        "posZ":849.33325195313,
        "posY":2799.671875,
        "rotX":-0.12506760656834,
        "rotY":0,
        "rotZ":1.0556423664093
      },
      "stats":{
        "healthCurrent":0,
        "magickaCurrent":10,
        "healthModified":80,
        "fatigueBase":500,
        "fatigueModified":500,
        "healthBase":80,
        "magickaModified":10,
        "magickaBase":10,
        "fatigueCurrent":498.19311523438
      },
      "equipment":{
        "17":{
          "refId":"goblin_shield",
          "count":1,
          "charge":-1,
          "enchantmentCharge":-1
        },
        "16":{
          "refId":"goblin_sword",
          "count":1,
          "charge":244,
          "enchantmentCharge":-1
        }
      },
      "inventory":[{
          "refId":"goblin_shield",
          "count":1,
          "charge":-1,
          "enchantmentCharge":-1,
          "soul":""
        },{
          "refId":"goblin_sword",
          "count":1,