{
  "packets":{
    "actorList":["275216-0","275217-0","275218-0","275219-0"],
    "ai":[],
    "cellChangeFrom":[],
    "cellChangeTo":[],
    "container":["275290-0","275253-0","275255-0","275287-0","275300-0","275302-0","347015-0","347016-0","347017-0","347018-0","347019-0","347020-0","347021-0","347027-0","347028-0","347029-0","347032-0","347049-0","347050-0","347075-0","347076-0","347082-0","347083-0","347084-0","347085-0","275216-0","275217-0","275218-0","275219-0"],
    "death":[],
    "delete":[],
    "doorState":["275284-0","275220-0","275285-0"],
    "equipment":["275216-0","275217-0","275218-0","275219-0"],
    "lock":[],
    "place":[],
    "position":["275216-0","275217-0","275218-0","275219-0"],
    "scale":[],
    "spawn":[],
    "state":[],
    "statsDynamic":["275216-0","275217-0","275218-0","275219-0"],
    "trap":[]
  },
  "entry":{
    "creationTime":1569254344,
    "description":"Omani Manor"
  },
  "lastVisit":{
    "Dizzy":1569254474
  },
  "recordLinks":[],
  "objectData":{
    "347085-0":{
      "refId":"com_sack_02_pos",
      "inventory":[]
    },
    "275217-0":{
      "refId":"melvona marvayn",
      "location":{
        "posX":4524.8413085938,
        "posZ":16134,
        "posY":3352.1791992188,
        "rotX":0,
        "rotY":0,
        "rotZ":-2.4825165271759
      },
      "stats":{
        "healthCurrent":112,
        "magickaCurrent":116,
        "healthModified":112,
        "fatigueBase":256,
        "fatigueModified":256,
        "healthBase":112,
        "magickaModified":116,
        "magickaBase":116,
        "fatigueCurrent":256
      },
      "equipment":{
        "0":{
          "refId":"netch_leather_boiled_helm",
          "count":1,
          "charge":-1,
          "enchantmentCharge":-1
        },
        "1":{
          "refId":"netch_leather_boiled_cuirass",
          "count":1,
          "charge":-1,
          "enchantmentCharge":-1
        },
        "2":{
          "refId":"netch_leather_greaves",
          "count":1,
          "charge":-1,
          "enchantmentCharge":-1
        },
        "3":{
          "refId":"netch_leather_pauldron_left",
          "count":1,
          "charge":-1,
          "enchantmentCharge":-1
        },
        "4":{
          "refId":"netch_leather_pauldron_right",
          "count":1,
          "charge":-1,
          "enchantmentCharge":-1
        },
        "5":{
          "refId":"netch_leather_gauntlet_left",
          "count":1,
          "charge":-1,
          "enchantmentCharge":-1
        },
        "6":{
          "refId":"netch_leather_gauntlet_right",
          "count":1,
          "charge":-1,
          "enchantmentCharge":-1
        },
        "7":{
          "refId":"netch_leather_boots",
          "count":1,
          "charge":-1,
          "enchantmentCharge":-1
        },
        "8":{
          "refId":"extravagant_shirt_01_h",
          "count":1,
          "charge":-1,
          "enchantmentCharge":-1
        },
        "9":{
          "refId":"extravagant_pants_02",
          "count":1,
          "charge":-1,
          "enchantmentCharge":-1
        },
        "16":{
          "refId":"chitin dagger",
          "count":1,
          "charge":-1,
          "enchantmentCharge":-1
        },
        "17":{
          "refId":"netch_leather_towershield",
          "count":1,
          "charge":-1,
          "enchantmentCharge":-1
        }
      },
      "inventory":[{
          "refId":"p_fortify_health_s",
          "count":1,
          "charge":-1,
          "enchantmentCharge":-1,
          "soul":""
        },{
          "refId":"netch_leather_towershield",
          "count":1,
          "charge":-1,
          "enchantmentCharge":-1,
          "soul":""
        },{
          "refId":"netch_leather_gauntlet_right",
          "count":1,
          "charge":-1,
          "enchantmentCharge":-1,
          "soul":""
        },{
          "refId":"netch_leather_gauntlet_left",
          "count":1,
          "charge":-1,
          "enchantmentCharge":-1,
          "soul":""
        },{
          "refId":"netch_leather_boots",
          "count":1,
          "charge":-1,
          "enchantmentCharge":-1,
          "soul":""
        },{
          "refId":"netch_leather_greaves",
          "count":1,
          "charge":-1,
          "enchantmentCharge":-1,
          "soul":""
        },{
          "refId":"netch_leather_pauldron_right",
          "count":1,
          "charge":-1,
          "enchantmentCharge":-1,
          "soul":""
        },{
          "refId":"netch_leather_pauldron_left",
          "count":1,
          "charge":-1,
          "enchantmentCharge":-1,
          "soul":""
        },{
          "refId":"netch_leather_boiled_cuirass",
          "count":1,
          "charge":-1,
          "enchantmentCharge":-1,
          "soul":""
        },{
          "refId":"netch_leather_boiled_helm",
          "count":1,
          "charge":-1,
          "enchantmentCharge":-1,
          "soul":""
        },{
          "refId":"extravagant_shirt_01_h",
          "count":1,
          "charge":-1,
          "enchantmentCharge":-1,
          "soul":""
        },{
          "refId":"extravagant_pants_02",
          "count":1,
          "charge":-1,
          "enchantmentCharge":-1,
          "soul":""
        },{
          "refId":"key_omani_01",
          "count":1,
          "charge":-1,
          "enchantmentCharge":-1,
          "soul":""
        },{
          "refId":"chitin dagger",
          "count":1,
          "charge":-1,
          "enchantmentCharge":-1,
          "soul":""
        }]
    },
    "275284-0":{
      "refId":"in_hlaalu_door",
      "doorState":1
    },
    "347032-0":{
      "refId":"com_sack_02_chpfood3",
      "inventory":[{
          "refId":"ingred_scuttle_01",
          "count":3,
          "charge":-1,
          "enchantmentCharge":-1,
          "soul":""
        }]
    },
    "347082-0":{
      "refId":"com_basket_01_pos",
      "inventory":[{
          "refId":"misc_com_redware_vase",
          "count":1,
          "charge":-1,
          "enchantmentCharge":-1,
          "soul":""
        }]
    },
    "347028-0":{
      "refId":"urn_02_food",
      "inventory":[{
          "refId":"ingred_scuttle_01",
          "count":4,
          "charge":-1,
          "enchantmentCharge":-1,
          "soul":""
        }]
    },
    "347019-0":{
      "refId":"com_sack_01_chpfood5",
      "inventory":[{
          "refId":"ingred_scuttle_01",
          "count":5,
          "charge":-1,
          "enchantmentCharge":-1,
          "soul":""
        }]
    },
    "275255-0":{
      "refId":"barrel_01_cheapfood5",
      "inventory":[{
          "refId":"food_kwama_egg_02",
          "count":5,
          "charge":-1,
          "enchantmentCharge":-1,
          "soul":""
        }]
    },
    "275220-0":{
      "refId":"in_hlaalu_door",
      "doorState":1
    },
    "347020-0":{
      "refId":"com_sack_01_chpfood5",
      "inventory":[{
          "refId":"ingred_saltrice_01",
          "count":5,
          "charge":-1,
          "enchantmentCharge":-1,
          "soul":""
        }]
    },
    "347017-0":{
      "refId":"com_sack_01_chpfood5",
      "inventory":[{
          "refId":"ingred_scuttle_01",
          "count":5,
          "charge":-1,
          "enchantmentCharge":-1,
          "soul":""
        }]
    },
    "347015-0":{
      "refId":"com_sack_01_chpfood5",
      "inventory":[{
          "refId":"ingred_scuttle_01",
          "count":5,
          "charge":-1,
          "enchantmentCharge":-1,
          "soul":""
        }]
    },
    "275290-0":{
      "refId":"chest_small_02_gold_50",
      "inventory":[{
          "refId":"gold_001",
          "count":155,
          "charge":-1,
          "enchantmentCharge":-1,
          "soul":""
        }]
    },
    "347018-0":{
      "refId":"com_sack_01_chpfood5",
      "inventory":[{
          "refId":"ingred_scuttle_01",
          "count":5,
          "charge":-1,