{
  "packets":{
    "actorList":["0-3522","0-3523","0-3524","0-3525","0-3526"],
    "ai":[],
    "cellChangeFrom":[],
    "cellChangeTo":[],
    "container":["375002-0","375003-0","375004-0","375008-0","375009-0","375020-0","375021-0","375022-0","375023-0","375025-0","375027-0","375039-0","375040-0","375041-0","375042-0","391122-0","0-3526","0-3522","0-3525","0-3524","0-3523"],
    "death":["0-3526","0-3522","0-3525","0-3524","0-3523"],
    "delete":["374995-0","374996-0","374988-0"],
    "doorState":["333074-0","333096-0","333073-0","166759-0"],
    "equipment":["0-3525","0-3526"],
    "lock":["391122-0"],
    "place":[],
    "position":["0-3522","0-3523","0-3524","0-3525","0-3526"],
    "scale":[],
    "spawn":["0-3522","0-3523","0-3524","0-3525","0-3526"],
    "state":[],
    "statsDynamic":["0-3522","0-3523","0-3524","0-3525","0-3526"],
    "trap":["333074-0","391122-0","166759-0","375039-0"]
  },
  "entry":{
    "creationTime":1569212046,
    "description":"Sarys Ancestral Tomb"
  },
  "lastVisit":{
    "Dizzy":1569212505,
    "Tanis":1569212506
  },
  "recordLinks":{
    "armor":[],
    "clothing":[]
  },
  "objectData":{
    "0-3524":{
      "refId":"bonelord",
      "location":{
        "posX":4133.2119140625,
        "posZ":14273,
        "posY":4095.0964355469,
        "rotX":0.18220716714859,
        "rotY":0,
        "rotZ":0.26763725280762
      },
      "stats":{
        "healthCurrent":0,
        "magickaCurrent":26,
        "healthModified":90,
        "fatigueBase":500,
        "fatigueModified":500,
        "healthBase":90,
        "magickaModified":400,
        "magickaBase":400,
        "fatigueCurrent":499.32891845703
      },
      "inventory":[{
          "refId":"ingred_bonemeal_01",
          "count":6,
          "charge":-1,
          "enchantmentCharge":-1,
          "soul":""
        },{
          "refId":"misc_soulgem_lesser",
          "count":1,
          "charge":-1,
          "enchantmentCharge":-1,
          "soul":""
        }],
      "killer":{
        "player":"Tanis"
      }
    },
    "374988-0":{
      "refId":"ingred_bc_ampoule_pod"
    },
    "333096-0":{
      "refId":"in_velothismall_ndoor_01",
      "doorState":1
    },
    "374996-0":{
      "refId":"p_fortify_personality_s"
    },
    "391122-0":{
      "refId":"chest_tomb_large02",
      "inventory":[{
          "refId":"left leather bracer",
          "count":1,
          "charge":-1,
          "enchantmentCharge":-1,
          "soul":""
        },{
          "refId":"imperial_chain_cuirass",
          "count":1,
          "charge":-1,
          "enchantmentCharge":-1,
          "soul":""
        }],
      "lockLevel":0
    },
    "0-3523":{
      "refId":"bonelord",
      "location":{
        "posX":3702.6259765625,
        "posZ":14273,
        "posY":3208.7822265625,
        "rotX":0.020801531150937,
        "rotY":0,
        "rotZ":-0.27080631256104
      },
      "stats":{
        "healthCurrent":0,
        "magickaCurrent":220,
        "healthModified":90,
        "fatigueBase":500,
        "fatigueModified":500,
        "healthBase":90,
        "magickaModified":400,
        "magickaBase":400,
        "fatigueCurrent":500
      },
      "inventory":[],
      "killer":{
        "player":"Tanis"
      }
    },
    "375009-0":{
      "refId":"urn_ash00",
      "inventory":[{
          "refId":"ingred_bonemeal_01",
          "count":1,
          "charge":-1,
          "enchantmentCharge":-1,
          "soul":""
        }]
    },
    "375040-0":{
      "refId":"chest_tomb_small00",
      "inventory":[{
          "refId":"common_ring_02",
          "count":1,
          "charge":-1,
          "enchantmentCharge":-1,
          "soul":""
        }]
    },
    "333074-0":{
      "refId":"in_velothismall_ndoor_01",
      "doorState":1
    },
    "375021-0":{
      "refId":"urn_ash00",
      "inventory":[{
          "refId":"ingred_bonemeal_01",
          "count":1,
          "charge":-1,
          "enchantmentCharge":-1,
          "soul":""
        }]
    },
    "166759-0":{
      "refId":"in_velothismall_ndoor_01",
      "doorState":1
    },
    "375025-0":{
      "refId":"urn_ash00",
      "inventory":[{
          "refId":"ingred_bonemeal_01",
          "count":1,
          "charge":-1,
          "enchantmentCharge":-1,
          "soul":""
        }]
    },
    "375023-0":{
      "refId":"urn_ash00",
      "inventory":[{
          "refId":"ingred_bonemeal_01",
          "count":1,
          "charge":-1,
          "enchantmentCharge":-1,
          "soul":""
        }]
    },
    "375027-0":{
      "refId":"urn_ash00",
      "inventory":[{
          "refId":"ingred_bonemeal_01",
          "count":1,
          "charge":-1,
          "enchantmentCharge":-1,
          "soul":""
        }]
    },
    "0-3525":{
      "refId":"skeleton champion",
      "location":{
        "posX":5184.2314453125,
        "posZ":14273.01953125,
        "posY":4439.1455078125,
        "rotX":0.0021068155765533,
        "rotY":0,
        "rotZ":1.5689928531647
      },
      "stats":{
        "healthCurrent":0,
        "magickaCurrent":30,
        "healthModified":150,
        "fatigueBase":1000,
        "fatigueModified":1000,
        "healthBase":150,
        "magickaModified":30,
        "magickaBase":30,
        "fatigueCurrent":953.94494628906
      },
      "equipment":{
        "17":{
          "refId":"iron_shield",
          "count":1,
          "charge":-1,
          "enchantmentCharge":-1
        },
        "16":{
          "refId":"silver claymore",
          "count":1,
          "charge":-1,
          "enchantmentCharge":-1
        }
      },
      "inventory":[{
          "refId":"iron_shield",
          "count":1,
          "charge":-1,
          "enchantmentCharge":-1,
          "soul":""
        },{
          "refId":"silver claymore",
          "count":1,
          "charge":-1,
          "enchantmentCharge":-1,
          "soul":""
        }],
      "killer":{
        "player":"Tanis"
      }
    },
    "375004-0":{
      "refId":"urn_ash00",
      "inventory":[{
          "refId":"ingred_bonemeal_01",
          "count":1,
          "charge":-1,
          "enchantmentCharge":-1,
          "soul":""
        }]
    },
    "333073-0":{
      "refId":"in_velothismall_ndoor_01",
      "doorState":1
    },
    "375022-0":{
      "refId":"urn_ash00",
      "inventory":[{
          "refId":"ingred_bonemeal_01",
          "count":1,
          "charge":-1,
          "enchantmentCharge":-1,
          "soul":""
        }]
    },
    "375002-0":{
      "refId":"urn_ash00",
      "inventory":[{
          "refId":"ingred_bonemeal_01",
          "count":1,
          "charge":-1,
          "enchantmentCharge":-1,
          "soul":""
        }]
    },
    "375020-0":{
      "refId":"urn_ash00",
      "inventory":[{
          "refId":"ingred_bonemeal_01",
          "count":1,
          "charge":-1,
          "enchantmentCharge":-1,
          "soul":""
        }]
    },
    "0-3522":{
      "refId":"bonelord",
      "location":{
        "posX":4905.5092773438,
        "posZ":14273,
        "posY":4431.3081054688,
        "rotX":-0.072897858917713,
        "rotY":0,
        "rotZ":1.7234747409821
      },
      "stats":{
        "healthCurrent":0,
        "magickaCurrent":12,
        "healthModified":90,
        "fatigueBase":500,
        "fatigueModified":500,
        "healthBase":90,
        "magickaModified":400,
        "magickaBase":400,
        "fatigueCurrent":493.44271850586
      },
      "inventory":[],
      "killer":{
        "player":"Tanis"
      }
    },
    "375008-0":{
      "refId":"urn_ash00",
      "inventory":[{
          "refId":"ingred_bonemeal_01",
          "count":1,
          "charge":-1,
          "enchantmentCharge":-1,
          "soul":""
        }]
    },
    "0-3526":{
      "refId":"skeleton champion",
      "location":{
        "posX":5127.6538085938,
        "posZ":14657.01953125,
        "posY":4471.9423828125,
        "rotX":0.0017483700066805,