{
  "packets":{
    "actorList":["0-2017","0-2018","0-2019","0-2020"],
    "ai":[],
    "cellChangeFrom":[],
    "cellChangeTo":[],
    "container":["470126-0","470127-0","0-2017","0-2018","0-2019","0-2020"],
    "death":["0-2017","0-2018","0-2019","0-2020"],
    "delete":["372380-0","372379-0","372238-0"],
    "doorState":[],
    "equipment":["0-2017","0-2018","0-2019","0-2020"],
    "lock":[],
    "place":[],
    "position":["0-2017","0-2018","0-2019","0-2020","372238-0"],
    "scale":[],
    "spawn":["0-2017","0-2018","0-2019","0-2020"],
    "state":[],
    "statsDynamic":["0-2017","0-2018","0-2019","0-2020","372238-0"],
    "trap":[]
  },
  "entry":{
    "creationTime":1569004876,
    "description":"Urshilaku, Juno Burial"
  },
  "lastVisit":{
    "Dizzy":1569004974,
    "Dr,Kups":1569004974
  },
  "recordLinks":[],
  "objectData":{
    "0-2019":{
      "refId":"skeleton champion",
      "location":{
        "posX":3950.0246582031,
        "posZ":12472.663085938,
        "posY":3741.1599121094,
        "rotX":-0.43219432234764,
        "rotY":0,
        "rotZ":-0.10197424888611
      },
      "stats":{
        "healthCurrent":0,
        "magickaCurrent":30,
        "healthModified":150,
        "fatigueBase":1000,
        "fatigueModified":1000,
        "healthBase":150,
        "magickaModified":30,
        "magickaBase":30,
        "fatigueCurrent":983.45660400391
      },
      "equipment":{
        "17":{
          "refId":"iron_shield",
          "count":1,
          "charge":-1,
          "enchantmentCharge":-1
        },
        "16":{
          "refId":"silver longsword",
          "count":1,
          "charge":-1,
          "enchantmentCharge":-1
        }
      },
      "inventory":[{
          "refId":"iron_shield",
          "count":1,
          "charge":161,
          "enchantmentCharge":-1,
          "soul":""
        },{
          "refId":"ingred_bonemeal_01",
          "count":2,
          "charge":-1,
          "enchantmentCharge":-1,
          "soul":""
        },{
          "refId":"silver longsword",
          "count":1,
          "charge":-1,
          "enchantmentCharge":-1,
          "soul":""
        }],
      "killer":{
        "player":"Dr,Kups"
      }
    },
    "372238-0":{
      "refId":"wraith_sul_senipul",
      "location":{
        "posX":4333.8510742188,
        "posZ":12440.212890625,
        "posY":7111.2045898438,
        "rotX":-0.0028876103460789,
        "rotY":0,
        "rotZ":0.81675791740417
      },
      "stats":{
        "healthCurrent":0,
        "magickaCurrent":360,
        "healthModified":200,
        "fatigueBase":200,
        "fatigueModified":200,
        "healthBase":200,
        "magickaModified":400,
        "magickaBase":400,
        "fatigueCurrent":200
      }
    },
    "372380-0":{
      "refId":"p_fortify_magicka_s"
    },
    "0-2020":{
      "refId":"skeleton champion",
      "location":{
        "posX":3794.470703125,
        "posZ":12490.555664063,
        "posY":4807.3862304688,
        "rotX":-0.0099210441112518,
        "rotY":0,
        "rotZ":1.6895225048065
      },
      "stats":{
        "healthCurrent":0,
        "magickaCurrent":30,
        "healthModified":150,
        "fatigueBase":1000,
        "fatigueModified":1000,
        "healthBase":150,
        "magickaModified":30,
        "magickaBase":30,
        "fatigueCurrent":990.54479980469
      },
      "equipment":{
        "17":{
          "refId":"iron_shield",
          "count":1,
          "charge":-1,
          "enchantmentCharge":-1
        },
        "16":{
          "refId":"silver claymore",
          "count":1,
          "charge":-1,
          "enchantmentCharge":-1
        }
      },
      "inventory":[{
          "refId":"iron_shield",
          "count":1,
          "charge":-1,
          "enchantmentCharge":-1,
          "soul":""
        },{
          "refId":"ingred_bonemeal_01",
          "count":2,
          "charge":-1,
          "enchantmentCharge":-1,
          "soul":""
        },{
          "refId":"silver claymore",
          "count":1,
          "charge":-1,
          "enchantmentCharge":-1,
          "soul":""
        }],
      "killer":{
        "player":"Dr,Kups"
      }
    },
    "470126-0":{
      "refId":"mummy_03",
      "inventory":[{
          "refId":"ingred_ash_salts_01",
          "count":1,
          "charge":-1,
          "enchantmentCharge":-1,
          "soul":""
        },{
          "refId":"ingred_bonemeal_01",
          "count":1,
          "charge":-1,
          "enchantmentCharge":-1,
          "soul":""
        }]
    },
    "470127-0":{
      "refId":"mummy_02",
      "inventory":[{
          "refId":"ingred_ash_salts_01",
          "count":1,
          "charge":-1,
          "enchantmentCharge":-1,
          "soul":""
        },{
          "refId":"ingred_bonemeal_01",
          "count":1,
          "charge":-1,
          "enchantmentCharge":-1,
          "soul":""
        }]
    },
    "0-2018":{
      "refId":"skeleton champion",
      "location":{
        "posX":3866.5070800781,
        "posZ":12119.450195313,
        "posY":649.98791503906,
        "rotX":0.26949182152748,
        "rotY":0,
        "rotZ":1.069671869278
      },
      "stats":{
        "healthCurrent":0,
        "magickaCurrent":30,
        "healthModified":150,
        "fatigueBase":1000,
        "fatigueModified":1000,
        "healthBase":150,
        "magickaModified":30,
        "magickaBase":30,
        "fatigueCurrent":998.64031982422
      },
      "equipment":{
        "17":{
          "refId":"iron_shield",
          "count":1,
          "charge":-1,
          "enchantmentCharge":-1
        },
        "16":{
          "refId":"silver longsword",
          "count":1,
          "charge":-1,
          "enchantmentCharge":-1
        }
      },
      "inventory":[{
          "refId":"iron_shield",
          "count":1,
          "charge":-1,
          "enchantmentCharge":-1,
          "soul":""
        },{
          "refId":"ingred_bonemeal_01",
          "count":3,
          "charge":-1,
          "enchantmentCharge":-1,
          "soul":""
        },{
          "refId":"silver longsword",
          "count":1,
          "charge":638,
          "enchantmentCharge":-1,
          "soul":""
        }],
      "killer":{
        "player":"Dr,Kups"
      }
    },
    "0-2017":{
      "refId":"skeleton champion",
      "location":{
        "posX":5377.44921875,
        "posZ":11749.3046875,
        "posY":3053.7458496094,
        "rotX":0.33497017621994,
        "rotY":0,
        "rotZ":1.33314204216
      },
      "stats":{
        "healthCurrent":0,
        "magickaCurrent":30,
        "healthModified":150,
        "fatigueBase":1000,
        "fatigueModified":1000,
        "healthBase":150,
        "magickaModified":30,
        "magickaBase":30,
        "fatigueCurrent":996.58428955078
      },
      "equipment":{
        "17":{
          "refId":"iron_shield",
          "count":1,
          "charge":-1,
          "enchantmentCharge":-1
        },
        "16":{
          "refId":"silver longsword",
          "count":1,
          "charge":-1,
          "enchantmentCharge":-1
        }
      },
      "inventory":[{
          "refId":"iron_shield",
          "count":1,
          "charge":-1,
          "enchantmentCharge":-1,
          "soul":""
        },{
          "refId":"ingred_bonemeal_01",
          "count":2,
          "charge":-1,
          "enchantmentCharge":-1,
          "soul":""
        },{
          "refId":"silver longsword",
          "count":1,
          "charge":634,
          "enchantmentCharge":-1,
          "soul":""
        }],
      "killer":{
        "player":"Dr,Kups"
      }
    },
    "372379-0":{
      "refId":"probe_apprentice_01"
    }
  }
}