{
  "packets":{
    "actorList":["0-2002","0-2003","0-2004","410860-0","371492-0","371493-0","371494-0","383959-0"],
    "ai":[],
    "cellChangeFrom":[],
    "cellChangeTo":[],
    "container":["469895-0","469909-0","410860-0","371492-0","371493-0","371494-0","383959-0","0-2004","0-2002"],
    "death":["371493-0","0-2004","0-2002"],
    "delete":[],
    "doorState":[],
    "equipment":["383959-0","410860-0","0-2002","0-2003","0-2004"],
    "lock":[],
    "place":[],
    "position":["371492-0","371493-0","371494-0","383959-0","410860-0","0-2002","0-2003","0-2004"],
    "scale":[],
    "spawn":["0-2002","0-2003","0-2004"],
    "state":[],
    "statsDynamic":["371492-0","371493-0","371494-0","383959-0","410860-0","0-2002","0-2003","0-2004"],
    "trap":[]
  },
  "entry":{
    "creationTime":1569004264,
    "description":"Urshilaku, Astral Burial"
  },
  "lastVisit":{
    "Dizzy":1569004325,
    "Dr,Kups":1569004326
  },
  "recordLinks":[],
  "objectData":{
    "0-2002":{
      "refId":"skeleton champion",
      "location":{
        "posX":3317.9282226563,
        "posZ":12599.21484375,
        "posY":5341.8442382813,
        "rotX":-0.014670353382826,
        "rotY":0,
        "rotZ":-2.3053848743439
      },
      "stats":{
        "healthCurrent":0,
        "magickaCurrent":30,
        "healthModified":150,
        "fatigueBase":1000,
        "fatigueModified":1000,
        "healthBase":150,
        "magickaModified":30,
        "magickaBase":30,
        "fatigueCurrent":996.79675292969
      },
      "equipment":[],
      "inventory":[{
          "refId":"iron_shield",
          "count":1,
          "charge":-1,
          "enchantmentCharge":-1,
          "soul":""
        },{
          "refId":"ingred_bonemeal_01",
          "count":1,
          "charge":-1,
          "enchantmentCharge":-1,
          "soul":""
        },{
          "refId":"silver claymore",
          "count":1,
          "charge":-1,
          "enchantmentCharge":-1,
          "soul":""
        }],
      "killer":{
        "player":"Dr,Kups"
      }
    },
    "371492-0":{
      "refId":"rat",
      "location":{
        "posX":4010.0122070313,
        "posZ":13644.693359375,
        "posY":2131.1875,
        "rotX":-0.031094552949071,
        "rotY":0,
        "rotZ":1.4652879238129
      },
      "stats":{
        "healthCurrent":23,
        "magickaCurrent":10,
        "healthModified":23,
        "fatigueBase":300,
        "fatigueModified":300,
        "healthBase":23,
        "magickaModified":10,
        "magickaBase":10,
        "fatigueCurrent":300
      },
      "inventory":[{
          "refId":"ingred_rat_meat_01",
          "count":1,
          "charge":-1,
          "enchantmentCharge":-1,
          "soul":""
        }]
    },
    "0-2004":{
      "refId":"skeleton champion",
      "location":{
        "posX":3167.3994140625,
        "posZ":13056.016601563,
        "posY":2137.7446289063,
        "rotX":-0.22188374400139,
        "rotY":0,
        "rotZ":2.4409372806549
      },
      "stats":{
        "healthCurrent":0,
        "magickaCurrent":30,
        "healthModified":150,
        "fatigueBase":1000,
        "fatigueModified":1000,
        "healthBase":150,
        "magickaModified":30,
        "magickaBase":30,
        "fatigueCurrent":990.67779541016
      },
      "equipment":[],
      "inventory":[{
          "refId":"iron_shield",
          "count":1,
          "charge":-1,
          "enchantmentCharge":-1,
          "soul":""
        },{
          "refId":"silver claymore",
          "count":1,
          "charge":1258,
          "enchantmentCharge":-1,
          "soul":""
        }],
      "killer":{
        "player":"Dizzy"
      }
    },
    "410860-0":{
      "refId":"dead random female",
      "location":{
        "posX":4962.3154296875,
        "posZ":13637.05078125,
        "posY":2180.4599609375,
        "rotX":0,
        "rotY":0,
        "rotZ":-2.0415937900543
      },
      "stats":{
        "healthCurrent":0,
        "magickaCurrent":92,
        "healthModified":0,
        "fatigueBase":226,
        "fatigueModified":226,
        "healthBase":0,
        "magickaModified":92,
        "magickaBase":92,
        "fatigueCurrent":226
      },
      "equipment":{
        "0":{
          "refId":"dwemer_helm",
          "count":1,
          "charge":-1,
          "enchantmentCharge":-1
        },
        "1":{
          "refId":"trollbone_cuirass",
          "count":1,
          "charge":-1,
          "enchantmentCharge":-1
        },
        "2":{
          "refId":"iron_greaves",
          "count":1,
          "charge":-1,
          "enchantmentCharge":-1
        },
        "4":{
          "refId":"dwemer_pauldron_right",
          "count":1,
          "charge":-1,
          "enchantmentCharge":-1
        },
        "5":{
          "refId":"netch_leather_gauntlet_left",
          "count":1,
          "charge":-1,
          "enchantmentCharge":-1
        },
        "6":{
          "refId":"iron_bracer_right",
          "count":1,
          "charge":-1,
          "enchantmentCharge":-1
        },
        "7":{
          "refId":"orcish_boots",
          "count":1,
          "charge":-1,
          "enchantmentCharge":-1
        },
        "16":{
          "refId":"wild flameblade",
          "count":1,
          "charge":-1,
          "enchantmentCharge":-1
        },
        "17":{
          "refId":"chitin_towershield",
          "count":1,
          "charge":-1,
          "enchantmentCharge":-1
        }
      },
      "inventory":[{
          "refId":"orcish_boots",
          "count":1,
          "charge":-1,
          "enchantmentCharge":-1,
          "soul":""
        },{
          "refId":"iron_bracer_right",
          "count":1,
          "charge":-1,
          "enchantmentCharge":-1,
          "soul":""
        },{
          "refId":"trollbone_cuirass",
          "count":1,
          "charge":-1,
          "enchantmentCharge":-1,
          "soul":""
        },{
          "refId":"netch_leather_gauntlet_left",
          "count":1,
          "charge":-1,
          "enchantmentCharge":-1,
          "soul":""
        },{
          "refId":"iron_greaves",
          "count":1,
          "charge":-1,
          "enchantmentCharge":-1,
          "soul":""
        },{
          "refId":"dwemer_helm",
          "count":1,
          "charge":-1,
          "enchantmentCharge":-1,
          "soul":""
        },{
          "refId":"dwemer_pauldron_right",
          "count":1,
          "charge":-1,
          "enchantmentCharge":-1,
          "soul":""
        },{
          "refId":"chitin_towershield",
          "count":1,
          "charge":-1,
          "enchantmentCharge":-1,
          "soul":""
        },{
          "refId":"pick_master",
          "count":1,
          "charge":-1,
          "enchantmentCharge":-1,
          "soul":""
        },{
          "refId":"gold_001",
          "count":1,
          "charge":-1,
          "enchantmentCharge":-1,
          "soul":""
        },{
          "refId":"probe_master",
          "count":1,
          "charge":-1,
          "enchantmentCharge":-1,
          "soul":""
        },{
          "refId":"wild flameblade",
          "count":1,
          "charge":-1,
          "enchantmentCharge":-1,
          "soul":""
        }]
    },
    "371493-0":{
      "refId":"rat",
      "location":{
        "posX":3095.0869140625,
        "posZ":13126.104492188,
        "posY":1409.9675292969,
        "rotX":-0.1404542773962,
        "rotY":0,
        "rotZ":2.5046670436859
      },
      "stats":{
        "healthCurrent":0,
        "magickaCurrent":10,
        "healthModified":23,
        "fatigueBase":300,
        "fatigueModified":300,
        "healthBase":23,
        "magickaModified":10,
        "magickaBase":10,
        "fatigueCurrent":299.29870605469
      },
      "inventory":[],
      "killer":{
        "player":"Dr,Kups"
      }
    },
    "0-2003":{
      "refId":"skeleton champion",