{
  "packets":{
    "actorList":["260492-0","260493-0","260494-0","260495-0","260496-0","260497-0"],
    "ai":[],
    "cellChangeFrom":[],
    "cellChangeTo":[],
    "container":["260538-0","260539-0","260540-0","260541-0","260542-0","260543-0","260544-0","260545-0","260546-0","260547-0","260548-0","260549-0","260550-0","260556-0","260492-0","260493-0","260494-0","260495-0","260496-0","260497-0"],
    "death":["260495-0","260497-0","260496-0","260492-0","260493-0","260494-0"],
    "delete":["483553-0","359950-0","260559-0"],
    "doorState":["260522-0"],
    "equipment":[],
    "lock":["260556-0"],
    "place":[],
    "position":["260492-0","260493-0","260494-0","260495-0","260496-0","260497-0"],
    "scale":[],
    "spawn":[],
    "state":[],
    "statsDynamic":["260492-0","260493-0","260494-0","260495-0","260496-0","260497-0"],
    "trap":[]
  },
  "entry":{
    "creationTime":1569185770,
    "description":"Vivec, St. Olms Yngling Manor Basement"
  },
  "lastVisit":{
    "Dizzy":1569185820,
    "Tanis":1569296276
  },
  "recordLinks":[],
  "objectData":{
    "260541-0":{
      "refId":"com_sack_01_chpfood5",
      "inventory":[]
    },
    "260547-0":{
      "refId":"com_sack_02_chpfood3",
      "inventory":[]
    },
    "260556-0":{
      "refId":"chest_small_02_yngling",
      "inventory":[],
      "lockLevel":0
    },
    "359950-0":{
      "refId":"bk_ynglingledger"
    },
    "260538-0":{
      "refId":"barrel_01_cheapfood20",
      "inventory":[]
    },
    "483553-0":{
      "refId":"bk_ynglingletter"
    },
    "260494-0":{
      "refId":"rat_cave_hhte2",
      "location":{
        "posX":-529.91455078125,
        "posZ":-126.99999237061,
        "posY":1016.6426391602,
        "rotX":0,
        "rotY":0,
        "rotZ":0
      },
      "stats":{
        "healthCurrent":0,
        "magickaCurrent":10,
        "healthModified":45,
        "fatigueBase":125,
        "fatigueModified":125,
        "healthBase":45,
        "magickaModified":10,
        "magickaBase":10,
        "fatigueCurrent":125
      },
      "inventory":[{
          "refId":"ingred_rat_meat_01",
          "count":2,
          "charge":-1,
          "enchantmentCharge":-1,
          "soul":""
        }],
      "killer":{
        "player":"Tanis"
      }
    },
    "260495-0":{
      "refId":"rat_cave_hhte2",
      "location":{
        "posX":-320.35208129883,
        "posZ":-126.99999237061,
        "posY":578.32611083984,
        "rotX":0,
        "rotY":0,
        "rotZ":4.0831861495972
      },
      "stats":{
        "healthCurrent":0,
        "magickaCurrent":10,
        "healthModified":45,
        "fatigueBase":125,
        "fatigueModified":125,
        "healthBase":45,
        "magickaModified":10,
        "magickaBase":10,
        "fatigueCurrent":44.537567138672
      },
      "inventory":[],
      "killer":{
        "player":"Tanis"
      }
    },
    "260540-0":{
      "refId":"barrel_01_cheapfood20",
      "inventory":[]
    },
    "260492-0":{
      "refId":"rat_cave_hhte1",
      "location":{
        "posX":-531.5224609375,
        "posZ":-126.99999237061,
        "posY":745.56091308594,
        "rotX":0,
        "rotY":0,
        "rotZ":3.1415927410126
      },
      "stats":{
        "healthCurrent":0,
        "magickaCurrent":10,
        "healthModified":38,
        "fatigueBase":300,
        "fatigueModified":300,
        "healthBase":38,
        "magickaModified":10,
        "magickaBase":10,
        "fatigueCurrent":300
      },
      "inventory":[],
      "killer":{
        "player":"Tanis"
      }
    },
    "260548-0":{
      "refId":"com_sack_01_chpfood5",
      "inventory":[]
    },
    "260550-0":{
      "refId":"com_sack_02_chpfood3",
      "inventory":[]
    },
    "260549-0":{
      "refId":"com_sack_01_chpfood5",
      "inventory":[]
    },
    "260545-0":{
      "refId":"com_sack_03_chpfood5",
      "inventory":[]
    },
    "260522-0":{
      "refId":"in_v_s_jaildoor_01",
      "doorState":1
    },
    "260496-0":{
      "refId":"rat_cave_hhte1",
      "location":{
        "posX":-495.51879882813,
        "posZ":-127,
        "posY":683.30883789063,
        "rotX":0,
        "rotY":0,
        "rotZ":2.3561944961548
      },
      "stats":{
        "healthCurrent":0,
        "magickaCurrent":10,
        "healthModified":38,
        "fatigueBase":300,
        "fatigueModified":300,
        "healthBase":38,
        "magickaModified":10,
        "magickaBase":10,
        "fatigueCurrent":300
      },
      "inventory":[],
      "killer":{
        "player":"Tanis"
      }
    },
    "260546-0":{
      "refId":"com_sack_02_chpfood3",
      "inventory":[]
    },
    "260497-0":{
      "refId":"rat_cave_hhte2",
      "location":{
        "posX":-332.11828613281,
        "posZ":-127,
        "posY":545.47515869141,
        "rotX":0,
        "rotY":0,
        "rotZ":2.3561944961548
      },
      "stats":{
        "healthCurrent":0,
        "magickaCurrent":10,
        "healthModified":45,
        "fatigueBase":125,
        "fatigueModified":125,
        "healthBase":45,
        "magickaModified":10,
        "magickaBase":10,
        "fatigueCurrent":116.68865203857
      },
      "inventory":[{
          "refId":"steel arrow",
          "count":1,
          "charge":-1,
          "enchantmentCharge":-1,
          "soul":""
        }],
      "killer":{
        "player":"Tanis"
      }
    },
    "260542-0":{
      "refId":"com_sack_01_chpfood5",
      "inventory":[]
    },
    "260543-0":{
      "refId":"com_sack_03_chpfood5",
      "inventory":[]
    },
    "260539-0":{
      "refId":"barrel_01_cheapfood20",
      "inventory":[]
    },
    "260559-0":{
      "refId":"gold_025"
    },
    "260544-0":{
      "refId":"com_sack_03_chpfood5",
      "inventory":[]
    },
    "260493-0":{
      "refId":"rat_cave_hhte1",
      "location":{
        "posX":-464.16854858398,
        "posZ":-127.15199279785,
        "posY":931.29467773438,
        "rotX":0,
        "rotY":0,
        "rotZ":3.1415927410126
      },
      "stats":{
        "healthCurrent":0,
        "magickaCurrent":10,
        "healthModified":38,
        "fatigueBase":300,
        "fatigueModified":300,
        "healthBase":38,
        "magickaModified":10,
        "magickaBase":10,
        "fatigueCurrent":300
      },
      "inventory":[{
          "refId":"ingred_rat_meat_01",
          "count":2,
          "charge":-1,
          "enchantmentCharge":-1,
          "soul":""
        }],
      "killer":{
        "player":"Tanis"
      }
    }
  }
}