{
  "packets":{
    "actorList":["0-3732","0-3733","0-3734","0-3735","0-3736","0-3737","0-3738","0-3739","0-3740"],
    "ai":[],
    "cellChangeFrom":[],
    "cellChangeTo":[],
    "container":["219030-0","219031-0","219032-0"],
    "death":[],
    "delete":[],
    "doorState":[],
    "equipment":["0-3733","0-3736","0-3737","0-3738"],
    "lock":[],
    "place":[],
    "position":["0-3732","0-3733","0-3734","0-3735","0-3736","0-3737","0-3738","0-3739","0-3740"],
    "scale":[],
    "spawn":["0-3732","0-3733","0-3734","0-3735","0-3736","0-3737","0-3738","0-3739","0-3740"],
    "state":[],
    "statsDynamic":["0-3732","0-3733","0-3734","0-3735","0-3736","0-3737","0-3738","0-3739","0-3740"],
    "trap":[]
  },
  "entry":{
    "creationTime":1569268639,
    "description":"Vivec, Foreign Quarter Tomb"
  },
  "lastVisit":{
    "Tanis":1569268640
  },
  "recordLinks":[],
  "objectData":{
    "0-3734":{
      "refId":"bonelord",
      "location":{
        "posX":674.46099853516,
        "posZ":385.00003051758,
        "posY":1276.4606933594,
        "rotX":0.0087471175938845,
        "rotY":0,
        "rotZ":1.5293653011322
      },
      "stats":{
        "healthCurrent":90,
        "magickaCurrent":400,
        "healthModified":90,
        "fatigueBase":500,
        "fatigueModified":500,
        "healthBase":90,
        "magickaModified":400,
        "magickaBase":400,
        "fatigueCurrent":500
      }
    },
    "219030-0":{
      "refId":"com_chest_02_tomb_comn",
      "inventory":[{
          "refId":"gold_001",
          "count":77,
          "charge":-1,
          "enchantmentCharge":-1,
          "soul":""
        }]
    },
    "0-3739":{
      "refId":"rat_blighted",
      "location":{
        "posX":1344,
        "posZ":-127.00002288818,
        "posY":1568,
        "rotX":0,
        "rotY":0,
        "rotZ":-0.27829957008362
      },
      "stats":{
        "healthCurrent":45,
        "magickaCurrent":10,
        "healthModified":45,
        "fatigueBase":73,
        "fatigueModified":73,
        "healthBase":45,
        "magickaModified":10,
        "magickaBase":10,
        "fatigueCurrent":73
      }
    },
    "0-3740":{
      "refId":"rat",
      "location":{
        "posX":512,
        "posZ":129.00006103516,
        "posY":-662.20233154297,
        "rotX":0,
        "rotY":0,
        "rotZ":0
      },
      "stats":{
        "healthCurrent":23,
        "magickaCurrent":10,
        "healthModified":23,
        "fatigueBase":300,
        "fatigueModified":300,
        "healthBase":23,
        "magickaModified":10,
        "magickaBase":10,
        "fatigueCurrent":300
      }
    },
    "0-3736":{
      "refId":"skeleton champion",
      "location":{
        "posX":1889.0339355469,
        "posZ":-127.00000762939,
        "posY":2212.7380371094,
        "rotX":0.0058956257998943,
        "rotY":0,
        "rotZ":2.3819410800934
      },
      "stats":{
        "healthCurrent":150,
        "magickaCurrent":30,
        "healthModified":150,
        "fatigueBase":1000,
        "fatigueModified":1000,
        "healthBase":150,
        "magickaModified":30,
        "magickaBase":30,
        "fatigueCurrent":1000
      },
      "equipment":{
        "17":{
          "refId":"iron_shield",
          "count":1,
          "charge":-1,
          "enchantmentCharge":-1
        }
      }
    },
    "0-3733":{
      "refId":"skeleton champion",
      "location":{
        "posX":570.27093505859,
        "posZ":129,
        "posY":-81.287200927734,
        "rotX":0,
        "rotY":0,
        "rotZ":-2.827107667923
      },
      "stats":{
        "healthCurrent":150,
        "magickaCurrent":30,
        "healthModified":150,
        "fatigueBase":1000,
        "fatigueModified":1000,
        "healthBase":150,
        "magickaModified":30,
        "magickaBase":30,
        "fatigueCurrent":1000
      },
      "equipment":{
        "17":{
          "refId":"iron_shield",
          "count":1,
          "charge":-1,
          "enchantmentCharge":-1
        }
      }
    },
    "0-3738":{
      "refId":"skeleton champion",
      "location":{
        "posX":2054.90625,
        "posZ":-116.973487854,
        "posY":1828.4929199219,
        "rotX":0,
        "rotY":0,
        "rotZ":0
      },
      "stats":{
        "healthCurrent":150,
        "magickaCurrent":30,
        "healthModified":150,
        "fatigueBase":1000,
        "fatigueModified":1000,
        "healthBase":150,
        "magickaModified":30,
        "magickaBase":30,
        "fatigueCurrent":1000
      },
      "equipment":{
        "17":{
          "refId":"iron_shield",
          "count":1,
          "charge":-1,
          "enchantmentCharge":-1
        }
      }
    },
    "0-3735":{
      "refId":"bonelord",
      "location":{
        "posX":2558.5712890625,
        "posZ":-127,
        "posY":1158.2703857422,
        "rotX":0.021771041676402,
        "rotY":0,
        "rotZ":-1.847811460495
      },
      "stats":{
        "healthCurrent":90,
        "magickaCurrent":340,
        "healthModified":90,
        "fatigueBase":500,
        "fatigueModified":500,
        "healthBase":90,
        "magickaModified":400,
        "magickaBase":400,
        "fatigueCurrent":500
      }
    },
    "219031-0":{
      "refId":"crate_01_empty",
      "inventory":[]
    },
    "0-3732":{
      "refId":"bonelord",
      "location":{
        "posX":1006.871887207,
        "posZ":129,
        "posY":2282.705078125,
        "rotX":0.29942673444748,
        "rotY":0,
        "rotZ":3.0686028003693
      },
      "stats":{
        "healthCurrent":90,
        "magickaCurrent":400,
        "healthModified":90,
        "fatigueBase":500,
        "fatigueModified":500,
        "healthBase":90,
        "magickaModified":400,
        "magickaBase":400,
        "fatigueCurrent":500
      }
    },
    "219032-0":{
      "refId":"crate_01_empty",
      "inventory":[]
    },
    "0-3737":{
      "refId":"skeleton champion",
      "location":{
        "posX":1793.8054199219,
        "posZ":-102.96983337402,
        "posY":1830.6857910156,
        "rotX":0,
        "rotY":0,
        "rotZ":0
      },
      "stats":{
        "healthCurrent":150,
        "magickaCurrent":30,
        "healthModified":150,
        "fatigueBase":1000,
        "fatigueModified":1000,
        "healthBase":150,
        "magickaModified":30,
        "magickaBase":30,
        "fatigueCurrent":1000
      },
      "equipment":{
        "17":{
          "refId":"iron_shield",
          "count":1,
          "charge":-1,
          "enchantmentCharge":-1
        }
      }
    }
  }
}