{
  "packets":{
    "actorList":["201957-0","201959-0","201960-0","201961-0","269217-0","201958-0","440482-0"],
    "ai":[],
    "cellChangeFrom":[],
    "cellChangeTo":[],
    "container":["202033-0","202123-0","202124-0","202125-0","202158-0","202159-0","202160-0","335793-0","335794-0","335795-0","335796-0","335810-0","201957-0","201959-0","201960-0","201961-0","269217-0","201958-0","440482-0"],
    "death":[],
    "delete":[],
    "doorState":[],
    "equipment":["201957-0","201958-0","201959-0","201960-0","201961-0","269217-0","440482-0"],
    "lock":[],
    "place":[],
    "position":["201957-0","201958-0","201959-0","201960-0","201961-0","269217-0","440482-0"],
    "scale":[],
    "spawn":[],
    "state":[],
    "statsDynamic":["201957-0","201958-0","201959-0","201960-0","201961-0","269217-0","440482-0"],
    "trap":[]
  },
  "entry":{
    "creationTime":1569185517,
    "description":"Vivec, Elven Nations Cornerclub"
  },
  "lastVisit":{
    "Dizzy":1569185538,
    "Tanis":1569268771
  },
  "recordLinks":[],
  "objectData":{
    "201960-0":{
      "refId":"arvama rathri",
      "location":{
        "posX":-50.509460449219,
        "posZ":-255,
        "posY":89.986724853516,
        "rotX":0,
        "rotY":0,
        "rotZ":-1.2040016651154
      },
      "stats":{
        "healthCurrent":100,
        "magickaCurrent":98,
        "healthModified":100,
        "fatigueBase":208,
        "fatigueModified":208,
        "healthBase":100,
        "magickaModified":98,
        "magickaBase":98,
        "fatigueCurrent":208
      },
      "equipment":{
        "1":{
          "refId":"netch_leather_boiled_cuirass",
          "count":1,
          "charge":-1,
          "enchantmentCharge":-1
        },
        "7":{
          "refId":"common_shoes_05",
          "count":1,
          "charge":-1,
          "enchantmentCharge":-1
        },
        "8":{
          "refId":"common_shirt_03",
          "count":1,
          "charge":-1,
          "enchantmentCharge":-1
        },
        "16":{
          "refId":"steel longsword",
          "count":1,
          "charge":-1,
          "enchantmentCharge":-1
        },
        "9":{
          "refId":"common_pants_05",
          "count":1,
          "charge":-1,
          "enchantmentCharge":-1
        }
      },
      "inventory":[{
          "refId":"netch_leather_boiled_cuirass",
          "count":1,
          "charge":-1,
          "enchantmentCharge":-1,
          "soul":""
        },{
          "refId":"common_shirt_03",
          "count":1,
          "charge":-1,
          "enchantmentCharge":-1,
          "soul":""
        },{
          "refId":"common_shoes_05",
          "count":1,
          "charge":-1,
          "enchantmentCharge":-1,
          "soul":""
        },{
          "refId":"common_pants_05",
          "count":1,
          "charge":-1,
          "enchantmentCharge":-1,
          "soul":""
        },{
          "refId":"steel longsword",
          "count":1,
          "charge":-1,
          "enchantmentCharge":-1,
          "soul":""
        }]
    },
    "201958-0":{
      "refId":"sovali uvayn",
      "location":{
        "posX":-379.97100830078,
        "posZ":-255,
        "posY":-98.406600952148,
        "rotX":0.015800200402737,
        "rotY":0,
        "rotZ":1.5934031009674
      },
      "stats":{
        "healthCurrent":92,
        "magickaCurrent":116,
        "healthModified":92,
        "fatigueBase":216,
        "fatigueModified":216,
        "healthBase":92,
        "magickaModified":116,
        "magickaBase":116,
        "fatigueCurrent":216
      },
      "equipment":{
        "7":{
          "refId":"extravagant_shoes_01",
          "count":1,
          "charge":-1,
          "enchantmentCharge":-1
        },
        "11":{
          "refId":"common_robe_02",
          "count":1,
          "charge":-1,
          "enchantmentCharge":-1
        }
      },
      "inventory":[{
          "refId":"common_robe_02",
          "count":1,
          "charge":-1,
          "enchantmentCharge":-1,
          "soul":""
        },{
          "refId":"extravagant_shoes_01",
          "count":1,
          "charge":-1,
          "enchantmentCharge":-1,
          "soul":""
        },{
          "refId":"pick_apprentice_01",
          "count":4,
          "charge":-1,
          "enchantmentCharge":-1,
          "soul":""
        },{
          "refId":"pick_journeyman_01",
          "count":2,
          "charge":-1,
          "enchantmentCharge":-1,
          "soul":""
        },{
          "refId":"gold_001",
          "count":15,
          "charge":-1,
          "enchantmentCharge":-1,
          "soul":""
        },{
          "refId":"probe_journeyman_01",
          "count":2,
          "charge":-1,
          "enchantmentCharge":-1,
          "soul":""
        }]
    },
    "202033-0":{
      "refId":"com_closet_01_empty",
      "inventory":[]
    },
    "201961-0":{
      "refId":"brethas deras",
      "location":{
        "posX":-589.93341064453,
        "posZ":-511,
        "posY":184.73190307617,
        "rotX":0,
        "rotY":0,
        "rotZ":-1.5390608310699
      },
      "stats":{
        "healthCurrent":90,
        "magickaCurrent":102,
        "healthModified":90,
        "fatigueBase":235,
        "fatigueModified":235,
        "healthBase":90,
        "magickaModified":102,
        "magickaBase":102,
        "fatigueCurrent":235
      },
      "equipment":{
        "0":{
          "refId":"bonemold_gah-julan_helm",
          "count":1,
          "charge":-1,
          "enchantmentCharge":-1
        },
        "1":{
          "refId":"bonemold_gah-julan_cuirass",
          "count":1,
          "charge":-1,
          "enchantmentCharge":-1
        },
        "7":{
          "refId":"bonemold_boots",
          "count":1,
          "charge":-1,
          "enchantmentCharge":-1
        },
        "8":{
          "refId":"common_shirt_02_h",
          "count":1,
          "charge":-1,
          "enchantmentCharge":-1
        },
        "9":{
          "refId":"common_pants_02",
          "count":1,
          "charge":-1,
          "enchantmentCharge":-1
        },
        "15":{
          "refId":"common_belt_02",
          "count":1,
          "charge":-1,
          "enchantmentCharge":-1
        },
        "16":{
          "refId":"silver viperslayer",
          "count":1,
          "charge":-1,
          "enchantmentCharge":-1
        },
        "17":{
          "refId":"bonemold_shield",
          "count":1,
          "charge":-1,
          "enchantmentCharge":-1
        }
      },
      "inventory":[{
          "refId":"bonemold_shield",
          "count":1,
          "charge":-1,
          "enchantmentCharge":-1,
          "soul":""
        },{
          "refId":"bonemold_boots",
          "count":1,
          "charge":-1,
          "enchantmentCharge":-1,
          "soul":""
        },{
          "refId":"bonemold_gah-julan_cuirass",
          "count":1,
          "charge":-1,
          "enchantmentCharge":-1,
          "soul":""
        },{
          "refId":"bonemold_gah-julan_helm",
          "count":1,
          "charge":-1,
          "enchantmentCharge":-1,
          "soul":""
        },{
          "refId":"common_belt_02",
          "count":1,
          "charge":-1,
          "enchantmentCharge":-1,
          "soul":""
        },{
          "refId":"common_shirt_02_h",
          "count":1,
          "charge":-1,
          "enchantmentCharge":-1,
          "soul":""
        },{
          "refId":"common_pants_02",
          "count":1,
          "charge":-1,
          "enchantmentCharge":-1,
          "soul":""
        },{
          "refId":"silver viperslayer",
          "count":1,
          "charge":-1,
          "enchantmentCharge":-1,
          "soul":""
        }]
    },
    "335796-0":{
      "refId":"com_sack_02_ingred",
      "inventory":[{
          "refId":"ingred_rat_meat_01",
          "count":1,
          "charge":-1,