{
  "packets":{
    "actorList":["0-1924","0-1925","0-1927","389522-0","389523-0","414717-0"],
    "ai":[],
    "cellChangeFrom":[],
    "cellChangeTo":[],
    "container":["430481-0","430482-0","430483-0","430484-0","430485-0","430527-0","430528-0","430529-0","430530-0","430531-0","430535-0","430548-0","389522-0","389523-0","414717-0"],
    "death":[],
    "delete":[],
    "doorState":[],
    "equipment":[],
    "lock":[],
    "place":[],
    "position":["389522-0","389523-0","414717-0","0-1924","0-1925","0-1927"],
    "scale":[],
    "spawn":["0-1924","0-1925","0-1927"],
    "state":[],
    "statsDynamic":["389522-0","389523-0","414717-0","0-1924","0-1925","0-1927"],
    "trap":[]
  },
  "entry":{
    "creationTime":1554617671,
    "description":"-1, 23"
  },
  "lastVisit":{
    "Den":1554619223
  },
  "recordLinks":[],
  "objectData":{
    "430535-0":{
      "refId":"kollop_03_pearl",
      "inventory":[{
          "refId":"ingred_pearl_01",
          "count":1,
          "charge":-1,
          "enchantmentCharge":-1,
          "soul":""
        }]
    },
    "430548-0":{
      "refId":"kollop_01_pearl",
      "inventory":[]
    },
    "0-1925":{
      "refId":"slaughterfish",
      "location":{
        "posX":-7030.96875,
        "posZ":-1269.0007324219,
        "posY":190766.5625,
        "rotX":-1.4416873455048e-06,
        "rotY":0,
        "rotZ":-1.0999023914337
      },
      "stats":{
        "healthCurrent":23,
        "magickaCurrent":10,
        "healthModified":23,
        "fatigueBase":400,
        "fatigueModified":400,
        "healthBase":23,
        "magickaModified":10,
        "magickaBase":10,
        "fatigueCurrent":399.9446105957
      }
    },
    "430531-0":{
      "refId":"kollop_02_pearl",
      "inventory":[{
          "refId":"ingred_pearl_01",
          "count":1,
          "charge":-1,
          "enchantmentCharge":-1,
          "soul":""
        }]
    },
    "0-1924":{
      "refId":"slaughterfish_small",
      "location":{
        "posX":-4563.65625,
        "posZ":-1269.2655029297,
        "posY":192388.28125,
        "rotX":-0.0064178109169006,
        "rotY":0,
        "rotZ":-2.5463063716888
      },
      "stats":{
        "healthCurrent":15,
        "magickaCurrent":10,
        "healthModified":15,
        "fatigueBase":300,
        "fatigueModified":300,
        "healthBase":15,
        "magickaModified":10,
        "magickaBase":10,
        "fatigueCurrent":299.9446105957
      }
    },
    "430483-0":{
      "refId":"kollop_03_pearl",
      "inventory":[]
    },
    "430530-0":{
      "refId":"kollop_02_pearl",
      "inventory":[{
          "refId":"ingred_pearl_01",
          "count":1,
          "charge":-1,
          "enchantmentCharge":-1,
          "soul":""
        }]
    },
    "414717-0":{
      "refId":"dreugh",
      "location":{
        "posX":-7081.966796875,
        "posZ":-919.96264648438,
        "posY":193628.421875,
        "rotX":0.016267869621515,
        "rotY":0,
        "rotZ":-2.7580654621124
      },
      "stats":{
        "healthCurrent":60,
        "magickaCurrent":75,
        "healthModified":60,
        "fatigueBase":400,
        "fatigueModified":400,
        "healthBase":60,
        "magickaModified":75,
        "magickaBase":75,
        "fatigueCurrent":399.95831298828
      },
      "inventory":[{
          "refId":"ingred_dreugh_wax_01",
          "count":1,
          "charge":-1,
          "enchantmentCharge":-1,
          "soul":""
        }]
    },
    "0-1927":{
      "refId":"dreugh",
      "location":{
        "posX":-2176.0769042969,
        "posZ":-932.56689453125,
        "posY":194463.734375,
        "rotX":0,
        "rotY":0,
        "rotZ":1.6233794689178
      },
      "stats":{
        "healthCurrent":60,
        "magickaCurrent":75,
        "healthModified":60,
        "fatigueBase":400,
        "fatigueModified":400,
        "healthBase":60,
        "magickaModified":75,
        "magickaBase":75,
        "fatigueCurrent":399.9446105957
      }
    },
    "430484-0":{
      "refId":"kollop_02_pearl",
      "inventory":[]
    },
    "430485-0":{
      "refId":"kollop_02_pearl",
      "inventory":[]
    },
    "430527-0":{
      "refId":"kollop_01_pearl",
      "inventory":[{
          "refId":"ingred_pearl_01",
          "count":1,
          "charge":-1,
          "enchantmentCharge":-1,
          "soul":""
        }]
    },
    "389523-0":{
      "refId":"slaughterfish",
      "location":{
        "posX":-6539.8037109375,
        "posZ":-1128.6517333984,
        "posY":192126.625,
        "rotX":-0.17227610945702,
        "rotY":0,
        "rotZ":-2.0819408893585
      },
      "stats":{
        "healthCurrent":23,
        "magickaCurrent":10,
        "healthModified":23,
        "fatigueBase":400,
        "fatigueModified":400,
        "healthBase":23,
        "magickaModified":10,
        "magickaBase":10,
        "fatigueCurrent":399.95831298828
      },
      "inventory":[]
    },
    "389522-0":{
      "refId":"slaughterfish",
      "location":{
        "posX":-6399.287109375,
        "posZ":-1109.9831542969,
        "posY":192649.21875,
        "rotX":-0.30189216136932,
        "rotY":0,
        "rotZ":1.7376110553741
      },
      "stats":{
        "healthCurrent":23,
        "magickaCurrent":10,
        "healthModified":23,
        "fatigueBase":400,
        "fatigueModified":400,
        "healthBase":23,
        "magickaModified":10,
        "magickaBase":10,
        "fatigueCurrent":399.95831298828
      },
      "inventory":[{
          "refId":"ingred_scales_01",
          "count":2,
          "charge":-1,
          "enchantmentCharge":-1,
          "soul":""
        }]
    },
    "430482-0":{
      "refId":"kollop_03_pearl",
      "inventory":[]
    },
    "430528-0":{
      "refId":"kollop_03_pearl",
      "inventory":[{
          "refId":"ingred_pearl_01",
          "count":1,
          "charge":-1,
          "enchantmentCharge":-1,
          "soul":""
        }]
    },
    "430481-0":{
      "refId":"kollop_01_pearl",
      "inventory":[]
    },
    "430529-0":{
      "refId":"kollop_03_pearl",
      "inventory":[]
    }
  }
}