{
  "packets":{
    "actorList":["83144-0","0-239","0-240","0-249","0-250","0-251","0-13","0-404","0-405","0-504","0-557","0-596","0-238"],
    "ai":[],
    "cellChangeFrom":["83144-0"],
    "cellChangeTo":[],
    "container":["475973-0","475974-0","475975-0","476010-0","476011-0","476012-0","83144-0","0-240","0-239","0-249","0-251","0-250","0-13","0-404","0-504","0-405","0-557","0-596","0-238"],
    "death":["83144-0","0-240","0-239","0-249","0-251","0-250","0-13","0-404","0-504","0-405","0-557","0-596","0-238"],
    "delete":[],
    "doorState":[],
    "equipment":["83144-0","0-240","0-251"],
    "lock":[],
    "place":[],
    "position":["83144-0","0-239","0-240","0-249","0-250","0-251","0-13","0-404","0-405","0-504","0-557","0-596","0-238"],
    "scale":[],
    "spawn":["0-239","0-240","0-249","0-250","0-251","0-13","0-404","0-405","0-504","0-557","0-596","0-238"],
    "state":[],
    "statsDynamic":["83144-0","0-239","0-240","0-249","0-250","0-251","0-13","0-404","0-405","0-504","0-557","0-596","0-238"],
    "trap":[]
  },
  "entry":{
    "creationTime":1554174407,
    "description":"-1, -2"
  },
  "lastVisit":{
    "the luch":1554868925,
    "The Luch":1554180159,
    "DizzyDasher":1558209602,
    "Den":1556253502,
    "Fendryn":1556254607
  },
  "recordLinks":[],
  "objectData":{
    "0-404":{
      "refId":"scrib",
      "location":{
        "posX":-7501.2255859375,
        "posZ":447.85504150391,
        "posY":-9476.380859375,
        "rotX":0,
        "rotY":0,
        "rotZ":2.6640622615814
      },
      "stats":{
        "healthCurrent":0,
        "magickaCurrent":12,
        "healthModified":8,
        "fatigueBase":300,
        "fatigueModified":300,
        "healthBase":8,
        "magickaModified":12,
        "magickaBase":12,
        "fatigueCurrent":300
      },
      "inventory":[],
      "killer":{
        "player":"Fendryn"
      }
    },
    "475973-0":{
      "refId":"flora_stoneflower_01",
      "inventory":[{
          "refId":"ingred_stoneflower_petals_01",
          "count":1,
          "charge":-1,
          "enchantmentCharge":-1,
          "soul":""
        }]
    },
    "0-596":{
      "refId":"scrib blighted",
      "location":{
        "posX":-3163.3249511719,
        "posZ":2469.9494628906,
        "posY":-13580.481445313,
        "rotX":0,
        "rotY":0,
        "rotZ":1.1923739910126
      },
      "stats":{
        "healthCurrent":0,
        "magickaCurrent":0,
        "healthModified":30,
        "fatigueBase":400,
        "fatigueModified":400,
        "healthBase":30,
        "magickaModified":12,
        "magickaBase":12,
        "fatigueCurrent":400
      },
      "inventory":[],
      "killer":{
        "player":"Fendryn"
      }
    },
    "476011-0":{
      "refId":"flora_kreshweed_03",
      "inventory":[{
          "refId":"ingred_kresh_fiber_01",
          "count":1,
          "charge":-1,
          "enchantmentCharge":-1,
          "soul":""
        }]
    },
    "475974-0":{
      "refId":"flora_stoneflower_01",
      "inventory":[]
    },
    "0-405":{
      "refId":"scrib blighted",
      "location":{
        "posX":-7464.162109375,
        "posZ":879.26727294922,
        "posY":-13272.587890625,
        "rotX":-0.32550439238548,
        "rotY":0,
        "rotZ":-2.2563927173615
      },
      "stats":{
        "healthCurrent":0,
        "magickaCurrent":0,
        "healthModified":30,
        "fatigueBase":400,
        "fatigueModified":400,
        "healthBase":30,
        "magickaModified":12,
        "magickaBase":12,
        "fatigueCurrent":400
      },
      "inventory":[],
      "killer":{
        "refId":"imperial guard",
        "uniqueIndex":"175652-0"
      }
    },
    "0-13":{
      "refId":"kwama forager",
      "location":{
        "posX":-7482.078125,
        "posZ":375.4494934082,
        "posY":-11769.09375,
        "rotX":-0.46236926317215,
        "rotY":0,
        "rotZ":-2.1415770053864
      },
      "stats":{
        "healthCurrent":0,
        "magickaCurrent":15,
        "healthModified":23,
        "fatigueBase":300,
        "fatigueModified":300,
        "healthBase":23,
        "magickaModified":15,
        "magickaBase":15,
        "fatigueCurrent":291.50326538086
      },
      "inventory":[],
      "killer":{
        "player":"Fendryn"
      }
    },
    "0-240":{
      "refId":"db_assassin1b",
      "location":{
        "posX":-1158.3305664063,
        "posZ":2496.9985351563,
        "posY":-13336.091796875,
        "rotX":2.7287751436234e-06,
        "rotY":0,
        "rotZ":-2.813508272171
      },
      "stats":{
        "healthCurrent":0,
        "magickaCurrent":100,
        "healthModified":40,
        "fatigueBase":150,
        "fatigueModified":150,
        "healthBase":40,
        "magickaModified":100,
        "magickaBase":100,
        "fatigueCurrent":143.30448913574
      },
      "equipment":[],
      "inventory":[],
      "killer":{
        "player":"Fendryn"
      }
    },
    "476010-0":{
      "refId":"flora_kreshweed_02",
      "inventory":[{
          "refId":"ingred_kresh_fiber_01",
          "count":1,
          "charge":-1,
          "enchantmentCharge":-1,
          "soul":""
        }]
    },
    "0-251":{
      "refId":"db_assassin1b",
      "location":{
        "posX":-4643.283203125,
        "posZ":2157.9243164063,
        "posY":-14540.615234375,
        "rotX":0.18320906162262,
        "rotY":0,
        "rotZ":-2.3662111759186
      },
      "stats":{
        "healthCurrent":0,
        "magickaCurrent":100,
        "healthModified":40,
        "fatigueBase":150,
        "fatigueModified":150,
        "healthBase":40,
        "magickaModified":100,
        "magickaBase":100,
        "fatigueCurrent":150
      },
      "equipment":[],
      "inventory":[],
      "killer":{
        "player":"Fendryn"
      }
    },
    "0-239":{
      "refId":"kwama forager",
      "location":{
        "posX":-1215.8187255859,
        "posZ":2496.9985351563,
        "posY":-13382.495117188,
        "rotX":-0.49314439296722,
        "rotY":0,
        "rotZ":-0.40063071250916
      },
      "stats":{
        "healthCurrent":0,
        "magickaCurrent":15,
        "healthModified":23,
        "fatigueBase":300,
        "fatigueModified":300,
        "healthBase":23,
        "magickaModified":15,
        "magickaBase":15,
        "fatigueCurrent":300
      },
      "inventory":[],
      "killer":{
        "player":"Fendryn"
      }
    },
    "0-557":{
      "refId":"rat",
      "location":{
        "posX":-6118.927734375,
        "posZ":1825.8725585938,
        "posY":-15551.27734375,
        "rotX":-0.45354852080345,
        "rotY":0,
        "rotZ":1.4054143428802
      },
      "stats":{
        "healthCurrent":0,
        "magickaCurrent":10,
        "healthModified":23,
        "fatigueBase":300,
        "fatigueModified":300,
        "healthBase":23,
        "magickaModified":10,
        "magickaBase":10,
        "fatigueCurrent":295.60540771484
      },
      "inventory":[],
      "killer":{
        "player":"Fendryn"
      }
    },
    "0-249":{
      "refId":"rat",
      "location":{
        "posX":-3676.3876953125,
        "posZ":2434.7553710938,
        "posY":-13719.0234375,
        "rotX":-0.37805327773094,
        "rotY":0,
        "rotZ":1.0119783878326
      },
      "stats":{
        "healthCurrent":0,
        "magickaCurrent":10,
        "healthModified":23,
        "fatigueBase":300,
        "fatigueModified":300,
        "healthBase":23,
        "magickaModified":10,
        "magickaBase":10,
        "fatigueCurrent":300
      },
      "inventory":[{
          "refId":"ingred_rat_meat_01",
          "count":1,
          "charge":-1,
          "enchantmentCharge":-1,
          "soul":""
        }],
      "killer":{
        "player":"Fendryn"
      }
    },
    "0-250":{
      "refId":"scrib",
      "location":{
        "posX":-3374.1782226563,
        "posZ":2540.5849609375,
        "posY":-14045.650390625,