{
  "packets":{
    "actorList":["0-236","0-406","316-0","0-3695","0-46","0-3633"],
    "ai":[],
    "cellChangeFrom":["316-0"],
    "cellChangeTo":[],
    "container":["475938-0","475939-0","475940-0","475941-0","475942-0","475943-0","475944-0","475945-0","475946-0","475947-0","475948-0","475949-0","475950-0","475951-0","475952-0","475953-0","475954-0","475955-0","475956-0","475957-0","475958-0","475959-0","475960-0","475961-0","475962-0","475963-0","475964-0","475965-0","475966-0","475967-0","475968-0","475969-0","475971-0","0-236","0-406","316-0","0-3695","0-3633"],
    "death":["0-236","0-406","0-3695","0-3633"],
    "delete":[],
    "doorState":[],
    "equipment":["316-0"],
    "lock":[],
    "place":["0-414","0-415"],
    "position":["0-236","0-406","316-0","0-3695","0-46","0-3633"],
    "scale":[],
    "spawn":["0-236","0-406","0-3695","0-46","0-3633"],
    "state":[],
    "statsDynamic":["0-236","0-406","316-0","0-3695","0-46","0-3633"],
    "trap":[]
  },
  "entry":{
    "creationTime":1554174504,
    "description":"-1, -1"
  },
  "lastVisit":{
    "the luch":1554867738,
    "The Luch":1554174542,
    "Fendryn":1556254607,
    "Den":1556253502,
    "DizzyDasher":1558209602
  },
  "recordLinks":[],
  "objectData":{
    "475963-0":{
      "refId":"flora_stoneflower_01",
      "inventory":[{
          "refId":"ingred_stoneflower_petals_01",
          "count":1,
          "charge":-1,
          "enchantmentCharge":-1,
          "soul":""
        }]
    },
    "475952-0":{
      "refId":"flora_kreshweed_02",
      "inventory":[{
          "refId":"ingred_kresh_fiber_01",
          "count":1,
          "charge":-1,
          "enchantmentCharge":-1,
          "soul":""
        }]
    },
    "475945-0":{
      "refId":"flora_stoneflower_01",
      "inventory":[{
          "refId":"ingred_stoneflower_petals_01",
          "count":1,
          "charge":-1,
          "enchantmentCharge":-1,
          "soul":""
        }]
    },
    "0-236":{
      "refId":"cliff racer",
      "location":{
        "posX":-5642.7666015625,
        "posZ":2675.1967773438,
        "posY":-1500.8449707031,
        "rotX":-0.54061514139175,
        "rotY":0,
        "rotZ":-2.011928319931
      },
      "stats":{
        "healthCurrent":0,
        "magickaCurrent":20,
        "healthModified":45,
        "fatigueBase":400,
        "fatigueModified":400,
        "healthBase":45,
        "magickaModified":20,
        "magickaBase":20,
        "fatigueCurrent":400
      },
      "inventory":[],
      "killer":{
        "player":"Fendryn"
      }
    },
    "475965-0":{
      "refId":"flora_stoneflower_02",
      "inventory":[{
          "refId":"ingred_stoneflower_petals_01",
          "count":1,
          "charge":-1,
          "enchantmentCharge":-1,
          "soul":""
        }]
    },
    "475953-0":{
      "refId":"flora_kreshweed_03",
      "inventory":[{
          "refId":"ingred_kresh_fiber_01",
          "count":1,
          "charge":-1,
          "enchantmentCharge":-1,
          "soul":""
        }]
    },
    "475949-0":{
      "refId":"flora_kreshweed_02",
      "inventory":[{
          "refId":"ingred_kresh_fiber_01",
          "count":1,
          "charge":-1,
          "enchantmentCharge":-1,
          "soul":""
        }]
    },
    "0-415":{
      "refId":"darkbrotherhood cuirass",
      "count":4,
      "location":{
        "posX":-7364.107421875,
        "posZ":1393.2358398438,
        "posY":-1785.521484375,
        "rotX":0,
        "rotY":0,
        "rotZ":-2.0166280269623
      }
    },
    "475956-0":{
      "refId":"flora_chokeweed_02",
      "inventory":[{
          "refId":"ingred_chokeweed_01",
          "count":1,
          "charge":-1,
          "enchantmentCharge":-1,
          "soul":""
        }]
    },
    "475957-0":{
      "refId":"flora_chokeweed_02",
      "inventory":[{
          "refId":"ingred_chokeweed_01",
          "count":1,
          "charge":-1,
          "enchantmentCharge":-1,
          "soul":""
        }]
    },
    "475944-0":{
      "refId":"flora_stoneflower_02",
      "inventory":[{
          "refId":"ingred_stoneflower_petals_01",
          "count":1,
          "charge":-1,
          "enchantmentCharge":-1,
          "soul":""
        }]
    },
    "0-3633":{
      "refId":"cliff racer",
      "location":{
        "posX":-142.80545043945,
        "posZ":5764.4038085938,
        "posY":-4162.3525390625,
        "rotX":0,
        "rotY":0,
        "rotZ":-2.7010929584503
      },
      "stats":{
        "healthCurrent":45,
        "magickaCurrent":20,
        "healthModified":45,
        "fatigueBase":400,
        "fatigueModified":400,
        "healthBase":45,
        "magickaModified":20,
        "magickaBase":20,
        "fatigueCurrent":400
      },
      "inventory":[{
          "refId":"ingred_racer_plumes_01",
          "count":1,
          "charge":-1,
          "enchantmentCharge":-1,
          "soul":""
        }],
      "killer":{
        "player":"DizzyDasher"
      }
    },
    "0-406":{
      "refId":"rat_blighted",
      "location":{
        "posX":-5902.640625,
        "posZ":2751.8979492188,
        "posY":-1725.7333984375,
        "rotX":-0.37404096126556,
        "rotY":0,
        "rotZ":-2.4633448123932
      },
      "stats":{
        "healthCurrent":0,
        "magickaCurrent":10,
        "healthModified":45,
        "fatigueBase":125,
        "fatigueModified":125,
        "healthBase":45,
        "magickaModified":10,
        "magickaBase":10,
        "fatigueCurrent":125
      },
      "inventory":[],
      "killer":{
        "player":"Fendryn"
      }
    },
    "475950-0":{
      "refId":"flora_kreshweed_01",
      "inventory":[]
    },
    "0-3695":{
      "refId":"cliff racer",
      "location":{
        "posX":-2790.2321777344,
        "posZ":5726.375,
        "posY":-2495.5595703125,
        "rotX":0,
        "rotY":0,
        "rotZ":-3.0532715320587
      },
      "stats":{
        "healthCurrent":45,
        "magickaCurrent":20,
        "healthModified":45,
        "fatigueBase":400,
        "fatigueModified":400,
        "healthBase":45,
        "magickaModified":20,
        "magickaBase":20,
        "fatigueCurrent":400
      },
      "inventory":[{
          "refId":"ingred_racer_plumes_01",
          "count":1,
          "charge":-1,
          "enchantmentCharge":-1,
          "soul":""
        }],
      "killer":{
        "player":"DizzyDasher"
      }
    },
    "475943-0":{
      "refId":"flora_stoneflower_01",
      "inventory":[{
          "refId":"ingred_stoneflower_petals_01",
          "count":1,
          "charge":-1,
          "enchantmentCharge":-1,
          "soul":""
        }]
    },
    "475964-0":{
      "refId":"flora_stoneflower_01",
      "inventory":[{
          "refId":"ingred_stoneflower_petals_01",
          "count":1,
          "charge":-1,
          "enchantmentCharge":-1,
          "soul":""
        }]
    },
    "475951-0":{
      "refId":"flora_kreshweed_03",
      "inventory":[{
          "refId":"ingred_kresh_fiber_01",
          "count":1,
          "charge":-1,
          "enchantmentCharge":-1,
          "soul":""
        }]
    },
    "475948-0":{
      "refId":"flora_kreshweed_03",
      "inventory":[{
          "refId":"ingred_kresh_fiber_01",
          "count":1,
          "charge":-1,
          "enchantmentCharge":-1,
          "soul":""
        }]
    },
    "475947-0":{
      "refId":"flora_kreshweed_02",
      "inventory":[{
          "refId":"ingred_kresh_fiber_01",
          "count":1,
          "charge":-1,
          "enchantmentCharge":-1,
          "soul":""
        }]
    },
    "475966-0":{
      "refId":"flora_stoneflower_01",
      "inventory":[{
          "refId":"ingred_stoneflower_petals_01",
          "count":1,
          "charge":-1,
          "enchantmentCharge":-1,
          "soul":""
        }]
    },
    "475954-0":{
      "refId":"flora_kreshweed_01",
      "inventory":[{
          "refId":"ingred_kresh_fiber_01",