{
  "packets":{
    "actorList":["0-1892","0-1894","0-1895","355236-0","370962-0","355251-0","0-1893","0-1897"],
    "ai":[],
    "cellChangeFrom":["370962-0","355251-0"],
    "cellChangeTo":[],
    "container":["125900-0","125901-0","125902-0","125903-0","125904-0","125905-0","125906-0","125907-0","166681-0","166682-0","166683-0","166684-0","166685-0","166686-0","166687-0","323423-0","323424-0","323425-0","430610-0","430611-0","430616-0","430625-0","430632-0","430648-0","430649-0","430650-0","355236-0","370962-0","355251-0","0-1893","0-1897"],
    "death":["355251-0","0-1893","370962-0","355236-0","0-1897"],
    "delete":[],
    "doorState":[],
    "equipment":[],
    "lock":[],
    "place":[],
    "position":["355236-0","0-1892","0-1894","0-1895","370962-0","355251-0","0-1893","0-1897"],
    "scale":[],
    "spawn":["0-1892","0-1894","0-1895","0-1893","0-1897"],
    "state":[],
    "statsDynamic":["355236-0","0-1892","0-1894","0-1895","370962-0","355251-0","0-1893","0-1897"],
    "trap":[]
  },
  "entry":{
    "creationTime":1554617583,
    "description":"-1, 21"
  },
  "lastVisit":{
    "Den":1554619223
  },
  "recordLinks":[],
  "objectData":{
    "125907-0":{
      "refId":"flora_saltrice_02",
      "inventory":[{
          "refId":"ingred_saltrice_01",
          "count":1,
          "charge":-1,
          "enchantmentCharge":-1,
          "soul":""
        }]
    },
    "0-1894":{
      "refId":"cliff racer_diseased",
      "location":{
        "posX":-4180.5434570313,
        "posZ":257.60278320313,
        "posY":173613.578125,
        "rotX":0,
        "rotY":0,
        "rotZ":-1.4883134365082
      },
      "stats":{
        "healthCurrent":45,
        "magickaCurrent":20,
        "healthModified":45,
        "fatigueBase":170,
        "fatigueModified":170,
        "healthBase":45,
        "magickaModified":20,
        "magickaBase":20,
        "fatigueCurrent":170
      }
    },
    "430650-0":{
      "refId":"kollop_03_pearl",
      "inventory":[]
    },
    "430649-0":{
      "refId":"kollop_02_pearl",
      "inventory":[{
          "refId":"ingred_pearl_01",
          "count":1,
          "charge":-1,
          "enchantmentCharge":-1,
          "soul":""
        }]
    },
    "323425-0":{
      "refId":"flora_kreshweed_02",
      "inventory":[{
          "refId":"ingred_kresh_fiber_01",
          "count":1,
          "charge":-1,
          "enchantmentCharge":-1,
          "soul":""
        }]
    },
    "430616-0":{
      "refId":"kollop_01_pearl",
      "inventory":[{
          "refId":"ingred_pearl_01",
          "count":1,
          "charge":-1,
          "enchantmentCharge":-1,
          "soul":""
        }]
    },
    "125903-0":{
      "refId":"flora_marshmerrow_01",
      "inventory":[{
          "refId":"ingred_marshmerrow_01",
          "count":1,
          "charge":-1,
          "enchantmentCharge":-1,
          "soul":""
        }]
    },
    "125905-0":{
      "refId":"flora_saltrice_01",
      "inventory":[{
          "refId":"ingred_saltrice_01",
          "count":1,
          "charge":-1,
          "enchantmentCharge":-1,
          "soul":""
        }]
    },
    "166681-0":{
      "refId":"flora_kreshweed_02",
      "inventory":[{
          "refId":"ingred_kresh_fiber_01",
          "count":1,
          "charge":-1,
          "enchantmentCharge":-1,
          "soul":""
        }]
    },
    "0-1897":{
      "refId":"slaughterfish_small",
      "location":{
        "posX":-7866.4233398438,
        "posZ":-237.03598022461,
        "posY":179241.140625,
        "rotX":0.54966634511948,
        "rotY":0,
        "rotZ":-0.4046642780304
      },
      "stats":{
        "healthCurrent":0,
        "magickaCurrent":10,
        "healthModified":15,
        "fatigueBase":300,
        "fatigueModified":300,
        "healthBase":15,
        "magickaModified":10,
        "magickaBase":10,
        "fatigueCurrent":288.3369140625
      },
      "inventory":[],
      "killer":{
        "player":"Den"
      }
    },
    "0-1892":{
      "refId":"shalk_blighted",
      "location":{
        "posX":-587.44897460938,
        "posZ":249.17095947266,
        "posY":173451.578125,
        "rotX":0.24245294928551,
        "rotY":0,
        "rotZ":-2.1815226078033
      },
      "stats":{
        "healthCurrent":80,
        "magickaCurrent":0,
        "healthModified":80,
        "fatigueBase":109,
        "fatigueModified":109,
        "healthBase":80,
        "magickaModified":0,
        "magickaBase":0,
        "fatigueCurrent":109
      }
    },
    "166682-0":{
      "refId":"flora_saltrice_01",
      "inventory":[{
          "refId":"ingred_saltrice_01",
          "count":1,
          "charge":-1,
          "enchantmentCharge":-1,
          "soul":""
        }]
    },
    "125900-0":{
      "refId":"flora_marshmerrow_01",
      "inventory":[{
          "refId":"ingred_marshmerrow_01",
          "count":1,
          "charge":-1,
          "enchantmentCharge":-1,
          "soul":""
        }]
    },
    "125902-0":{
      "refId":"flora_marshmerrow_03",
      "inventory":[{
          "refId":"ingred_marshmerrow_01",
          "count":1,
          "charge":-1,
          "enchantmentCharge":-1,
          "soul":""
        }]
    },
    "355236-0":{
      "refId":"slaughterfish",
      "location":{
        "posX":-7887.1220703125,
        "posZ":-231.62861633301,
        "posY":179139.421875,
        "rotX":0,
        "rotY":0,
        "rotZ":0
      },
      "stats":{
        "healthCurrent":0,
        "magickaCurrent":10,
        "healthModified":23,
        "fatigueBase":400,
        "fatigueModified":400,
        "healthBase":23,
        "magickaModified":10,
        "magickaBase":10,
        "fatigueCurrent":363.48687744141
      },
      "inventory":[{
          "refId":"ingred_scales_01",
          "count":2,
          "charge":-1,
          "enchantmentCharge":-1,
          "soul":""
        }],
      "killer":{
        "player":"Den"
      }
    },
    "430611-0":{
      "refId":"kollop_03_pearl",
      "inventory":[{
          "refId":"ingred_pearl_01",
          "count":1,
          "charge":-1,
          "enchantmentCharge":-1,
          "soul":""
        }]
    },
    "125906-0":{
      "refId":"flora_saltrice_01",
      "inventory":[{
          "refId":"ingred_saltrice_01",
          "count":1,
          "charge":-1,
          "enchantmentCharge":-1,
          "soul":""
        }]
    },
    "166683-0":{
      "refId":"flora_saltrice_01",
      "inventory":[{
          "refId":"ingred_saltrice_01",
          "count":1,
          "charge":-1,
          "enchantmentCharge":-1,
          "soul":""
        }]
    },
    "125904-0":{
      "refId":"flora_marshmerrow_02",
      "inventory":[{
          "refId":"ingred_marshmerrow_01",
          "count":1,
          "charge":-1,
          "enchantmentCharge":-1,
          "soul":""
        }]
    },
    "430625-0":{
      "refId":"kollop_03_pearl",
      "inventory":[]
    },
    "125901-0":{
      "refId":"flora_marshmerrow_03",
      "inventory":[{
          "refId":"ingred_marshmerrow_01",
          "count":1,
          "charge":-1,
          "enchantmentCharge":-1,
          "soul":""
        }]
    },
    "166685-0":{
      "refId":"flora_saltrice_01",
      "inventory":[]
    },
    "0-1893":{
      "refId":"slaughterfish",
      "location":{
        "posX":-7932.111328125,
        "posZ":-175.32991027832,
        "posY":178974.25,
        "rotX":0.09839004278183,
        "rotY":0,
        "rotZ":0.59660053253174
      },
      "stats":{
        "healthCurrent":0,
        "magickaCurrent":10,
        "healthModified":23,
        "fatigueBase":400,
        "fatigueModified":400,
        "healthBase":23,
        "magickaModified":10,
        "magickaBase":10,
        "fatigueCurrent":372.34390258789
      },
      "inventory":[{
          "refId":"ingred_scales_01",
          "count":2,
          "charge":-1,
          "enchantmentCharge":-1,
          "soul":""
        }],