{
  "packets":{
    "actorList":["0-1985","0-1986","0-1987","0-1988","0-1989","0-1994","0-1608"],
    "ai":[],
    "cellChangeFrom":[],
    "cellChangeTo":[],
    "container":["419515-0","419530-0"],
    "death":[],
    "delete":[],
    "doorState":[],
    "equipment":[],
    "lock":[],
    "place":[],
    "position":["0-1608","0-1985","0-1986","0-1987","0-1988","0-1989","0-1994"],
    "scale":[],
    "spawn":["0-1985","0-1986","0-1987","0-1988","0-1989","0-1994","0-1608"],
    "state":[],
    "statsDynamic":["0-1608","0-1985","0-1986","0-1987","0-1988","0-1989","0-1994"],
    "trap":[]
  },
  "entry":{
    "creationTime":1554620773,
    "description":"-10, 6"
  },
  "lastVisit":{
    "Den":1554621194,
    "Fendryn":1555208985
  },
  "recordLinks":[],
  "objectData":{
    "0-1987":{
      "refId":"slaughterfish",
      "location":{
        "posX":-79305.109375,
        "posZ":-291.95324707031,
        "posY":55294.1796875,
        "rotX":0.049114387482405,
        "rotY":0,
        "rotZ":0.61072587966919
      },
      "stats":{
        "healthCurrent":23,
        "magickaCurrent":10,
        "healthModified":23,
        "fatigueBase":400,
        "fatigueModified":400,
        "healthBase":23,
        "magickaModified":10,
        "magickaBase":10,
        "fatigueCurrent":399.95822143555
      }
    },
    "0-1986":{
      "refId":"slaughterfish",
      "location":{
        "posX":-80057.1328125,
        "posZ":-159.14865112305,
        "posY":52184.5546875,
        "rotX":0.18269008398056,
        "rotY":0,
        "rotZ":1.4219739437103
      },
      "stats":{
        "healthCurrent":23,
        "magickaCurrent":10,
        "healthModified":23,
        "fatigueBase":400,
        "fatigueModified":400,
        "healthBase":23,
        "magickaModified":10,
        "magickaBase":10,
        "fatigueCurrent":399.95822143555
      }
    },
    "419515-0":{
      "refId":"kollop_03_pearl",
      "inventory":[{
          "refId":"ingred_pearl_01",
          "count":1,
          "charge":-1,
          "enchantmentCharge":-1,
          "soul":""
        }]
    },
    "0-1988":{
      "refId":"slaughterfish_small",
      "location":{
        "posX":-77518.265625,
        "posZ":-221.0856628418,
        "posY":55073.38671875,
        "rotX":-0.0020523462444544,
        "rotY":0,
        "rotZ":1.6888883113861
      },
      "stats":{
        "healthCurrent":15,
        "magickaCurrent":10,
        "healthModified":15,
        "fatigueBase":300,
        "fatigueModified":300,
        "healthBase":15,
        "magickaModified":10,
        "magickaBase":10,
        "fatigueCurrent":299.95822143555
      }
    },
    "0-1994":{
      "refId":"rat_blighted",
      "location":{
        "posX":-73728.65625,
        "posZ":2243.4060058594,
        "posY":55275.12890625,
        "rotX":0.036178685724735,
        "rotY":0,
        "rotZ":-0.54177403450012
      },
      "stats":{
        "healthCurrent":45,
        "magickaCurrent":10,
        "healthModified":45,
        "fatigueBase":85,
        "fatigueModified":85,
        "healthBase":45,
        "magickaModified":10,
        "magickaBase":10,
        "fatigueCurrent":85
      }
    },
    "0-1989":{
      "refId":"cliff racer_diseased",
      "location":{
        "posX":-76015.3046875,
        "posZ":975.02233886719,
        "posY":57171.30078125,
        "rotX":0.00068833492696285,
        "rotY":0,
        "rotZ":-1.5537631511688
      },
      "stats":{
        "healthCurrent":45,
        "magickaCurrent":20,
        "healthModified":45,
        "fatigueBase":170,
        "fatigueModified":170,
        "healthBase":45,
        "magickaModified":20,
        "magickaBase":20,
        "fatigueCurrent":170
      }
    },
    "0-1985":{
      "refId":"dreugh",
      "location":{
        "posX":-76506.3046875,
        "posZ":-150.00009155273,
        "posY":50481.8515625,
        "rotX":-4.5653432607651e-06,
        "rotY":0,
        "rotZ":0.99172186851501
      },
      "stats":{
        "healthCurrent":60,
        "magickaCurrent":75,
        "healthModified":60,
        "fatigueBase":400,
        "fatigueModified":400,
        "healthBase":60,
        "magickaModified":75,
        "magickaBase":75,
        "fatigueCurrent":399.95822143555
      }
    },
    "419530-0":{
      "refId":"kollop_01_pearl",
      "inventory":[{
          "refId":"ingred_pearl_01",
          "count":1,
          "charge":-1,
          "enchantmentCharge":-1,
          "soul":""
        }]
    },
    "0-1608":{
      "refId":"mudcrab",
      "location":{
        "posX":-76827.703125,
        "posZ":176.97158813477,
        "posY":49152.6328125,
        "rotX":-0.0097811045125127,
        "rotY":0,
        "rotZ":0.8767101764679
      },
      "stats":{
        "healthCurrent":15,
        "magickaCurrent":5,
        "healthModified":15,
        "fatigueBase":400,
        "fatigueModified":400,
        "healthBase":15,
        "magickaModified":5,
        "magickaBase":5,
        "fatigueCurrent":400
      }
    }
  }
}