{
  "packets":{
    "actorList":["0-1074","0-1075","0-1076","0-1077","0-1078","147051-0","287921-0","0-1119","0-1120","0-1121","0-1122","0-1123","0-1161","0-1165"],
    "ai":[],
    "cellChangeFrom":[],
    "cellChangeTo":[],
    "container":["147051-0","287921-0","0-1077","0-1119","0-1120","0-1076","0-1121","0-1074","0-1122","0-1123","0-1161","0-1165"],
    "death":["0-1077","0-1119","0-1120","147051-0","0-1076","0-1121","0-1074","0-1122","0-1123","0-1161","0-1165"],
    "delete":[],
    "doorState":[],
    "equipment":["147051-0","287921-0","0-1076","0-1078","0-1120","0-1121","0-1122"],
    "lock":[],
    "place":[],
    "position":["147051-0","287921-0","0-1074","0-1075","0-1076","0-1077","0-1078","0-1119","0-1120","0-1121","0-1122","0-1123","0-1161","0-1165"],
    "scale":[],
    "spawn":["0-1074","0-1075","0-1076","0-1077","0-1078","0-1119","0-1120","0-1121","0-1122","0-1123","0-1161","0-1165"],
    "state":["287921-0"],
    "statsDynamic":["147051-0","287921-0","0-1074","0-1075","0-1076","0-1077","0-1078","0-1119","0-1120","0-1121","0-1122","0-1123","0-1161","0-1165"],
    "trap":[]
  },
  "entry":{
    "creationTime":1554526891,
    "description":"-10, 15"
  },
  "lastVisit":{
    "the luch":1554872089,
    "DizzyDasher":1554872003,
    "Den":1556252918,
    "Fendryn":1556252962
  },
  "recordLinks":[],
  "objectData":{
    "0-1075":{
      "refId":"netch_betty",
      "location":{
        "posX":-79691.9453125,
        "posZ":924.24700927734,
        "posY":129979.7109375,
        "rotX":0.0029648914933205,
        "rotY":0,
        "rotZ":-1.9172179698944
      },
      "stats":{
        "healthCurrent":113,
        "magickaCurrent":75,
        "healthModified":113,
        "fatigueBase":500,
        "fatigueModified":500,
        "healthBase":113,
        "magickaModified":75,
        "magickaBase":75,
        "fatigueCurrent":500
      }
    },
    "0-1076":{
      "refId":"dremora",
      "location":{
        "posX":-76544.5,
        "posZ":2042.3579101563,
        "posY":126187.078125,
        "rotX":0,
        "rotY":0,
        "rotZ":2.7000002861023
      },
      "stats":{
        "healthCurrent":0,
        "magickaCurrent":40,
        "healthModified":160,
        "fatigueBase":400,
        "fatigueModified":400,
        "healthBase":160,
        "magickaModified":100,
        "magickaBase":100,
        "fatigueCurrent":383.48056030273
      },
      "equipment":[],
      "inventory":[],
      "killer":{
        "player":"Fendryn"
      }
    },
    "0-1123":{
      "refId":"rat_diseased",
      "location":{
        "posX":-76073.09375,
        "posZ":1490.7001953125,
        "posY":124406.046875,
        "rotX":0,
        "rotY":0,
        "rotZ":2.9728772640228
      },
      "stats":{
        "healthCurrent":0,
        "magickaCurrent":10,
        "healthModified":23,
        "fatigueBase":135,
        "fatigueModified":135,
        "healthBase":23,
        "magickaModified":10,
        "magickaBase":10,
        "fatigueCurrent":135
      },
      "inventory":[],
      "killer":{
        "player":"Fendryn"
      }
    },
    "0-1074":{
      "refId":"rat_diseased",
      "location":{
        "posX":-76058.09375,
        "posZ":1696.7884521484,
        "posY":128303.21875,
        "rotX":0,
        "rotY":0,
        "rotZ":0
      },
      "stats":{
        "healthCurrent":0,
        "magickaCurrent":10,
        "healthModified":23,
        "fatigueBase":135,
        "fatigueModified":135,
        "healthBase":23,
        "magickaModified":10,
        "magickaBase":10,
        "fatigueCurrent":135
      },
      "inventory":[{
          "refId":"ingred_rat_meat_01",
          "count":2,
          "charge":-1,
          "enchantmentCharge":-1,
          "soul":""
        }],
      "killer":{
        "player":"Fendryn"
      }
    },
    "0-1122":{
      "refId":"db_assassin2",
      "location":{
        "posX":-76406.015625,
        "posZ":1696.7943115234,
        "posY":128129.6640625,
        "rotX":0,
        "rotY":0,
        "rotZ":1.848739862442
      },
      "stats":{
        "healthCurrent":0,
        "magickaCurrent":126,
        "healthModified":88,
        "fatigueBase":213,
        "fatigueModified":213,
        "healthBase":88,
        "magickaModified":126,
        "magickaBase":126,
        "fatigueCurrent":154.97261047363
      },
      "equipment":{
        "0":{
          "refId":"darkbrotherhood helm",
          "count":1,
          "charge":-1,
          "enchantmentCharge":-1
        },
        "1":{
          "refId":"darkbrotherhood cuirass",
          "count":1,
          "charge":-1,
          "enchantmentCharge":-1
        },
        "2":{
          "refId":"darkbrotherhood greaves",
          "count":1,
          "charge":-1,
          "enchantmentCharge":-1
        },
        "3":{
          "refId":"darkbrotherhood pauldron_l",
          "count":1,
          "charge":-1,
          "enchantmentCharge":-1
        },
        "4":{
          "refId":"darkbrotherhood pauldron_r",
          "count":1,
          "charge":-1,
          "enchantmentCharge":-1
        },
        "5":{
          "refId":"darkbrotherhood gauntlet_l",
          "count":1,
          "charge":-1,
          "enchantmentCharge":-1
        },
        "6":{
          "refId":"darkbrotherhood gauntlet_r",
          "count":1,
          "charge":-1,
          "enchantmentCharge":-1
        },
        "7":{
          "refId":"darkbrotherhood boots",
          "count":1,
          "charge":-1,
          "enchantmentCharge":-1
        },
        "16":{
          "refId":"wild vipersword",
          "count":1,
          "charge":-1,
          "enchantmentCharge":-1
        }
      },
      "inventory":[{
          "refId":"darkbrotherhood gauntlet_r",
          "count":1,
          "charge":-1,
          "enchantmentCharge":-1,
          "soul":""
        },{
          "refId":"darkbrotherhood gauntlet_l",
          "count":1,
          "charge":-1,
          "enchantmentCharge":-1,
          "soul":""
        },{
          "refId":"darkbrotherhood boots",
          "count":1,
          "charge":-1,
          "enchantmentCharge":-1,
          "soul":""
        },{
          "refId":"darkbrotherhood greaves",
          "count":1,
          "charge":-1,
          "enchantmentCharge":-1,
          "soul":""
        },{
          "refId":"darkbrotherhood pauldron_r",
          "count":1,
          "charge":-1,
          "enchantmentCharge":-1,
          "soul":""
        },{
          "refId":"darkbrotherhood pauldron_l",
          "count":1,
          "charge":-1,
          "enchantmentCharge":-1,
          "soul":""
        },{
          "refId":"darkbrotherhood cuirass",
          "count":1,
          "charge":-1,
          "enchantmentCharge":-1,
          "soul":""
        },{
          "refId":"darkbrotherhood helm",
          "count":1,
          "charge":-1,
          "enchantmentCharge":-1,
          "soul":""
        },{
          "refId":"ebony dart_db_unique",
          "count":1,
          "charge":-1,
          "enchantmentCharge":-1,
          "soul":""
        },{
          "refId":"wild vipersword",
          "count":1,
          "charge":-1,
          "enchantmentCharge":-1,
          "soul":""
        }],
      "killer":{
        "player":"Fendryn"
      }
    },
    "0-1161":{
      "refId":"rat",
      "location":{
        "posX":-76201.359375,
        "posZ":1491.4366455078,
        "posY":124424.6484375,
        "rotX":0,
        "rotY":0,
        "rotZ":0.51975226402283
      },
      "stats":{
        "healthCurrent":0,
        "magickaCurrent":10,
        "healthModified":23,
        "fatigueBase":300,
        "fatigueModified":300,
        "healthBase":23,
        "magickaModified":10,
        "magickaBase":10,
        "fatigueCurrent":300
      },
      "inventory":[{
          "refId":"ingred_rat_meat_01",
          "count":1,
          "charge":-1,
          "enchantmentCharge":-1,
          "soul":""
        }],