{
  "packets":{
    "actorList":["0-1274","0-1275","0-1276","471435-0","0-1172","355379-0"],
    "ai":[],
    "cellChangeFrom":[],
    "cellChangeTo":[],
    "container":["367641-0","471439-0","471440-0","471441-0","472236-0","472237-0","472238-0","472239-0","472240-0","472241-0","472242-0","472245-0","472246-0","472247-0","472248-0","472249-0","472252-0","472253-0","472254-0","472255-0","472257-0","472258-0","472259-0","472260-0","472261-0","472262-0","472263-0","472264-0","471435-0","0-1276","0-1275","355379-0"],
    "death":["0-1276","0-1275"],
    "delete":[],
    "doorState":[],
    "equipment":["471435-0"],
    "lock":[],
    "place":[],
    "position":["471435-0","0-1274","0-1275","0-1276","0-1172","355379-0"],
    "scale":[],
    "spawn":["0-1274","0-1275","0-1276","0-1172"],
    "state":[],
    "statsDynamic":["471435-0","0-1274","0-1275","0-1276","0-1172","355379-0"],
    "trap":[]
  },
  "entry":{
    "creationTime":1554528572,
    "description":"-10, 13"
  },
  "lastVisit":{
    "DizzyDasher":1554871970,
    "Den":1554528727,
    "Fendryn":1556253498
  },
  "recordLinks":[],
  "objectData":{
    "472263-0":{
      "refId":"flora_stoneflower_01",
      "inventory":[{
          "refId":"ingred_stoneflower_petals_01",
          "count":1,
          "charge":-1,
          "enchantmentCharge":-1,
          "soul":""
        }]
    },
    "471441-0":{
      "refId":"crate_smuggler_01",
      "inventory":[{
          "refId":"iron_greaves",
          "count":1,
          "charge":-1,
          "enchantmentCharge":-1,
          "soul":""
        },{
          "refId":"ingred_moon_sugar_01",
          "count":1,
          "charge":-1,
          "enchantmentCharge":-1,
          "soul":""
        },{
          "refId":"misc_soulgem_common",
          "count":1,
          "charge":-1,
          "enchantmentCharge":-1,
          "soul":""
        }]
    },
    "0-1275":{
      "refId":"nix-hound",
      "location":{
        "posX":-80140.2890625,
        "posZ":1564.8459472656,
        "posY":110714.671875,
        "rotX":0.6356046795845,
        "rotY":0,
        "rotZ":-0.67428088188171
      },
      "stats":{
        "healthCurrent":0,
        "magickaCurrent":10,
        "healthModified":23,
        "fatigueBase":400,
        "fatigueModified":400,
        "healthBase":23,
        "magickaModified":10,
        "magickaBase":10,
        "fatigueCurrent":400
      },
      "inventory":[{
          "refId":"ingred_hound_meat_01",
          "count":1,
          "charge":-1,
          "enchantmentCharge":-1,
          "soul":""
        }],
      "killer":{
        "player":"Den"
      }
    },
    "472264-0":{
      "refId":"flora_stoneflower_01",
      "inventory":[{
          "refId":"ingred_stoneflower_petals_01",
          "count":1,
          "charge":-1,
          "enchantmentCharge":-1,
          "soul":""
        }]
    },
    "472247-0":{
      "refId":"flora_chokeweed_02",
      "inventory":[{
          "refId":"ingred_chokeweed_01",
          "count":1,
          "charge":-1,
          "enchantmentCharge":-1,
          "soul":""
        }]
    },
    "472248-0":{
      "refId":"flora_chokeweed_02",
      "inventory":[{
          "refId":"ingred_chokeweed_01",
          "count":1,
          "charge":-1,
          "enchantmentCharge":-1,
          "soul":""
        }]
    },
    "472236-0":{
      "refId":"flora_kreshweed_01",
      "inventory":[{
          "refId":"ingred_kresh_fiber_01",
          "count":1,
          "charge":-1,
          "enchantmentCharge":-1,
          "soul":""
        }]
    },
    "471440-0":{
      "refId":"barrel_smuggler_01",
      "inventory":[{
          "refId":"potion_comberry_wine_01",
          "count":1,
          "charge":-1,
          "enchantmentCharge":-1,
          "soul":""
        },{
          "refId":"bonemold_greaves",
          "count":1,
          "charge":-1,
          "enchantmentCharge":-1,
          "soul":""
        },{
          "refId":"iron_shield",
          "count":2,
          "charge":-1,
          "enchantmentCharge":-1,
          "soul":""
        },{
          "refId":"first barrier ring",
          "count":1,
          "charge":-1,
          "enchantmentCharge":-1,
          "soul":""
        },{
          "refId":"ingred_moon_sugar_01",
          "count":1,
          "charge":-1,
          "enchantmentCharge":-1,
          "soul":""
        }]
    },
    "471439-0":{
      "refId":"barrel_smuggler_01",
      "inventory":[{
          "refId":"ingred_rat_meat_01",
          "count":1,
          "charge":-1,
          "enchantmentCharge":-1,
          "soul":""
        },{
          "refId":"imperial shortsword",
          "count":1,
          "charge":-1,
          "enchantmentCharge":-1,
          "soul":""
        },{
          "refId":"steel saber",
          "count":1,
          "charge":-1,
          "enchantmentCharge":-1,
          "soul":""
        }]
    },
    "472238-0":{
      "refId":"flora_bittergreen_01",
      "inventory":[{
          "refId":"ingred_bittergreen_petals_01",
          "count":1,
          "charge":-1,
          "enchantmentCharge":-1,
          "soul":""
        }]
    },
    "472249-0":{
      "refId":"flora_chokeweed_02",
      "inventory":[{
          "refId":"ingred_chokeweed_01",
          "count":1,
          "charge":-1,
          "enchantmentCharge":-1,
          "soul":""
        }]
    },
    "471435-0":{
      "refId":"smuggler_dead_03",
      "location":{
        "posX":-81635.796875,
        "posZ":20.998039245605,
        "posY":113816.75,
        "rotX":0,
        "rotY":0,
        "rotZ":0
      },
      "stats":{
        "healthCurrent":0,
        "magickaCurrent":60,
        "healthModified":0,
        "fatigueBase":180,
        "fatigueModified":180,
        "healthBase":0,
        "magickaModified":60,
        "magickaBase":60,
        "fatigueCurrent":180
      },
      "equipment":{
        "2":{
          "refId":"netch_leather_greaves",
          "count":1,
          "charge":-1,
          "enchantmentCharge":-1
        },
        "14":{
          "refId":"common_amulet_04",
          "count":1,
          "charge":-1,
          "enchantmentCharge":-1
        },
        "16":{
          "refId":"steel longbow",
          "count":1,
          "charge":-1,
          "enchantmentCharge":-1
        },
        "9":{
          "refId":"common_pants_03_b",
          "count":1,
          "charge":-1,
          "enchantmentCharge":-1
        }
      },
      "inventory":[{
          "refId":"netch_leather_greaves",
          "count":1,
          "charge":-1,
          "enchantmentCharge":-1,
          "soul":""
        },{
          "refId":"common_pants_03_b",
          "count":1,
          "charge":-1,
          "enchantmentCharge":-1,
          "soul":""
        },{
          "refId":"common_amulet_04",
          "count":1,
          "charge":-1,
          "enchantmentCharge":-1,
          "soul":""
        },{
          "refId":"pick_apprentice_01",
          "count":1,
          "charge":-1,
          "enchantmentCharge":-1,
          "soul":""
        },{
          "refId":"probe_journeyman_01",
          "count":1,
          "charge":-1,
          "enchantmentCharge":-1,
          "soul":""
        },{
          "refId":"cruel sparkarrow",
          "count":1,
          "charge":-1,
          "enchantmentCharge":-1,
          "soul":""
        },{
          "refId":"steel longbow",
          "count":1,
          "charge":-1,
          "enchantmentCharge":-1,
          "soul":""
        }]
    },
    "472254-0":{
      "refId":"flora_roobrush_02",
      "inventory":[{
          "refId":"ingred_roobrush_01",
          "count":1,
          "charge":-1,
          "enchantmentCharge":-1,
          "soul":""
        }]
    },
    "472240-0":{
      "refId":"flora_bittergreen_03",
      "inventory":[{
          "refId":"ingred_bittergreen_petals_01",
          "count":2,
          "charge":-1,
          "enchantmentCharge":-1,