{
  "packets":{
    "actorList":["0-1177","0-1179","0-1181","0-1180","0-1186"],
    "ai":[],
    "cellChangeFrom":[],
    "cellChangeTo":[],
    "container":["367648-0","472265-0","472266-0","472267-0","472268-0","472269-0","472272-0","472273-0","472274-0","472278-0","472279-0","472280-0","472281-0"],
    "death":[],
    "delete":[],
    "doorState":[],
    "equipment":[],
    "lock":[],
    "place":[],
    "position":["0-1177","0-1179","0-1181","0-1180","0-1186"],
    "scale":[],
    "spawn":["0-1177","0-1179","0-1181","0-1180","0-1186"],
    "state":[],
    "statsDynamic":["0-1177","0-1179","0-1181","0-1180","0-1186"],
    "trap":[]
  },
  "entry":{
    "creationTime":1554527646,
    "description":"-10, 12"
  },
  "lastVisit":{
    "the luch":1554872084,
    "DizzyDasher":1554871970,
    "Den":1555209357,
    "Fendryn":1556253498
  },
  "recordLinks":[],
  "objectData":{
    "0-1180":{
      "refId":"kwama forager blighted",
      "location":{
        "posX":-74459.8125,
        "posZ":-4.0729417800903,
        "posY":106004.9375,
        "rotX":-0.11333976686001,
        "rotY":0,
        "rotZ":1.2989904880524
      },
      "stats":{
        "healthCurrent":45,
        "magickaCurrent":100,
        "healthModified":45,
        "fatigueBase":400,
        "fatigueModified":400,
        "healthBase":45,
        "magickaModified":100,
        "magickaBase":100,
        "fatigueCurrent":400
      }
    },
    "472266-0":{
      "refId":"flora_chokeweed_02",
      "inventory":[{
          "refId":"ingred_chokeweed_01",
          "count":1,
          "charge":-1,
          "enchantmentCharge":-1,
          "soul":""
        }]
    },
    "472278-0":{
      "refId":"flora_kreshweed_01",
      "inventory":[{
          "refId":"ingred_kresh_fiber_01",
          "count":1,
          "charge":-1,
          "enchantmentCharge":-1,
          "soul":""
        }]
    },
    "0-1177":{
      "refId":"scrib",
      "location":{
        "posX":-74680.9921875,
        "posZ":-40.269866943359,
        "posY":101306.109375,
        "rotX":-0.23790273070335,
        "rotY":0,
        "rotZ":-2.7915689945221
      },
      "stats":{
        "healthCurrent":8,
        "magickaCurrent":12,
        "healthModified":8,
        "fatigueBase":300,
        "fatigueModified":300,
        "healthBase":8,
        "magickaModified":12,
        "magickaBase":12,
        "fatigueCurrent":299.96267700195
      }
    },
    "472269-0":{
      "refId":"flora_kreshweed_03",
      "inventory":[{
          "refId":"ingred_kresh_fiber_01",
          "count":1,
          "charge":-1,
          "enchantmentCharge":-1,
          "soul":""
        }]
    },
    "472267-0":{
      "refId":"flora_chokeweed_02",
      "inventory":[{
          "refId":"ingred_chokeweed_01",
          "count":1,
          "charge":-1,
          "enchantmentCharge":-1,
          "soul":""
        }]
    },
    "472272-0":{
      "refId":"flora_kreshweed_02",
      "inventory":[{
          "refId":"ingred_kresh_fiber_01",
          "count":1,
          "charge":-1,
          "enchantmentCharge":-1,
          "soul":""
        }]
    },
    "472281-0":{
      "refId":"flora_stoneflower_01",
      "inventory":[{
          "refId":"ingred_stoneflower_petals_01",
          "count":1,
          "charge":-1,
          "enchantmentCharge":-1,
          "soul":""
        }]
    },
    "472274-0":{
      "refId":"flora_muckspunge_06",
      "inventory":[]
    },
    "472268-0":{
      "refId":"flora_chokeweed_02",
      "inventory":[{
          "refId":"ingred_chokeweed_01",
          "count":1,
          "charge":-1,
          "enchantmentCharge":-1,
          "soul":""
        }]
    },
    "0-1181":{
      "refId":"scrib",
      "location":{
        "posX":-76121.890625,
        "posZ":480.26913452148,
        "posY":100116.9375,
        "rotX":-0.71840018033981,
        "rotY":0,
        "rotZ":-3.0914599895477
      },
      "stats":{
        "healthCurrent":8,
        "magickaCurrent":12,
        "healthModified":8,
        "fatigueBase":300,
        "fatigueModified":300,
        "healthBase":8,
        "magickaModified":12,
        "magickaBase":12,
        "fatigueCurrent":300
      }
    },
    "367648-0":{
      "refId":"flora_kreshweed_01",
      "inventory":[{
          "refId":"ingred_kresh_fiber_01",
          "count":1,
          "charge":-1,
          "enchantmentCharge":-1,
          "soul":""
        }]
    },
    "0-1179":{
      "refId":"nix-hound blighted",
      "location":{
        "posX":-77988.4375,
        "posZ":429.14526367188,
        "posY":102116.796875,
        "rotX":-1.4222979545593,
        "rotY":0,
        "rotZ":-0.80399107933044
      },
      "stats":{
        "healthCurrent":68,
        "magickaCurrent":10,
        "healthModified":68,
        "fatigueBase":125,
        "fatigueModified":125,
        "healthBase":68,
        "magickaModified":10,
        "magickaBase":10,
        "fatigueCurrent":125
      }
    },
    "472279-0":{
      "refId":"flora_roobrush_02",
      "inventory":[{
          "refId":"ingred_roobrush_01",
          "count":1,
          "charge":-1,
          "enchantmentCharge":-1,
          "soul":""
        }]
    },
    "0-1186":{
      "refId":"slaughterfish_small",
      "location":{
        "posX":-73803.765625,
        "posZ":-203.02745056152,
        "posY":98496.5078125,
        "rotX":2.1474435925484e-05,
        "rotY":0,
        "rotZ":-2.6602318286896
      },
      "stats":{
        "healthCurrent":15,
        "magickaCurrent":10,
        "healthModified":15,
        "fatigueBase":300,
        "fatigueModified":300,
        "healthBase":15,
        "magickaModified":10,
        "magickaBase":10,
        "fatigueCurrent":299.96267700195
      }
    },
    "472273-0":{
      "refId":"flora_muckspunge_05",
      "inventory":[{
          "refId":"ingred_muck_01",
          "count":1,
          "charge":-1,
          "enchantmentCharge":-1,
          "soul":""
        }]
    },
    "472265-0":{
      "refId":"flora_kreshweed_02",
      "inventory":[]
    },
    "472280-0":{
      "refId":"flora_kreshweed_01",
      "inventory":[{
          "refId":"ingred_kresh_fiber_01",
          "count":1,
          "charge":-1,
          "enchantmentCharge":-1,
          "soul":""
        }]
    }
  }
}