{
  "packets":{
    "actorList":["0-1248","0-1249","0-1251","0-1253","0-1250"],
    "ai":[],
    "cellChangeFrom":[],
    "cellChangeTo":[],
    "container":["472349-0","472350-0","472351-0","472352-0","472353-0","472354-0","472355-0","472356-0","472357-0","472358-0","472359-0","472360-0","472361-0","472362-0","472363-0","472364-0","472365-0","472366-0","472369-0","472370-0","472371-0","472372-0","472373-0","472374-0","472375-0","472376-0","472377-0","472378-0","472379-0","472380-0","472383-0","472384-0","472385-0","472386-0","472387-0","472388-0","472389-0","472390-0","472391-0","472394-0","0-1251","0-1249"],
    "death":["0-1251","0-1249"],
    "delete":[],
    "doorState":[],
    "equipment":[],
    "lock":[],
    "place":[],
    "position":["0-1248","0-1249","0-1251","0-1253","0-1250"],
    "scale":[],
    "spawn":["0-1248","0-1249","0-1251","0-1253","0-1250"],
    "state":[],
    "statsDynamic":["0-1248","0-1249","0-1251","0-1253","0-1250"],
    "trap":[]
  },
  "entry":{
    "creationTime":1554528495,
    "description":"-11, 13"
  },
  "lastVisit":{
    "DizzyDasher":1554871970,
    "Den":1554528711,
    "Fendryn":1556253498
  },
  "recordLinks":[],
  "objectData":{
    "472359-0":{
      "refId":"flora_bittergreen_pod_01",
      "inventory":[]
    },
    "472350-0":{
      "refId":"flora_stoneflower_01",
      "inventory":[{
          "refId":"ingred_stoneflower_petals_01",
          "count":1,
          "charge":-1,
          "enchantmentCharge":-1,
          "soul":""
        }]
    },
    "0-1253":{
      "refId":"nix-hound blighted",
      "location":{
        "posX":-86898.546875,
        "posZ":2166.005859375,
        "posY":111306.78125,
        "rotX":1.149995803833,
        "rotY":0,
        "rotZ":1.6519839763641
      },
      "stats":{
        "healthCurrent":68,
        "magickaCurrent":10,
        "healthModified":68,
        "fatigueBase":131,
        "fatigueModified":131,
        "healthBase":68,
        "magickaModified":10,
        "magickaBase":10,
        "fatigueCurrent":131
      }
    },
    "472364-0":{
      "refId":"flora_bittergreen_05",
      "inventory":[{
          "refId":"ingred_bittergreen_petals_01",
          "count":2,
          "charge":-1,
          "enchantmentCharge":-1,
          "soul":""
        }]
    },
    "472373-0":{
      "refId":"flora_chokeweed_02",
      "inventory":[{
          "refId":"ingred_chokeweed_01",
          "count":1,
          "charge":-1,
          "enchantmentCharge":-1,
          "soul":""
        }]
    },
    "472388-0":{
      "refId":"flora_kreshweed_02",
      "inventory":[{
          "refId":"ingred_kresh_fiber_01",
          "count":1,
          "charge":-1,
          "enchantmentCharge":-1,
          "soul":""
        }]
    },
    "472361-0":{
      "refId":"flora_bittergreen_02",
      "inventory":[{
          "refId":"ingred_bittergreen_petals_01",
          "count":2,
          "charge":-1,
          "enchantmentCharge":-1,
          "soul":""
        }]
    },
    "472349-0":{
      "refId":"flora_kreshweed_02",
      "inventory":[{
          "refId":"ingred_kresh_fiber_01",
          "count":1,
          "charge":-1,
          "enchantmentCharge":-1,
          "soul":""
        }]
    },
    "472386-0":{
      "refId":"flora_roobrush_02",
      "inventory":[{
          "refId":"ingred_roobrush_01",
          "count":1,
          "charge":-1,
          "enchantmentCharge":-1,
          "soul":""
        }]
    },
    "472384-0":{
      "refId":"flora_kreshweed_03",
      "inventory":[{
          "refId":"ingred_kresh_fiber_01",
          "count":1,
          "charge":-1,
          "enchantmentCharge":-1,
          "soul":""
        }]
    },
    "472351-0":{
      "refId":"flora_kreshweed_01",
      "inventory":[{
          "refId":"ingred_kresh_fiber_01",
          "count":1,
          "charge":-1,
          "enchantmentCharge":-1,
          "soul":""
        }]
    },
    "472365-0":{
      "refId":"flora_kreshweed_01",
      "inventory":[{
          "refId":"ingred_kresh_fiber_01",
          "count":1,
          "charge":-1,
          "enchantmentCharge":-1,
          "soul":""
        }]
    },
    "0-1249":{
      "refId":"scrib diseased",
      "location":{
        "posX":-83844,
        "posZ":828.22436523438,
        "posY":109653.34375,
        "rotX":-0.60819101333618,
        "rotY":0,
        "rotZ":-1.8882200717926
      },
      "stats":{
        "healthCurrent":0,
        "magickaCurrent":0,
        "healthModified":8,
        "fatigueBase":90,
        "fatigueModified":90,
        "healthBase":8,
        "magickaModified":12,
        "magickaBase":12,
        "fatigueCurrent":90
      },
      "inventory":[{
          "refId":"ingred_scrib_jelly_01",
          "count":2,
          "charge":-1,
          "enchantmentCharge":-1,
          "soul":""
        }],
      "killer":{
        "player":"Den"
      }
    },
    "472376-0":{
      "refId":"flora_chokeweed_02",
      "inventory":[{
          "refId":"ingred_chokeweed_01",
          "count":1,
          "charge":-1,
          "enchantmentCharge":-1,
          "soul":""
        }]
    },
    "472360-0":{
      "refId":"flora_bittergreen_01",
      "inventory":[{
          "refId":"ingred_bittergreen_petals_01",
          "count":1,
          "charge":-1,
          "enchantmentCharge":-1,
          "soul":""
        }]
    },
    "472357-0":{
      "refId":"flora_chokeweed_02",
      "inventory":[{
          "refId":"ingred_chokeweed_01",
          "count":1,
          "charge":-1,
          "enchantmentCharge":-1,
          "soul":""
        }]
    },
    "472379-0":{
      "refId":"flora_bittergreen_02",
      "inventory":[{
          "refId":"ingred_bittergreen_petals_01",
          "count":1,
          "charge":-1,
          "enchantmentCharge":-1,
          "soul":""
        }]
    },
    "472391-0":{
      "refId":"flora_kreshweed_03",
      "inventory":[{
          "refId":"ingred_kresh_fiber_01",
          "count":1,
          "charge":-1,
          "enchantmentCharge":-1,
          "soul":""
        }]
    },
    "472366-0":{
      "refId":"flora_kreshweed_02",
      "inventory":[{
          "refId":"ingred_kresh_fiber_01",
          "count":1,
          "charge":-1,
          "enchantmentCharge":-1,
          "soul":""
        }]
    },
    "472352-0":{
      "refId":"flora_kreshweed_01",
      "inventory":[]
    },
    "0-1250":{
      "refId":"scrib blighted",
      "location":{
        "posX":-86738.6171875,
        "posZ":1794.8083496094,
        "posY":106772.375,
        "rotX":-0.04364600032568,
        "rotY":0,
        "rotZ":-0.9364902973175
      },
      "stats":{
        "healthCurrent":30,
        "magickaCurrent":12,
        "healthModified":30,
        "fatigueBase":400,
        "fatigueModified":400,
        "healthBase":30,
        "magickaModified":12,
        "magickaBase":12,
        "fatigueCurrent":400
      }
    },
    "472369-0":{
      "refId":"flora_chokeweed_02",
      "inventory":[{
          "refId":"ingred_chokeweed_01",
          "count":1,
          "charge":-1,
          "enchantmentCharge":-1,
          "soul":""
        }]
    },
    "472353-0":{
      "refId":"flora_stoneflower_02",
      "inventory":[{
          "refId":"ingred_stoneflower_petals_01",
          "count":1,
          "charge":-1,
          "enchantmentCharge":-1,
          "soul":""
        }]
    },
    "472374-0":{
      "refId":"flora_chokeweed_02",
      "inventory":[{
          "refId":"ingred_chokeweed_01",
          "count":1,
          "charge":-1,
          "enchantmentCharge":-1,
          "soul":""
        }]
    },
    "472362-0":{
      "refId":"flora_bittergreen_03",
      "inventory":[{
          "refId":"ingred_bittergreen_petals_01",
          "count":3,
          "charge":-1,
          "enchantmentCharge":-1,
          "soul":""
        }]
    },
    "472375-0":{
      "refId":"flora_roobrush_02",
      "inventory":[{
          "refId":"ingred_roobrush_01",