{
  "packets":{
    "actorList":["0-4226","0-4227","0-4228","0-4229","355381-0","0-4225"],
    "ai":[],
    "cellChangeFrom":[],
    "cellChangeTo":[],
    "container":["415907-0","415931-0","415932-0","415944-0","415877-0","415878-0","416063-0","416064-0","415960-0","472419-0","472420-0","472426-0","472427-0","472428-0","472429-0","472430-0","472431-0","472432-0","472433-0","355381-0"],
    "death":[],
    "delete":[],
    "doorState":[],
    "equipment":[],
    "lock":[],
    "place":[],
    "position":["355381-0","0-4226","0-4227","0-4228","0-4229","0-4225"],
    "scale":[],
    "spawn":["0-4226","0-4227","0-4228","0-4229","0-4225"],
    "state":[],
    "statsDynamic":["355381-0","0-4226","0-4227","0-4228","0-4229"],
    "trap":[]
  },
  "entry":{
    "creationTime":1555208964,
    "description":"-11, 8"
  },
  "lastVisit":{
    "Fendryn":1555209061
  },
  "recordLinks":[],
  "objectData":{
    "0-4228":{
      "refId":"dreugh",
      "location":{
        "posX":-83567.9453125,
        "posZ":-147.59175109863,
        "posY":65722.4296875,
        "rotX":0,
        "rotY":0,
        "rotZ":-2.0617301464081
      },
      "stats":{
        "healthCurrent":60,
        "magickaCurrent":75,
        "healthModified":60,
        "fatigueBase":400,
        "fatigueModified":400,
        "healthBase":60,
        "magickaModified":75,
        "magickaBase":75,
        "fatigueCurrent":399.95809936523
      }
    },
    "415878-0":{
      "refId":"kollop_01_pearl",
      "inventory":[]
    },
    "472420-0":{
      "refId":"flora_muckspunge_05",
      "inventory":[{
          "refId":"ingred_muck_01",
          "count":1,
          "charge":-1,
          "enchantmentCharge":-1,
          "soul":""
        }]
    },
    "0-4227":{
      "refId":"dreugh",
      "location":{
        "posX":-85467.03125,
        "posZ":-305.45269775391,
        "posY":68054,
        "rotX":0,
        "rotY":0,
        "rotZ":-2.9437758922577
      },
      "stats":{
        "healthCurrent":60,
        "magickaCurrent":75,
        "healthModified":60,
        "fatigueBase":400,
        "fatigueModified":400,
        "healthBase":60,
        "magickaModified":75,
        "magickaBase":75,
        "fatigueCurrent":399.95809936523
      }
    },
    "472429-0":{
      "refId":"flora_muckspunge_04",
      "inventory":[]
    },
    "472430-0":{
      "refId":"flora_kreshweed_01",
      "inventory":[{
          "refId":"ingred_kresh_fiber_01",
          "count":1,
          "charge":-1,
          "enchantmentCharge":-1,
          "soul":""
        }]
    },
    "472419-0":{
      "refId":"flora_muckspunge_06",
      "inventory":[{
          "refId":"ingred_muck_01",
          "count":1,
          "charge":-1,
          "enchantmentCharge":-1,
          "soul":""
        }]
    },
    "415932-0":{
      "refId":"kollop_02_pearl",
      "inventory":[]
    },
    "472427-0":{
      "refId":"flora_muckspunge_02",
      "inventory":[]
    },
    "472426-0":{
      "refId":"flora_muckspunge_01",
      "inventory":[{
          "refId":"ingred_muck_01",
          "count":1,
          "charge":-1,
          "enchantmentCharge":-1,
          "soul":""
        }]
    },
    "0-4225":{
      "refId":"slaughterfish_small",
      "location":{
        "posX":-85198.453125,
        "posZ":-173.5005645752,
        "posY":65711.5703125,
        "rotX":0,
        "rotY":0,
        "rotZ":-2.7097036838531
      }
    },
    "472428-0":{
      "refId":"flora_muckspunge_03",
      "inventory":[]
    },
    "0-4229":{
      "refId":"cliff racer",
      "location":{
        "posX":-82502.7890625,
        "posZ":337.93011474609,
        "posY":67614.4375,
        "rotX":-2.8863549232483e-05,
        "rotY":0,
        "rotZ":-0.14479660987854
      },
      "stats":{
        "healthCurrent":45,
        "magickaCurrent":20,
        "healthModified":45,
        "fatigueBase":400,
        "fatigueModified":400,
        "healthBase":45,
        "magickaModified":20,
        "magickaBase":20,
        "fatigueCurrent":400
      }
    },
    "355381-0":{
      "refId":"slaughterfish",
      "location":{
        "posX":-88629.4140625,
        "posZ":-589.14025878906,
        "posY":68333.921875,
        "rotX":0.60045450925827,
        "rotY":0,
        "rotZ":1.5265066623688
      },
      "stats":{
        "healthCurrent":23,
        "magickaCurrent":10,
        "healthModified":23,
        "fatigueBase":400,
        "fatigueModified":400,
        "healthBase":23,
        "magickaModified":10,
        "magickaBase":10,
        "fatigueCurrent":399.85006713867
      },
      "inventory":[{
          "refId":"ingred_scales_01",
          "count":2,
          "charge":-1,
          "enchantmentCharge":-1,
          "soul":""
        }]
    },
    "415877-0":{
      "refId":"kollop_01_pearl",
      "inventory":[{
          "refId":"ingred_pearl_01",
          "count":1,
          "charge":-1,
          "enchantmentCharge":-1,
          "soul":""
        }]
    },
    "472433-0":{
      "refId":"flora_kreshweed_02",
      "inventory":[{
          "refId":"ingred_kresh_fiber_01",
          "count":1,
          "charge":-1,
          "enchantmentCharge":-1,
          "soul":""
        }]
    },
    "415931-0":{
      "refId":"kollop_02_pearl",
      "inventory":[]
    },
    "472432-0":{
      "refId":"flora_kreshweed_01",
      "inventory":[]
    },
    "472431-0":{
      "refId":"flora_kreshweed_03",
      "inventory":[]
    },
    "415960-0":{
      "refId":"kollop_03_pearl",
      "inventory":[]
    },
    "416063-0":{
      "refId":"kollop_02_pearl",
      "inventory":[]
    },
    "0-4226":{
      "refId":"netch_betty",
      "location":{
        "posX":-86827.78125,
        "posZ":250.01229858398,
        "posY":68397.8828125,
        "rotX":0.049651801586151,
        "rotY":0,
        "rotZ":-2.504522562027
      },
      "stats":{
        "healthCurrent":113,
        "magickaCurrent":75,
        "healthModified":113,
        "fatigueBase":500,
        "fatigueModified":500,
        "healthBase":113,
        "magickaModified":75,
        "magickaBase":75,
        "fatigueCurrent":500
      }
    },
    "415944-0":{
      "refId":"kollop_03_pearl",
      "inventory":[{
          "refId":"ingred_pearl_01",
          "count":1,
          "charge":-1,
          "enchantmentCharge":-1,
          "soul":""
        }]
    },
    "415907-0":{
      "refId":"kollop_02_pearl",
      "inventory":[]
    },
    "416064-0":{
      "refId":"kollop_01_pearl",
      "inventory":[{
          "refId":"ingred_pearl_01",
          "count":1,
          "charge":-1,
          "enchantmentCharge":-1,
          "soul":""
        }]
    }
  }
}