{
  "packets":{
    "actorList":["0-1169","0-1170","0-1171","0-1198","0-1197","19433-0","0-1168"],
    "ai":[],
    "cellChangeFrom":[],
    "cellChangeTo":[],
    "container":["26620-0","472395-0","472396-0","472397-0","472398-0","472399-0","472400-0","472401-0","472402-0","472403-0","472404-0","0-1198","0-1197","19433-0"],
    "death":["0-1198","0-1197"],
    "delete":[],
    "doorState":[],
    "equipment":[],
    "lock":[],
    "place":[],
    "position":["0-1169","0-1170","0-1171","0-1198","0-1197","19433-0"],
    "scale":[],
    "spawn":["0-1169","0-1170","0-1171","0-1198","0-1197"],
    "state":[],
    "statsDynamic":["0-1169","0-1170","0-1171","0-1198","0-1197","19433-0"],
    "trap":[]
  },
  "entry":{
    "creationTime":1554527646,
    "description":"-11, 12"
  },
  "lastVisit":{
    "the luch":1554872084,
    "Fendryn":1556253498,
    "Den":1555209357,
    "DizzyDasher":1554871970
  },
  "recordLinks":[],
  "objectData":{
    "0-1170":{
      "refId":"scrib blighted",
      "location":{
        "posX":-89723.0546875,
        "posZ":982.59246826172,
        "posY":105961.296875,
        "rotX":-0.08984313160181,
        "rotY":0,
        "rotZ":-1.7503464221954
      },
      "stats":{
        "healthCurrent":30,
        "magickaCurrent":12,
        "healthModified":30,
        "fatigueBase":400,
        "fatigueModified":400,
        "healthBase":30,
        "magickaModified":12,
        "magickaBase":12,
        "fatigueCurrent":400
      }
    },
    "472397-0":{
      "refId":"flora_kreshweed_02",
      "inventory":[{
          "refId":"ingred_kresh_fiber_01",
          "count":1,
          "charge":-1,
          "enchantmentCharge":-1,
          "soul":""
        }]
    },
    "472395-0":{
      "refId":"flora_kreshweed_01",
      "inventory":[{
          "refId":"ingred_kresh_fiber_01",
          "count":1,
          "charge":-1,
          "enchantmentCharge":-1,
          "soul":""
        }]
    },
    "0-1169":{
      "refId":"nix-hound blighted",
      "location":{
        "posX":-84116.421875,
        "posZ":355.77856445313,
        "posY":102672.4921875,
        "rotX":-0.28659927845001,
        "rotY":0,
        "rotZ":0.43585777282715
      },
      "stats":{
        "healthCurrent":68,
        "magickaCurrent":10,
        "healthModified":68,
        "fatigueBase":128,
        "fatigueModified":128,
        "healthBase":68,
        "magickaModified":10,
        "magickaBase":10,
        "fatigueCurrent":128
      }
    },
    "472402-0":{
      "refId":"flora_kreshweed_03",
      "inventory":[{
          "refId":"ingred_kresh_fiber_01",
          "count":1,
          "charge":-1,
          "enchantmentCharge":-1,
          "soul":""
        }]
    },
    "0-1197":{
      "refId":"kagouti",
      "location":{
        "posX":-83089.3515625,
        "posZ":1516.3898925781,
        "posY":105066.40625,
        "rotX":1.4142243862152,
        "rotY":0,
        "rotZ":-1.6991198062897
      },
      "stats":{
        "healthCurrent":45,
        "magickaCurrent":10,
        "healthModified":45,
        "fatigueBase":400,
        "fatigueModified":400,
        "healthBase":45,
        "magickaModified":10,
        "magickaBase":10,
        "fatigueCurrent":395.55792236328
      },
      "inventory":[],
      "killer":{
        "player":"Den"
      }
    },
    "472401-0":{
      "refId":"flora_chokeweed_02",
      "inventory":[{
          "refId":"ingred_chokeweed_01",
          "count":1,
          "charge":-1,
          "enchantmentCharge":-1,
          "soul":""
        }]
    },
    "26620-0":{
      "refId":"com_chest_02_k01",
      "inventory":[{
          "refId":"imperial left pauldron",
          "count":1,
          "charge":-1,
          "enchantmentCharge":-1,
          "soul":""
        },{
          "refId":"steel tanto",
          "count":1,
          "charge":-1,
          "enchantmentCharge":-1,
          "soul":""
        }]
    },
    "472404-0":{
      "refId":"flora_kreshweed_02",
      "inventory":[{
          "refId":"ingred_kresh_fiber_01",
          "count":1,
          "charge":-1,
          "enchantmentCharge":-1,
          "soul":""
        }]
    },
    "19433-0":{
      "refId":"alit",
      "location":{
        "posX":-82715.4765625,
        "posZ":247.78527832031,
        "posY":100317.671875,
        "rotX":0.10794145613909,
        "rotY":0,
        "rotZ":-1.3738257884979
      },
      "stats":{
        "healthCurrent":30,
        "magickaCurrent":75,
        "healthModified":30,
        "fatigueBase":400,
        "fatigueModified":400,
        "healthBase":30,
        "magickaModified":75,
        "magickaBase":75,
        "fatigueCurrent":396.96252441406
      },
      "inventory":[]
    },
    "472399-0":{
      "refId":"flora_kreshweed_01",
      "inventory":[{
          "refId":"ingred_kresh_fiber_01",
          "count":1,
          "charge":-1,
          "enchantmentCharge":-1,
          "soul":""
        }]
    },
    "472403-0":{
      "refId":"flora_kreshweed_01",
      "inventory":[{
          "refId":"ingred_kresh_fiber_01",
          "count":1,
          "charge":-1,
          "enchantmentCharge":-1,
          "soul":""
        }]
    },
    "472400-0":{
      "refId":"flora_kreshweed_03",
      "inventory":[{
          "refId":"ingred_kresh_fiber_01",
          "count":1,
          "charge":-1,
          "enchantmentCharge":-1,
          "soul":""
        }]
    },
    "0-1198":{
      "refId":"kagouti",
      "location":{
        "posX":-88283.703125,
        "posZ":980.00305175781,
        "posY":105898.75,
        "rotX":-0.03486380726099,
        "rotY":0,
        "rotZ":-0.1107439994812
      },
      "stats":{
        "healthCurrent":45,
        "magickaCurrent":10,
        "healthModified":45,
        "fatigueBase":400,
        "fatigueModified":400,
        "healthBase":45,
        "magickaModified":10,
        "magickaBase":10,
        "fatigueCurrent":398.6408996582
      },
      "inventory":[{
          "refId":"ingred_kagouti_hide_01",
          "count":1,
          "charge":-1,
          "enchantmentCharge":-1,
          "soul":""
        }],
      "killer":{
        "player":"Den"
      }
    },
    "472396-0":{
      "refId":"flora_chokeweed_02",
      "inventory":[{
          "refId":"ingred_chokeweed_01",
          "count":1,
          "charge":-1,
          "enchantmentCharge":-1,
          "soul":""
        }]
    },
    "472398-0":{
      "refId":"flora_roobrush_02",
      "inventory":[{
          "refId":"ingred_roobrush_01",
          "count":1,
          "charge":-1,
          "enchantmentCharge":-1,
          "soul":""
        }]
    },
    "0-1171":{
      "refId":"kwama forager blighted",
      "location":{
        "posX":-84522,
        "posZ":201.83808898926,
        "posY":102353.8046875,
        "rotX":0.00085431337356567,
        "rotY":0,
        "rotZ":-2.7321236133575
      },
      "stats":{
        "healthCurrent":45,
        "magickaCurrent":100,
        "healthModified":45,
        "fatigueBase":400,
        "fatigueModified":400,
        "healthBase":45,
        "magickaModified":100,
        "magickaBase":100,
        "fatigueCurrent":400
      }
    }
  }
}