{
  "packets":{
    "actorList":["0-1110","0-1111","0-1112","0-1113","268210-0","268211-0","0-2334","0-1109"],
    "ai":[],
    "cellChangeFrom":[],
    "cellChangeTo":[],
    "container":["59986-0","59988-0","268217-0","472333-0","472334-0","472335-0","472337-0","472338-0","472339-0","472340-0","472341-0","472342-0","472344-0","472345-0","472346-0","472347-0","472348-0","268210-0","268211-0","0-2334","0-1109"],
    "death":["0-2334","0-1109"],
    "delete":[],
    "doorState":[],
    "equipment":["268210-0","268211-0"],
    "lock":[],
    "place":[],
    "position":["268210-0","268211-0","0-1110","0-1111","0-1112","0-1113","0-2334","0-1109"],
    "scale":[],
    "spawn":["0-1110","0-1111","0-1112","0-1113","0-2334","0-1109"],
    "state":[],
    "statsDynamic":["268210-0","268211-0","0-1110","0-1111","0-1112","0-1113","0-2334","0-1109"],
    "trap":[]
  },
  "entry":{
    "creationTime":1554527086,
    "description":"-11, 14"
  },
  "lastVisit":{
    "Fendryn":1556252950,
    "Den":1554528711,
    "DizzyDasher":1554871970
  },
  "recordLinks":[],
  "objectData":{
    "472335-0":{
      "refId":"flora_stoneflower_01",
      "inventory":[{
          "refId":"ingred_stoneflower_petals_01",
          "count":1,
          "charge":-1,
          "enchantmentCharge":-1,
          "soul":""
        }]
    },
    "472342-0":{
      "refId":"flora_kreshweed_03",
      "inventory":[]
    },
    "472341-0":{
      "refId":"flora_stoneflower_01",
      "inventory":[{
          "refId":"ingred_stoneflower_petals_01",
          "count":1,
          "charge":-1,
          "enchantmentCharge":-1,
          "soul":""
        }]
    },
    "59986-0":{
      "refId":"flora_roobrush_02",
      "inventory":[{
          "refId":"ingred_roobrush_01",
          "count":1,
          "charge":-1,
          "enchantmentCharge":-1,
          "soul":""
        }]
    },
    "268211-0":{
      "refId":"kund assarnibani",
      "location":{
        "posX":-87984.1328125,
        "posZ":1604.0654296875,
        "posY":118467.2734375,
        "rotX":0,
        "rotY":0,
        "rotZ":4.1831855773926
      },
      "stats":{
        "healthCurrent":113,
        "magickaCurrent":100,
        "healthModified":113,
        "fatigueBase":226,
        "fatigueModified":226,
        "healthBase":113,
        "magickaModified":100,
        "magickaBase":100,
        "fatigueCurrent":226
      },
      "equipment":{
        "1":{
          "refId":"netch_leather_boiled_cuirass",
          "count":1,
          "charge":-1,
          "enchantmentCharge":-1
        },
        "3":{
          "refId":"netch_leather_pauldron_left",
          "count":1,
          "charge":-1,
          "enchantmentCharge":-1
        },
        "4":{
          "refId":"netch_leather_pauldron_right",
          "count":1,
          "charge":-1,
          "enchantmentCharge":-1
        },
        "7":{
          "refId":"netch_leather_boots",
          "count":1,
          "charge":-1,
          "enchantmentCharge":-1
        },
        "8":{
          "refId":"common_shirt_02_t",
          "count":1,
          "charge":-1,
          "enchantmentCharge":-1
        },
        "9":{
          "refId":"common_pants_03_c",
          "count":1,
          "charge":-1,
          "enchantmentCharge":-1
        },
        "16":{
          "refId":"iron longsword",
          "count":1,
          "charge":-1,
          "enchantmentCharge":-1
        }
      },
      "inventory":[{
          "refId":"netch_leather_boots",
          "count":1,
          "charge":-1,
          "enchantmentCharge":-1,
          "soul":""
        },{
          "refId":"netch_leather_pauldron_right",
          "count":1,
          "charge":-1,
          "enchantmentCharge":-1,
          "soul":""
        },{
          "refId":"netch_leather_pauldron_left",
          "count":1,
          "charge":-1,
          "enchantmentCharge":-1,
          "soul":""
        },{
          "refId":"netch_leather_boiled_cuirass",
          "count":1,
          "charge":-1,
          "enchantmentCharge":-1,
          "soul":""
        },{
          "refId":"common_shirt_02_t",
          "count":1,
          "charge":-1,
          "enchantmentCharge":-1,
          "soul":""
        },{
          "refId":"common_shoes_01",
          "count":1,
          "charge":-1,
          "enchantmentCharge":-1,
          "soul":""
        },{
          "refId":"common_pants_03_c",
          "count":1,
          "charge":-1,
          "enchantmentCharge":-1,
          "soul":""
        },{
          "refId":"iron longsword",
          "count":1,
          "charge":-1,
          "enchantmentCharge":-1,
          "soul":""
        }]
    },
    "472346-0":{
      "refId":"flora_kreshweed_01",
      "inventory":[{
          "refId":"ingred_kresh_fiber_01",
          "count":1,
          "charge":-1,
          "enchantmentCharge":-1,
          "soul":""
        }]
    },
    "0-1109":{
      "refId":"nix-hound blighted",
      "location":{
        "posX":-87592.65625,
        "posZ":799.15380859375,
        "posY":122879.7109375,
        "rotX":-0.046547766774893,
        "rotY":0,
        "rotZ":2.6251890659332
      },
      "stats":{
        "healthCurrent":68,
        "magickaCurrent":10,
        "healthModified":68,
        "fatigueBase":149,
        "fatigueModified":149,
        "healthBase":68,
        "magickaModified":10,
        "magickaBase":10,
        "fatigueCurrent":149
      },
      "inventory":[{
          "refId":"ingred_hound_meat_01",
          "count":3,
          "charge":-1,
          "enchantmentCharge":-1,
          "soul":""
        }],
      "killer":{
        "player":"Fendryn"
      }
    },
    "268210-0":{
      "refId":"rawia ashirbibi",
      "location":{
        "posX":-88120.5390625,
        "posZ":1578.7392578125,
        "posY":119141.078125,
        "rotX":0,
        "rotY":0,
        "rotZ":4.4831857681274
      },
      "stats":{
        "healthCurrent":70,
        "magickaCurrent":100,
        "healthModified":70,
        "fatigueBase":206,
        "fatigueModified":206,
        "healthBase":70,
        "magickaModified":100,
        "magickaBase":100,
        "fatigueCurrent":206
      },
      "equipment":{
        "7":{
          "refId":"common_shoes_01",
          "count":1,
          "charge":-1,
          "enchantmentCharge":-1
        },
        "8":{
          "refId":"expensive_shirt_01_a",
          "count":1,
          "charge":-1,
          "enchantmentCharge":-1
        },
        "10":{
          "refId":"expensive_skirt_01",
          "count":1,
          "charge":-1,
          "enchantmentCharge":-1
        },
        "16":{
          "refId":"chitin club",
          "count":1,
          "charge":-1,
          "enchantmentCharge":-1
        }
      },
      "inventory":[{
          "refId":"netch_leather_greaves",
          "count":1,
          "charge":-1,
          "enchantmentCharge":-1,
          "soul":""
        },{
          "refId":"netch_leather_boiled_cuirass",
          "count":1,
          "charge":-1,
          "enchantmentCharge":-1,
          "soul":""
        },{
          "refId":"expensive_skirt_01",
          "count":1,
          "charge":-1,
          "enchantmentCharge":-1,
          "soul":""
        },{
          "refId":"expensive_shirt_01_a",
          "count":1,
          "charge":-1,
          "enchantmentCharge":-1,
          "soul":""
        },{
          "refId":"common_shoes_01",
          "count":1,
          "charge":-1,
          "enchantmentCharge":-1,
          "soul":""
        },{
          "refId":"chitin club",
          "count":1,
          "charge":-1,
          "enchantmentCharge":-1,
          "soul":""
        }]
    },
    "472345-0":{
      "refId":"flora_stoneflower_02",
      "inventory":[{
          "refId":"ingred_stoneflower_petals_01",
          "count":1,
          "charge":-1,
          "enchantmentCharge":-1,
          "soul":""
        }]
    },