{
  "packets":{
    "actorList":["0-2335","0-2336","0-2337","0-2339","225448-0","389602-0","389603-0"],
    "ai":[],
    "cellChangeFrom":[],
    "cellChangeTo":[],
    "container":["225474-0","377533-0","377534-0","377548-0","377550-0","377556-0","377582-0","225448-0","389602-0","389603-0"],
    "death":[],
    "delete":[],
    "doorState":[],
    "equipment":[],
    "lock":[],
    "place":[],
    "position":["225448-0","389602-0","389603-0","0-2335","0-2336","0-2337","0-2339"],
    "scale":[],
    "spawn":["0-2335","0-2336","0-2337","0-2339"],
    "state":[],
    "statsDynamic":["225448-0","389602-0","389603-0","0-2335","0-2336","0-2337","0-2339"],
    "trap":[]
  },
  "entry":{
    "creationTime":1554669198,
    "description":"-13, 15"
  },
  "lastVisit":{
    "Fendryn":1554669941
  },
  "recordLinks":[],
  "objectData":{
    "225474-0":{
      "refId":"kollop_02_pearl",
      "inventory":[{
          "refId":"ingred_pearl_01",
          "count":1,
          "charge":-1,
          "enchantmentCharge":-1,
          "soul":""
        }]
    },
    "0-2335":{
      "refId":"slaughterfish_small",
      "location":{
        "posX":-100897.5234375,
        "posZ":-1352.1158447266,
        "posY":124879.125,
        "rotX":8.5178762674332e-06,
        "rotY":0,
        "rotZ":-0.33667492866516
      },
      "stats":{
        "healthCurrent":15,
        "magickaCurrent":10,
        "healthModified":15,
        "fatigueBase":300,
        "fatigueModified":300,
        "healthBase":15,
        "magickaModified":10,
        "magickaBase":10,
        "fatigueCurrent":299.97763061523
      }
    },
    "377556-0":{
      "refId":"kollop_01_pearl",
      "inventory":[{
          "refId":"ingred_pearl_01",
          "count":1,
          "charge":-1,
          "enchantmentCharge":-1,
          "soul":""
        }]
    },
    "377582-0":{
      "refId":"kollop_02_pearl",
      "inventory":[{
          "refId":"ingred_pearl_01",
          "count":1,
          "charge":-1,
          "enchantmentCharge":-1,
          "soul":""
        }]
    },
    "377550-0":{
      "refId":"kollop_01_pearl",
      "inventory":[{
          "refId":"ingred_pearl_01",
          "count":1,
          "charge":-1,
          "enchantmentCharge":-1,
          "soul":""
        }]
    },
    "389603-0":{
      "refId":"mudcrab",
      "location":{
        "posX":-101335.140625,
        "posZ":-995.28076171875,
        "posY":123407.96875,
        "rotX":0,
        "rotY":0,
        "rotZ":0
      },
      "stats":{
        "healthCurrent":15,
        "magickaCurrent":5,
        "healthModified":15,
        "fatigueBase":400,
        "fatigueModified":400,
        "healthBase":15,
        "magickaModified":5,
        "magickaBase":5,
        "fatigueCurrent":399.97833251953
      },
      "inventory":[{
          "refId":"ingred_crab_meat_01",
          "count":2,
          "charge":-1,
          "enchantmentCharge":-1,
          "soul":""
        }]
    },
    "377548-0":{
      "refId":"kollop_02_pearl",
      "inventory":[{
          "refId":"ingred_pearl_01",
          "count":1,
          "charge":-1,
          "enchantmentCharge":-1,
          "soul":""
        }]
    },
    "0-2337":{
      "refId":"slaughterfish",
      "location":{
        "posX":-104407.15625,
        "posZ":-1205.9985351563,
        "posY":127625.0234375,
        "rotX":0.016195172443986,
        "rotY":0,
        "rotZ":-2.7128479480743
      },
      "stats":{
        "healthCurrent":23,
        "magickaCurrent":10,
        "healthModified":23,
        "fatigueBase":400,
        "fatigueModified":400,
        "healthBase":23,
        "magickaModified":10,
        "magickaBase":10,
        "fatigueCurrent":399.97763061523
      }
    },
    "225448-0":{
      "refId":"dreugh",
      "location":{
        "posX":-100922.734375,
        "posZ":-1536.0042724609,
        "posY":124817.765625,
        "rotX":0.95578718185425,
        "rotY":0,
        "rotZ":-0.56459927558899
      },
      "stats":{
        "healthCurrent":60,
        "magickaCurrent":75,
        "healthModified":60,
        "fatigueBase":400,
        "fatigueModified":400,
        "healthBase":60,
        "magickaModified":75,
        "magickaBase":75,
        "fatigueCurrent":399.98651123047
      },
      "inventory":[]
    },
    "377533-0":{
      "refId":"kollop_01_pearl",
      "inventory":[{
          "refId":"ingred_pearl_01",
          "count":1,
          "charge":-1,
          "enchantmentCharge":-1,
          "soul":""
        }]
    },
    "377534-0":{
      "refId":"kollop_03_pearl",
      "inventory":[]
    },
    "0-2339":{
      "refId":"dreugh",
      "location":{
        "posX":-104924.265625,
        "posZ":-860.87805175781,
        "posY":126186.03125,
        "rotX":-0.16720129549503,
        "rotY":0,
        "rotZ":1.6512672901154
      },
      "stats":{
        "healthCurrent":60,
        "magickaCurrent":75,
        "healthModified":60,
        "fatigueBase":400,
        "fatigueModified":400,
        "healthBase":60,
        "magickaModified":75,
        "magickaBase":75,
        "fatigueCurrent":399.97763061523
      }
    },
    "389602-0":{
      "refId":"mudcrab",
      "location":{
        "posX":-102863.2421875,
        "posZ":-872.66845703125,
        "posY":123114.5625,
        "rotX":0,
        "rotY":0,
        "rotZ":3.9831852912903
      },
      "stats":{
        "healthCurrent":15,
        "magickaCurrent":5,
        "healthModified":15,
        "fatigueBase":400,
        "fatigueModified":400,
        "healthBase":15,
        "magickaModified":5,
        "magickaBase":5,
        "fatigueCurrent":399.97833251953
      },
      "inventory":[]
    },
    "0-2336":{
      "refId":"dreugh",
      "location":{
        "posX":-104150.09375,
        "posZ":-1547.5504150391,
        "posY":126238.7421875,
        "rotX":0,
        "rotY":0,
        "rotZ":-1.6534788608551
      },
      "stats":{
        "healthCurrent":60,
        "magickaCurrent":75,
        "healthModified":60,
        "fatigueBase":400,
        "fatigueModified":400,
        "healthBase":60,
        "magickaModified":75,
        "magickaBase":75,
        "fatigueCurrent":399.97763061523
      }
    }
  }
}