{
  "packets":{
    "actorList":["0-1267","0-1268","355389-0","0-2338","0-2343"],
    "ai":[],
    "cellChangeFrom":[],
    "cellChangeTo":[],
    "container":["355389-0","0-1267","0-2343"],
    "death":["0-1267","0-2343"],
    "delete":[],
    "doorState":[],
    "equipment":[],
    "lock":[],
    "place":[],
    "position":["355389-0","0-1267","0-1268","0-2338","0-2343"],
    "scale":[],
    "spawn":["0-1267","0-1268","0-2338","0-2343"],
    "state":[],
    "statsDynamic":["355389-0","0-1267","0-1268","0-2338","0-2343"],
    "trap":[]
  },
  "entry":{
    "creationTime":1554528551,
    "description":"-13, 14"
  },
  "lastVisit":{
    "Den":1554528572,
    "Fendryn":1554669941
  },
  "recordLinks":[],
  "objectData":{
    "355389-0":{
      "refId":"slaughterfish",
      "location":{
        "posX":-99969.484375,
        "posZ":-39.86060333252,
        "posY":115434.484375,
        "rotX":0.52486622333527,
        "rotY":0,
        "rotZ":0.93197560310364
      },
      "stats":{
        "healthCurrent":23,
        "magickaCurrent":10,
        "healthModified":23,
        "fatigueBase":400,
        "fatigueModified":400,
        "healthBase":23,
        "magickaModified":10,
        "magickaBase":10,
        "fatigueCurrent":399.9582824707
      },
      "inventory":[]
    },
    "0-2338":{
      "refId":"slaughterfish_small",
      "location":{
        "posX":-103749.140625,
        "posZ":-347.51007080078,
        "posY":122872.703125,
        "rotX":0,
        "rotY":0,
        "rotZ":-2.2329699993134
      },
      "stats":{
        "healthCurrent":15,
        "magickaCurrent":10,
        "healthModified":15,
        "fatigueBase":300,
        "fatigueModified":300,
        "healthBase":15,
        "magickaModified":10,
        "magickaBase":10,
        "fatigueCurrent":299.98849487305
      }
    },
    "0-1267":{
      "refId":"rat_diseased",
      "location":{
        "posX":-103474.1171875,
        "posZ":2249.9680175781,
        "posY":117064.5859375,
        "rotX":-0.12666319310665,
        "rotY":0,
        "rotZ":1.6069881916046
      },
      "stats":{
        "healthCurrent":0,
        "magickaCurrent":10,
        "healthModified":23,
        "fatigueBase":135,
        "fatigueModified":135,
        "healthBase":23,
        "magickaModified":10,
        "magickaBase":10,
        "fatigueCurrent":135
      },
      "inventory":[],
      "killer":{
        "player":"Fendryn"
      }
    },
    "0-1268":{
      "refId":"mudcrab",
      "location":{
        "posX":-102494.3125,
        "posZ":611.38201904297,
        "posY":120844.7109375,
        "rotX":1.1263829469681,
        "rotY":0,
        "rotZ":0.63773036003113
      },
      "stats":{
        "healthCurrent":15,
        "magickaCurrent":5,
        "healthModified":15,
        "fatigueBase":400,
        "fatigueModified":400,
        "healthBase":15,
        "magickaModified":5,
        "magickaBase":5,
        "fatigueCurrent":400
      }
    },
    "0-2343":{
      "refId":"cliff racer_blighted",
      "location":{
        "posX":-104996.5390625,
        "posZ":3078.7038574219,
        "posY":117631.125,
        "rotX":0.93776416778564,
        "rotY":0,
        "rotZ":-1.0678369998932
      },
      "stats":{
        "healthCurrent":0,
        "magickaCurrent":20,
        "healthModified":90,
        "fatigueBase":400,
        "fatigueModified":400,
        "healthBase":90,
        "magickaModified":20,
        "magickaBase":20,
        "fatigueCurrent":400
      },
      "inventory":[],
      "killer":{
        "player":"Fendryn"
      }
    }
  }
}