{
  "packets":{
    "actorList":["0-1232","0-1233","0-1234","0-1235","355393-0"],
    "ai":[],
    "cellChangeFrom":["355393-0"],
    "cellChangeTo":[],
    "container":["0-1232","0-1233","0-1234","0-1235","355393-0"],
    "death":[],
    "delete":[],
    "doorState":[],
    "equipment":[],
    "lock":[],
    "place":[],
    "position":["0-1232","0-1233","0-1234","0-1235","355393-0"],
    "scale":[],
    "spawn":["0-1232","0-1233","0-1234","0-1235"],
    "state":[],
    "statsDynamic":["0-1232","0-1233","0-1234","0-1235","355393-0"],
    "trap":[]
  },
  "entry":{
    "creationTime":1554528482,
    "description":"-13, 10"
  },
  "lastVisit":{
    "DizzyDasher":1554871553,
    "Den":1554528494,
    "Fendryn":1556253498
  },
  "recordLinks":[],
  "objectData":{
    "0-1234":{
      "refId":"slaughterfish",
      "location":{
        "posX":-103232.0546875,
        "posZ":-546.31115722656,
        "posY":88136.4296875,
        "rotX":0,
        "rotY":0,
        "rotZ":1.9836609363556
      },
      "stats":{
        "healthCurrent":23,
        "magickaCurrent":10,
        "healthModified":23,
        "fatigueBase":400,
        "fatigueModified":400,
        "healthBase":23,
        "magickaModified":10,
        "magickaBase":10,
        "fatigueCurrent":399.94760131836
      },
      "inventory":[{
          "refId":"ingred_scales_01",
          "count":2,
          "charge":-1,
          "enchantmentCharge":-1,
          "soul":""
        }]
    },
    "355393-0":{
      "refId":"slaughterfish",
      "location":{
        "posX":-101725.3359375,
        "posZ":-379.22589111328,
        "posY":90103.6796875,
        "rotX":0,
        "rotY":0,
        "rotZ":0
      },
      "stats":{
        "healthCurrent":23,
        "magickaCurrent":10,
        "healthModified":23,
        "fatigueBase":400,
        "fatigueModified":400,
        "healthBase":23,
        "magickaModified":10,
        "magickaBase":10,
        "fatigueCurrent":399.94543457031
      },
      "cellChangeFrom":"-13, 11",
      "inventory":[{
          "refId":"ingred_scales_01",
          "count":2,
          "charge":-1,
          "enchantmentCharge":-1,
          "soul":""
        }]
    },
    "0-1233":{
      "refId":"dreugh",
      "location":{
        "posX":-100567.046875,
        "posZ":-171.62994384766,
        "posY":87408.09375,
        "rotX":0.02786073461175,
        "rotY":0,
        "rotZ":-2.9620535373688
      },
      "stats":{
        "healthCurrent":60,
        "magickaCurrent":75,
        "healthModified":60,
        "fatigueBase":400,
        "fatigueModified":400,
        "healthBase":60,
        "magickaModified":75,
        "magickaBase":75,
        "fatigueCurrent":399.94760131836
      },
      "inventory":[{
          "refId":"ingred_dreugh_wax_01",
          "count":1,
          "charge":-1,
          "enchantmentCharge":-1,
          "soul":""
        }]
    },
    "0-1232":{
      "refId":"dreugh",
      "location":{
        "posX":-103500.765625,
        "posZ":-626.50024414063,
        "posY":88465.34375,
        "rotX":0,
        "rotY":0,
        "rotZ":2.6106398105621
      },
      "stats":{
        "healthCurrent":60,
        "magickaCurrent":75,
        "healthModified":60,
        "fatigueBase":400,
        "fatigueModified":400,
        "healthBase":60,
        "magickaModified":75,
        "magickaBase":75,
        "fatigueCurrent":399.94760131836
      },
      "inventory":[]
    },
    "0-1235":{
      "refId":"slaughterfish_small",
      "location":{
        "posX":-106298.328125,
        "posZ":-94.605545043945,
        "posY":85788.4375,
        "rotX":0,
        "rotY":0,
        "rotZ":-1.9741947650909
      },
      "stats":{
        "healthCurrent":15,
        "magickaCurrent":10,
        "healthModified":15,
        "fatigueBase":300,
        "fatigueModified":300,
        "healthBase":15,
        "magickaModified":10,
        "magickaBase":10,
        "fatigueCurrent":299.94760131836
      },
      "inventory":[{
          "refId":"ingred_scales_01",
          "count":1,
          "charge":-1,
          "enchantmentCharge":-1,
          "soul":""
        }]
    }
  }
}