{
  "packets":{
    "actorList":["0-2362","0-2364","0-2365","225476-0","225477-0","355403-0"],
    "ai":[],
    "cellChangeFrom":[],
    "cellChangeTo":[],
    "container":["225500-0","257742-0","257743-0","257744-0","257745-0","257750-0","389619-0","225476-0","225477-0","355403-0"],
    "death":[],
    "delete":[],
    "doorState":[],
    "equipment":["0-2365"],
    "lock":[],
    "place":[],
    "position":["225476-0","225477-0","355403-0","0-2362","0-2364","0-2365"],
    "scale":[],
    "spawn":["0-2362","0-2364","0-2365"],
    "state":[],
    "statsDynamic":["225476-0","225477-0","355403-0","0-2362","0-2364","0-2365"],
    "trap":[]
  },
  "entry":{
    "creationTime":1554669582,
    "description":"-15, 14"
  },
  "lastVisit":{
    "Fendryn":1554669794
  },
  "recordLinks":[],
  "objectData":{
    "225500-0":{
      "refId":"kollop_02_pearl",
      "inventory":[]
    },
    "257744-0":{
      "refId":"flora_bittergreen_04",
      "inventory":[{
          "refId":"ingred_bittergreen_petals_01",
          "count":2,
          "charge":-1,
          "enchantmentCharge":-1,
          "soul":""
        }]
    },
    "257742-0":{
      "refId":"flora_bittergreen_06",
      "inventory":[]
    },
    "257745-0":{
      "refId":"flora_bittergreen_08",
      "inventory":[]
    },
    "0-2365":{
      "refId":"golden saint",
      "location":{
        "posX":-116834.4375,
        "posZ":-124.62008666992,
        "posY":115566.90625,
        "rotX":0.015635183081031,
        "rotY":0,
        "rotZ":2.0389902591705
      },
      "stats":{
        "healthCurrent":250,
        "magickaCurrent":755,
        "healthModified":250,
        "fatigueBase":700,
        "fatigueModified":700,
        "healthBase":250,
        "magickaModified":755,
        "magickaBase":755,
        "fatigueCurrent":700
      },
      "equipment":{
        "17":{
          "refId":"ebony_towershield",
          "count":1,
          "charge":-1,
          "enchantmentCharge":-1
        }
      }
    },
    "225477-0":{
      "refId":"dreugh",
      "location":{
        "posX":-120176.90625,
        "posZ":-1820.109375,
        "posY":120134.515625,
        "rotX":0.0073092505335808,
        "rotY":0,
        "rotZ":1.8661615848541
      },
      "stats":{
        "healthCurrent":60,
        "magickaCurrent":75,
        "healthModified":60,
        "fatigueBase":400,
        "fatigueModified":400,
        "healthBase":60,
        "magickaModified":75,
        "magickaBase":75,
        "fatigueCurrent":399.98669433594
      },
      "inventory":[{
          "refId":"ingred_dreugh_wax_01",
          "count":1,
          "charge":-1,
          "enchantmentCharge":-1,
          "soul":""
        }]
    },
    "389619-0":{
      "refId":"barrel_01_empty",
      "inventory":[]
    },
    "0-2362":{
      "refId":"dreugh",
      "location":{
        "posX":-120145.3125,
        "posZ":-144.57130432129,
        "posY":115334.84375,
        "rotX":0.12729816138744,
        "rotY":0,
        "rotZ":-2.4489510059357
      },
      "stats":{
        "healthCurrent":60,
        "magickaCurrent":75,
        "healthModified":60,
        "fatigueBase":400,
        "fatigueModified":400,
        "healthBase":60,
        "magickaModified":75,
        "magickaBase":75,
        "fatigueCurrent":399.99099731445
      }
    },
    "225476-0":{
      "refId":"dreugh",
      "location":{
        "posX":-119525.421875,
        "posZ":-1722.9583740234,
        "posY":121683.78125,
        "rotX":1.2947766780853,
        "rotY":0,
        "rotZ":1.5457422733307
      },
      "stats":{
        "healthCurrent":60,
        "magickaCurrent":75,
        "healthModified":60,
        "fatigueBase":400,
        "fatigueModified":400,
        "healthBase":60,
        "magickaModified":75,
        "magickaBase":75,
        "fatigueCurrent":399.98669433594
      },
      "inventory":[]
    },
    "355403-0":{
      "refId":"slaughterfish",
      "location":{
        "posX":-117020.5625,
        "posZ":-102.38568115234,
        "posY":117414.109375,
        "rotX":0.77013653516769,
        "rotY":0,
        "rotZ":-1.7905962467194
      },
      "stats":{
        "healthCurrent":23,
        "magickaCurrent":10,
        "healthModified":23,
        "fatigueBase":400,
        "fatigueModified":400,
        "healthBase":23,
        "magickaModified":10,
        "magickaBase":10,
        "fatigueCurrent":399.98669433594
      },
      "inventory":[{
          "refId":"ingred_scales_01",
          "count":2,
          "charge":-1,
          "enchantmentCharge":-1,
          "soul":""
        }]
    },
    "257743-0":{
      "refId":"flora_bittergreen_09",
      "inventory":[]
    },
    "257750-0":{
      "refId":"flora_bittergreen_08",
      "inventory":[]
    },
    "0-2364":{
      "refId":"atronach_frost",
      "location":{
        "posX":-119042.5,
        "posZ":603.73547363281,
        "posY":115303.015625,
        "rotX":0.0087673766538501,
        "rotY":0,
        "rotZ":1.0422308444977
      },
      "stats":{
        "healthCurrent":105,
        "magickaCurrent":135,
        "healthModified":105,
        "fatigueBase":600,
        "fatigueModified":600,
        "healthBase":105,
        "magickaModified":135,
        "magickaBase":135,
        "fatigueCurrent":600
      }
    }
  }
}