{
  "packets":{
    "actorList":["0-2358","0-2359","0-2360","0-2361","355404-0"],
    "ai":[],
    "cellChangeFrom":[],
    "cellChangeTo":[],
    "container":["355404-0"],
    "death":[],
    "delete":[],
    "doorState":[],
    "equipment":[],
    "lock":[],
    "place":[],
    "position":["355404-0","0-2358","0-2359","0-2360","0-2361"],
    "scale":[],
    "spawn":["0-2358","0-2359","0-2360","0-2361"],
    "state":[],
    "statsDynamic":["355404-0","0-2358","0-2359","0-2360","0-2361"],
    "trap":[]
  },
  "entry":{
    "creationTime":1554669582,
    "description":"-15, 13"
  },
  "lastVisit":{
    "Fendryn":1554669794
  },
  "recordLinks":[],
  "objectData":{
    "0-2361":{
      "refId":"dreugh",
      "location":{
        "posX":-117883.484375,
        "posZ":-1154.5106201172,
        "posY":108256.453125,
        "rotX":0.0075961062684655,
        "rotY":0,
        "rotZ":0.49283647537231
      },
      "stats":{
        "healthCurrent":60,
        "magickaCurrent":75,
        "healthModified":60,
        "fatigueBase":400,
        "fatigueModified":400,
        "healthBase":60,
        "magickaModified":75,
        "magickaBase":75,
        "fatigueCurrent":399.98675537109
      }
    },
    "0-2360":{
      "refId":"slaughterfish",
      "location":{
        "posX":-118313.9375,
        "posZ":-716.29638671875,
        "posY":110921.65625,
        "rotX":0,
        "rotY":0,
        "rotZ":-0.18775534629822
      },
      "stats":{
        "healthCurrent":23,
        "magickaCurrent":10,
        "healthModified":23,
        "fatigueBase":400,
        "fatigueModified":400,
        "healthBase":23,
        "magickaModified":10,
        "magickaBase":10,
        "fatigueCurrent":399.98675537109
      }
    },
    "355404-0":{
      "refId":"slaughterfish",
      "location":{
        "posX":-115652.296875,
        "posZ":-367.56127929688,
        "posY":112342.078125,
        "rotX":0.065179094672203,
        "rotY":0,
        "rotZ":2.8070681095123
      },
      "stats":{
        "healthCurrent":23,
        "magickaCurrent":10,
        "healthModified":23,
        "fatigueBase":400,
        "fatigueModified":400,
        "healthBase":23,
        "magickaModified":10,
        "magickaBase":10,
        "fatigueCurrent":399.99145507813
      },
      "inventory":[]
    },
    "0-2359":{
      "refId":"slaughterfish",
      "location":{
        "posX":-117019.015625,
        "posZ":-850.5185546875,
        "posY":109802.796875,
        "rotX":0,
        "rotY":0,
        "rotZ":-3.1274569034576
      },
      "stats":{
        "healthCurrent":23,
        "magickaCurrent":10,
        "healthModified":23,
        "fatigueBase":400,
        "fatigueModified":400,
        "healthBase":23,
        "magickaModified":10,
        "magickaBase":10,
        "fatigueCurrent":399.98675537109
      }
    },
    "0-2358":{
      "refId":"slaughterfish",
      "location":{
        "posX":-120672.921875,
        "posZ":-146.5520324707,
        "posY":113106.140625,
        "rotX":0,
        "rotY":0,
        "rotZ":2.3633835315704
      },
      "stats":{
        "healthCurrent":23,
        "magickaCurrent":10,
        "healthModified":23,
        "fatigueBase":400,
        "fatigueModified":400,
        "healthBase":23,
        "magickaModified":10,
        "magickaBase":10,
        "fatigueCurrent":399.98675537109
      }
    }
  }
}