{
  "packets":{
    "actorList":["0-10","41612-0","0-737","0-741","0-740","0-742","175651-0"],
    "ai":[],
    "cellChangeFrom":["175651-0"],
    "cellChangeTo":[],
    "container":["33998-0","33999-0","34001-0","34002-0","34004-0","34005-0","34000-0","34003-0","476158-0","476159-0","41612-0","0-10","0-737","0-741","0-740","0-742","175651-0"],
    "death":["0-10","0-737","0-741","0-740","0-742"],
    "delete":["0-12"],
    "doorState":[],
    "equipment":["41612-0","0-737","0-741","0-740","0-742","175651-0"],
    "lock":["390569-0"],
    "place":["0-3429","0-3430","0-3431","0-3432","0-3433","0-3434","0-3435"],
    "position":["41612-0","0-10","0-12","0-737","0-741","0-740","0-742","175651-0"],
    "scale":[],
    "spawn":["0-10","0-737","0-741","0-740","0-742"],
    "state":[],
    "statsDynamic":["41612-0","0-10","0-12","0-737","0-741","0-740","0-742","175651-0"],
    "trap":[]
  },
  "entry":{
    "creationTime":1554172073,
    "description":"-2, -2"
  },
  "lastVisit":{
    "the luch":1555383857,
    "The Luch":1554180343,
    "Fendryn":1556254607,
    "Den":1556254630,
    "DizzyDasher":1558209566
  },
  "recordLinks":[],
  "objectData":{
    "34002-0":{
      "refId":"com_basket_01_empty",
      "inventory":[]
    },
    "0-3431":{
      "refId":"misc_de_bowl_redware_03",
      "location":{
        "posX":-16150.569335938,
        "posZ":615.6484375,
        "posY":-10228.686523438,
        "rotX":0,
        "rotY":0,
        "rotZ":-1.5063679218292
      },
      "goldValue":0
    },
    "0-742":{
      "refId":"_mca_dunmer_thug_m3",
      "location":{
        "posX":-15875.86328125,
        "posZ":449.81427001953,
        "posY":-16105.875976563,
        "rotX":0.42975491285324,
        "rotY":0,
        "rotZ":0.57778716087341
      },
      "stats":{
        "healthCurrent":0,
        "magickaCurrent":86,
        "fatigueModified":201,
        "fatigueBase":201,
        "healthBase":85,
        "healthModified":85,
        "magickaModified":86,
        "magickaBase":86,
        "fatigueCurrent":200.25842285156
      },
      "equipment":{
        "7":{
          "refId":"bm_wool02_shoes",
          "count":1,
          "charge":-1,
          "enchantmentCharge":-1
        },
        "8":{
          "refId":"common_shirt_02_rr",
          "count":1,
          "charge":-1,
          "enchantmentCharge":-1
        },
        "16":{
          "refId":"steel war axe",
          "count":1,
          "charge":-1,
          "enchantmentCharge":-1
        },
        "9":{
          "refId":"common_pants_06",
          "count":1,
          "charge":-1,
          "enchantmentCharge":-1
        }
      },
      "inventory":[{
          "refId":"common_pants_06",
          "count":1,
          "charge":-1,
          "enchantmentCharge":-1,
          "soul":""
        },{
          "refId":"common_shirt_02_rr",
          "count":1,
          "charge":-1,
          "enchantmentCharge":-1,
          "soul":""
        },{
          "refId":"bm_wool02_shoes",
          "count":1,
          "charge":-1,
          "enchantmentCharge":-1,
          "soul":""
        },{
          "refId":"gold_001",
          "count":7,
          "charge":-1,
          "enchantmentCharge":-1,
          "soul":""
        },{
          "refId":"misc_imp_silverware_plate_03",
          "count":2,
          "charge":-1,
          "enchantmentCharge":-1,
          "soul":""
        },{
          "refId":"steel war axe",
          "count":1,
          "charge":1179,
          "enchantmentCharge":-1,
          "soul":""
        }],
      "killer":{
        "refId":"imperial guard",
        "uniqueIndex":"175651-0"
      }
    },
    "0-3432":{
      "refId":"misc_com_metal_plate_04",
      "count":2,
      "location":{
        "posX":-16172.8828125,
        "posZ":608.82147216797,
        "posY":-10237.19921875,
        "rotX":0,
        "rotY":0,
        "rotZ":-1.5063679218292
      }
    },
    "33998-0":{
      "refId":"com_basket_01_empty",
      "inventory":[]
    },
    "33999-0":{
      "refId":"com_basket_01_empty",
      "inventory":[]
    },
    "0-12":{
      "refId":"_mca_guard_hlaalu_f1",
      "location":{
        "posX":-15170.7109375,
        "posZ":571.39764404297,
        "posY":-13959.642578125,
        "rotX":-0.67373031377792,
        "rotY":0,
        "rotZ":3.0756623744965
      },
      "stats":{
        "healthCurrent":240,
        "magickaCurrent":132,
        "healthModified":240,
        "fatigueBase":320,
        "magickaModified":132,
        "fatigueModified":320,
        "healthBase":240,
        "magickaBase":132,
        "fatigueCurrent":320
      }
    },
    "34000-0":{
      "refId":"com_basket_01_empty",
      "inventory":[]
    },
    "0-737":{
      "refId":"_mca_dunmer_thug_m2",
      "location":{
        "posX":-15853.33203125,
        "posZ":399.02362060547,
        "posY":-15967.4140625,
        "rotX":0.015516608953476,
        "rotY":0,
        "rotZ":-2.8926556110382
      },
      "stats":{
        "healthCurrent":0,
        "magickaCurrent":86,
        "fatigueModified":201,
        "fatigueBase":201,
        "healthBase":85,
        "healthModified":85,
        "magickaModified":86,
        "magickaBase":86,
        "fatigueCurrent":154.48599243164
      },
      "equipment":{
        "16":{
          "refId":"steel warhammer",
          "count":1,
          "charge":-1,
          "enchantmentCharge":-1
        },
        "8":{
          "refId":"common_shirt_02_r",
          "count":1,
          "charge":-1,
          "enchantmentCharge":-1
        },
        "7":{
          "refId":"bm_wool02_shoes",
          "count":1,
          "charge":-1,
          "enchantmentCharge":-1
        },
        "1":{
          "refId":"netch_leather_cuirass",
          "count":1,
          "charge":149,
          "enchantmentCharge":-1
        },
        "9":{
          "refId":"common_pants_04",
          "count":1,
          "charge":-1,
          "enchantmentCharge":-1
        }
      },
      "inventory":[{
          "refId":"netch_leather_cuirass",
          "count":1,
          "charge":149,
          "enchantmentCharge":-1,
          "soul":""
        },{
          "refId":"common_pants_04",
          "count":1,
          "charge":-1,
          "enchantmentCharge":-1,
          "soul":""
        },{
          "refId":"common_shirt_02_r",
          "count":1,
          "charge":-1,
          "enchantmentCharge":-1,
          "soul":""
        },{
          "refId":"bm_wool02_shoes",
          "count":1,
          "charge":-1,
          "enchantmentCharge":-1,
          "soul":""
        },{
          "refId":"gold_001",
          "count":8,
          "charge":-1,
          "enchantmentCharge":-1,
          "soul":""
        },{
          "refId":"steel warhammer",
          "count":1,
          "charge":2999,
          "enchantmentCharge":-1,
          "soul":""
        }],
      "killer":{
        "refId":"imperial guard",
        "uniqueIndex":"175651-0"
      }
    },
    "0-3434":{
      "refId":"misc_com_bottle_15",
      "location":{
        "posX":-16207.474609375,
        "posZ":621.90374755859,
        "posY":-10221.666015625,
        "rotX":0,
        "rotY":0,
        "rotZ":-1.5063679218292
      }
    },
    "0-740":{
      "refId":"_mca_dunmer_thug_f3",
      "location":{
        "posX":-15718.708007813,
        "posZ":491.1608581543,
        "posY":-16070.629882813,
        "rotX":0.70552885532379,
        "rotY":0,
        "rotZ":-1.0854313373566
      },
      "stats":{
        "healthCurrent":0,
        "magickaCurrent":86,
        "fatigueModified":191,
        "fatigueBase":191,
        "healthBase":80,
        "healthModified":80,
        "magickaModified":86,
        "magickaBase":86,
        "fatigueCurrent":189.16592407227
      },
      "equipment":{
        "7":{
          "refId":"common_shoes_04",
          "count":1,
          "charge":-1,
          "enchantmentCharge":-1
        },