{
  "packets":{
    "actorList":["0-1920","0-1921","0-1922","0-1923","355249-0","0-1877"],
    "ai":[],
    "cellChangeFrom":[],
    "cellChangeTo":[],
    "container":["430907-0","430908-0","430909-0","430910-0","430911-0","430930-0","430943-0","430948-0","430954-0","430957-0","426471-0","426485-0","426486-0","355249-0"],
    "death":[],
    "delete":[],
    "doorState":[],
    "equipment":[],
    "lock":[],
    "place":[],
    "position":["355249-0","0-1920","0-1921","0-1922","0-1923","0-1877"],
    "scale":[],
    "spawn":["0-1920","0-1921","0-1922","0-1923","0-1877"],
    "state":[],
    "statsDynamic":["355249-0","0-1920","0-1921","0-1922","0-1923","0-1877"],
    "trap":[]
  },
  "entry":{
    "creationTime":1554617671,
    "description":"-2, 23"
  },
  "lastVisit":{
    "Den":1554619223
  },
  "recordLinks":[],
  "objectData":{
    "0-1920":{
      "refId":"dreugh",
      "location":{
        "posX":-10156.9375,
        "posZ":-274.17321777344,
        "posY":193549.703125,
        "rotX":3.1166709959507e-05,
        "rotY":0,
        "rotZ":2.5088436603546
      },
      "stats":{
        "healthCurrent":60,
        "magickaCurrent":75,
        "healthModified":60,
        "fatigueBase":400,
        "fatigueModified":400,
        "healthBase":60,
        "magickaModified":75,
        "magickaBase":75,
        "fatigueCurrent":399.95834350586
      }
    },
    "430943-0":{
      "refId":"kollop_01_pearl",
      "inventory":[{
          "refId":"ingred_pearl_01",
          "count":1,
          "charge":-1,
          "enchantmentCharge":-1,
          "soul":""
        }]
    },
    "355249-0":{
      "refId":"slaughterfish",
      "location":{
        "posX":-11153.99609375,
        "posZ":-379.04095458984,
        "posY":194204.3125,
        "rotX":0.052057776600122,
        "rotY":0,
        "rotZ":2.477516412735
      },
      "stats":{
        "healthCurrent":23,
        "magickaCurrent":10,
        "healthModified":23,
        "fatigueBase":400,
        "fatigueModified":400,
        "healthBase":23,
        "magickaModified":10,
        "magickaBase":10,
        "fatigueCurrent":399.95831298828
      },
      "inventory":[{
          "refId":"ingred_scales_01",
          "count":2,
          "charge":-1,
          "enchantmentCharge":-1,
          "soul":""
        }]
    },
    "430930-0":{
      "refId":"kollop_03_pearl",
      "inventory":[{
          "refId":"ingred_pearl_01",
          "count":1,
          "charge":-1,
          "enchantmentCharge":-1,
          "soul":""
        }]
    },
    "430908-0":{
      "refId":"kollop_03_pearl",
      "inventory":[]
    },
    "426485-0":{
      "refId":"kollop_03_pearl",
      "inventory":[{
          "refId":"ingred_pearl_01",
          "count":1,
          "charge":-1,
          "enchantmentCharge":-1,
          "soul":""
        }]
    },
    "426471-0":{
      "refId":"kollop_01_pearl",
      "inventory":[]
    },
    "430948-0":{
      "refId":"kollop_03_pearl",
      "inventory":[{
          "refId":"ingred_pearl_01",
          "count":1,
          "charge":-1,
          "enchantmentCharge":-1,
          "soul":""
        }]
    },
    "430954-0":{
      "refId":"kollop_02_pearl",
      "inventory":[]
    },
    "430911-0":{
      "refId":"kollop_02_pearl",
      "inventory":[]
    },
    "0-1877":{
      "refId":"dreugh",
      "location":{
        "posX":-9639.9404296875,
        "posZ":-407.54223632813,
        "posY":188426.734375,
        "rotX":0,
        "rotY":0,
        "rotZ":-0.059535503387451
      },
      "stats":{
        "healthCurrent":60,
        "magickaCurrent":75,
        "healthModified":60,
        "fatigueBase":400,
        "fatigueModified":400,
        "healthBase":60,
        "magickaModified":75,
        "magickaBase":75,
        "fatigueCurrent":399.95837402344
      }
    },
    "430957-0":{
      "refId":"kollop_01_pearl",
      "inventory":[{
          "refId":"ingred_pearl_01",
          "count":1,
          "charge":-1,
          "enchantmentCharge":-1,
          "soul":""
        }]
    },
    "430907-0":{
      "refId":"kollop_01_pearl",
      "inventory":[{
          "refId":"ingred_pearl_01",
          "count":1,
          "charge":-1,
          "enchantmentCharge":-1,
          "soul":""
        }]
    },
    "426486-0":{
      "refId":"kollop_02_pearl",
      "inventory":[]
    },
    "0-1923":{
      "refId":"slaughterfish_small",
      "location":{
        "posX":-12841.484375,
        "posZ":-433.13317871094,
        "posY":190233.09375,
        "rotX":0,
        "rotY":0,
        "rotZ":-0.2006528377533
      },
      "stats":{
        "healthCurrent":15,
        "magickaCurrent":10,
        "healthModified":15,
        "fatigueBase":300,
        "fatigueModified":300,
        "healthBase":15,
        "magickaModified":10,
        "magickaBase":10,
        "fatigueCurrent":299.95834350586
      }
    },
    "0-1922":{
      "refId":"slaughterfish",
      "location":{
        "posX":-14127.763671875,
        "posZ":-135.89054870605,
        "posY":195160.375,
        "rotX":0.11161962896585,
        "rotY":0,
        "rotZ":2.8212940692902
      },
      "stats":{
        "healthCurrent":23,
        "magickaCurrent":10,
        "healthModified":23,
        "fatigueBase":400,
        "fatigueModified":400,
        "healthBase":23,
        "magickaModified":10,
        "magickaBase":10,
        "fatigueCurrent":399.95834350586
      }
    },
    "430909-0":{
      "refId":"kollop_03_pearl",
      "inventory":[{
          "refId":"ingred_pearl_01",
          "count":1,
          "charge":-1,
          "enchantmentCharge":-1,
          "soul":""
        }]
    },
    "430910-0":{
      "refId":"kollop_02_pearl",
      "inventory":[{
          "refId":"ingred_pearl_01",
          "count":1,
          "charge":-1,
          "enchantmentCharge":-1,
          "soul":""
        }]
    },
    "0-1921":{
      "refId":"dreugh",
      "location":{
        "posX":-14083.751953125,
        "posZ":-241.99996948242,
        "posY":191000.6875,
        "rotX":3.3527612686157e-08,
        "rotY":0,
        "rotZ":-2.805234670639
      },
      "stats":{
        "healthCurrent":60,
        "magickaCurrent":75,
        "healthModified":60,
        "fatigueBase":400,
        "fatigueModified":400,
        "healthBase":60,
        "magickaModified":75,
        "magickaBase":75,
        "fatigueCurrent":399.95834350586
      }
    }
  }
}