{
  "packets":{
    "actorList":["11977-0","19421-0","25961-0","23682-0","23684-0","23685-0","32866-0"],
    "ai":[],
    "cellChangeFrom":[],
    "cellChangeTo":[],
    "container":["3687-0","11977-0","19421-0","25961-0","23682-0","23684-0","23685-0","32866-0"],
    "death":[],
    "delete":[],
    "doorState":[],
    "equipment":["11977-0","19421-0","25961-0"],
    "lock":[],
    "place":[],
    "position":["11977-0","19421-0","23682-0","23684-0","23685-0","25961-0","32866-0"],
    "scale":[],
    "spawn":[],
    "state":["8649-0","8651-0","8652-0","8654-0","8655-0","8656-0","8659-0","8662-0","8663-0","8664-0","8665-0","10986-0","10987-0","10988-0","10989-0","10990-0","10991-0","11006-0","11007-0","8684-0","8683-0","11968-0","11969-0","13450-0","13451-0","13452-0","13453-0","13454-0","13455-0","13456-0","13457-0","13458-0","13460-0","13461-0","13462-0","13464-0","13465-0","13466-0","13467-0","13469-0","13470-0","13471-0","13472-0","13473-0","13474-0","13475-0","13477-0","13478-0","13479-0","13480-0","13481-0","13482-0","13483-0","13484-0","13485-0","13486-0","13487-0","13488-0","13489-0","13490-0","11039-0","20980-0","20981-0","20982-0","13520-0","29177-0","29178-0","10993-0","10992-0","10994-0","10997-0","11000-0","11001-0","11002-0","11003-0","11004-0","25195-0","30542-0","30543-0","23682-0","23684-0","23685-0","32866-0","11977-0","19421-0","25961-0"],
    "statsDynamic":["11977-0","19421-0","23682-0","23684-0","23685-0","25961-0","32866-0"],
    "trap":[]
  },
  "entry":{
    "creationTime":1554692830,
    "description":"-24, 19"
  },
  "lastVisit":{
    "Den":1554692926
  },
  "recordLinks":[],
  "objectData":{
    "13477-0":{
      "refId":"ex_colony_wall_02m",
      "state":false
    },
    "13471-0":{
      "refId":"ex_colony_const_brick02_3",
      "state":false
    },
    "13487-0":{
      "refId":"ex_colony_wall_02m_3",
      "state":false
    },
    "13465-0":{
      "refId":"ex_colony_const_stud01_4 f3",
      "state":false
    },
    "25961-0":{
      "refId":"garnas uvalen",
      "location":{
        "posX":-193566.609375,
        "posZ":896.88903808594,
        "posY":159158.890625,
        "rotX":0,
        "rotY":0,
        "rotZ":0
      },
      "stats":{
        "healthCurrent":217,
        "magickaCurrent":144,
        "healthModified":217,
        "fatigueBase":279,
        "fatigueModified":279,
        "healthBase":217,
        "magickaModified":144,
        "magickaBase":144,
        "fatigueCurrent":279
      },
      "equipment":[null,null,null,null,null,null,{
          "refId":"bm_wool02_shoes",
          "count":1,
          "charge":-1,
          "enchantmentCharge":-1
        },{
          "refId":"common_shirt_02",
          "count":1,
          "charge":-1,
          "enchantmentCharge":-1
        },{
          "refId":"bm_wool02_pants",
          "count":1,
          "charge":-1,
          "enchantmentCharge":-1
        }],
      "inventory":[{
          "refId":"common_shirt_02",
          "count":1,
          "charge":-1,
          "enchantmentCharge":-1,
          "soul":""
        },{
          "refId":"bm_wool02_shoes",
          "count":1,
          "charge":-1,
          "enchantmentCharge":-1,
          "soul":""
        },{
          "refId":"bm_wool02_pants",
          "count":1,
          "charge":-1,
          "enchantmentCharge":-1,
          "soul":""
        }],
      "state":false
    },
    "8649-0":{
      "refId":"ex_colony_house02_3",
      "state":false
    },
    "13475-0":{
      "refId":"ex_colony_const_wood01_4",
      "state":false
    },
    "13458-0":{
      "refId":"ex_colony_const_struc01_4 f2",
      "state":false
    },
    "10993-0":{
      "refId":"ex_colony_bardoor",
      "state":false
    },
    "13457-0":{
      "refId":"ex_colony_const_house03_4",
      "state":false
    },
    "8656-0":{
      "refId":"ex_colony_house03_3",
      "state":false
    },
    "13456-0":{
      "refId":"ex_colony_const_house02_3",
      "state":false
    },
    "11006-0":{
      "refId":"ex_colony_p_residence01b_4",
      "state":false
    },
    "10997-0":{
      "refId":"ex_colony_door05b_4",
      "state":false
    },
    "10987-0":{
      "refId":"ex_colony_wall_01_4",
      "state":false
    },
    "11007-0":{
      "refId":"ex_colony_wall_01_4",
      "state":false
    },
    "13464-0":{
      "refId":"ex_colony_const_struc01_4 f3",
      "state":false
    },
    "10994-0":{
      "refId":"ex_colony_door02b_2",
      "state":false
    },
    "11000-0":{
      "refId":"ex_colony_door05_3",
      "state":false
    },
    "3687-0":{
      "refId":"flora_bm_holly_06",
      "inventory":[{
          "refId":"ingred_holly_01",
          "count":1,
          "charge":-1,
          "enchantmentCharge":-1,
          "soul":""
        }]
    },
    "8662-0":{
      "refId":"ex_colony_tower01_4",
      "state":false
    },
    "20981-0":{
      "refId":"ex_colony_chimney01_2",
      "state":false
    },
    "25195-0":{
      "refId":"ex_colony_door05c_4",
      "state":false
    },
    "13453-0":{
      "refId":"ex_colony_const_house03_3",
      "state":false
    },
    "13485-0":{
      "refId":"ex_colony_wall_03m_4",
      "state":false
    },
    "10991-0":{
      "refId":"ex_colony_wall_02_4",
      "state":false
    },
    "29178-0":{
      "refId":"ex_colony_const_struc01_4 f3",
      "state":false
    },
    "11968-0":{
      "refId":"colony_smoke_4_4_f2",
      "state":false
    },
    "13483-0":{
      "refId":"ex_colony_wall_01m_4",
      "state":false
    },
    "8659-0":{
      "refId":"ex_colony_wall_02_3",
      "state":false
    },
    "13490-0":{
      "refId":"ex_colony_wall_03m_4",
      "state":false
    },
    "13451-0":{
      "refId":"ex_colony_const_barn01_2",
      "state":false
    },
    "13450-0":{
      "refId":"ex_colony_const_house03_2",
      "state":false
    },
    "23685-0":{
      "refId":"bm_spriggan_co2",
      "location":{
        "posX":-196018.203125,
        "posZ":571.91711425781,
        "posY":158474.9375,
        "rotX":0,
        "rotY":0,
        "rotZ":0
      },
      "stats":{
        "healthCurrent":200,
        "magickaCurrent":500,
        "healthModified":200,
        "fatigueBase":800,
        "fatigueModified":800,
        "healthBase":200,
        "magickaModified":500,
        "magickaBase":500,
        "fatigueCurrent":800
      },
      "inventory":[],
      "state":false
    },
    "13486-0":{
      "refId":"ex_colony_const_house02_2",
      "state":false
    },
    "13478-0":{
      "refId":"ex_colony_wall_01m_4",
      "state":false
    },
    "19421-0":{
      "refId":"tirvel balen",
      "location":{
        "posX":-193058.359375,
        "posZ":1019.0678710938,
        "posY":160463.125,
        "rotX":0,
        "rotY":0,
        "rotZ":1.5707963705063
      },
      "stats":{
        "healthCurrent":158,
        "magickaCurrent":122,
        "healthModified":158,
        "fatigueBase":238,
        "fatigueModified":238,
        "healthBase":158,
        "magickaModified":122,
        "magickaBase":122,
        "fatigueCurrent":238
      },
      "equipment":[null,null,null,null,{
          "refId":"bm_wool01_glovel",
          "count":1,
          "charge":-1,
          "enchantmentCharge":-1
        },{
          "refId":"bm_wool01_glover",
          "count":1,
          "charge":-1,
          "enchantmentCharge":-1
        },{
          "refId":"bm_wool01_shoes",
          "count":1,
          "charge":-1,
          "enchantmentCharge":-1
        },{
          "refId":"bm_wool01_shirt",
          "count":1,
          "charge":-1,
          "enchantmentCharge":-1
        },{
          "refId":"bm_wool01_pants",
          "count":1,
          "charge":-1,
          "enchantmentCharge":-1
        }],
      "inventory":[{
          "refId":"bk_colonyreport",
          "count":1,
          "charge":-1,
          "enchantmentCharge":-1,
          "soul":""
        },{
          "refId":"bm_wool01_glovel",
          "count":1,