{
  "packets":{
    "actorList":["0-3548","0-1351","0-1389","0-1355","0-3547"],
    "ai":[],
    "cellChangeFrom":[],
    "cellChangeTo":[],
    "container":["178062-0","297100-0","297101-0","297106-0","297107-0","297119-0","297142-0","297154-0","0-3548"],
    "death":["0-3548"],
    "delete":[],
    "doorState":[],
    "equipment":[],
    "lock":[],
    "place":[],
    "position":["0-3548","0-1351","0-1389","0-1355","0-3547"],
    "scale":[],
    "spawn":["0-3548","0-1351","0-1389","0-1355","0-3547"],
    "state":[],
    "statsDynamic":["0-3548","0-1351","0-1389","0-1355","0-3547"],
    "trap":[]
  },
  "entry":{
    "creationTime":1554530229,
    "description":"-3, 18"
  },
  "lastVisit":{
    "the luch":1554872556,
    "Den":1556253452,
    "Fendryn":1556253460
  },
  "recordLinks":[],
  "objectData":{
    "178062-0":{
      "refId":"tramaroot_03",
      "inventory":[{
          "refId":"ingred_trama_root_01",
          "count":1,
          "charge":-1,
          "enchantmentCharge":-1,
          "soul":""
        }]
    },
    "0-1355":{
      "refId":"slaughterfish",
      "location":{
        "posX":-16582.609375,
        "posZ":-644.00146484375,
        "posY":155403.78125,
        "rotX":0.01570831425488,
        "rotY":0,
        "rotZ":2.4083120822906
      },
      "stats":{
        "healthCurrent":23,
        "magickaCurrent":10,
        "healthModified":23,
        "fatigueBase":400,
        "fatigueModified":400,
        "healthBase":23,
        "magickaModified":10,
        "magickaBase":10,
        "fatigueCurrent":399.97073364258
      }
    },
    "297106-0":{
      "refId":"flora_rm_scathecraw_01",
      "inventory":[{
          "refId":"ingred_scathecraw_01",
          "count":1,
          "charge":-1,
          "enchantmentCharge":-1,
          "soul":""
        }]
    },
    "0-1389":{
      "refId":"rat_diseased",
      "location":{
        "posX":-17263.3828125,
        "posZ":357.04888916016,
        "posY":150940.5625,
        "rotX":0.094060771167278,
        "rotY":0,
        "rotZ":-2.2111527919769
      },
      "stats":{
        "healthCurrent":23,
        "magickaCurrent":10,
        "healthModified":23,
        "fatigueBase":105,
        "fatigueModified":105,
        "healthBase":23,
        "magickaModified":10,
        "magickaBase":10,
        "fatigueCurrent":105
      }
    },
    "0-3547":{
      "refId":"netch_betty",
      "location":{
        "posX":-20172.041015625,
        "posZ":1173.2846679688,
        "posY":147464.046875,
        "rotX":0,
        "rotY":0,
        "rotZ":0.24796867370605
      },
      "stats":{
        "healthCurrent":113,
        "magickaCurrent":75,
        "healthModified":113,
        "fatigueBase":500,
        "fatigueModified":500,
        "healthBase":113,
        "magickaModified":75,
        "magickaBase":75,
        "fatigueCurrent":500
      }
    },
    "297101-0":{
      "refId":"flora_rm_scathecraw_02",
      "inventory":[{
          "refId":"ingred_scathecraw_01",
          "count":1,
          "charge":-1,
          "enchantmentCharge":-1,
          "soul":""
        }]
    },
    "297119-0":{
      "refId":"flora_rm_scathecraw_01",
      "inventory":[{
          "refId":"ingred_scathecraw_01",
          "count":1,
          "charge":-1,
          "enchantmentCharge":-1,
          "soul":""
        }]
    },
    "297154-0":{
      "refId":"flora_rm_scathecraw_02",
      "inventory":[{
          "refId":"ingred_scathecraw_01",
          "count":1,
          "charge":-1,
          "enchantmentCharge":-1,
          "soul":""
        }]
    },
    "0-3548":{
      "refId":"kwama forager",
      "location":{
        "posX":-22451.150390625,
        "posZ":717.78973388672,
        "posY":154280.203125,
        "rotX":-0.18244662880898,
        "rotY":0,
        "rotZ":2.8112070560455
      },
      "stats":{
        "healthCurrent":0,
        "magickaCurrent":15,
        "healthModified":23,
        "fatigueBase":300,
        "fatigueModified":300,
        "healthBase":23,
        "magickaModified":15,
        "magickaBase":15,
        "fatigueCurrent":277.14028930664
      },
      "inventory":[],
      "killer":{
        "player":"Fendryn"
      }
    },
    "297107-0":{
      "refId":"flora_rm_scathecraw_02",
      "inventory":[{
          "refId":"ingred_scathecraw_01",
          "count":1,
          "charge":-1,
          "enchantmentCharge":-1,
          "soul":""
        }]
    },
    "297142-0":{
      "refId":"flora_rm_scathecraw_01",
      "inventory":[{
          "refId":"ingred_scathecraw_01",
          "count":1,
          "charge":-1,
          "enchantmentCharge":-1,
          "soul":""
        }]
    },
    "297100-0":{
      "refId":"flora_rm_scathecraw_01",
      "inventory":[{
          "refId":"ingred_scathecraw_01",
          "count":1,
          "charge":-1,
          "enchantmentCharge":-1,
          "soul":""
        }]
    },
    "0-1351":{
      "refId":"rat_diseased",
      "location":{
        "posX":-17358.81640625,
        "posZ":356.11666870117,
        "posY":150951.6875,
        "rotX":-0.002156781964004,
        "rotY":0,
        "rotZ":-2.0626056194305
      },
      "stats":{
        "healthCurrent":23,
        "magickaCurrent":10,
        "healthModified":23,
        "fatigueBase":105,
        "fatigueModified":105,
        "healthBase":23,
        "magickaModified":10,
        "magickaBase":10,
        "fatigueCurrent":105
      }
    }
  }
}