{
  "packets":{
    "actorList":["0-1874","0-1875","0-1876","0-1872"],
    "ai":[],
    "cellChangeFrom":[],
    "cellChangeTo":[],
    "container":["426597-0","426598-0","426599-0","426600-0","426601-0","426621-0","426624-0","426637-0","426660-0","426661-0","426662-0","426686-0","426692-0","426693-0"],
    "death":[],
    "delete":[],
    "doorState":[],
    "equipment":[],
    "lock":[],
    "place":[],
    "position":["0-1874","0-1875","0-1876","0-1872"],
    "scale":[],
    "spawn":["0-1874","0-1875","0-1876","0-1872"],
    "state":[],
    "statsDynamic":["0-1874","0-1875","0-1876","0-1872"],
    "trap":[]
  },
  "entry":{
    "creationTime":1554617550,
    "description":"-3, 22"
  },
  "lastVisit":{
    "Den":1554617638
  },
  "recordLinks":[],
  "objectData":{
    "426621-0":{
      "refId":"kollop_02_pearl",
      "inventory":[{
          "refId":"ingred_pearl_01",
          "count":1,
          "charge":-1,
          "enchantmentCharge":-1,
          "soul":""
        }]
    },
    "0-1874":{
      "refId":"slaughterfish",
      "location":{
        "posX":-23574.84765625,
        "posZ":-210.28135681152,
        "posY":182778.8125,
        "rotX":0,
        "rotY":0,
        "rotZ":-1.8513329029083
      },
      "stats":{
        "healthCurrent":23,
        "magickaCurrent":10,
        "healthModified":23,
        "fatigueBase":400,
        "fatigueModified":400,
        "healthBase":23,
        "magickaModified":10,
        "magickaBase":10,
        "fatigueCurrent":399.94781494141
      }
    },
    "426661-0":{
      "refId":"kollop_02_pearl",
      "inventory":[{
          "refId":"ingred_pearl_01",
          "count":1,
          "charge":-1,
          "enchantmentCharge":-1,
          "soul":""
        }]
    },
    "426637-0":{
      "refId":"kollop_03_pearl",
      "inventory":[]
    },
    "426693-0":{
      "refId":"kollop_02_pearl",
      "inventory":[]
    },
    "0-1875":{
      "refId":"slaughterfish_small",
      "location":{
        "posX":-20287.26953125,
        "posZ":-210.427734375,
        "posY":183652.0625,
        "rotX":0.009125011973083,
        "rotY":0,
        "rotZ":-0.67652058601379
      },
      "stats":{
        "healthCurrent":15,
        "magickaCurrent":10,
        "healthModified":15,
        "fatigueBase":300,
        "fatigueModified":300,
        "healthBase":15,
        "magickaModified":10,
        "magickaBase":10,
        "fatigueCurrent":299.94781494141
      }
    },
    "426686-0":{
      "refId":"kollop_03_pearl",
      "inventory":[{
          "refId":"ingred_pearl_01",
          "count":1,
          "charge":-1,
          "enchantmentCharge":-1,
          "soul":""
        }]
    },
    "426692-0":{
      "refId":"kollop_01_pearl",
      "inventory":[]
    },
    "0-1876":{
      "refId":"mudcrab",
      "location":{
        "posX":-20612.529296875,
        "posZ":80.743118286133,
        "posY":180281.0625,
        "rotX":-0.075892098248005,
        "rotY":0,
        "rotZ":1.8917601108551
      },
      "stats":{
        "healthCurrent":15,
        "magickaCurrent":5,
        "healthModified":15,
        "fatigueBase":400,
        "fatigueModified":400,
        "healthBase":15,
        "magickaModified":5,
        "magickaBase":5,
        "fatigueCurrent":400
      }
    },
    "426597-0":{
      "refId":"kollop_01_pearl",
      "inventory":[{
          "refId":"ingred_pearl_01",
          "count":1,
          "charge":-1,
          "enchantmentCharge":-1,
          "soul":""
        }]
    },
    "426660-0":{
      "refId":"kollop_01_pearl",
      "inventory":[{
          "refId":"ingred_pearl_01",
          "count":1,
          "charge":-1,
          "enchantmentCharge":-1,
          "soul":""
        }]
    },
    "426624-0":{
      "refId":"kollop_01_pearl",
      "inventory":[{
          "refId":"ingred_pearl_01",
          "count":1,
          "charge":-1,
          "enchantmentCharge":-1,
          "soul":""
        }]
    },
    "0-1872":{
      "refId":"netch_bull",
      "location":{
        "posX":-24568.912109375,
        "posZ":383.82592773438,
        "posY":180638,
        "rotX":0.25800952315331,
        "rotY":0,
        "rotZ":2.2617199420929
      },
      "stats":{
        "healthCurrent":45,
        "magickaCurrent":100,
        "healthModified":45,
        "fatigueBase":400,
        "fatigueModified":400,
        "healthBase":45,
        "magickaModified":100,
        "magickaBase":100,
        "fatigueCurrent":400
      }
    },
    "426601-0":{
      "refId":"kollop_02_pearl",
      "inventory":[]
    },
    "426600-0":{
      "refId":"kollop_02_pearl",
      "inventory":[{
          "refId":"ingred_pearl_01",
          "count":1,
          "charge":-1,
          "enchantmentCharge":-1,
          "soul":""
        }]
    },
    "426598-0":{
      "refId":"kollop_03_pearl",
      "inventory":[{
          "refId":"ingred_pearl_01",
          "count":1,
          "charge":-1,
          "enchantmentCharge":-1,
          "soul":""
        }]
    },
    "426662-0":{
      "refId":"kollop_03_pearl",
      "inventory":[{
          "refId":"ingred_pearl_01",
          "count":1,
          "charge":-1,
          "enchantmentCharge":-1,
          "soul":""
        }]
    },
    "426599-0":{
      "refId":"kollop_03_pearl",
      "inventory":[]
    }
  }
}