{
  "packets":{
    "actorList":["0-1345","371050-0","371051-0","0-1381","0-1344","0-1356","0-1354"],
    "ai":[],
    "cellChangeFrom":[],
    "cellChangeTo":["371053-0"],
    "container":["427389-0","427390-0","427391-0","427392-0","427393-0","427394-0","427410-0","427411-0","427412-0","427453-0","427454-0","427455-0","427456-0","427457-0","427458-0","427471-0","427472-0","427473-0","427513-0","427514-0","427515-0","371050-0","371051-0","0-1381","0-1345","0-1356","0-1344"],
    "death":["0-1381","0-1345","0-1356","0-1344","371051-0"],
    "delete":[],
    "doorState":[],
    "equipment":[],
    "lock":[],
    "place":[],
    "position":["371050-0","371051-0","0-1345","0-1344","0-1356","0-1381","0-1354"],
    "scale":[],
    "spawn":["0-1345","0-1381","0-1344","0-1356","0-1354"],
    "state":[],
    "statsDynamic":["371050-0","371051-0","0-1345","0-1344","0-1356","0-1381","0-1354"],
    "trap":[]
  },
  "entry":{
    "creationTime":1554530104,
    "description":"-4, 19"
  },
  "lastVisit":{
    "the luch":1554872509,
    "Den":1556253459,
    "Fendryn":1556253461
  },
  "recordLinks":[],
  "objectData":{
    "427453-0":{
      "refId":"kollop_01_pearl",
      "inventory":[{
          "refId":"ingred_pearl_01",
          "count":1,
          "charge":-1,
          "enchantmentCharge":-1,
          "soul":""
        }]
    },
    "0-1344":{
      "refId":"slaughterfish_small",
      "location":{
        "posX":-28224.6484375,
        "posZ":-173.44247436523,
        "posY":157431.9375,
        "rotX":0.25980517268181,
        "rotY":0,
        "rotZ":-3.1056454181671
      },
      "stats":{
        "healthCurrent":0,
        "magickaCurrent":10,
        "healthModified":15,
        "fatigueBase":300,
        "fatigueModified":300,
        "healthBase":15,
        "magickaModified":10,
        "magickaBase":10,
        "fatigueCurrent":274.71563720703
      },
      "inventory":[],
      "killer":{
        "player":"Fendryn"
      }
    },
    "427457-0":{
      "refId":"kollop_02_pearl",
      "inventory":[]
    },
    "427455-0":{
      "refId":"kollop_01_pearl",
      "inventory":[]
    },
    "427454-0":{
      "refId":"kollop_03_pearl",
      "inventory":[{
          "refId":"ingred_pearl_01",
          "count":1,
          "charge":-1,
          "enchantmentCharge":-1,
          "soul":""
        }]
    },
    "0-1345":{
      "refId":"dreugh",
      "location":{
        "posX":-28192.60546875,
        "posZ":-265.7214050293,
        "posY":157579,
        "rotX":0.036562163382769,
        "rotY":0,
        "rotZ":-2.6795732975006
      },
      "stats":{
        "healthCurrent":0,
        "magickaCurrent":75,
        "healthModified":60,
        "fatigueBase":400,
        "fatigueModified":400,
        "healthBase":60,
        "magickaModified":75,
        "magickaBase":75,
        "fatigueCurrent":394.06838989258
      },
      "inventory":[],
      "killer":{
        "player":"Fendryn"
      }
    },
    "427389-0":{
      "refId":"kollop_01_pearl",
      "inventory":[]
    },
    "0-1356":{
      "refId":"slaughterfish",
      "location":{
        "posX":-28118.30078125,
        "posZ":-277.18887329102,
        "posY":157462.34375,
        "rotX":-0.089570552110672,
        "rotY":0,
        "rotZ":-1.4344727993011
      },
      "stats":{
        "healthCurrent":0,
        "magickaCurrent":10,
        "healthModified":23,
        "fatigueBase":400,
        "fatigueModified":400,
        "healthBase":23,
        "magickaModified":10,
        "magickaBase":10,
        "fatigueCurrent":380.97525024414
      },
      "inventory":[],
      "killer":{
        "player":"Fendryn"
      }
    },
    "427513-0":{
      "refId":"kollop_01_pearl",
      "inventory":[]
    },
    "427472-0":{
      "refId":"kollop_02_pearl",
      "inventory":[{
          "refId":"ingred_pearl_01",
          "count":1,
          "charge":-1,
          "enchantmentCharge":-1,
          "soul":""
        }]
    },
    "0-1354":{
      "refId":"slaughterfish",
      "location":{
        "posX":-24747.263671875,
        "posZ":-719.54071044922,
        "posY":162001.40625,
        "rotX":0,
        "rotY":0,
        "rotZ":-0.21687364578247
      },
      "stats":{
        "healthCurrent":23,
        "magickaCurrent":10,
        "healthModified":23,
        "fatigueBase":400,
        "fatigueModified":400,
        "healthBase":23,
        "magickaModified":10,
        "magickaBase":10,
        "fatigueCurrent":399.96368408203
      }
    },
    "427514-0":{
      "refId":"kollop_02_pearl",
      "inventory":[]
    },
    "427390-0":{
      "refId":"kollop_02_pearl",
      "inventory":[]
    },
    "427412-0":{
      "refId":"kollop_03_pearl",
      "inventory":[]
    },
    "427394-0":{
      "refId":"kollop_03_pearl",
      "inventory":[{
          "refId":"ingred_pearl_01",
          "count":1,
          "charge":-1,
          "enchantmentCharge":-1,
          "soul":""
        }]
    },
    "427456-0":{
      "refId":"kollop_03_pearl",
      "inventory":[]
    },
    "0-1381":{
      "refId":"rat_blighted",
      "location":{
        "posX":-28522.869140625,
        "posZ":212.1750793457,
        "posY":156428.890625,
        "rotX":-0.18188734352589,
        "rotY":0,
        "rotZ":1.0613377094269
      },
      "stats":{
        "healthCurrent":0,
        "magickaCurrent":10,
        "healthModified":45,
        "fatigueBase":125,
        "fatigueModified":125,
        "healthBase":45,
        "magickaModified":10,
        "magickaBase":10,
        "fatigueCurrent":125
      },
      "inventory":[],
      "killer":{
        "player":"Fendryn"
      }
    },
    "371053-0":{
      "cellChangeTo":"-4, 20"
    },
    "427411-0":{
      "refId":"kollop_02_pearl",
      "inventory":[]
    },
    "427391-0":{
      "refId":"kollop_03_pearl",
      "inventory":[{
          "refId":"ingred_pearl_01",
          "count":1,
          "charge":-1,
          "enchantmentCharge":-1,
          "soul":""
        }]
    },
    "427393-0":{
      "refId":"kollop_02_pearl",
      "inventory":[]
    },
    "371050-0":{
      "refId":"slaughterfish",
      "location":{
        "posX":-31801.0703125,
        "posZ":-538.2568359375,
        "posY":157045.53125,
        "rotX":0.061800647526979,
        "rotY":0,
        "rotZ":0.24730062484741
      },
      "stats":{
        "healthCurrent":23,
        "magickaCurrent":10,
        "healthModified":23,
        "fatigueBase":400,
        "fatigueModified":400,
        "healthBase":23,
        "magickaModified":10,
        "magickaBase":10,
        "fatigueCurrent":399.96368408203
      },
      "inventory":[{
          "refId":"ingred_scales_01",
          "count":2,
          "charge":-1,
          "enchantmentCharge":-1,
          "soul":""
        }]
    },
    "427515-0":{
      "refId":"kollop_03_pearl",
      "inventory":[]
    },
    "427410-0":{
      "refId":"kollop_01_pearl",
      "inventory":[{
          "refId":"ingred_pearl_01",
          "count":1,
          "charge":-1,
          "enchantmentCharge":-1,
          "soul":""
        }]
    },
    "371052-0":{
      "location":{
        "posX":-32767.7421875,
        "posZ":-469.00567626953,
        "posY":163298.625,
        "rotX":-2.3853033781052e-05,
        "rotY":0,
        "rotZ":3.0319426059723
      }
    },
    "427392-0":{
      "refId":"kollop_01_pearl",
      "inventory":[{
          "refId":"ingred_pearl_01",
          "count":1,
          "charge":-1,
          "enchantmentCharge":-1,
          "soul":""
        }]
    },
    "371051-0":{
      "refId":"slaughterfish",
      "location":{
        "posX":-29052.8359375,
        "posZ":-429.51165771484,
        "posY":157759.953125,
        "rotX":0,
        "rotY":0,
        "rotZ":0
      },
      "stats":{
        "healthCurrent":0,
        "magickaCurrent":10,
        "healthModified":23,
        "fatigueBase":400,
        "fatigueModified":400,
        "healthBase":23,
        "magickaModified":10,