{
  "packets":{
    "actorList":["0-497","0-58","0-503","428721-0"],
    "ai":[],
    "cellChangeFrom":["428721-0"],
    "cellChangeTo":[],
    "container":["251933-0","251934-0","251935-0","251936-0","251937-0","252002-0","252003-0","252017-0","252018-0","252019-0","252020-0","252021-0","252030-0","252031-0","252032-0","252039-0","252040-0","252041-0","252047-0","252048-0","252049-0","252050-0","252051-0","252052-0","252053-0","252054-0","252075-0","252076-0","0-497","0-58","0-503","428721-0"],
    "death":["0-497","0-58"],
    "delete":[],
    "doorState":[],
    "equipment":["0-497","428721-0"],
    "lock":[],
    "place":[],
    "position":["0-58","0-497","0-503","428721-0"],
    "scale":[],
    "spawn":["0-497","0-58","0-503"],
    "state":[],
    "statsDynamic":["0-58","0-497","0-503","428721-0"],
    "trap":[]
  },
  "entry":{
    "creationTime":1554172073,
    "description":"-4, -1"
  },
  "lastVisit":{
    "the luch":1554871252,
    "The Luch":1554180290,
    "DizzyDasher":1555129626,
    "Den":1556254630,
    "Fendryn":1556254607
  },
  "recordLinks":[],
  "objectData":{
    "251935-0":{
      "refId":"flora_bc_podplant_01",
      "inventory":[]
    },
    "252031-0":{
      "refId":"flora_bc_shelffungus_03",
      "inventory":[{
          "refId":"ingred_bc_hypha_facia",
          "count":1,
          "charge":-1,
          "enchantmentCharge":-1,
          "soul":""
        }]
    },
    "0-503":{
      "refId":"cliff racer_diseased",
      "location":{
        "posX":-30785.228515625,
        "posZ":3024.6977539063,
        "posY":-177.40307617188,
        "rotX":-0.35808432102203,
        "rotY":0,
        "rotZ":-0.37262558937073
      },
      "stats":{
        "healthCurrent":45,
        "magickaCurrent":20,
        "healthModified":45,
        "fatigueBase":170,
        "fatigueModified":170,
        "healthBase":45,
        "magickaModified":20,
        "magickaBase":20,
        "fatigueCurrent":170
      },
      "inventory":[{
          "refId":"ingred_racer_plumes_01",
          "count":1,
          "charge":-1,
          "enchantmentCharge":-1,
          "soul":""
        }]
    },
    "252002-0":{
      "refId":"flora_bc_mushroom_05",
      "inventory":[{
          "refId":"ingred_russula_01",
          "count":1,
          "charge":-1,
          "enchantmentCharge":-1,
          "soul":""
        }]
    },
    "252030-0":{
      "refId":"flora_hackle-lo_01",
      "inventory":[]
    },
    "252021-0":{
      "refId":"flora_bc_shelffungus_02",
      "inventory":[{
          "refId":"ingred_bc_bungler's_bane",
          "count":1,
          "charge":-1,
          "enchantmentCharge":-1,
          "soul":""
        }]
    },
    "251936-0":{
      "refId":"flora_bc_mushroom_08",
      "inventory":[]
    },
    "252018-0":{
      "refId":"flora_bc_shelffungus_03",
      "inventory":[{
          "refId":"ingred_bc_hypha_facia",
          "count":1,
          "charge":-1,
          "enchantmentCharge":-1,
          "soul":""
        }]
    },
    "252048-0":{
      "refId":"flora_bc_shelffungus_01",
      "inventory":[{
          "refId":"ingred_bc_bungler's_bane",
          "count":1,
          "charge":-1,
          "enchantmentCharge":-1,
          "soul":""
        }]
    },
    "251934-0":{
      "refId":"flora_bc_podplant_01",
      "inventory":[]
    },
    "252019-0":{
      "refId":"flora_bc_shelffungus_04",
      "inventory":[{
          "refId":"ingred_bc_hypha_facia",
          "count":1,
          "charge":-1,
          "enchantmentCharge":-1,
          "soul":""
        }]
    },
    "252075-0":{
      "refId":"flora_bc_mushroom_05",
      "inventory":[{
          "refId":"ingred_russula_01",
          "count":1,
          "charge":-1,
          "enchantmentCharge":-1,
          "soul":""
        }]
    },
    "428721-0":{
      "refId":"hlaalu guard_outside",
      "location":{
        "posX":-31370.43359375,
        "posZ":114.50342559814,
        "posY":-5165.3076171875,
        "rotX":-0.094115346670151,
        "rotY":0.29126644134521,
        "rotZ":0.32820844650269
      },
      "stats":{
        "healthCurrent":210,
        "magickaCurrent":122,
        "healthModified":210,
        "fatigueBase":307,
        "fatigueModified":307,
        "healthBase":210,
        "magickaModified":122,
        "magickaBase":122,
        "fatigueCurrent":307
      },
      "cellChangeFrom":"-4, -2",
      "equipment":{
        "0":{
          "refId":"bonemold_armun-an_helm",
          "count":1,
          "charge":-1,
          "enchantmentCharge":-1
        },
        "1":{
          "refId":"bonemold_armun-an_cuirass",
          "count":1,
          "charge":-1,
          "enchantmentCharge":-1
        },
        "2":{
          "refId":"bonemold_greaves",
          "count":1,
          "charge":-1,
          "enchantmentCharge":-1
        },
        "3":{
          "refId":"bonemold_armun-an_pauldron_l",
          "count":1,
          "charge":-1,
          "enchantmentCharge":-1
        },
        "4":{
          "refId":"bonemold_armun-an_pauldron_r",
          "count":1,
          "charge":-1,
          "enchantmentCharge":-1
        },
        "5":{
          "refId":"bonemold_bracer_left",
          "count":1,
          "charge":-1,
          "enchantmentCharge":-1
        },
        "6":{
          "refId":"bonemold_bracer_right",
          "count":1,
          "charge":-1,
          "enchantmentCharge":-1
        },
        "7":{
          "refId":"bonemold_boots",
          "count":1,
          "charge":-1,
          "enchantmentCharge":-1
        },
        "9":{
          "refId":"expensive_pants_01_e",
          "count":1,
          "charge":-1,
          "enchantmentCharge":-1
        },
        "16":{
          "refId":"steel longsword",
          "count":1,
          "charge":-1,
          "enchantmentCharge":-1
        },
        "17":{
          "refId":"torch_infinite_time",
          "count":1,
          "charge":-1,
          "enchantmentCharge":-1
        }
      },
      "inventory":[{
          "refId":"bonemold_bracer_right",
          "count":1,
          "charge":-1,
          "enchantmentCharge":-1,
          "soul":""
        },{
          "refId":"bonemold_bracer_left",
          "count":1,
          "charge":-1,
          "enchantmentCharge":-1,
          "soul":""
        },{
          "refId":"bonemold_tshield_hlaaluguard",
          "count":1,
          "charge":-1,
          "enchantmentCharge":-1,
          "soul":""
        },{
          "refId":"bonemold_boots",
          "count":1,
          "charge":-1,
          "enchantmentCharge":-1,
          "soul":""
        },{
          "refId":"bonemold_greaves",
          "count":1,
          "charge":-1,
          "enchantmentCharge":-1,
          "soul":""
        },{
          "refId":"bonemold_armun-an_pauldron_r",
          "count":1,
          "charge":-1,
          "enchantmentCharge":-1,
          "soul":""
        },{
          "refId":"bonemold_armun-an_pauldron_l",
          "count":1,
          "charge":-1,
          "enchantmentCharge":-1,
          "soul":""
        },{
          "refId":"bonemold_armun-an_cuirass",
          "count":1,
          "charge":-1,
          "enchantmentCharge":-1,
          "soul":""
        },{
          "refId":"bonemold_armun-an_helm",
          "count":1,
          "charge":-1,
          "enchantmentCharge":-1,
          "soul":""
        },{
          "refId":"expensive_pants_01_e",
          "count":1,
          "charge":-1,
          "enchantmentCharge":-1,
          "soul":""
        },{
          "refId":"torch_infinite_time",
          "count":1,
          "charge":-1,
          "enchantmentCharge":-1,
          "soul":""
        },{
          "refId":"steel longsword",
          "count":1,
          "charge":-1,
          "enchantmentCharge":-1,
          "soul":""
        }]
    },
    "252076-0":{
      "refId":"flora_bc_mushroom_01",