{
  "packets":{
    "actorList":["0-20","0-21","0-22","0-23","0-24","0-25","0-487","0-496"],
    "ai":[],
    "cellChangeFrom":[],
    "cellChangeTo":[],
    "container":["252644-0","252645-0","252646-0","252664-0","252665-0","252666-0","252667-0","252668-0","252849-0","252850-0","252851-0","252852-0","252853-0","252854-0","252855-0","252856-0","252866-0","252867-0","252868-0","252888-0","252927-0","252938-0","252939-0","252945-0","252969-0","252973-0","253004-0","253005-0","253006-0","253009-0","253010-0","253012-0","0-487","0-24","0-22","0-23"],
    "death":["0-487","0-24","0-22","0-23"],
    "delete":[],
    "doorState":[],
    "equipment":[],
    "lock":[],
    "place":[],
    "position":["0-20","0-21","0-22","0-23","0-24","0-25","0-487","0-496"],
    "scale":[],
    "spawn":["0-20","0-21","0-22","0-23","0-24","0-25","0-487","0-496"],
    "state":[],
    "statsDynamic":["0-20","0-21","0-22","0-23","0-24","0-25","0-487","0-496"],
    "trap":[]
  },
  "entry":{
    "creationTime":1554172399,
    "description":"-5, -2"
  },
  "lastVisit":{
    "Fendryn":1556254607,
    "The Luch":1554177028,
    "Den":1556252855,
    "DizzyDasher":1555126410
  },
  "recordLinks":[],
  "objectData":{
    "0-21":{
      "refId":"rat",
      "location":{
        "posX":-39039.2421875,
        "posZ":-28.197021484375,
        "posY":-10595.924804688,
        "rotX":-0.079259790480137,
        "rotY":0,
        "rotZ":-2.3495037555695
      },
      "stats":{
        "healthCurrent":23,
        "magickaCurrent":10,
        "healthModified":23,
        "fatigueBase":300,
        "fatigueModified":300,
        "healthBase":23,
        "magickaModified":10,
        "magickaBase":10,
        "fatigueCurrent":300
      }
    },
    "0-496":{
      "refId":"scrib",
      "location":{
        "posX":-36570.265625,
        "posZ":14.481349945068,
        "posY":-11521.564453125,
        "rotX":0.0029088510200381,
        "rotY":0,
        "rotZ":2.8260099887848
      },
      "stats":{
        "healthCurrent":8,
        "magickaCurrent":12,
        "healthModified":8,
        "fatigueBase":300,
        "fatigueModified":300,
        "healthBase":8,
        "magickaModified":12,
        "magickaBase":12,
        "fatigueCurrent":300
      }
    },
    "252855-0":{
      "refId":"flora_bc_mushroom_06",
      "inventory":[{
          "refId":"ingred_coprinus_01",
          "count":1,
          "charge":-1,
          "enchantmentCharge":-1,
          "soul":""
        }]
    },
    "253012-0":{
      "refId":"flora_bc_mushroom_01",
      "inventory":[{
          "refId":"ingred_russula_01",
          "count":1,
          "charge":-1,
          "enchantmentCharge":-1,
          "soul":""
        }]
    },
    "252856-0":{
      "refId":"flora_bc_mushroom_06",
      "inventory":[{
          "refId":"ingred_coprinus_01",
          "count":1,
          "charge":-1,
          "enchantmentCharge":-1,
          "soul":""
        }]
    },
    "252850-0":{
      "refId":"flora_bc_podplant_01",
      "inventory":[{
          "refId":"ingred_bc_ampoule_pod",
          "count":1,
          "charge":-1,
          "enchantmentCharge":-1,
          "soul":""
        }]
    },
    "252665-0":{
      "refId":"flora_bc_podplant_01",
      "inventory":[{
          "refId":"ingred_bc_ampoule_pod",
          "count":1,
          "charge":-1,
          "enchantmentCharge":-1,
          "soul":""
        }]
    },
    "252888-0":{
      "refId":"flora_bc_mushroom_05",
      "inventory":[{
          "refId":"ingred_russula_01",
          "count":1,
          "charge":-1,
          "enchantmentCharge":-1,
          "soul":""
        }]
    },
    "252868-0":{
      "refId":"flora_bc_mushroom_07",
      "inventory":[]
    },
    "252852-0":{
      "refId":"flora_bc_mushroom_07",
      "inventory":[{
          "refId":"ingred_coprinus_01",
          "count":1,
          "charge":-1,
          "enchantmentCharge":-1,
          "soul":""
        }]
    },
    "252945-0":{
      "refId":"flora_bc_fern_01",
      "inventory":[{
          "refId":"ingred_bc_spore_pod",
          "count":3,
          "charge":-1,
          "enchantmentCharge":-1,
          "soul":""
        }]
    },
    "252927-0":{
      "refId":"flora_bc_fern_01",
      "inventory":[{
          "refId":"ingred_bc_spore_pod",
          "count":3,
          "charge":-1,
          "enchantmentCharge":-1,
          "soul":""
        }]
    },
    "252938-0":{
      "refId":"flora_bc_shelffungus_02",
      "inventory":[{
          "refId":"ingred_bc_bungler's_bane",
          "count":1,
          "charge":-1,
          "enchantmentCharge":-1,
          "soul":""
        }]
    },
    "252668-0":{
      "refId":"flora_bc_mushroom_06",
      "inventory":[{
          "refId":"ingred_coprinus_01",
          "count":1,
          "charge":-1,
          "enchantmentCharge":-1,
          "soul":""
        }]
    },
    "253005-0":{
      "refId":"flora_bc_shelffungus_02",
      "inventory":[{
          "refId":"ingred_bc_bungler's_bane",
          "count":1,
          "charge":-1,
          "enchantmentCharge":-1,
          "soul":""
        }]
    },
    "253004-0":{
      "refId":"flora_bc_shelffungus_01",
      "inventory":[{
          "refId":"ingred_bc_bungler's_bane",
          "count":1,
          "charge":-1,
          "enchantmentCharge":-1,
          "soul":""
        }]
    },
    "0-24":{
      "refId":"kagouti_diseased",
      "location":{
        "posX":-33709.32421875,
        "posZ":296.14633178711,
        "posY":-13519.689453125,
        "rotX":-0.0021194145083427,
        "rotY":0,
        "rotZ":2.9769666194916
      },
      "stats":{
        "healthCurrent":0,
        "magickaCurrent":10,
        "healthModified":45,
        "fatigueBase":282,
        "fatigueModified":282,
        "healthBase":45,
        "magickaModified":10,
        "magickaBase":10,
        "fatigueCurrent":282
      },
      "inventory":[],
      "killer":{
        "player":"Fendryn"
      }
    },
    "252849-0":{
      "refId":"flora_bc_podplant_01",
      "inventory":[{
          "refId":"ingred_bc_ampoule_pod",
          "count":1,
          "charge":-1,
          "enchantmentCharge":-1,
          "soul":""
        }]
    },
    "252667-0":{
      "refId":"flora_bc_mushroom_08",
      "inventory":[{
          "refId":"ingred_coprinus_01",
          "count":1,
          "charge":-1,
          "enchantmentCharge":-1,
          "soul":""
        }]
    },
    "0-487":{
      "refId":"scrib diseased",
      "location":{
        "posX":-33276.8515625,
        "posZ":583.876953125,
        "posY":-15111.857421875,
        "rotX":-0.53330767154694,
        "rotY":0,
        "rotZ":0.94824910163879
      },
      "stats":{
        "healthCurrent":0,
        "magickaCurrent":0,
        "healthModified":8,
        "fatigueBase":90,
        "fatigueModified":90,
        "healthBase":8,
        "magickaModified":12,
        "magickaBase":12,
        "fatigueCurrent":90
      },
      "inventory":[{
          "refId":"ingred_scrib_jelly_01",
          "count":2,
          "charge":-1,
          "enchantmentCharge":-1,
          "soul":""
        }],
      "killer":{
        "player":"Fendryn"
      }
    },
    "253006-0":{
      "refId":"flora_bc_shelffungus_02",
      "inventory":[{
          "refId":"ingred_bc_bungler's_bane",
          "count":1,
          "charge":-1,
          "enchantmentCharge":-1,
          "soul":""
        }]
    },
    "253009-0":{
      "refId":"flora_bc_mushroom_03",
      "inventory":[{
          "refId":"ingred_russula_01",
          "count":1,
          "charge":-1,
          "enchantmentCharge":-1,
          "soul":""
        }]
    },
    "252646-0":{
      "refId":"flora_bc_podplant_01",
      "inventory":[{
          "refId":"ingred_bc_ampoule_pod",
          "count":1,
          "charge":-1,
          "enchantmentCharge":-1,
          "soul":""
        }]
    },
    "252664-0":{
      "refId":"flora_bc_podplant_01",