{
  "packets":{
    "actorList":["0-489","0-490","0-1680","0-1681","0-488"],
    "ai":[],
    "cellChangeFrom":[],
    "cellChangeTo":[],
    "container":["254417-0","254418-0","254419-0","254420-0","254421-0","254422-0","254423-0","254424-0","254468-0","254473-0","254474-0","254475-0","254476-0","254477-0","254478-0","254480-0","254481-0","254594-0","254596-0","254597-0","254598-0","254617-0","254628-0","254629-0","0-1680","0-1681"],
    "death":["0-1680","0-1681"],
    "delete":[],
    "doorState":[],
    "equipment":[],
    "lock":[],
    "place":["0-1679"],
    "position":["0-489","0-490","0-1680","0-1681","0-488"],
    "scale":[],
    "spawn":["0-489","0-490","0-1680","0-1681","0-488"],
    "state":[],
    "statsDynamic":["0-489","0-490","0-1680","0-1681","0-488"],
    "trap":[]
  },
  "entry":{
    "creationTime":1554267599,
    "description":"-6, -3"
  },
  "lastVisit":{
    "Den":1554694830,
    "Fendryn":1556252107
  },
  "recordLinks":[],
  "objectData":{
    "254423-0":{
      "refId":"flora_bc_mushroom_06",
      "inventory":[]
    },
    "0-1680":{
      "refId":"rat",
      "location":{
        "posX":-48208.49609375,
        "posZ":457.40371704102,
        "posY":-21603.693359375,
        "rotX":-0.31032422184944,
        "rotY":0,
        "rotZ":-2.2504894733429
      },
      "stats":{
        "healthCurrent":23,
        "magickaCurrent":10,
        "healthModified":23,
        "fatigueBase":300,
        "fatigueModified":300,
        "healthBase":23,
        "magickaModified":10,
        "magickaBase":10,
        "fatigueCurrent":300
      },
      "inventory":[],
      "killer":{
        "player":"Fendryn"
      }
    },
    "254596-0":{
      "refId":"flora_bc_shelffungus_04",
      "inventory":[{
          "refId":"ingred_bc_hypha_facia",
          "count":1,
          "charge":-1,
          "enchantmentCharge":-1,
          "soul":""
        }]
    },
    "254617-0":{
      "refId":"flora_bc_fern_01",
      "inventory":[{
          "refId":"ingred_bc_spore_pod",
          "count":3,
          "charge":-1,
          "enchantmentCharge":-1,
          "soul":""
        }]
    },
    "0-1679":{
      "refId":"expensive_shoes_02",
      "location":{
        "posX":-48994.37109375,
        "posZ":338.89462280273,
        "posY":-17871.1953125,
        "rotX":0,
        "rotY":0,
        "rotZ":2.3747432231903
      }
    },
    "254420-0":{
      "refId":"flora_bc_mushroom_07",
      "inventory":[{
          "refId":"ingred_coprinus_01",
          "count":1,
          "charge":-1,
          "enchantmentCharge":-1,
          "soul":""
        }]
    },
    "254629-0":{
      "refId":"flora_bc_shelffungus_04",
      "inventory":[{
          "refId":"ingred_bc_hypha_facia",
          "count":1,
          "charge":-1,
          "enchantmentCharge":-1,
          "soul":""
        }]
    },
    "0-488":{
      "refId":"netch_bull",
      "location":{
        "posX":-45390.7578125,
        "posZ":652.00012207031,
        "posY":-16571.166015625,
        "rotX":0,
        "rotY":0,
        "rotZ":0.25745630264282
      },
      "stats":{
        "healthCurrent":45,
        "magickaCurrent":100,
        "healthModified":45,
        "fatigueBase":400,
        "fatigueModified":400,
        "healthBase":45,
        "magickaModified":100,
        "magickaBase":100,
        "fatigueCurrent":400
      }
    },
    "254417-0":{
      "refId":"flora_bc_podplant_01",
      "inventory":[{
          "refId":"ingred_bc_ampoule_pod",
          "count":1,
          "charge":-1,
          "enchantmentCharge":-1,
          "soul":""
        }]
    },
    "254424-0":{
      "refId":"flora_bc_mushroom_06",
      "inventory":[{
          "refId":"ingred_coprinus_01",
          "count":1,
          "charge":-1,
          "enchantmentCharge":-1,
          "soul":""
        }]
    },
    "254597-0":{
      "refId":"flora_bc_shelffungus_04",
      "inventory":[{
          "refId":"ingred_bc_hypha_facia",
          "count":1,
          "charge":-1,
          "enchantmentCharge":-1,
          "soul":""
        }]
    },
    "254473-0":{
      "refId":"flora_bc_podplant_01",
      "inventory":[{
          "refId":"ingred_bc_ampoule_pod",
          "count":1,
          "charge":-1,
          "enchantmentCharge":-1,
          "soul":""
        }]
    },
    "254421-0":{
      "refId":"flora_bc_mushroom_07",
      "inventory":[{
          "refId":"ingred_coprinus_01",
          "count":1,
          "charge":-1,
          "enchantmentCharge":-1,
          "soul":""
        }]
    },
    "254477-0":{
      "refId":"flora_bc_mushroom_06",
      "inventory":[{
          "refId":"ingred_coprinus_01",
          "count":1,
          "charge":-1,
          "enchantmentCharge":-1,
          "soul":""
        }]
    },
    "254480-0":{
      "refId":"flora_bc_mushroom_07",
      "inventory":[{
          "refId":"ingred_coprinus_01",
          "count":1,
          "charge":-1,
          "enchantmentCharge":-1,
          "soul":""
        }]
    },
    "254422-0":{
      "refId":"flora_bc_mushroom_06",
      "inventory":[{
          "refId":"ingred_coprinus_01",
          "count":1,
          "charge":-1,
          "enchantmentCharge":-1,
          "soul":""
        }]
    },
    "0-490":{
      "refId":"kwama forager",
      "location":{
        "posX":-43170.73046875,
        "posZ":216.93176269531,
        "posY":-23127.3984375,
        "rotX":-0.17380751669407,
        "rotY":0,
        "rotZ":1.0669157505035
      },
      "stats":{
        "healthCurrent":23,
        "magickaCurrent":15,
        "healthModified":23,
        "fatigueBase":300,
        "fatigueModified":300,
        "healthBase":23,
        "magickaModified":15,
        "magickaBase":15,
        "fatigueCurrent":300
      }
    },
    "254468-0":{
      "refId":"flora_bc_fern_01",
      "inventory":[{
          "refId":"ingred_bc_spore_pod",
          "count":3,
          "charge":-1,
          "enchantmentCharge":-1,
          "soul":""
        }]
    },
    "0-489":{
      "refId":"scrib diseased",
      "location":{
        "posX":-42641.3984375,
        "posZ":-11.080713272095,
        "posY":-19117.19140625,
        "rotX":-0.40450823307037,
        "rotY":0,
        "rotZ":-1.2730286121368
      },
      "stats":{
        "healthCurrent":8,
        "magickaCurrent":12,
        "healthModified":8,
        "fatigueBase":66,
        "fatigueModified":66,
        "healthBase":8,
        "magickaModified":12,
        "magickaBase":12,
        "fatigueCurrent":66
      }
    },
    "0-1681":{
      "refId":"scrib",
      "location":{
        "posX":-48195.1328125,
        "posZ":448.42559814453,
        "posY":-21784.505859375,
        "rotX":0,
        "rotY":0,
        "rotZ":2.2770869731903
      },
      "stats":{
        "healthCurrent":8,
        "magickaCurrent":12,
        "healthModified":8,
        "fatigueBase":300,
        "fatigueModified":300,
        "healthBase":8,
        "magickaModified":12,
        "magickaBase":12,
        "fatigueCurrent":300
      },
      "inventory":[],
      "killer":{
        "player":"Fendryn"
      }
    },
    "254481-0":{
      "refId":"flora_bc_mushroom_06",
      "inventory":[]
    },
    "254598-0":{
      "refId":"flora_bc_shelffungus_02",
      "inventory":[{
          "refId":"ingred_bc_bungler's_bane",
          "count":1,
          "charge":-1,
          "enchantmentCharge":-1,
          "soul":""
        }]
    },
    "254418-0":{
      "refId":"flora_bc_podplant_01",
      "inventory":[{
          "refId":"ingred_bc_ampoule_pod",
          "count":1,
          "charge":-1,
          "enchantmentCharge":-1,
          "soul":""
        }]
    },
    "254478-0":{
      "refId":"flora_bc_mushroom_06",
      "inventory":[{
          "refId":"ingred_coprinus_01",
          "count":1,
          "charge":-1,
          "enchantmentCharge":-1,
          "soul":""
        }]
    },
    "254475-0":{
      "refId":"flora_bc_podplant_03",