{
  "packets":{
    "actorList":["0-460","0-462","0-463","0-464","0-465","0-461","0-468","0-477","0-481"],
    "ai":[],
    "cellChangeFrom":[],
    "cellChangeTo":[],
    "container":["475567-0","475568-0","475569-0","475570-0","475571-0","475572-0","475573-0","475574-0","475575-0","475576-0","475577-0","475578-0","475579-0","475580-0","475581-0","475582-0","475583-0","475584-0","475585-0","475586-0","475587-0"],
    "death":[],
    "delete":[],
    "doorState":[],
    "equipment":[],
    "lock":[],
    "place":[],
    "position":["0-460","0-462","0-463","0-464","0-465","0-461","0-468","0-477","0-481"],
    "scale":[],
    "spawn":["0-460","0-462","0-463","0-464","0-465","0-461","0-468","0-477","0-481"],
    "state":[],
    "statsDynamic":["0-460","0-462","0-463","0-464","0-465","0-481","0-461","0-468","0-477"],
    "trap":[]
  },
  "entry":{
    "creationTime":1554267493,
    "description":"-6, 7"
  },
  "lastVisit":{
    "Den":1554267680,
    "Fendryn":1555208964
  },
  "recordLinks":[],
  "objectData":{
    "0-481":{
      "refId":"cliff racer",
      "location":{
        "posX":-45991.48828125,
        "posZ":4019.3798828125,
        "posY":65535.8046875,
        "rotX":-8.3053484559059e-05,
        "rotY":0,
        "rotZ":0.75160694122314
      },
      "stats":{
        "healthCurrent":45,
        "magickaCurrent":20,
        "healthModified":45,
        "fatigueBase":400,
        "fatigueModified":400,
        "healthBase":45,
        "magickaModified":20,
        "magickaBase":20,
        "fatigueCurrent":400
      }
    },
    "475580-0":{
      "refId":"flora_kreshweed_02",
      "inventory":[{
          "refId":"ingred_kresh_fiber_01",
          "count":1,
          "charge":-1,
          "enchantmentCharge":-1,
          "soul":""
        }]
    },
    "475578-0":{
      "refId":"flora_stoneflower_01",
      "inventory":[{
          "refId":"ingred_stoneflower_petals_01",
          "count":1,
          "charge":-1,
          "enchantmentCharge":-1,
          "soul":""
        }]
    },
    "475573-0":{
      "refId":"flora_stoneflower_02",
      "inventory":[{
          "refId":"ingred_stoneflower_petals_01",
          "count":1,
          "charge":-1,
          "enchantmentCharge":-1,
          "soul":""
        }]
    },
    "0-464":{
      "refId":"kwama forager",
      "location":{
        "posX":-44639.06640625,
        "posZ":2859.3930664063,
        "posY":60425.171875,
        "rotX":-0.071802869439125,
        "rotY":0,
        "rotZ":-2.7893440723419
      },
      "stats":{
        "healthCurrent":23,
        "magickaCurrent":15,
        "healthModified":23,
        "fatigueBase":300,
        "fatigueModified":300,
        "healthBase":23,
        "magickaModified":15,
        "magickaBase":15,
        "fatigueCurrent":300
      }
    },
    "0-461":{
      "refId":"rat",
      "location":{
        "posX":-46533.1328125,
        "posZ":2090.2768554688,
        "posY":58326.671875,
        "rotX":-0.28027057647705,
        "rotY":0,
        "rotZ":-0.63452744483948
      },
      "stats":{
        "healthCurrent":23,
        "magickaCurrent":10,
        "healthModified":23,
        "fatigueBase":300,
        "fatigueModified":300,
        "healthBase":23,
        "magickaModified":10,
        "magickaBase":10,
        "fatigueCurrent":300
      }
    },
    "475579-0":{
      "refId":"flora_kreshweed_01",
      "inventory":[{
          "refId":"ingred_kresh_fiber_01",
          "count":1,
          "charge":-1,
          "enchantmentCharge":-1,
          "soul":""
        }]
    },
    "475567-0":{
      "refId":"flora_stoneflower_01",
      "inventory":[]
    },
    "0-468":{
      "refId":"rat",
      "location":{
        "posX":-41159.88671875,
        "posZ":3400.6318359375,
        "posY":60091.125,
        "rotX":0.19336524605751,
        "rotY":0,
        "rotZ":2.0027968883514
      },
      "stats":{
        "healthCurrent":23,
        "magickaCurrent":10,
        "healthModified":23,
        "fatigueBase":300,
        "fatigueModified":300,
        "healthBase":23,
        "magickaModified":10,
        "magickaBase":10,
        "fatigueCurrent":300
      }
    },
    "475583-0":{
      "refId":"flora_roobrush_02",
      "inventory":[{
          "refId":"ingred_roobrush_01",
          "count":1,
          "charge":-1,
          "enchantmentCharge":-1,
          "soul":""
        }]
    },
    "475568-0":{
      "refId":"flora_stoneflower_01",
      "inventory":[{
          "refId":"ingred_stoneflower_petals_01",
          "count":1,
          "charge":-1,
          "enchantmentCharge":-1,
          "soul":""
        }]
    },
    "475584-0":{
      "refId":"flora_kreshweed_01",
      "inventory":[{
          "refId":"ingred_kresh_fiber_01",
          "count":1,
          "charge":-1,
          "enchantmentCharge":-1,
          "soul":""
        }]
    },
    "475569-0":{
      "refId":"flora_stoneflower_02",
      "inventory":[{
          "refId":"ingred_stoneflower_petals_01",
          "count":1,
          "charge":-1,
          "enchantmentCharge":-1,
          "soul":""
        }]
    },
    "475586-0":{
      "refId":"flora_roobrush_02",
      "inventory":[{
          "refId":"ingred_roobrush_01",
          "count":1,
          "charge":-1,
          "enchantmentCharge":-1,
          "soul":""
        }]
    },
    "0-465":{
      "refId":"scrib",
      "location":{
        "posX":-41457.21875,
        "posZ":3154.1923828125,
        "posY":57900.5234375,
        "rotX":0.037940964102745,
        "rotY":0,
        "rotZ":-1.0380289554596
      },
      "stats":{
        "healthCurrent":8,
        "magickaCurrent":12,
        "healthModified":8,
        "fatigueBase":300,
        "fatigueModified":300,
        "healthBase":8,
        "magickaModified":12,
        "magickaBase":12,
        "fatigueCurrent":300
      }
    },
    "0-462":{
      "refId":"kwama forager",
      "location":{
        "posX":-48805.65625,
        "posZ":1536.3758544922,
        "posY":61829.859375,
        "rotX":-0.59991377592087,
        "rotY":0,
        "rotZ":1.8183586597443
      },
      "stats":{
        "healthCurrent":23,
        "magickaCurrent":15,
        "healthModified":23,
        "fatigueBase":300,
        "fatigueModified":300,
        "healthBase":23,
        "magickaModified":15,
        "magickaBase":15,
        "fatigueCurrent":300
      }
    },
    "475571-0":{
      "refId":"flora_stoneflower_01",
      "inventory":[{
          "refId":"ingred_stoneflower_petals_01",
          "count":1,
          "charge":-1,
          "enchantmentCharge":-1,
          "soul":""
        }]
    },
    "0-463":{
      "refId":"scrib",
      "location":{
        "posX":-46614.6953125,
        "posZ":1910.8734130859,
        "posY":59557.91015625,
        "rotX":-0.22276376187801,
        "rotY":0,
        "rotZ":0.37849259376526
      },
      "stats":{
        "healthCurrent":8,
        "magickaCurrent":12,
        "healthModified":8,
        "fatigueBase":300,
        "fatigueModified":300,
        "healthBase":8,
        "magickaModified":12,
        "magickaBase":12,
        "fatigueCurrent":300
      }
    },
    "475576-0":{
      "refId":"flora_stoneflower_01",
      "inventory":[{
          "refId":"ingred_stoneflower_petals_01",
          "count":1,
          "charge":-1,
          "enchantmentCharge":-1,
          "soul":""
        }]
    },
    "475570-0":{
      "refId":"flora_stoneflower_01",
      "inventory":[{
          "refId":"ingred_stoneflower_petals_01",
          "count":1,
          "charge":-1,
          "enchantmentCharge":-1,
          "soul":""
        }]
    },
    "475582-0":{
      "refId":"flora_kreshweed_03",
      "inventory":[{
          "refId":"ingred_kresh_fiber_01",
          "count":1,
          "charge":-1,
          "enchantmentCharge":-1,
          "soul":""
        }]
    },
    "475587-0":{
      "refId":"flora_kreshweed_01",