{
  "packets":{
    "actorList":["0-1656","0-1657","0-1659","0-1660","0-1658","0-1668","0-1653","0-672","0-1655","0-1654"],
    "ai":[],
    "cellChangeFrom":[],
    "cellChangeTo":[],
    "container":["256168-0","256169-0","256170-0","256171-0","256230-0","256231-0","256232-0","256233-0","256234-0","256267-0","256268-0","256333-0","256334-0","256335-0","256338-0","256339-0","256340-0","464205-0","464209-0","257271-0","257273-0","257272-0","480644-0","0-1658","0-1668","0-1653","0-1659"],
    "death":["0-1658","0-1668","0-1653","0-1659"],
    "delete":[],
    "doorState":[],
    "equipment":[],
    "lock":[],
    "place":[],
    "position":["0-1656","0-1657","0-1659","0-1660","0-1658","0-1653","0-1668","0-672","0-1655","0-1654"],
    "scale":[],
    "spawn":["0-1656","0-1657","0-1659","0-1660","0-1658","0-1668","0-1653","0-672","0-1655","0-1654"],
    "state":[],
    "statsDynamic":["0-1656","0-1657","0-1659","0-1660","0-1658","0-1653","0-1668","0-672","0-1655","0-1654"],
    "trap":[]
  },
  "entry":{
    "creationTime":1554612438,
    "description":"-7, -3"
  },
  "lastVisit":{
    "Den":1554694830,
    "Fendryn":1555633419
  },
  "recordLinks":[],
  "objectData":{
    "256233-0":{
      "refId":"flora_bc_shelffungus_04",
      "inventory":[{
          "refId":"ingred_bc_hypha_facia",
          "count":1,
          "charge":-1,
          "enchantmentCharge":-1,
          "soul":""
        }]
    },
    "0-1660":{
      "refId":"slaughterfish_small",
      "location":{
        "posX":-54175.94921875,
        "posZ":-172.01094055176,
        "posY":-19516.01171875,
        "rotX":1.0747462511063e-06,
        "rotY":0,
        "rotZ":-0.86274409294128
      },
      "stats":{
        "healthCurrent":15,
        "magickaCurrent":10,
        "healthModified":15,
        "fatigueBase":300,
        "fatigueModified":300,
        "healthBase":15,
        "magickaModified":10,
        "magickaBase":10,
        "fatigueCurrent":299.95944213867
      }
    },
    "256333-0":{
      "refId":"flora_bc_shelffungus_01",
      "inventory":[{
          "refId":"ingred_bc_bungler's_bane",
          "count":1,
          "charge":-1,
          "enchantmentCharge":-1,
          "soul":""
        }]
    },
    "256232-0":{
      "refId":"flora_bc_shelffungus_04",
      "inventory":[{
          "refId":"ingred_bc_hypha_facia",
          "count":1,
          "charge":-1,
          "enchantmentCharge":-1,
          "soul":""
        }]
    },
    "480644-0":{
      "refId":"barrel_01_moonsugar",
      "inventory":[{
          "refId":"ingred_moon_sugar_01",
          "count":4,
          "charge":-1,
          "enchantmentCharge":-1,
          "soul":""
        },{
          "refId":"ingred_ash_yam_01",
          "count":2,
          "charge":-1,
          "enchantmentCharge":-1,
          "soul":""
        },{
          "refId":"ingred_heather_01",
          "count":1,
          "charge":-1,
          "enchantmentCharge":-1,
          "soul":""
        },{
          "refId":"ingred_kresh_fiber_01",
          "count":1,
          "charge":-1,
          "enchantmentCharge":-1,
          "soul":""
        },{
          "refId":"ingred_marshmerrow_01",
          "count":1,
          "charge":-1,
          "enchantmentCharge":-1,
          "soul":""
        },{
          "refId":"ingred_saltrice_01",
          "count":1,
          "charge":-1,
          "enchantmentCharge":-1,
          "soul":""
        },{
          "refId":"ingred_wickwheat_01",
          "count":1,
          "charge":-1,
          "enchantmentCharge":-1,
          "soul":""
        }]
    },
    "464205-0":{
      "refId":"kollop_03_pearl",
      "inventory":[{
          "refId":"ingred_pearl_01",
          "count":1,
          "charge":-1,
          "enchantmentCharge":-1,
          "soul":""
        }]
    },
    "0-1668":{
      "refId":"cliff racer",
      "location":{
        "posX":-56868.8515625,
        "posZ":66.58984375,
        "posY":-24099.95703125,
        "rotX":0.062587536871433,
        "rotY":0,
        "rotZ":0.55196857452393
      },
      "stats":{
        "healthCurrent":0,
        "magickaCurrent":20,
        "healthModified":45,
        "fatigueBase":400,
        "fatigueModified":400,
        "healthBase":45,
        "magickaModified":20,
        "magickaBase":20,
        "fatigueCurrent":400
      },
      "inventory":[{
          "refId":"ingred_racer_plumes_01",
          "count":1,
          "charge":-1,
          "enchantmentCharge":-1,
          "soul":""
        }],
      "killer":{
        "player":"Fendryn"
      }
    },
    "256169-0":{
      "refId":"flora_bc_mushroom_01",
      "inventory":[{
          "refId":"ingred_russula_01",
          "count":1,
          "charge":-1,
          "enchantmentCharge":-1,
          "soul":""
        }]
    },
    "256339-0":{
      "refId":"flora_bc_mushroom_08",
      "inventory":[{
          "refId":"ingred_coprinus_01",
          "count":1,
          "charge":-1,
          "enchantmentCharge":-1,
          "soul":""
        }]
    },
    "464209-0":{
      "refId":"kollop_03_pearl",
      "inventory":[]
    },
    "256168-0":{
      "refId":"flora_bc_mushroom_01",
      "inventory":[{
          "refId":"ingred_russula_01",
          "count":1,
          "charge":-1,
          "enchantmentCharge":-1,
          "soul":""
        }]
    },
    "0-1657":{
      "refId":"scrib",
      "location":{
        "posX":-52438.2578125,
        "posZ":108.23969268799,
        "posY":-23755.53515625,
        "rotX":-1.3157682418823,
        "rotY":0,
        "rotZ":-1.3785893917084
      },
      "stats":{
        "healthCurrent":8,
        "magickaCurrent":12,
        "healthModified":8,
        "fatigueBase":300,
        "fatigueModified":300,
        "healthBase":8,
        "magickaModified":12,
        "magickaBase":12,
        "fatigueCurrent":300
      }
    },
    "256268-0":{
      "refId":"flora_bc_mushroom_01",
      "inventory":[{
          "refId":"ingred_russula_01",
          "count":1,
          "charge":-1,
          "enchantmentCharge":-1,
          "soul":""
        }]
    },
    "257273-0":{
      "refId":"flora_bc_shelffungus_02",
      "inventory":[{
          "refId":"ingred_bc_bungler's_bane",
          "count":1,
          "charge":-1,
          "enchantmentCharge":-1,
          "soul":""
        }]
    },
    "256338-0":{
      "refId":"flora_bc_mushroom_04",
      "inventory":[{
          "refId":"ingred_russula_01",
          "count":2,
          "charge":-1,
          "enchantmentCharge":-1,
          "soul":""
        }]
    },
    "257271-0":{
      "refId":"flora_bc_shelffungus_02",
      "inventory":[{
          "refId":"ingred_bc_bungler's_bane",
          "count":1,
          "charge":-1,
          "enchantmentCharge":-1,
          "soul":""
        }]
    },
    "256170-0":{
      "refId":"flora_bc_shelffungus_04",
      "inventory":[{
          "refId":"ingred_bc_hypha_facia",
          "count":1,
          "charge":-1,
          "enchantmentCharge":-1,
          "soul":""
        }]
    },
    "256234-0":{
      "refId":"flora_bc_shelffungus_02",
      "inventory":[{
          "refId":"ingred_bc_bungler's_bane",
          "count":1,
          "charge":-1,
          "enchantmentCharge":-1,
          "soul":""
        }]
    },
    "256230-0":{
      "refId":"flora_bc_shelffungus_03",
      "inventory":[{
          "refId":"ingred_bc_hypha_facia",
          "count":1,
          "charge":-1,
          "enchantmentCharge":-1,
          "soul":""
        }]
    },
    "0-1658":{
      "refId":"netch_bull",
      "location":{
        "posX":-49152.4765625,
        "posZ":282.30285644531,
        "posY":-18215.50390625,
        "rotX":0.13410234451294,
        "rotY":0,
        "rotZ":0.44393134117126
      },
      "stats":{
        "healthCurrent":0,
        "magickaCurrent":61,
        "healthModified":45,
        "fatigueBase":400,
        "fatigueModified":400,
        "healthBase":45,