{
  "packets":{
    "actorList":["0-452","0-453","0-454","0-455","0-456","0-458","0-459"],
    "ai":[],
    "cellChangeFrom":[],
    "cellChangeTo":[],
    "container":["475654-0","475655-0","475656-0","475657-0","475658-0","475659-0","475660-0","475661-0","475662-0"],
    "death":[],
    "delete":[],
    "doorState":[],
    "equipment":[],
    "lock":[],
    "place":[],
    "position":["0-452","0-453","0-454","0-455","0-456","0-458","0-459"],
    "scale":[],
    "spawn":["0-452","0-453","0-454","0-455","0-456","0-458","0-459"],
    "state":[],
    "statsDynamic":["0-452","0-453","0-454","0-455","0-456","0-458","0-459"],
    "trap":[]
  },
  "entry":{
    "creationTime":1554267493,
    "description":"-7, 7"
  },
  "lastVisit":{
    "Den":1554267521,
    "Fendryn":1555208969
  },
  "recordLinks":[],
  "objectData":{
    "0-459":{
      "refId":"scrib",
      "location":{
        "posX":-49296.6328125,
        "posZ":1470.7376708984,
        "posY":59467.828125,
        "rotX":0.53781926631927,
        "rotY":0,
        "rotZ":0.47406888008118
      },
      "stats":{
        "healthCurrent":8,
        "magickaCurrent":12,
        "healthModified":8,
        "fatigueBase":300,
        "fatigueModified":300,
        "healthBase":8,
        "magickaModified":12,
        "magickaBase":12,
        "fatigueCurrent":300
      }
    },
    "475660-0":{
      "refId":"flora_kreshweed_01",
      "inventory":[{
          "refId":"ingred_kresh_fiber_01",
          "count":1,
          "charge":-1,
          "enchantmentCharge":-1,
          "soul":""
        }]
    },
    "0-456":{
      "refId":"kwama forager",
      "location":{
        "posX":-54637.7734375,
        "posZ":2514.7033691406,
        "posY":63911.6953125,
        "rotX":-0.02471536397934,
        "rotY":0,
        "rotZ":2.2974517345428
      },
      "stats":{
        "healthCurrent":23,
        "magickaCurrent":15,
        "healthModified":23,
        "fatigueBase":300,
        "fatigueModified":300,
        "healthBase":23,
        "magickaModified":15,
        "magickaBase":15,
        "fatigueCurrent":300
      }
    },
    "0-458":{
      "refId":"scrib",
      "location":{
        "posX":-49504.42578125,
        "posZ":1934.9498291016,
        "posY":64210.34375,
        "rotX":-0.17085674405098,
        "rotY":0,
        "rotZ":-3.0095689296722
      },
      "stats":{
        "healthCurrent":8,
        "magickaCurrent":12,
        "healthModified":8,
        "fatigueBase":300,
        "fatigueModified":300,
        "healthBase":8,
        "magickaModified":12,
        "magickaBase":12,
        "fatigueCurrent":300
      }
    },
    "475662-0":{
      "refId":"flora_kreshweed_01",
      "inventory":[{
          "refId":"ingred_kresh_fiber_01",
          "count":1,
          "charge":-1,
          "enchantmentCharge":-1,
          "soul":""
        }]
    },
    "475654-0":{
      "refId":"flora_kreshweed_01",
      "inventory":[{
          "refId":"ingred_kresh_fiber_01",
          "count":1,
          "charge":-1,
          "enchantmentCharge":-1,
          "soul":""
        }]
    },
    "475655-0":{
      "refId":"flora_kreshweed_03",
      "inventory":[{
          "refId":"ingred_kresh_fiber_01",
          "count":1,
          "charge":-1,
          "enchantmentCharge":-1,
          "soul":""
        }]
    },
    "0-454":{
      "refId":"rat",
      "location":{
        "posX":-54432.71875,
        "posZ":1706.4294433594,
        "posY":61033.3359375,
        "rotX":-0.32406702637672,
        "rotY":0,
        "rotZ":-1.0607283115387
      },
      "stats":{
        "healthCurrent":23,
        "magickaCurrent":10,
        "healthModified":23,
        "fatigueBase":300,
        "fatigueModified":300,
        "healthBase":23,
        "magickaModified":10,
        "magickaBase":10,
        "fatigueCurrent":300
      }
    },
    "475658-0":{
      "refId":"flora_roobrush_02",
      "inventory":[{
          "refId":"ingred_roobrush_01",
          "count":1,
          "charge":-1,
          "enchantmentCharge":-1,
          "soul":""
        }]
    },
    "475656-0":{
      "refId":"flora_chokeweed_02",
      "inventory":[{
          "refId":"ingred_chokeweed_01",
          "count":1,
          "charge":-1,
          "enchantmentCharge":-1,
          "soul":""
        }]
    },
    "475659-0":{
      "refId":"flora_kreshweed_02",
      "inventory":[{
          "refId":"ingred_kresh_fiber_01",
          "count":1,
          "charge":-1,
          "enchantmentCharge":-1,
          "soul":""
        }]
    },
    "0-453":{
      "refId":"nix-hound",
      "location":{
        "posX":-51772.51953125,
        "posZ":1424.2443847656,
        "posY":64099.765625,
        "rotX":0.016000933945179,
        "rotY":0,
        "rotZ":0.8773820400238
      },
      "stats":{
        "healthCurrent":23,
        "magickaCurrent":10,
        "healthModified":23,
        "fatigueBase":400,
        "fatigueModified":400,
        "healthBase":23,
        "magickaModified":10,
        "magickaBase":10,
        "fatigueCurrent":400
      }
    },
    "0-455":{
      "refId":"rat",
      "location":{
        "posX":-55045.7578125,
        "posZ":2457.8376464844,
        "posY":62678.4921875,
        "rotX":-0.76723295450211,
        "rotY":0,
        "rotZ":1.5949614048004
      },
      "stats":{
        "healthCurrent":23,
        "magickaCurrent":10,
        "healthModified":23,
        "fatigueBase":300,
        "fatigueModified":300,
        "healthBase":23,
        "magickaModified":10,
        "magickaBase":10,
        "fatigueCurrent":300
      }
    },
    "475661-0":{
      "refId":"flora_kreshweed_03",
      "inventory":[{
          "refId":"ingred_kresh_fiber_01",
          "count":1,
          "charge":-1,
          "enchantmentCharge":-1,
          "soul":""
        }]
    },
    "0-452":{
      "refId":"nix-hound",
      "location":{
        "posX":-51856.1171875,
        "posZ":1275.3510742188,
        "posY":63471.30859375,
        "rotX":-0.40304416418076,
        "rotY":0,
        "rotZ":-1.1488654613495
      },
      "stats":{
        "healthCurrent":23,
        "magickaCurrent":10,
        "healthModified":23,
        "fatigueBase":400,
        "fatigueModified":400,
        "healthBase":23,
        "magickaModified":10,
        "magickaBase":10,
        "fatigueCurrent":400
      }
    },
    "475657-0":{
      "refId":"flora_kreshweed_02",
      "inventory":[{
          "refId":"ingred_kresh_fiber_01",
          "count":1,
          "charge":-1,
          "enchantmentCharge":-1,
          "soul":""
        }]
    }
  }
}