{
  "packets":{
    "actorList":["0-1684","0-1685","0-1682","0-1683","0-1686"],
    "ai":[],
    "cellChangeFrom":[],
    "cellChangeTo":[],
    "container":["257306-0","257726-0","0-1682"],
    "death":["0-1682"],
    "delete":[],
    "doorState":[],
    "equipment":[],
    "lock":[],
    "place":[],
    "position":["0-1684","0-1685","0-1682","0-1683","0-1686"],
    "scale":[],
    "spawn":["0-1684","0-1685","0-1682","0-1683","0-1686"],
    "state":[],
    "statsDynamic":["0-1684","0-1685","0-1682","0-1683","0-1686"],
    "trap":[]
  },
  "entry":{
    "creationTime":1554613175,
    "description":"-8, -4"
  },
  "lastVisit":{
    "Den":1554694830,
    "Fendryn":1555633419
  },
  "recordLinks":[],
  "objectData":{
    "0-1683":{
      "refId":"dreugh",
      "location":{
        "posX":-58485.6015625,
        "posZ":-82.025192260742,
        "posY":-24685.984375,
        "rotX":-8.0404803156853e-05,
        "rotY":0,
        "rotZ":0.59757566452026
      },
      "stats":{
        "healthCurrent":60,
        "magickaCurrent":75,
        "healthModified":60,
        "fatigueBase":400,
        "fatigueModified":400,
        "healthBase":60,
        "magickaModified":75,
        "magickaBase":75,
        "fatigueCurrent":399.9482421875
      }
    },
    "0-1682":{
      "refId":"rat",
      "location":{
        "posX":-57375.33203125,
        "posZ":88.108627319336,
        "posY":-26179.7109375,
        "rotX":0.034980852156878,
        "rotY":0,
        "rotZ":0.12231469154358
      },
      "stats":{
        "healthCurrent":0,
        "magickaCurrent":10,
        "healthModified":23,
        "fatigueBase":300,
        "fatigueModified":300,
        "healthBase":23,
        "magickaModified":10,
        "magickaBase":10,
        "fatigueCurrent":299.46365356445
      },
      "inventory":[{
          "refId":"ingred_rat_meat_01",
          "count":1,
          "charge":-1,
          "enchantmentCharge":-1,
          "soul":""
        }],
      "killer":{
        "player":"Fendryn"
      }
    },
    "0-1684":{
      "refId":"slaughterfish_small",
      "location":{
        "posX":-59275.859375,
        "posZ":-149.11685180664,
        "posY":-28066.998046875,
        "rotX":0,
        "rotY":0,
        "rotZ":-3.0419237613678
      },
      "stats":{
        "healthCurrent":15,
        "magickaCurrent":10,
        "healthModified":15,
        "fatigueBase":300,
        "fatigueModified":300,
        "healthBase":15,
        "magickaModified":10,
        "magickaBase":10,
        "fatigueCurrent":299.95935058594
      }
    },
    "257726-0":{
      "refId":"flora_bittergreen_05",
      "inventory":[]
    },
    "0-1685":{
      "refId":"slaughterfish",
      "location":{
        "posX":-60571.59375,
        "posZ":-166.52310180664,
        "posY":-26982.236328125,
        "rotX":0,
        "rotY":0,
        "rotZ":-1.0701286792755
      },
      "stats":{
        "healthCurrent":23,
        "magickaCurrent":10,
        "healthModified":23,
        "fatigueBase":400,
        "fatigueModified":400,
        "healthBase":23,
        "magickaModified":10,
        "magickaBase":10,
        "fatigueCurrent":399.95935058594
      }
    },
    "257306-0":{
      "refId":"flora_bc_fern_01",
      "inventory":[{
          "refId":"ingred_bc_spore_pod",
          "count":3,
          "charge":-1,
          "enchantmentCharge":-1,
          "soul":""
        }]
    },
    "0-1686":{
      "refId":"slaughterfish",
      "location":{
        "posX":-59584.02734375,
        "posZ":-236.54907226563,
        "posY":-32707.48046875,
        "rotX":0,
        "rotY":0,
        "rotZ":-1.5208380222321
      },
      "stats":{
        "healthCurrent":23,
        "magickaCurrent":10,
        "healthModified":23,
        "fatigueBase":400,
        "fatigueModified":400,
        "healthBase":23,
        "magickaModified":10,
        "magickaBase":10,
        "fatigueCurrent":399.98321533203
      }
    }
  }
}