{
  "packets":{
    "actorList":["0-1564","0-1562","0-1561","0-1601","149321-0","0-1615","0-1563","0-1570","0-1569","0-1568","0-1565"],
    "ai":[],
    "cellChangeFrom":["149321-0"],
    "cellChangeTo":[],
    "container":["231099-0","231100-0","231133-0","231134-0","231135-0","231136-0","231137-0","231142-0","231150-0","231151-0","231154-0","231155-0","231174-0","231232-0","231233-0","231236-0","231237-0","231273-0","231277-0","231278-0","231279-0","231280-0","231281-0","231282-0","231296-0","231297-0","231298-0","231315-0","231317-0","231318-0","231334-0","231336-0","0-1564","0-1562","0-1561","0-1601","149321-0","0-1563","0-1570","0-1569","0-1568"],
    "death":["0-1564","0-1562","0-1561","0-1601","149321-0","0-1563","0-1570","0-1569","0-1568"],
    "delete":[],
    "doorState":[],
    "equipment":["0-1562","0-1561","149321-0"],
    "lock":[],
    "place":[],
    "position":["0-1564","0-1601","149321-0","0-1615","0-1563","0-1561","0-1562","0-1570","0-1569","0-1568","0-1565"],
    "scale":[],
    "spawn":["0-1564","0-1562","0-1561","0-1601","0-1615","0-1563","0-1570","0-1569","0-1568","0-1565"],
    "state":[],
    "statsDynamic":["0-1564","0-1601","149321-0","0-1615","0-1563","0-1561","0-1562","0-1570","0-1569","0-1568","0-1565"],
    "trap":[]
  },
  "entry":{
    "creationTime":1554610913,
    "description":"-8, 1"
  },
  "lastVisit":{
    "Den":1554612406,
    "Fendryn":1554612361
  },
  "recordLinks":[],
  "objectData":{
    "0-1601":{
      "refId":"scrib",
      "location":{
        "posX":-63009.078125,
        "posZ":197.32220458984,
        "posY":8510.89453125,
        "rotX":0,
        "rotY":0,
        "rotZ":1.0227830410004
      },
      "stats":{
        "healthCurrent":0,
        "magickaCurrent":12,
        "healthModified":8,
        "fatigueBase":300,
        "fatigueModified":300,
        "healthBase":8,
        "magickaModified":12,
        "magickaBase":12,
        "fatigueCurrent":300
      },
      "inventory":[],
      "killer":{
        "player":"Fendryn"
      }
    },
    "231298-0":{
      "refId":"flora_bc_mushroom_07",
      "inventory":[{
          "refId":"ingred_coprinus_01",
          "count":1,
          "charge":-1,
          "enchantmentCharge":-1,
          "soul":""
        }]
    },
    "0-1561":{
      "refId":"dremora_lord",
      "location":{
        "posX":-62449.2890625,
        "posZ":84.787582397461,
        "posY":8209.05859375,
        "rotX":0.0095196068286896,
        "rotY":0,
        "rotZ":-0.70000004768372
      },
      "stats":{
        "healthCurrent":0,
        "magickaCurrent":11,
        "healthModified":280,
        "fatigueBase":500,
        "fatigueModified":500,
        "healthBase":280,
        "magickaModified":200,
        "magickaBase":200,
        "fatigueCurrent":489.76773071289
      },
      "equipment":[],
      "inventory":[],
      "killer":{
        "player":"Fendryn"
      }
    },
    "0-1565":{
      "refId":"slaughterfish_small",
      "location":{
        "posX":-60408.49609375,
        "posZ":-113.71635437012,
        "posY":12326.373046875,
        "rotX":0.0010274313390255,
        "rotY":0,
        "rotZ":-2.9217913150787
      },
      "stats":{
        "healthCurrent":15,
        "magickaCurrent":10,
        "healthModified":15,
        "fatigueBase":300,
        "fatigueModified":300,
        "healthBase":15,
        "magickaModified":10,
        "magickaBase":10,
        "fatigueCurrent":299.95840454102
      }
    },
    "0-1564":{
      "refId":"mudcrab",
      "location":{
        "posX":-59844.71875,
        "posZ":74.184204101563,
        "posY":9916.083984375,
        "rotX":0,
        "rotY":0,
        "rotZ":1.1000000238419
      },
      "stats":{
        "healthCurrent":0,
        "magickaCurrent":5,
        "healthModified":15,
        "fatigueBase":400,
        "fatigueModified":400,
        "healthBase":15,
        "magickaModified":5,
        "magickaBase":5,
        "fatigueCurrent":393.29708862305
      },
      "inventory":[{
          "refId":"ingred_crab_meat_01",
          "count":2,
          "charge":-1,
          "enchantmentCharge":-1,
          "soul":""
        }],
      "killer":{
        "player":"Fendryn"
      }
    },
    "231282-0":{
      "refId":"flora_bc_shelffungus_04",
      "inventory":[{
          "refId":"ingred_bc_hypha_facia",
          "count":1,
          "charge":-1,
          "enchantmentCharge":-1,
          "soul":""
        }]
    },
    "231277-0":{
      "refId":"flora_bc_shelffungus_01",
      "inventory":[{
          "refId":"ingred_bc_bungler's_bane",
          "count":1,
          "charge":-1,
          "enchantmentCharge":-1,
          "soul":""
        }]
    },
    "231280-0":{
      "refId":"flora_bc_shelffungus_03",
      "inventory":[]
    },
    "231133-0":{
      "refId":"flora_bc_shelffungus_03",
      "inventory":[{
          "refId":"ingred_bc_hypha_facia",
          "count":1,
          "charge":-1,
          "enchantmentCharge":-1,
          "soul":""
        }]
    },
    "231151-0":{
      "refId":"flora_bc_shelffungus_03",
      "inventory":[{
          "refId":"ingred_bc_hypha_facia",
          "count":1,
          "charge":-1,
          "enchantmentCharge":-1,
          "soul":""
        }]
    },
    "0-1570":{
      "refId":"slaughterfish_small",
      "location":{
        "posX":-61574.9375,
        "posZ":-128.6148223877,
        "posY":11536.248046875,
        "rotX":-0.14792011678219,
        "rotY":0,
        "rotZ":2.7218687534332
      },
      "stats":{
        "healthCurrent":0,
        "magickaCurrent":10,
        "healthModified":15,
        "fatigueBase":300,
        "fatigueModified":300,
        "healthBase":15,
        "magickaModified":10,
        "magickaBase":10,
        "fatigueCurrent":218.22746276855
      },
      "inventory":[{
          "refId":"ingred_scales_01",
          "count":1,
          "charge":-1,
          "enchantmentCharge":-1,
          "soul":""
        }],
      "killer":{
        "player":"Den"
      }
    },
    "0-1568":{
      "refId":"slaughterfish",
      "location":{
        "posX":-61622.9921875,
        "posZ":-224.27581787109,
        "posY":11798.193359375,
        "rotX":-0.056035667657852,
        "rotY":0,
        "rotZ":2.9269926548004
      },
      "stats":{
        "healthCurrent":0,
        "magickaCurrent":10,
        "healthModified":23,
        "fatigueBase":400,
        "fatigueModified":400,
        "healthBase":23,
        "magickaModified":10,
        "magickaBase":10,
        "fatigueCurrent":309.80236816406
      },
      "inventory":[{
          "refId":"ingred_scales_01",
          "count":2,
          "charge":-1,
          "enchantmentCharge":-1,
          "soul":""
        }],
      "killer":{
        "player":"Den"
      }
    },
    "231136-0":{
      "refId":"flora_bc_shelffungus_04",
      "inventory":[{
          "refId":"ingred_bc_hypha_facia",
          "count":1,
          "charge":-1,
          "enchantmentCharge":-1,
          "soul":""
        }]
    },
    "231273-0":{
      "refId":"flora_bc_mushroom_05",
      "inventory":[{
          "refId":"ingred_russula_01",
          "count":1,
          "charge":-1,
          "enchantmentCharge":-1,
          "soul":""
        }]
    },
    "231150-0":{
      "refId":"flora_bc_shelffungus_03",
      "inventory":[{
          "refId":"ingred_bc_hypha_facia",
          "count":1,
          "charge":-1,
          "enchantmentCharge":-1,
          "soul":""
        }]
    },
    "231137-0":{
      "refId":"flora_bc_shelffungus_02",
      "inventory":[{
          "refId":"ingred_bc_bungler's_bane",
          "count":1,
          "charge":-1,
          "enchantmentCharge":-1,
          "soul":""
        }]
    },
    "231155-0":{
      "refId":"flora_bc_mushroom_01",
      "inventory":[{
          "refId":"ingred_russula_01",
          "count":1,
          "charge":-1,
          "enchantmentCharge":-1,
          "soul":""
        }]
    },