{
  "packets":{
    "actorList":["0-1287","0-1288","49928-0","355335-0","0-1289"],
    "ai":[],
    "cellChangeFrom":[],
    "cellChangeTo":[],
    "container":["49945-0","49946-0","49947-0","49948-0","49949-0","49950-0","49951-0","49952-0","49953-0","49954-0","333821-0","333822-0","333823-0","333824-0","333825-0","474983-0","474984-0","474985-0","474986-0","474987-0","474997-0","474998-0","474999-0","475000-0","475001-0","475002-0","475003-0","475004-0","475005-0","49928-0","355335-0"],
    "death":[],
    "delete":[],
    "doorState":[],
    "equipment":[],
    "lock":[],
    "place":[],
    "position":["355335-0","49928-0","0-1287","0-1288","0-1289"],
    "scale":[],
    "spawn":["0-1287","0-1288","0-1289"],
    "state":[],
    "statsDynamic":["355335-0","49928-0","0-1287","0-1288","0-1289"],
    "trap":[]
  },
  "entry":{
    "creationTime":1554528711,
    "description":"-8, 14"
  },
  "lastVisit":{
    "the luch":1554871940,
    "Fendryn":1556252957,
    "Den":1554528743,
    "DizzyDasher":1554871442
  },
  "recordLinks":[],
  "objectData":{
    "49952-0":{
      "refId":"flora_chokeweed_02",
      "inventory":[{
          "refId":"ingred_chokeweed_01",
          "count":1,
          "charge":-1,
          "enchantmentCharge":-1,
          "soul":""
        }]
    },
    "333825-0":{
      "refId":"flora_chokeweed_02",
      "inventory":[{
          "refId":"ingred_chokeweed_01",
          "count":1,
          "charge":-1,
          "enchantmentCharge":-1,
          "soul":""
        }]
    },
    "474999-0":{
      "refId":"flora_muckspunge_02",
      "inventory":[]
    },
    "474983-0":{
      "refId":"flora_stoneflower_02",
      "inventory":[{
          "refId":"ingred_stoneflower_petals_01",
          "count":1,
          "charge":-1,
          "enchantmentCharge":-1,
          "soul":""
        }]
    },
    "49928-0":{
      "refId":"kagouti",
      "location":{
        "posX":-58452.21875,
        "posZ":1409.7203369141,
        "posY":115665.8984375,
        "rotX":0,
        "rotY":0,
        "rotZ":0.40000000596046
      },
      "stats":{
        "healthCurrent":45,
        "magickaCurrent":10,
        "healthModified":45,
        "fatigueBase":400,
        "fatigueModified":400,
        "healthBase":45,
        "magickaModified":10,
        "magickaBase":10,
        "fatigueCurrent":400
      },
      "inventory":[{
          "refId":"ingred_kagouti_hide_01",
          "count":1,
          "charge":-1,
          "enchantmentCharge":-1,
          "soul":""
        }]
    },
    "49953-0":{
      "refId":"flora_chokeweed_02",
      "inventory":[{
          "refId":"ingred_chokeweed_01",
          "count":1,
          "charge":-1,
          "enchantmentCharge":-1,
          "soul":""
        }]
    },
    "475001-0":{
      "refId":"flora_chokeweed_02",
      "inventory":[{
          "refId":"ingred_chokeweed_01",
          "count":1,
          "charge":-1,
          "enchantmentCharge":-1,
          "soul":""
        }]
    },
    "333821-0":{
      "refId":"flora_chokeweed_02",
      "inventory":[]
    },
    "49950-0":{
      "refId":"flora_chokeweed_02",
      "inventory":[{
          "refId":"ingred_chokeweed_01",
          "count":1,
          "charge":-1,
          "enchantmentCharge":-1,
          "soul":""
        }]
    },
    "475005-0":{
      "refId":"flora_chokeweed_02",
      "inventory":[{
          "refId":"ingred_chokeweed_01",
          "count":1,
          "charge":-1,
          "enchantmentCharge":-1,
          "soul":""
        }]
    },
    "475003-0":{
      "refId":"flora_kreshweed_02",
      "inventory":[{
          "refId":"ingred_kresh_fiber_01",
          "count":1,
          "charge":-1,
          "enchantmentCharge":-1,
          "soul":""
        }]
    },
    "49948-0":{
      "refId":"flora_chokeweed_02",
      "inventory":[{
          "refId":"ingred_chokeweed_01",
          "count":1,
          "charge":-1,
          "enchantmentCharge":-1,
          "soul":""
        }]
    },
    "474986-0":{
      "refId":"flora_stoneflower_01",
      "inventory":[{
          "refId":"ingred_stoneflower_petals_01",
          "count":1,
          "charge":-1,
          "enchantmentCharge":-1,
          "soul":""
        }]
    },
    "474998-0":{
      "refId":"flora_muckspunge_05",
      "inventory":[{
          "refId":"ingred_muck_01",
          "count":1,
          "charge":-1,
          "enchantmentCharge":-1,
          "soul":""
        }]
    },
    "474997-0":{
      "refId":"flora_muckspunge_06",
      "inventory":[]
    },
    "475002-0":{
      "refId":"flora_kreshweed_01",
      "inventory":[{
          "refId":"ingred_kresh_fiber_01",
          "count":1,
          "charge":-1,
          "enchantmentCharge":-1,
          "soul":""
        }]
    },
    "475000-0":{
      "refId":"flora_kreshweed_01",
      "inventory":[{
          "refId":"ingred_kresh_fiber_01",
          "count":1,
          "charge":-1,
          "enchantmentCharge":-1,
          "soul":""
        }]
    },
    "474987-0":{
      "refId":"flora_stoneflower_02",
      "inventory":[]
    },
    "475004-0":{
      "refId":"flora_chokeweed_02",
      "inventory":[{
          "refId":"ingred_chokeweed_01",
          "count":1,
          "charge":-1,
          "enchantmentCharge":-1,
          "soul":""
        }]
    },
    "49947-0":{
      "refId":"flora_chokeweed_02",
      "inventory":[{
          "refId":"ingred_chokeweed_01",
          "count":1,
          "charge":-1,
          "enchantmentCharge":-1,
          "soul":""
        }]
    },
    "49946-0":{
      "refId":"flora_chokeweed_02",
      "inventory":[{
          "refId":"ingred_chokeweed_01",
          "count":1,
          "charge":-1,
          "enchantmentCharge":-1,
          "soul":""
        }]
    },
    "474985-0":{
      "refId":"flora_stoneflower_02",
      "inventory":[{
          "refId":"ingred_stoneflower_petals_01",
          "count":1,
          "charge":-1,
          "enchantmentCharge":-1,
          "soul":""
        }]
    },
    "355335-0":{
      "refId":"mudcrab",
      "location":{
        "posX":-63653.8984375,
        "posZ":30.327825546265,
        "posY":116674.859375,
        "rotX":0,
        "rotY":0,
        "rotZ":5.2831859588623
      },
      "stats":{
        "healthCurrent":15,
        "magickaCurrent":5,
        "healthModified":15,
        "fatigueBase":400,
        "fatigueModified":400,
        "healthBase":15,
        "magickaModified":5,
        "magickaBase":5,
        "fatigueCurrent":400
      },
      "inventory":[{
          "refId":"ingred_crab_meat_01",
          "count":1,
          "charge":-1,
          "enchantmentCharge":-1,
          "soul":""
        }]
    },
    "333823-0":{
      "refId":"flora_chokeweed_02",
      "inventory":[{
          "refId":"ingred_chokeweed_01",
          "count":1,
          "charge":-1,
          "enchantmentCharge":-1,
          "soul":""
        }]
    },
    "49951-0":{
      "refId":"flora_chokeweed_02",
      "inventory":[{
          "refId":"ingred_chokeweed_01",
          "count":1,
          "charge":-1,
          "enchantmentCharge":-1,
          "soul":""
        }]
    },
    "0-1289":{
      "refId":"kwama forager",
      "location":{
        "posX":-59667.7265625,
        "posZ":1212.8594970703,
        "posY":122381.703125,
        "rotX":0.068695522844791,
        "rotY":0,
        "rotZ":0.45338606834412
      },
      "stats":{
        "healthCurrent":23,
        "magickaCurrent":15,
        "healthModified":23,
        "fatigueBase":300,
        "fatigueModified":300,
        "healthBase":23,
        "magickaModified":15,
        "magickaBase":15,
        "fatigueCurrent":300
      }
    },
    "49954-0":{
      "refId":"flora_chokeweed_02",
      "inventory":[{
          "refId":"ingred_chokeweed_01",
          "count":1,
          "charge":-1,
          "enchantmentCharge":-1,
          "soul":""
        }]
    },
    "0-1287":{
      "refId":"kagouti_diseased",