{
  "packets":{
    "actorList":["0-1101","274676-0","274675-0","0-1093","0-1103"],
    "ai":[],
    "cellChangeFrom":["274676-0","274675-0"],
    "cellChangeTo":[],
    "container":["333743-0","333744-0","474890-0","474891-0","474892-0","474893-0","474894-0","474895-0","474896-0","474897-0","474898-0","474899-0","474900-0","474901-0","474902-0","474904-0","474907-0","474908-0","474909-0","474910-0","474911-0","474912-0","474913-0","474914-0","474915-0","474916-0","474917-0","474918-0","474919-0","474920-0","474921-0","274676-0","274675-0"],
    "death":["274676-0","274675-0"],
    "delete":[],
    "doorState":[],
    "equipment":["274676-0","274675-0"],
    "lock":[],
    "place":[],
    "position":["0-1101","274676-0","274675-0","0-1093","0-1103"],
    "scale":[],
    "spawn":["0-1101","0-1093","0-1103"],
    "state":[],
    "statsDynamic":["0-1101","274676-0","274675-0","0-1093","0-1103"],
    "trap":[]
  },
  "entry":{
    "creationTime":1554526891,
    "description":"-8, 17"
  },
  "lastVisit":{
    "the luch":1554872331,
    "Fendryn":1556252990,
    "Den":1556253022,
    "DizzyDasher":1554872036
  },
  "recordLinks":[],
  "objectData":{
    "274676-0":{
      "refId":"ainab yassabisun",
      "location":{
        "posX":-58020.79296875,
        "posZ":910.36486816406,
        "posY":139456.875,
        "rotX":0,
        "rotY":0,
        "rotZ":4.6000003814697
      },
      "stats":{
        "healthCurrent":0,
        "magickaCurrent":92,
        "healthModified":103,
        "fatigueBase":221,
        "fatigueModified":221,
        "healthBase":103,
        "magickaModified":92,
        "magickaBase":92,
        "fatigueCurrent":221
      },
      "cellChangeFrom":"-7, 17",
      "equipment":[{
          "refId":"netch_leather_cuirass",
          "count":1,
          "charge":-1,
          "enchantmentCharge":-1
        },null,{
          "refId":"netch_leather_pauldron_left",
          "count":1,
          "charge":-1,
          "enchantmentCharge":-1
        },{
          "refId":"netch_leather_pauldron_right",
          "count":1,
          "charge":-1,
          "enchantmentCharge":-1
        },null,null,{
          "refId":"netch_leather_boots",
          "count":1,
          "charge":-1,
          "enchantmentCharge":-1
        },{
          "refId":"common_shirt_01",
          "count":1,
          "charge":-1,
          "enchantmentCharge":-1
        },{
          "refId":"common_pants_05",
          "count":1,
          "charge":-1,
          "enchantmentCharge":-1
        }],
      "inventory":[{
          "refId":"netch_leather_boots",
          "count":1,
          "charge":-1,
          "enchantmentCharge":-1,
          "soul":""
        },{
          "refId":"netch_leather_pauldron_right",
          "count":1,
          "charge":-1,
          "enchantmentCharge":-1,
          "soul":""
        },{
          "refId":"netch_leather_pauldron_left",
          "count":1,
          "charge":-1,
          "enchantmentCharge":-1,
          "soul":""
        },{
          "refId":"netch_leather_cuirass",
          "count":1,
          "charge":-1,
          "enchantmentCharge":-1,
          "soul":""
        },{
          "refId":"common_shirt_01",
          "count":1,
          "charge":-1,
          "enchantmentCharge":-1,
          "soul":""
        },{
          "refId":"common_shoes_01",
          "count":1,
          "charge":-1,
          "enchantmentCharge":-1,
          "soul":""
        },{
          "refId":"common_pants_05",
          "count":1,
          "charge":-1,
          "enchantmentCharge":-1,
          "soul":""
        },{
          "refId":"chitin club",
          "count":1,
          "charge":-1,
          "enchantmentCharge":-1,
          "soul":""
        }],
      "killer":{
        "player":"Den"
      }
    },
    "474892-0":{
      "refId":"flora_bittergreen_02",
      "inventory":[{
          "refId":"ingred_bittergreen_petals_01",
          "count":2,
          "charge":-1,
          "enchantmentCharge":-1,
          "soul":""
        }]
    },
    "474908-0":{
      "refId":"flora_muckspunge_05",
      "inventory":[{
          "refId":"ingred_muck_01",
          "count":1,
          "charge":-1,
          "enchantmentCharge":-1,
          "soul":""
        }]
    },
    "474901-0":{
      "refId":"flora_kreshweed_03",
      "inventory":[{
          "refId":"ingred_kresh_fiber_01",
          "count":1,
          "charge":-1,
          "enchantmentCharge":-1,
          "soul":""
        }]
    },
    "474890-0":{
      "refId":"flora_bittergreen_pod_01",
      "inventory":[]
    },
    "474897-0":{
      "refId":"flora_kreshweed_02",
      "inventory":[{
          "refId":"ingred_kresh_fiber_01",
          "count":1,
          "charge":-1,
          "enchantmentCharge":-1,
          "soul":""
        }]
    },
    "474919-0":{
      "refId":"flora_green_lichen_01",
      "inventory":[{
          "refId":"ingred_green_lichen_01",
          "count":1,
          "charge":-1,
          "enchantmentCharge":-1,
          "soul":""
        }]
    },
    "333744-0":{
      "refId":"flora_chokeweed_02",
      "inventory":[{
          "refId":"ingred_chokeweed_01",
          "count":1,
          "charge":-1,
          "enchantmentCharge":-1,
          "soul":""
        }]
    },
    "474904-0":{
      "refId":"flora_chokeweed_02",
      "inventory":[{
          "refId":"ingred_chokeweed_01",
          "count":1,
          "charge":-1,
          "enchantmentCharge":-1,
          "soul":""
        }]
    },
    "474913-0":{
      "refId":"flora_roobrush_02",
      "inventory":[{
          "refId":"ingred_roobrush_01",
          "count":1,
          "charge":-1,
          "enchantmentCharge":-1,
          "soul":""
        }]
    },
    "0-1101":{
      "refId":"nix-hound blighted",
      "location":{
        "posX":-59332.7109375,
        "posZ":-105.21440124512,
        "posY":146571.8125,
        "rotX":0,
        "rotY":0,
        "rotZ":-2.0344440937042
      },
      "stats":{
        "healthCurrent":68,
        "magickaCurrent":10,
        "healthModified":68,
        "fatigueBase":129,
        "fatigueModified":129,
        "healthBase":68,
        "magickaModified":10,
        "magickaBase":10,
        "fatigueCurrent":128.95799255371
      }
    },
    "474907-0":{
      "refId":"flora_muckspunge_02",
      "inventory":[{
          "refId":"ingred_muck_01",
          "count":1,
          "charge":-1,
          "enchantmentCharge":-1,
          "soul":""
        }]
    },
    "474900-0":{
      "refId":"flora_kreshweed_01",
      "inventory":[{
          "refId":"ingred_kresh_fiber_01",
          "count":1,
          "charge":-1,
          "enchantmentCharge":-1,
          "soul":""
        }]
    },
    "474902-0":{
      "refId":"flora_kreshweed_01",
      "inventory":[{
          "refId":"ingred_kresh_fiber_01",
          "count":1,
          "charge":-1,
          "enchantmentCharge":-1,
          "soul":""
        }]
    },
    "474921-0":{
      "refId":"flora_green_lichen_01",
      "inventory":[{
          "refId":"ingred_green_lichen_01",
          "count":1,
          "charge":-1,
          "enchantmentCharge":-1,
          "soul":""
        }]
    },
    "474893-0":{
      "refId":"flora_bittergreen_03",
      "inventory":[{
          "refId":"ingred_bittergreen_petals_01",
          "count":2,
          "charge":-1,
          "enchantmentCharge":-1,
          "soul":""
        }]
    },
    "474911-0":{
      "refId":"flora_chokeweed_02",
      "inventory":[{
          "refId":"ingred_chokeweed_01",
          "count":1,
          "charge":-1,
          "enchantmentCharge":-1,
          "soul":""
        }]
    },
    "474918-0":{
      "refId":"flora_kreshweed_02",
      "inventory":[{
          "refId":"ingred_kresh_fiber_01",
          "count":1,
          "charge":-1,
          "enchantmentCharge":-1,
          "soul":""
        }]
    },
    "0-1103":{
      "refId":"slaughterfish",