{
  "packets":{
    "actorList":["0-1283","0-1284","0-1285","0-1286","274687-0","274688-0","274689-0"],
    "ai":[],
    "cellChangeFrom":[],
    "cellChangeTo":[],
    "container":["49989-0","49990-0","49991-0","49992-0","49993-0","49994-0","49995-0","49996-0","49997-0","49999-0","50000-0","50001-0","50002-0","50003-0","50004-0","50005-0","274691-0","475007-0","274687-0","274688-0","274689-0"],
    "death":[],
    "delete":[],
    "doorState":[],
    "equipment":["274687-0","274688-0","274689-0"],
    "lock":[],
    "place":[],
    "position":["274687-0","274688-0","274689-0","0-1283","0-1284","0-1285","0-1286"],
    "scale":[],
    "spawn":["0-1283","0-1284","0-1285","0-1286"],
    "state":[],
    "statsDynamic":["274687-0","274688-0","274689-0","0-1283","0-1284","0-1285","0-1286"],
    "trap":[]
  },
  "entry":{
    "creationTime":1554528711,
    "description":"-8, 13"
  },
  "lastVisit":{
    "Den":1554528727
  },
  "recordLinks":[],
  "objectData":{
    "475007-0":{
      "refId":"flora_kreshweed_01",
      "inventory":[{
          "refId":"ingred_kresh_fiber_01",
          "count":1,
          "charge":-1,
          "enchantmentCharge":-1,
          "soul":""
        }]
    },
    "50001-0":{
      "refId":"flora_chokeweed_02",
      "inventory":[{
          "refId":"ingred_chokeweed_01",
          "count":1,
          "charge":-1,
          "enchantmentCharge":-1,
          "soul":""
        }]
    },
    "0-1284":{
      "refId":"nix-hound",
      "location":{
        "posX":-59576.64453125,
        "posZ":1228.6121826172,
        "posY":106835.5625,
        "rotX":-0.13958348333836,
        "rotY":0,
        "rotZ":-0.43007111549377
      },
      "stats":{
        "healthCurrent":23,
        "magickaCurrent":10,
        "healthModified":23,
        "fatigueBase":400,
        "fatigueModified":400,
        "healthBase":23,
        "magickaModified":10,
        "magickaBase":10,
        "fatigueCurrent":400
      }
    },
    "49993-0":{
      "refId":"flora_chokeweed_02",
      "inventory":[{
          "refId":"ingred_chokeweed_01",
          "count":1,
          "charge":-1,
          "enchantmentCharge":-1,
          "soul":""
        }]
    },
    "0-1285":{
      "refId":"netch_bull",
      "location":{
        "posX":-58826.5234375,
        "posZ":1721.23046875,
        "posY":113358.984375,
        "rotX":0.27213582396507,
        "rotY":0,
        "rotZ":2.1755840778351
      },
      "stats":{
        "healthCurrent":45,
        "magickaCurrent":100,
        "healthModified":45,
        "fatigueBase":400,
        "fatigueModified":400,
        "healthBase":45,
        "magickaModified":100,
        "magickaBase":100,
        "fatigueCurrent":400
      }
    },
    "49994-0":{
      "refId":"flora_chokeweed_02",
      "inventory":[]
    },
    "49990-0":{
      "refId":"flora_chokeweed_02",
      "inventory":[{
          "refId":"ingred_chokeweed_01",
          "count":1,
          "charge":-1,
          "enchantmentCharge":-1,
          "soul":""
        }]
    },
    "49997-0":{
      "refId":"flora_chokeweed_02",
      "inventory":[{
          "refId":"ingred_chokeweed_01",
          "count":1,
          "charge":-1,
          "enchantmentCharge":-1,
          "soul":""
        }]
    },
    "49999-0":{
      "refId":"flora_chokeweed_02",
      "inventory":[{
          "refId":"ingred_chokeweed_01",
          "count":1,
          "charge":-1,
          "enchantmentCharge":-1,
          "soul":""
        }]
    },
    "49995-0":{
      "refId":"flora_chokeweed_02",
      "inventory":[]
    },
    "50005-0":{
      "refId":"flora_chokeweed_02",
      "inventory":[{
          "refId":"ingred_chokeweed_01",
          "count":1,
          "charge":-1,
          "enchantmentCharge":-1,
          "soul":""
        }]
    },
    "50000-0":{
      "refId":"flora_chokeweed_02",
      "inventory":[{
          "refId":"ingred_chokeweed_01",
          "count":1,
          "charge":-1,
          "enchantmentCharge":-1,
          "soul":""
        }]
    },
    "49996-0":{
      "refId":"flora_chokeweed_02",
      "inventory":[{
          "refId":"ingred_chokeweed_01",
          "count":1,
          "charge":-1,
          "enchantmentCharge":-1,
          "soul":""
        }]
    },
    "50002-0":{
      "refId":"flora_chokeweed_02",
      "inventory":[{
          "refId":"ingred_chokeweed_01",
          "count":1,
          "charge":-1,
          "enchantmentCharge":-1,
          "soul":""
        }]
    },
    "0-1286":{
      "refId":"scrib blighted",
      "location":{
        "posX":-64468.0390625,
        "posZ":714.28247070313,
        "posY":113773.609375,
        "rotX":-1.3310482501984,
        "rotY":0,
        "rotZ":0.0054123401641846
      },
      "stats":{
        "healthCurrent":30,
        "magickaCurrent":12,
        "healthModified":30,
        "fatigueBase":400,
        "fatigueModified":400,
        "healthBase":30,
        "magickaModified":12,
        "magickaBase":12,
        "fatigueCurrent":400
      }
    },
    "49992-0":{
      "refId":"flora_chokeweed_02",
      "inventory":[{
          "refId":"ingred_chokeweed_01",
          "count":1,
          "charge":-1,
          "enchantmentCharge":-1,
          "soul":""
        }]
    },
    "0-1283":{
      "refId":"scrib diseased",
      "location":{
        "posX":-59033.46875,
        "posZ":1026.3703613281,
        "posY":108464.140625,
        "rotX":-0.53002029657364,
        "rotY":0,
        "rotZ":-0.89726614952087
      },
      "stats":{
        "healthCurrent":8,
        "magickaCurrent":12,
        "healthModified":8,
        "fatigueBase":76,
        "fatigueModified":76,
        "healthBase":8,
        "magickaModified":12,
        "magickaBase":12,
        "fatigueCurrent":76
      }
    },
    "49991-0":{
      "refId":"flora_chokeweed_02",
      "inventory":[{
          "refId":"ingred_chokeweed_01",
          "count":1,
          "charge":-1,
          "enchantmentCharge":-1,
          "soul":""
        }]
    },
    "274687-0":{
      "refId":"shinammu radansour",
      "location":{
        "posX":-64490.7578125,
        "posZ":709.5498046875,
        "posY":108103.8828125,
        "rotX":0,
        "rotY":0,
        "rotZ":2.5338070392609
      },
      "stats":{
        "healthCurrent":50,
        "magickaCurrent":88,
        "healthModified":50,
        "fatigueBase":174,
        "fatigueModified":174,
        "healthBase":50,
        "magickaModified":88,
        "magickaBase":88,
        "fatigueCurrent":174
      },
      "equipment":{
        "7":{
          "refId":"chitin boots",
          "count":1,
          "charge":-1,
          "enchantmentCharge":-1
        },
        "8":{
          "refId":"common_shirt_01_u",
          "count":1,
          "charge":-1,
          "enchantmentCharge":-1
        },
        "10":{
          "refId":"expensive_skirt_01",
          "count":1,
          "charge":-1,
          "enchantmentCharge":-1
        },
        "16":{
          "refId":"chitin club",
          "count":1,
          "charge":-1,
          "enchantmentCharge":-1
        }
      },
      "inventory":[{
          "refId":"chitin boots",
          "count":1,
          "charge":-1,
          "enchantmentCharge":-1,
          "soul":""
        },{
          "refId":"expensive_skirt_01",
          "count":1,
          "charge":-1,
          "enchantmentCharge":-1,
          "soul":""
        },{
          "refId":"common_shirt_01_u",
          "count":1,
          "charge":-1,
          "enchantmentCharge":-1,
          "soul":""
        },{
          "refId":"common_shoes_01",
          "count":1,
          "charge":-1,
          "enchantmentCharge":-1,
          "soul":""
        },{
          "refId":"chitin club",
          "count":1,
          "charge":-1,
          "enchantmentCharge":-1,
          "soul":""
        }]
    },
    "274689-0":{
      "refId":"pilun ashapaladdon",
      "location":{
        "posX":-64427.7578125,