{
  "packets":{
    "actorList":["0-4206","0-4207","0-4208","0-4209","0-4210","0-4211","0-4212","0-4213","0-4214","0-4215"],
    "ai":[],
    "cellChangeFrom":[],
    "cellChangeTo":[],
    "container":["44148-0","44149-0","44151-0","44155-0","50173-0","50174-0","50175-0","50176-0","50177-0","50178-0","50179-0","50180-0","475106-0","475107-0","475108-0","475109-0","475110-0","475111-0","475116-0","475117-0","475118-0","475119-0","475120-0","475121-0","475125-0","475126-0","475127-0","475128-0","475129-0","475130-0","475131-0","475132-0","475133-0","475134-0","475135-0","475136-0","475137-0","475138-0","475139-0","475140-0","475141-0","475148-0","475149-0","475150-0","475151-0","475152-0","475153-0","475154-0","475155-0","475160-0","475161-0","475162-0","475163-0"],
    "death":[],
    "delete":[],
    "doorState":[],
    "equipment":[],
    "lock":[],
    "place":[],
    "position":["0-4206","0-4207","0-4208","0-4209","0-4210","0-4211","0-4212","0-4213","0-4214","0-4215"],
    "scale":[],
    "spawn":["0-4206","0-4207","0-4208","0-4209","0-4210","0-4211","0-4212","0-4213","0-4214","0-4215"],
    "state":[],
    "statsDynamic":["0-4206","0-4207","0-4208","0-4209","0-4210","0-4211","0-4212","0-4213","0-4214","0-4215"],
    "trap":[]
  },
  "entry":{
    "creationTime":1555208961,
    "description":"-8, 9"
  },
  "lastVisit":{
    "Fendryn":1555209006
  },
  "recordLinks":[],
  "objectData":{
    "0-4211":{
      "refId":"netch_betty",
      "location":{
        "posX":-62157.8671875,
        "posZ":1779.1044921875,
        "posY":77559.7578125,
        "rotX":0,
        "rotY":0,
        "rotZ":-1.5138199329376
      },
      "stats":{
        "healthCurrent":113,
        "magickaCurrent":75,
        "healthModified":113,
        "fatigueBase":500,
        "fatigueModified":500,
        "healthBase":113,
        "magickaModified":75,
        "magickaBase":75,
        "fatigueCurrent":500
      }
    },
    "0-4209":{
      "refId":"rat",
      "location":{
        "posX":-61237.8671875,
        "posZ":2632.2751464844,
        "posY":75588.0234375,
        "rotX":-0.10113833844662,
        "rotY":0,
        "rotZ":-2.1172029972076
      },
      "stats":{
        "healthCurrent":23,
        "magickaCurrent":10,
        "healthModified":23,
        "fatigueBase":300,
        "fatigueModified":300,
        "healthBase":23,
        "magickaModified":10,
        "magickaBase":10,
        "fatigueCurrent":300
      }
    },
    "475148-0":{
      "refId":"flora_kreshweed_02",
      "inventory":[{
          "refId":"ingred_kresh_fiber_01",
          "count":1,
          "charge":-1,
          "enchantmentCharge":-1,
          "soul":""
        }]
    },
    "0-4214":{
      "refId":"netch_bull",
      "location":{
        "posX":-57923.9453125,
        "posZ":1786.5125732422,
        "posY":80051.140625,
        "rotX":0,
        "rotY":0,
        "rotZ":0
      },
      "stats":{
        "healthCurrent":45,
        "magickaCurrent":100,
        "healthModified":45,
        "fatigueBase":400,
        "fatigueModified":400,
        "healthBase":45,
        "magickaModified":100,
        "magickaBase":100,
        "fatigueCurrent":400
      }
    },
    "0-4213":{
      "refId":"kwama forager",
      "location":{
        "posX":-59123.7265625,
        "posZ":2348.0571289063,
        "posY":78789.84375,
        "rotX":-0.089235439896584,
        "rotY":0,
        "rotZ":-0.016666650772095
      },
      "stats":{
        "healthCurrent":23,
        "magickaCurrent":15,
        "healthModified":23,
        "fatigueBase":300,
        "fatigueModified":300,
        "healthBase":23,
        "magickaModified":15,
        "magickaBase":15,
        "fatigueCurrent":300
      }
    },
    "475111-0":{
      "refId":"flora_stoneflower_02",
      "inventory":[{
          "refId":"ingred_stoneflower_petals_01",
          "count":1,
          "charge":-1,
          "enchantmentCharge":-1,
          "soul":""
        }]
    },
    "50179-0":{
      "refId":"flora_chokeweed_02",
      "inventory":[{
          "refId":"ingred_chokeweed_01",
          "count":1,
          "charge":-1,
          "enchantmentCharge":-1,
          "soul":""
        }]
    },
    "44155-0":{
      "refId":"flora_chokeweed_02",
      "inventory":[{
          "refId":"ingred_chokeweed_01",
          "count":1,
          "charge":-1,
          "enchantmentCharge":-1,
          "soul":""
        }]
    },
    "475140-0":{
      "refId":"flora_stoneflower_01",
      "inventory":[]
    },
    "475150-0":{
      "refId":"flora_roobrush_02",
      "inventory":[{
          "refId":"ingred_roobrush_01",
          "count":1,
          "charge":-1,
          "enchantmentCharge":-1,
          "soul":""
        }]
    },
    "0-4210":{
      "refId":"scrib",
      "location":{
        "posX":-63412.72265625,
        "posZ":2769,
        "posY":74824.21875,
        "rotX":0,
        "rotY":0,
        "rotZ":-2.3821866512299
      },
      "stats":{
        "healthCurrent":8,
        "magickaCurrent":12,
        "healthModified":8,
        "fatigueBase":300,
        "fatigueModified":300,
        "healthBase":8,
        "magickaModified":12,
        "magickaBase":12,
        "fatigueCurrent":300
      }
    },
    "50178-0":{
      "refId":"flora_chokeweed_02",
      "inventory":[{
          "refId":"ingred_chokeweed_01",
          "count":1,
          "charge":-1,
          "enchantmentCharge":-1,
          "soul":""
        }]
    },
    "0-4208":{
      "refId":"scrib",
      "location":{
        "posX":-59114.62109375,
        "posZ":2290.4213867188,
        "posY":74457.1171875,
        "rotX":0,
        "rotY":0,
        "rotZ":0
      },
      "stats":{
        "healthCurrent":8,
        "magickaCurrent":12,
        "healthModified":8,
        "fatigueBase":300,
        "fatigueModified":300,
        "healthBase":8,
        "magickaModified":12,
        "magickaBase":12,
        "fatigueCurrent":300
      }
    },
    "0-4207":{
      "refId":"corprus_stalker",
      "location":{
        "posX":-61327.78515625,
        "posZ":2645.6569824219,
        "posY":75522.0390625,
        "rotX":0,
        "rotY":0,
        "rotZ":0
      },
      "stats":{
        "healthCurrent":60,
        "magickaCurrent":50,
        "healthModified":60,
        "fatigueBase":300,
        "fatigueModified":300,
        "healthBase":60,
        "magickaModified":50,
        "magickaBase":50,
        "fatigueCurrent":300
      }
    },
    "0-4206":{
      "refId":"netch_bull",
      "location":{
        "posX":-63219.30078125,
        "posZ":2738.0864257813,
        "posY":76355.46875,
        "rotX":0,
        "rotY":0,
        "rotZ":-0.076981544494629
      },
      "stats":{
        "healthCurrent":45,
        "magickaCurrent":100,
        "healthModified":45,
        "fatigueBase":400,
        "fatigueModified":400,
        "healthBase":45,
        "magickaModified":100,
        "magickaBase":100,
        "fatigueCurrent":400
      }
    },
    "475106-0":{
      "refId":"flora_stoneflower_01",
      "inventory":[{
          "refId":"ingred_stoneflower_petals_01",
          "count":1,
          "charge":-1,
          "enchantmentCharge":-1,
          "soul":""
        }]
    },
    "50175-0":{
      "refId":"flora_chokeweed_02",
      "inventory":[{
          "refId":"ingred_chokeweed_01",
          "count":1,
          "charge":-1,
          "enchantmentCharge":-1,
          "soul":""
        }]
    },
    "475116-0":{
      "refId":"flora_stoneflower_01",
      "inventory":[{
          "refId":"ingred_stoneflower_petals_01",
          "count":1,
          "charge":-1,
          "enchantmentCharge":-1,
          "soul":""
        }]
    },
    "475136-0":{
      "refId":"flora_stoneflower_01",
      "inventory":[{
          "refId":"ingred_stoneflower_petals_01",
          "count":1,
          "charge":-1,
          "enchantmentCharge":-1,
          "soul":""
        }]
    },