{
  "packets":{
    "actorList":["0-1086","0-1087","0-1088","274696-0","274697-0","476742-0","0-1089"],
    "ai":[],
    "cellChangeFrom":[],
    "cellChangeTo":[],
    "container":["471834-0","471835-0","471836-0","471839-0","471840-0","471842-0","471843-0","471844-0","471845-0","471846-0","471847-0","471848-0","471849-0","471851-0","471852-0","471853-0","471855-0","274696-0","274697-0","476742-0"],
    "death":[],
    "delete":[],
    "doorState":[],
    "equipment":["274696-0","274697-0"],
    "lock":[],
    "place":[],
    "position":["274696-0","274697-0","476742-0","0-1086","0-1087","0-1088","0-1089"],
    "scale":[],
    "spawn":["0-1086","0-1087","0-1088","0-1089"],
    "state":[],
    "statsDynamic":["274696-0","274697-0","476742-0","0-1086","0-1087","0-1088","0-1089"],
    "trap":[]
  },
  "entry":{
    "creationTime":1554526891,
    "description":"-9, 15"
  },
  "lastVisit":{
    "the luch":1554872135,
    "DizzyDasher":1554872014,
    "Den":1556252929,
    "Fendryn":1556252966
  },
  "recordLinks":[],
  "objectData":{
    "471851-0":{
      "refId":"flora_chokeweed_02",
      "inventory":[{
          "refId":"ingred_chokeweed_01",
          "count":1,
          "charge":-1,
          "enchantmentCharge":-1,
          "soul":""
        }]
    },
    "0-1086":{
      "refId":"scrib",
      "location":{
        "posX":-69285.6796875,
        "posZ":1528.9526367188,
        "posY":129972.21875,
        "rotX":0.089361518621445,
        "rotY":0,
        "rotZ":-2.6451103687286
      },
      "stats":{
        "healthCurrent":8,
        "magickaCurrent":12,
        "healthModified":8,
        "fatigueBase":300,
        "fatigueModified":300,
        "healthBase":8,
        "magickaModified":12,
        "magickaBase":12,
        "fatigueCurrent":300
      }
    },
    "471853-0":{
      "refId":"flora_stoneflower_01",
      "inventory":[]
    },
    "471842-0":{
      "refId":"flora_bittergreen_pod_01",
      "inventory":[]
    },
    "471843-0":{
      "refId":"flora_bittergreen_01",
      "inventory":[{
          "refId":"ingred_bittergreen_petals_01",
          "count":1,
          "charge":-1,
          "enchantmentCharge":-1,
          "soul":""
        }]
    },
    "0-1088":{
      "refId":"kwama forager blighted",
      "location":{
        "posX":-71789.9453125,
        "posZ":921.97631835938,
        "posY":127708.34375,
        "rotX":0.10061679780483,
        "rotY":0,
        "rotZ":-2.6219036579132
      },
      "stats":{
        "healthCurrent":45,
        "magickaCurrent":100,
        "healthModified":45,
        "fatigueBase":400,
        "fatigueModified":400,
        "healthBase":45,
        "magickaModified":100,
        "magickaBase":100,
        "fatigueCurrent":400
      }
    },
    "471855-0":{
      "refId":"flora_kreshweed_03",
      "inventory":[{
          "refId":"ingred_kresh_fiber_01",
          "count":1,
          "charge":-1,
          "enchantmentCharge":-1,
          "soul":""
        }]
    },
    "471848-0":{
      "refId":"flora_kreshweed_01",
      "inventory":[{
          "refId":"ingred_kresh_fiber_01",
          "count":1,
          "charge":-1,
          "enchantmentCharge":-1,
          "soul":""
        }]
    },
    "471835-0":{
      "refId":"flora_kreshweed_02",
      "inventory":[{
          "refId":"ingred_kresh_fiber_01",
          "count":1,
          "charge":-1,
          "enchantmentCharge":-1,
          "soul":""
        }]
    },
    "471852-0":{
      "refId":"flora_chokeweed_02",
      "inventory":[]
    },
    "471845-0":{
      "refId":"flora_bittergreen_03",
      "inventory":[{
          "refId":"ingred_bittergreen_petals_01",
          "count":3,
          "charge":-1,
          "enchantmentCharge":-1,
          "soul":""
        }]
    },
    "471844-0":{
      "refId":"flora_bittergreen_02",
      "inventory":[{
          "refId":"ingred_bittergreen_petals_01",
          "count":1,
          "charge":-1,
          "enchantmentCharge":-1,
          "soul":""
        }]
    },
    "476742-0":{
      "refId":"kwama worker entrance",
      "location":{
        "posX":-67223.125,
        "posZ":1588.4006347656,
        "posY":128872.53125,
        "rotX":0,
        "rotY":0,
        "rotZ":0
      },
      "stats":{
        "healthCurrent":30,
        "magickaCurrent":8,
        "healthModified":30,
        "fatigueBase":300,
        "fatigueModified":300,
        "healthBase":30,
        "magickaModified":8,
        "magickaBase":8,
        "fatigueCurrent":300
      },
      "inventory":[{
          "refId":"ingred_kwama_cuttle_01",
          "count":1,
          "charge":-1,
          "enchantmentCharge":-1,
          "soul":""
        },{
          "refId":"food_kwama_egg_01",
          "count":1,
          "charge":-1,
          "enchantmentCharge":-1,
          "soul":""
        }]
    },
    "0-1089":{
      "refId":"nix-hound blighted",
      "location":{
        "posX":-70857.7578125,
        "posZ":1452.1875,
        "posY":130984.53125,
        "rotX":-0.1709021627903,
        "rotY":0,
        "rotZ":-0.351398229599
      },
      "stats":{
        "healthCurrent":68,
        "magickaCurrent":10,
        "healthModified":68,
        "fatigueBase":142,
        "fatigueModified":142,
        "healthBase":68,
        "magickaModified":10,
        "magickaBase":10,
        "fatigueCurrent":142
      }
    },
    "471849-0":{
      "refId":"flora_kreshweed_02",
      "inventory":[{
          "refId":"ingred_kresh_fiber_01",
          "count":1,
          "charge":-1,
          "enchantmentCharge":-1,
          "soul":""
        }]
    },
    "471836-0":{
      "refId":"flora_kreshweed_01",
      "inventory":[{
          "refId":"ingred_kresh_fiber_01",
          "count":1,
          "charge":-1,
          "enchantmentCharge":-1,
          "soul":""
        }]
    },
    "274696-0":{
      "refId":"minisun ulirbabi",
      "location":{
        "posX":-68810.2578125,
        "posZ":1273,
        "posY":125449.7109375,
        "rotX":0,
        "rotY":0,
        "rotZ":0.70000004768372
      },
      "stats":{
        "healthCurrent":90,
        "magickaCurrent":94,
        "healthModified":90,
        "fatigueBase":204,
        "fatigueModified":204,
        "healthBase":90,
        "magickaModified":94,
        "magickaBase":94,
        "fatigueCurrent":204
      },
      "equipment":{
        "1":{
          "refId":"netch_leather_boiled_cuirass",
          "count":1,
          "charge":-1,
          "enchantmentCharge":-1
        },
        "7":{
          "refId":"common_shoes_01",
          "count":1,
          "charge":-1,
          "enchantmentCharge":-1
        },
        "16":{
          "refId":"chitin shortsword",
          "count":1,
          "charge":-1,
          "enchantmentCharge":-1
        },
        "9":{
          "refId":"common_pants_05",
          "count":1,
          "charge":-1,
          "enchantmentCharge":-1
        }
      },
      "inventory":[{
          "refId":"netch_leather_boiled_cuirass",
          "count":1,
          "charge":-1,
          "enchantmentCharge":-1,
          "soul":""
        },{
          "refId":"common_shoes_01",
          "count":1,
          "charge":-1,
          "enchantmentCharge":-1,
          "soul":""
        },{
          "refId":"common_pants_05",
          "count":1,
          "charge":-1,
          "enchantmentCharge":-1,
          "soul":""
        },{
          "refId":"chitin shortsword",
          "count":1,
          "charge":-1,
          "enchantmentCharge":-1,
          "soul":""
        }]
    },
    "471834-0":{
      "refId":"flora_kreshweed_03",
      "inventory":[{
          "refId":"ingred_kresh_fiber_01",
          "count":1,
          "charge":-1,
          "enchantmentCharge":-1,
          "soul":""
        }]
    },
    "0-1087":{
      "refId":"kwama forager",
      "location":{
        "posX":-73327.8515625,
        "posZ":932.64038085938,
        "posY":129445.015625,