{
  "packets":{
    "actorList":["98094-0","98095-0","98096-0","410976-0"],
    "ai":[],
    "cellChangeFrom":["410976-0"],
    "cellChangeTo":[],
    "container":["209233-0","209234-0","209235-0","209236-0","209237-0","209238-0","209239-0","209253-0","209254-0","209255-0","209256-0","209257-0","209258-0","209259-0","209260-0","209261-0","209263-0","209264-0","209266-0","209267-0","209268-0","209269-0","209270-0","209271-0","209272-0","209273-0","209274-0","209275-0","209276-0","209277-0","209278-0","209279-0","209280-0","209281-0","209282-0","209283-0","209284-0","209285-0","209286-0","98094-0","98095-0","98096-0","410976-0"],
    "death":["410976-0"],
    "delete":[],
    "doorState":[],
    "equipment":["98094-0","98095-0","98096-0"],
    "lock":[],
    "place":[],
    "position":["410976-0","98094-0","98095-0","98096-0"],
    "scale":[],
    "spawn":[],
    "state":[],
    "statsDynamic":["410976-0","98094-0","98095-0","98096-0"],
    "trap":[]
  },
  "entry":{
    "creationTime":1554611151,
    "description":"-9, 5"
  },
  "lastVisit":{
    "Den":1554621218,
    "Fendryn":1555208966
  },
  "recordLinks":[],
  "objectData":{
    "209233-0":{
      "refId":"flora_bc_shelffungus_02",
      "inventory":[{
          "refId":"ingred_bc_bungler's_bane",
          "count":1,
          "charge":-1,
          "enchantmentCharge":-1,
          "soul":""
        }]
    },
    "98096-0":{
      "refId":"sulis rendas",
      "location":{
        "posX":-70352.6640625,
        "posZ":2403.2639160156,
        "posY":46640.1015625,
        "rotX":0,
        "rotY":0,
        "rotZ":0
      },
      "stats":{
        "healthCurrent":82,
        "magickaCurrent":22,
        "healthModified":82,
        "fatigueBase":226,
        "fatigueModified":226,
        "healthBase":82,
        "magickaModified":22,
        "magickaBase":22,
        "fatigueCurrent":226
      },
      "equipment":{
        "7":{
          "refId":"common_shoes_03",
          "count":1,
          "charge":-1,
          "enchantmentCharge":-1
        },
        "16":{
          "refId":"short bow",
          "count":1,
          "charge":-1,
          "enchantmentCharge":-1
        },
        "11":{
          "refId":"common_robe_02_hh",
          "count":1,
          "charge":-1,
          "enchantmentCharge":-1
        }
      },
      "inventory":[{
          "refId":"common_robe_02_hh",
          "count":1,
          "charge":-1,
          "enchantmentCharge":-1,
          "soul":""
        },{
          "refId":"common_shoes_03",
          "count":1,
          "charge":-1,
          "enchantmentCharge":-1,
          "soul":""
        },{
          "refId":"iron arrow",
          "count":40,
          "charge":-1,
          "enchantmentCharge":-1,
          "soul":""
        },{
          "refId":"short bow",
          "count":1,
          "charge":-1,
          "enchantmentCharge":-1,
          "soul":""
        }]
    },
    "209273-0":{
      "refId":"flora_bc_mushroom_06",
      "inventory":[{
          "refId":"ingred_coprinus_01",
          "count":1,
          "charge":-1,
          "enchantmentCharge":-1,
          "soul":""
        }]
    },
    "209234-0":{
      "refId":"flora_bc_shelffungus_01",
      "inventory":[{
          "refId":"ingred_bc_bungler's_bane",
          "count":1,
          "charge":-1,
          "enchantmentCharge":-1,
          "soul":""
        }]
    },
    "209239-0":{
      "refId":"flora_bc_shelffungus_02",
      "inventory":[{
          "refId":"ingred_bc_bungler's_bane",
          "count":1,
          "charge":-1,
          "enchantmentCharge":-1,
          "soul":""
        }]
    },
    "209272-0":{
      "refId":"flora_bc_mushroom_08",
      "inventory":[{
          "refId":"ingred_coprinus_01",
          "count":2,
          "charge":-1,
          "enchantmentCharge":-1,
          "soul":""
        }]
    },
    "209269-0":{
      "refId":"flora_bc_mushroom_06",
      "inventory":[]
    },
    "209258-0":{
      "refId":"flora_bc_shelffungus_01",
      "inventory":[]
    },
    "209236-0":{
      "refId":"flora_bc_shelffungus_03",
      "inventory":[{
          "refId":"ingred_bc_hypha_facia",
          "count":1,
          "charge":-1,
          "enchantmentCharge":-1,
          "soul":""
        }]
    },
    "209278-0":{
      "refId":"flora_bc_mushroom_03",
      "inventory":[{
          "refId":"ingred_russula_01",
          "count":1,
          "charge":-1,
          "enchantmentCharge":-1,
          "soul":""
        }]
    },
    "209256-0":{
      "refId":"flora_bc_shelffungus_03",
      "inventory":[{
          "refId":"ingred_bc_hypha_facia",
          "count":1,
          "charge":-1,
          "enchantmentCharge":-1,
          "soul":""
        }]
    },
    "209235-0":{
      "refId":"flora_bc_shelffungus_03",
      "inventory":[{
          "refId":"ingred_bc_hypha_facia",
          "count":1,
          "charge":-1,
          "enchantmentCharge":-1,
          "soul":""
        }]
    },
    "410976-0":{
      "refId":"cliff racer",
      "location":{
        "posX":-70857.8359375,
        "posZ":897.06799316406,
        "posY":41129.80859375,
        "rotX":0,
        "rotY":0,
        "rotZ":0
      },
      "stats":{
        "healthCurrent":0,
        "magickaCurrent":20,
        "healthModified":45,
        "fatigueBase":400,
        "fatigueModified":400,
        "healthBase":45,
        "magickaModified":20,
        "magickaBase":20,
        "fatigueCurrent":400
      },
      "cellChangeFrom":"-9, 4",
      "inventory":[{
          "refId":"ingred_racer_plumes_01",
          "count":1,
          "charge":-1,
          "enchantmentCharge":-1,
          "soul":""
        }],
      "killer":{
        "player":"Den"
      }
    },
    "209255-0":{
      "refId":"flora_bc_shelffungus_02",
      "inventory":[{
          "refId":"ingred_bc_bungler's_bane",
          "count":1,
          "charge":-1,
          "enchantmentCharge":-1,
          "soul":""
        }]
    },
    "209238-0":{
      "refId":"flora_bc_shelffungus_04",
      "inventory":[]
    },
    "98095-0":{
      "refId":"giryn nirith",
      "location":{
        "posX":-68466.0234375,
        "posZ":2403.2583007813,
        "posY":45300.0390625,
        "rotX":0,
        "rotY":0,
        "rotZ":0.22208189964294
      },
      "stats":{
        "healthCurrent":103,
        "magickaCurrent":23,
        "healthModified":103,
        "fatigueBase":249,
        "fatigueModified":249,
        "healthBase":103,
        "magickaModified":23,
        "magickaBase":23,
        "fatigueCurrent":249
      },
      "equipment":{
        "7":{
          "refId":"common_shoes_05",
          "count":1,
          "charge":-1,
          "enchantmentCharge":-1
        },
        "8":{
          "refId":"common_shirt_02_h",
          "count":1,
          "charge":-1,
          "enchantmentCharge":-1
        },
        "16":{
          "refId":"short bow",
          "count":1,
          "charge":-1,
          "enchantmentCharge":-1
        },
        "9":{
          "refId":"common_pants_04",
          "count":1,
          "charge":-1,
          "enchantmentCharge":-1
        }
      },
      "inventory":[{
          "refId":"common_shirt_02_h",
          "count":1,
          "charge":-1,
          "enchantmentCharge":-1,
          "soul":""
        },{
          "refId":"common_shoes_05",
          "count":1,
          "charge":-1,
          "enchantmentCharge":-1,
          "soul":""
        },{
          "refId":"common_pants_04",
          "count":1,
          "charge":-1,
          "enchantmentCharge":-1,
          "soul":""
        },{
          "refId":"iron arrow",
          "count":40,
          "charge":-1,
          "enchantmentCharge":-1,
          "soul":""
        },{
          "refId":"short bow",
          "count":1,
          "charge":-1,
          "enchantmentCharge":-1,
          "soul":""
        }]
    },
    "209274-0":{
      "refId":"flora_bc_mushroom_08",