{
  "packets":{
    "actorList":["0-1094","113114-0","113115-0","470782-0","480895-0","8368-0","303563-0"],
    "ai":[],
    "cellChangeFrom":[],
    "cellChangeTo":["355346-0"],
    "container":["68056-0","68059-0","68080-0","313085-0","313086-0","415342-0","415343-0","415348-0","415349-0","415357-0","415358-0","113114-0","113115-0","470782-0","480895-0","8368-0","303563-0"],
    "death":[],
    "delete":[],
    "doorState":[],
    "equipment":["113114-0","113115-0","470782-0","480895-0","8368-0"],
    "lock":[],
    "place":[],
    "position":["113114-0","113115-0","303563-0","470782-0","480895-0","8368-0","0-1094"],
    "scale":[],
    "spawn":["0-1094"],
    "state":[],
    "statsDynamic":["113114-0","113115-0","303563-0","470782-0","480895-0","8368-0","0-1094"],
    "trap":[]
  },
  "entry":{
    "creationTime":1554526891,
    "description":"-9, 17"
  },
  "lastVisit":{
    "the luch":1554872188,
    "Fendryn":1556252978,
    "Den":1556252950,
    "DizzyDasher":1554872024
  },
  "recordLinks":[],
  "objectData":{
    "303563-0":{
      "refId":"mudcrab",
      "location":{
        "posX":-71731.0234375,
        "posZ":72.027404785156,
        "posY":141552.828125,
        "rotX":0.0053774444386363,
        "rotY":0,
        "rotZ":1.5112216472626
      },
      "stats":{
        "healthCurrent":15,
        "magickaCurrent":5,
        "healthModified":15,
        "fatigueBase":400,
        "fatigueModified":400,
        "healthBase":15,
        "magickaModified":5,
        "magickaBase":5,
        "fatigueCurrent":400
      },
      "inventory":[{
          "refId":"ingred_crab_meat_01",
          "count":1,
          "charge":-1,
          "enchantmentCharge":-1,
          "soul":""
        }]
    },
    "8368-0":{
      "refId":"s'virr",
      "location":{
        "posX":-68965.4296875,
        "posZ":82.717666625977,
        "posY":142159.59375,
        "rotX":0,
        "rotY":0,
        "rotZ":-1.8999998569489
      },
      "stats":{
        "healthCurrent":126,
        "magickaCurrent":142,
        "healthModified":126,
        "fatigueBase":243,
        "fatigueModified":243,
        "healthBase":126,
        "magickaModified":142,
        "magickaBase":142,
        "fatigueCurrent":243
      },
      "equipment":{
        "8":{
          "refId":"bm_wool01_shirt",
          "count":1,
          "charge":-1,
          "enchantmentCharge":-1
        },
        "16":{
          "refId":"iron dagger",
          "count":1,
          "charge":-1,
          "enchantmentCharge":-1
        },
        "9":{
          "refId":"bm_wool01_pants",
          "count":1,
          "charge":-1,
          "enchantmentCharge":-1
        }
      },
      "inventory":[{
          "refId":"bm_wool01_shirt",
          "count":1,
          "charge":-1,
          "enchantmentCharge":-1,
          "soul":""
        },{
          "refId":"bm_wool01_pants",
          "count":1,
          "charge":-1,
          "enchantmentCharge":-1,
          "soul":""
        },{
          "refId":"gold_001",
          "count":220,
          "charge":-1,
          "enchantmentCharge":-1,
          "soul":""
        },{
          "refId":"iron dagger",
          "count":1,
          "charge":-1,
          "enchantmentCharge":-1,
          "soul":""
        }]
    },
    "415349-0":{
      "refId":"kollop_03_pearl",
      "inventory":[]
    },
    "68059-0":{
      "refId":"com_chest_02_gold_25",
      "inventory":[{
          "refId":"gold_001",
          "count":25,
          "charge":-1,
          "enchantmentCharge":-1,
          "soul":""
        }]
    },
    "415348-0":{
      "refId":"kollop_02_pearl",
      "inventory":[]
    },
    "313086-0":{
      "refId":"com_sack_03_pos",
      "inventory":[]
    },
    "113114-0":{
      "refId":"rivame samandas",
      "location":{
        "posX":-67271.4609375,
        "posZ":282.16015625,
        "posY":141347.78125,
        "rotX":-0.15494127571583,
        "rotY":0,
        "rotZ":-0.24221873283386
      },
      "stats":{
        "healthCurrent":51,
        "magickaCurrent":82,
        "healthModified":51,
        "fatigueBase":164,
        "fatigueModified":164,
        "healthBase":51,
        "magickaModified":82,
        "magickaBase":82,
        "fatigueCurrent":164
      },
      "equipment":{
        "7":{
          "refId":"common_shoes_02",
          "count":1,
          "charge":-1,
          "enchantmentCharge":-1
        },
        "8":{
          "refId":"common_shirt_02",
          "count":1,
          "charge":-1,
          "enchantmentCharge":-1
        },
        "16":{
          "refId":"chitin shortsword",
          "count":1,
          "charge":-1,
          "enchantmentCharge":-1
        },
        "9":{
          "refId":"common_pants_02",
          "count":1,
          "charge":-1,
          "enchantmentCharge":-1
        }
      },
      "inventory":[{
          "refId":"common_shirt_02",
          "count":1,
          "charge":-1,
          "enchantmentCharge":-1,
          "soul":""
        },{
          "refId":"common_shoes_02",
          "count":1,
          "charge":-1,
          "enchantmentCharge":-1,
          "soul":""
        },{
          "refId":"common_pants_02",
          "count":1,
          "charge":-1,
          "enchantmentCharge":-1,
          "soul":""
        },{
          "refId":"gold_001",
          "count":4,
          "charge":-1,
          "enchantmentCharge":-1,
          "soul":""
        },{
          "refId":"chitin shortsword",
          "count":1,
          "charge":-1,
          "enchantmentCharge":-1,
          "soul":""
        }]
    },
    "415343-0":{
      "refId":"kollop_02_pearl",
      "inventory":[{
          "refId":"ingred_pearl_01",
          "count":1,
          "charge":-1,
          "enchantmentCharge":-1,
          "soul":""
        }]
    },
    "313085-0":{
      "refId":"com_sack_02",
      "inventory":[]
    },
    "415357-0":{
      "refId":"kollop_03_pearl",
      "inventory":[]
    },
    "415342-0":{
      "refId":"kollop_01_pearl",
      "inventory":[]
    },
    "355346-0":{
      "cellChangeTo":"-10, 17"
    },
    "415358-0":{
      "refId":"kollop_01_pearl",
      "inventory":[]
    },
    "0-1094":{
      "refId":"slaughterfish_small",
      "location":{
        "posX":-66835.03125,
        "posZ":-172.06723022461,
        "posY":145264.5,
        "rotX":0,
        "rotY":0,
        "rotZ":-2.9694378376007
      },
      "stats":{
        "healthCurrent":15,
        "magickaCurrent":10,
        "healthModified":15,
        "fatigueBase":300,
        "fatigueModified":300,
        "healthBase":15,
        "magickaModified":10,
        "magickaBase":10,
        "fatigueCurrent":299.93063354492
      }
    },
    "68056-0":{
      "refId":"barrel_01_ingredients",
      "inventory":[{
          "refId":"ingred_alit_hide_01",
          "count":1,
          "charge":-1,
          "enchantmentCharge":-1,
          "soul":""
        },{
          "refId":"ingred_kresh_fiber_01",
          "count":1,
          "charge":-1,
          "enchantmentCharge":-1,
          "soul":""
        },{
          "refId":"ingred_racer_plumes_01",
          "count":2,
          "charge":-1,
          "enchantmentCharge":-1,
          "soul":""
        },{
          "refId":"ingred_hackle-lo_leaf_01",
          "count":2,
          "charge":-1,
          "enchantmentCharge":-1,
          "soul":""
        },{
          "refId":"ingred_resin_01",
          "count":1,
          "charge":-1,
          "enchantmentCharge":-1,
          "soul":""
        },{
          "refId":"ingred_wickwheat_01",
          "count":1,
          "charge":-1,
          "enchantmentCharge":-1,
          "soul":""
        },{
          "refId":"ingred_black_lichen_01",
          "count":1,
          "charge":-1,
          "enchantmentCharge":-1,
          "soul":""
        },{
          "refId":"ingred_kwama_cuttle_01",
          "count":1,
          "charge":-1,