{
  "packets":{
    "actorList":["0-1104","0-1105"],
    "ai":[],
    "cellChangeFrom":[],
    "cellChangeTo":[],
    "container":["402927-0","402928-0","402929-0","402930-0","402931-0","402932-0","402934-0","402935-0","402936-0","402801-0","402802-0","402803-0","402956-0","402957-0","402958-0","402981-0","402982-0","402983-0","403114-0","403115-0","403116-0"],
    "death":[],
    "delete":[],
    "doorState":[],
    "equipment":[],
    "lock":[],
    "place":[],
    "position":["0-1104","0-1105"],
    "scale":[],
    "spawn":["0-1104","0-1105"],
    "state":[],
    "statsDynamic":["0-1104","0-1105"],
    "trap":[]
  },
  "entry":{
    "creationTime":1554526912,
    "description":"-9, 18"
  },
  "lastVisit":{
    "the luch":1554872188,
    "DizzyDasher":1554872024,
    "Den":1556252950,
    "Fendryn":1556252978
  },
  "recordLinks":[],
  "objectData":{
    "0-1105":{
      "refId":"slaughterfish_small",
      "location":{
        "posX":-72652.3203125,
        "posZ":-1245.0269775391,
        "posY":148675.75,
        "rotX":0,
        "rotY":0,
        "rotZ":-0.78539824485779
      },
      "stats":{
        "healthCurrent":15,
        "magickaCurrent":10,
        "healthModified":15,
        "fatigueBase":300,
        "fatigueModified":300,
        "healthBase":15,
        "magickaModified":10,
        "magickaBase":10,
        "fatigueCurrent":299.97308349609
      }
    },
    "402934-0":{
      "refId":"kollop_01_pearl",
      "inventory":[{
          "refId":"ingred_pearl_01",
          "count":1,
          "charge":-1,
          "enchantmentCharge":-1,
          "soul":""
        }]
    },
    "402803-0":{
      "refId":"kollop_03_pearl",
      "inventory":[]
    },
    "0-1104":{
      "refId":"slaughterfish_small",
      "location":{
        "posX":-66529.6484375,
        "posZ":-33.558261871338,
        "posY":153442.71875,
        "rotX":0,
        "rotY":0,
        "rotZ":0.54854941368103
      },
      "stats":{
        "healthCurrent":15,
        "magickaCurrent":10,
        "healthModified":15,
        "fatigueBase":300,
        "fatigueModified":300,
        "healthBase":15,
        "magickaModified":10,
        "magickaBase":10,
        "fatigueCurrent":299.97308349609
      }
    },
    "402931-0":{
      "refId":"kollop_02_pearl",
      "inventory":[]
    },
    "402983-0":{
      "refId":"kollop_03_pearl",
      "inventory":[]
    },
    "402958-0":{
      "refId":"kollop_03_pearl",
      "inventory":[{
          "refId":"ingred_pearl_01",
          "count":1,
          "charge":-1,
          "enchantmentCharge":-1,
          "soul":""
        }]
    },
    "402932-0":{
      "refId":"kollop_03_pearl",
      "inventory":[{
          "refId":"ingred_pearl_01",
          "count":1,
          "charge":-1,
          "enchantmentCharge":-1,
          "soul":""
        }]
    },
    "402930-0":{
      "refId":"kollop_01_pearl",
      "inventory":[]
    },
    "403114-0":{
      "refId":"kollop_01_pearl",
      "inventory":[{
          "refId":"ingred_pearl_01",
          "count":1,
          "charge":-1,
          "enchantmentCharge":-1,
          "soul":""
        }]
    },
    "403116-0":{
      "refId":"kollop_02_pearl",
      "inventory":[]
    },
    "402801-0":{
      "refId":"kollop_01_pearl",
      "inventory":[]
    },
    "403115-0":{
      "refId":"kollop_03_pearl",
      "inventory":[]
    },
    "402802-0":{
      "refId":"kollop_02_pearl",
      "inventory":[{
          "refId":"ingred_pearl_01",
          "count":1,
          "charge":-1,
          "enchantmentCharge":-1,
          "soul":""
        }]
    },
    "402936-0":{
      "refId":"kollop_03_pearl",
      "inventory":[]
    },
    "402981-0":{
      "refId":"kollop_01_pearl",
      "inventory":[]
    },
    "402957-0":{
      "refId":"kollop_02_pearl",
      "inventory":[]
    },
    "402956-0":{
      "refId":"kollop_01_pearl",
      "inventory":[]
    },
    "402927-0":{
      "refId":"kollop_01_pearl",
      "inventory":[]
    },
    "402935-0":{
      "refId":"kollop_02_pearl",
      "inventory":[{
          "refId":"ingred_pearl_01",
          "count":1,
          "charge":-1,
          "enchantmentCharge":-1,
          "soul":""
        }]
    },
    "402929-0":{
      "refId":"kollop_03_pearl",
      "inventory":[]
    },
    "402982-0":{
      "refId":"kollop_02_pearl",
      "inventory":[{
          "refId":"ingred_pearl_01",
          "count":1,
          "charge":-1,
          "enchantmentCharge":-1,
          "soul":""
        }]
    },
    "402928-0":{
      "refId":"kollop_02_pearl",
      "inventory":[{
          "refId":"ingred_pearl_01",
          "count":1,
          "charge":-1,
          "enchantmentCharge":-1,
          "soul":""
        }]
    }
  }
}