{
  "packets":{
    "actorList":["0-1023","0-1025","0-1026","0-1027","0-1024","0-1022"],
    "ai":[],
    "cellChangeFrom":[],
    "cellChangeTo":[],
    "container":["462340-0","462349-0","462353-0","462402-0","462409-0","462416-0","462424-0"],
    "death":[],
    "delete":[],
    "doorState":[],
    "equipment":[],
    "lock":[],
    "place":[],
    "position":["0-1023","0-1025","0-1026","0-1027","0-1024","0-1022"],
    "scale":[],
    "spawn":["0-1023","0-1025","0-1026","0-1027","0-1024","0-1022"],
    "state":[],
    "statsDynamic":["0-1023","0-1025","0-1026","0-1027","0-1024","0-1022"],
    "trap":[]
  },
  "entry":{
    "creationTime":1554441576,
    "description":"0, -12"
  },
  "lastVisit":{
    "the luch":1555387155,
    "Den":1554442186,
    "Fendryn":1555633316
  },
  "recordLinks":[],
  "objectData":{
    "462409-0":{
      "refId":"kollop_02_pearl",
      "inventory":[]
    },
    "0-1027":{
      "refId":"dreugh",
      "location":{
        "posX":3342.7543945313,
        "posZ":-1190.5085449219,
        "posY":-90336.9921875,
        "rotX":0,
        "rotY":0,
        "rotZ":-1.2513196468353
      },
      "stats":{
        "healthCurrent":60,
        "magickaCurrent":75,
        "healthModified":60,
        "fatigueBase":400,
        "fatigueModified":400,
        "healthBase":60,
        "magickaModified":75,
        "magickaBase":75,
        "fatigueCurrent":399.98321533203
      }
    },
    "462416-0":{
      "refId":"kollop_03_pearl",
      "inventory":[{
          "refId":"ingred_pearl_01",
          "count":1,
          "charge":-1,
          "enchantmentCharge":-1,
          "soul":""
        }]
    },
    "0-1023":{
      "refId":"slaughterfish_small",
      "location":{
        "posX":6157.9326171875,
        "posZ":-750.57635498047,
        "posY":-93299.7109375,
        "rotX":0,
        "rotY":0,
        "rotZ":-1.8513329029083
      },
      "stats":{
        "healthCurrent":15,
        "magickaCurrent":10,
        "healthModified":15,
        "fatigueBase":300,
        "fatigueModified":300,
        "healthBase":15,
        "magickaModified":10,
        "magickaBase":10,
        "fatigueCurrent":299.5
      }
    },
    "0-1025":{
      "refId":"slaughterfish",
      "location":{
        "posX":1301.1733398438,
        "posZ":-565.27136230469,
        "posY":-90915.5546875,
        "rotX":0.31462839245796,
        "rotY":0,
        "rotZ":0.076347351074219
      },
      "stats":{
        "healthCurrent":23,
        "magickaCurrent":10,
        "healthModified":23,
        "fatigueBase":400,
        "fatigueModified":400,
        "healthBase":23,
        "magickaModified":10,
        "magickaBase":10,
        "fatigueCurrent":399.5
      }
    },
    "0-1026":{
      "refId":"slaughterfish_small",
      "location":{
        "posX":6480.0859375,
        "posZ":-1041.5031738281,
        "posY":-94649.1484375,
        "rotX":0,
        "rotY":0,
        "rotZ":0.52113819122314
      },
      "stats":{
        "healthCurrent":15,
        "magickaCurrent":10,
        "healthModified":15,
        "fatigueBase":300,
        "fatigueModified":300,
        "healthBase":15,
        "magickaModified":10,
        "magickaBase":10,
        "fatigueCurrent":299.5
      }
    },
    "462349-0":{
      "refId":"kollop_03_pearl",
      "inventory":[]
    },
    "462340-0":{
      "refId":"kollop_03_pearl",
      "inventory":[]
    },
    "462353-0":{
      "refId":"kollop_02_pearl",
      "inventory":[]
    },
    "462424-0":{
      "refId":"kollop_03_pearl",
      "inventory":[]
    },
    "0-1024":{
      "refId":"slaughterfish_small",
      "location":{
        "posX":193.56008911133,
        "posZ":-1035.5498046875,
        "posY":-97953.875,
        "rotX":0,
        "rotY":0,
        "rotZ":-1.0023834705353
      },
      "stats":{
        "healthCurrent":15,
        "magickaCurrent":10,
        "healthModified":15,
        "fatigueBase":300,
        "fatigueModified":300,
        "healthBase":15,
        "magickaModified":10,
        "magickaBase":10,
        "fatigueCurrent":299.98483276367
      }
    },
    "462402-0":{
      "refId":"kollop_02_pearl",
      "inventory":[{
          "refId":"ingred_pearl_01",
          "count":1,
          "charge":-1,
          "enchantmentCharge":-1,
          "soul":""
        }]
    },
    "0-1022":{
      "refId":"slaughterfish",
      "location":{
        "posX":8190.05078125,
        "posZ":-600.88195800781,
        "posY":-95281.171875,
        "rotX":0.00040411576628685,
        "rotY":0,
        "rotZ":-2.8170444965363
      },
      "stats":{
        "healthCurrent":23,
        "magickaCurrent":10,
        "healthModified":23,
        "fatigueBase":400,
        "fatigueModified":400,
        "healthBase":23,
        "magickaModified":10,
        "magickaBase":10,
        "fatigueCurrent":399.95751953125
      }
    }
  }
}