{
  "packets":{
    "actorList":["0-1014","0-1015","0-1016","0-1033","0-1020"],
    "ai":[],
    "cellChangeFrom":[],
    "cellChangeTo":[],
    "container":["462606-0","462614-0","462621-0","462628-0","462655-0","462659-0","462668-0"],
    "death":[],
    "delete":[],
    "doorState":[],
    "equipment":[],
    "lock":[],
    "place":[],
    "position":["0-1014","0-1015","0-1016","0-1033","0-1020"],
    "scale":[],
    "spawn":["0-1014","0-1015","0-1016","0-1033","0-1020"],
    "state":[],
    "statsDynamic":["0-1014","0-1015","0-1016","0-1033","0-1020"],
    "trap":[]
  },
  "entry":{
    "creationTime":1554441576,
    "description":"0, -14"
  },
  "lastVisit":{
    "the luch":1555387147,
    "Den":1554442186,
    "Fendryn":1555384303
  },
  "recordLinks":[],
  "objectData":{
    "462655-0":{
      "refId":"kollop_02_pearl",
      "inventory":[]
    },
    "462621-0":{
      "refId":"kollop_02_pearl",
      "inventory":[{
          "refId":"ingred_pearl_01",
          "count":1,
          "charge":-1,
          "enchantmentCharge":-1,
          "soul":""
        }]
    },
    "462614-0":{
      "refId":"kollop_03_pearl",
      "inventory":[]
    },
    "0-1020":{
      "refId":"dreugh",
      "location":{
        "posX":7969.3427734375,
        "posZ":-915.54956054688,
        "posY":-106503.7890625,
        "rotX":0,
        "rotY":0,
        "rotZ":2.0286638736725
      },
      "stats":{
        "healthCurrent":60,
        "magickaCurrent":75,
        "healthModified":60,
        "fatigueBase":400,
        "magickaModified":75,
        "fatigueModified":400,
        "healthBase":60,
        "magickaBase":75,
        "fatigueCurrent":399.97525024414
      }
    },
    "0-1014":{
      "refId":"slaughterfish",
      "location":{
        "posX":5116.64453125,
        "posZ":-2367.2578125,
        "posY":-108180.8046875,
        "rotX":0,
        "rotY":0,
        "rotZ":1.3178250789642
      },
      "stats":{
        "healthCurrent":23,
        "magickaCurrent":10,
        "healthModified":23,
        "fatigueBase":400,
        "fatigueModified":400,
        "healthBase":23,
        "magickaModified":10,
        "magickaBase":10,
        "fatigueCurrent":399.51577758789
      }
    },
    "462628-0":{
      "refId":"kollop_02_pearl",
      "inventory":[]
    },
    "462606-0":{
      "refId":"kollop_03_pearl",
      "inventory":[]
    },
    "0-1015":{
      "refId":"dreugh",
      "location":{
        "posX":5516.6909179688,
        "posZ":-702.75891113281,
        "posY":-108623.953125,
        "rotX":0.00049998797476292,
        "rotY":0,
        "rotZ":2.722859621048
      },
      "stats":{
        "healthCurrent":60,
        "magickaCurrent":75,
        "healthModified":60,
        "fatigueBase":400,
        "fatigueModified":400,
        "healthBase":60,
        "magickaModified":75,
        "magickaBase":75,
        "fatigueCurrent":399.51577758789
      }
    },
    "0-1016":{
      "refId":"slaughterfish_small",
      "location":{
        "posX":173.61883544922,
        "posZ":-509.41412353516,
        "posY":-107743.671875,
        "rotX":0,
        "rotY":0,
        "rotZ":-0.11809206008911
      },
      "stats":{
        "healthCurrent":15,
        "magickaCurrent":10,
        "healthModified":15,
        "fatigueBase":300,
        "fatigueModified":300,
        "healthBase":15,
        "magickaModified":10,
        "magickaBase":10,
        "fatigueCurrent":299.51577758789
      }
    },
    "462668-0":{
      "refId":"kollop_03_pearl",
      "inventory":[]
    },
    "0-1033":{
      "refId":"slaughterfish_small",
      "location":{
        "posX":8186.5478515625,
        "posZ":-497.52978515625,
        "posY":-111142.578125,
        "rotX":0,
        "rotY":0,
        "rotZ":-0.69436717033386
      },
      "stats":{
        "healthCurrent":15,
        "magickaCurrent":10,
        "healthModified":15,
        "fatigueBase":300,
        "fatigueModified":300,
        "healthBase":15,
        "magickaModified":10,
        "magickaBase":10,
        "fatigueCurrent":299.96057128906
      }
    },
    "462659-0":{
      "refId":"kollop_03_pearl",
      "inventory":[]
    }
  }
}