{
  "packets":{
    "actorList":["0-151","0-152","0-153","0-235"],
    "ai":[],
    "cellChangeFrom":[],
    "cellChangeTo":[],
    "container":["0-0"],
    "death":[],
    "delete":[],
    "doorState":[],
    "equipment":[],
    "lock":[],
    "place":[],
    "position":["0-151","0-152","0-153","0-235"],
    "scale":[],
    "spawn":["0-151","0-152","0-153","0-235"],
    "state":[],
    "statsDynamic":["0-151","0-152","0-153","0-235"],
    "trap":[]
  },
  "entry":{
    "creationTime":1554179804,
    "description":"0, 0"
  },
  "lastVisit":{
    "DizzyDasher":1558209676,
    "Den":1555203896,
    "Fendryn":1555382480
  },
  "recordLinks":[],
  "objectData":{
    "0-151":{
      "refId":"scamp",
      "location":{
        "posX":1005.8181152344,
        "posZ":553.31115722656,
        "posY":6627.7861328125,
        "rotX":-0.11118154972792,
        "rotY":0,
        "rotZ":-2.8844401836395
      },
      "stats":{
        "healthCurrent":45,
        "magickaCurrent":100,
        "healthModified":45,
        "fatigueBase":400,
        "fatigueModified":400,
        "healthBase":45,
        "magickaModified":100,
        "magickaBase":100,
        "fatigueCurrent":400
      }
    },
    "0-152":{
      "refId":"scamp",
      "location":{
        "posX":2689.6687011719,
        "posZ":420.67105102539,
        "posY":5594.744140625,
        "rotX":0.012406390160322,
        "rotY":0,
        "rotZ":2.8944084644318
      },
      "stats":{
        "healthCurrent":45,
        "magickaCurrent":100,
        "healthModified":45,
        "fatigueBase":400,
        "fatigueModified":400,
        "healthBase":45,
        "magickaModified":100,
        "magickaBase":100,
        "fatigueCurrent":400
      }
    },
    "0-153":{
      "refId":"scamp",
      "location":{
        "posX":3823.1215820313,
        "posZ":787.43298339844,
        "posY":4240.8862304688,
        "rotX":0.0030030980706215,
        "rotY":0,
        "rotZ":0.23003792762756
      },
      "stats":{
        "healthCurrent":45,
        "magickaCurrent":100,
        "healthModified":45,
        "fatigueBase":400,
        "fatigueModified":400,
        "healthBase":45,
        "magickaModified":100,
        "magickaBase":100,
        "fatigueCurrent":400
      }
    },
    "0-235":{
      "refId":"rat",
      "location":{
        "posX":972.48645019531,
        "posZ":182.40243530273,
        "posY":1930.6965332031,
        "rotX":-0.29657301306725,
        "rotY":0,
        "rotZ":3.1088173389435
      },
      "stats":{
        "healthCurrent":23,
        "magickaCurrent":10,
        "healthModified":23,
        "fatigueBase":300,
        "fatigueModified":300,
        "healthBase":23,
        "magickaModified":10,
        "magickaBase":10,
        "fatigueCurrent":300
      }
    },
    "0-0":{
      "refId":"$dynamic0",
      "inventory":[{
          "refId":"steel_cuirass",
          "count":1,
          "charge":-1,
          "enchantmentCharge":-1,
          "soul":""
        },{
          "refId":"darkbrotherhood helm",
          "count":1,
          "charge":-1,
          "enchantmentCharge":-1,
          "soul":""
        },{
          "refId":"darkbrotherhood greaves",
          "count":1,
          "charge":-1,
          "enchantmentCharge":-1,
          "soul":""
        },{
          "refId":"darkbrotherhood pauldron_r",
          "count":1,
          "charge":-1,
          "enchantmentCharge":-1,
          "soul":""
        },{
          "refId":"darkbrotherhood pauldron_l",
          "count":1,
          "charge":-1,
          "enchantmentCharge":-1,
          "soul":""
        },{
          "refId":"darkbrotherhood gauntlet_r",
          "count":1,
          "charge":-1,
          "enchantmentCharge":-1,
          "soul":""
        },{
          "refId":"darkbrotherhood gauntlet_l",
          "count":1,
          "charge":-1,
          "enchantmentCharge":-1,
          "soul":""
        },{
          "refId":"darkbrotherhood boots",
          "count":1,
          "charge":-1,
          "enchantmentCharge":-1,
          "soul":""
        },{
          "refId":"common_pants_01",
          "count":1,
          "charge":-1,
          "enchantmentCharge":-1,
          "soul":""
        },{
          "refId":"common_shirt_04",
          "count":1,
          "charge":-1,
          "enchantmentCharge":-1,
          "soul":""
        },{
          "refId":"silver viperslayer",
          "count":1,
          "charge":-1,
          "enchantmentCharge":0,
          "soul":""
        }]
    }
  }
}