{
  "packets":{
    "actorList":["0-1413","0-1414","0-1415","0-1416","136403-0","136404-0","0-3352"],
    "ai":[],
    "cellChangeFrom":[],
    "cellChangeTo":[],
    "container":["189968-0","189969-0","189970-0","136403-0","136404-0","0-1415","0-1416","0-1414","0-1413","0-3352"],
    "death":["0-1415","0-1416","0-1414","136403-0","136404-0","0-1413","0-3352"],
    "delete":[],
    "doorState":[],
    "equipment":["136403-0","136404-0"],
    "lock":[],
    "place":[],
    "position":["136403-0","136404-0","0-1413","0-1414","0-1415","0-1416","0-3352"],
    "scale":[],
    "spawn":["0-1413","0-1414","0-1415","0-1416","0-3352"],
    "state":[],
    "statsDynamic":["136403-0","136404-0","0-1413","0-1414","0-1415","0-1416","0-3352"],
    "trap":[]
  },
  "entry":{
    "creationTime":1554531926,
    "description":"0, 17"
  },
  "lastVisit":{
    "the luch":1554872695,
    "Den":1554871642,
    "Fendryn":1554872684
  },
  "recordLinks":[],
  "objectData":{
    "0-1415":{
      "refId":"atronach_frost",
      "location":{
        "posX":2943.0268554688,
        "posZ":697,
        "posY":144175.4375,
        "rotX":0.28687113523483,
        "rotY":0,
        "rotZ":-2.2509305477142
      },
      "stats":{
        "healthCurrent":0,
        "magickaCurrent":135,
        "healthModified":105,
        "fatigueBase":600,
        "fatigueModified":600,
        "healthBase":105,
        "magickaModified":135,
        "magickaBase":135,
        "fatigueCurrent":593.62225341797
      },
      "inventory":[],
      "killer":{
        "player":"Den"
      }
    },
    "0-3352":{
      "refId":"alit",
      "location":{
        "posX":8181.5673828125,
        "posZ":1317.8731689453,
        "posY":145664.6875,
        "rotX":0.0011617392301559,
        "rotY":0,
        "rotZ":-1.7300961017609
      },
      "stats":{
        "healthCurrent":0,
        "magickaCurrent":75,
        "healthModified":30,
        "fatigueBase":400,
        "fatigueModified":400,
        "healthBase":30,
        "magickaModified":75,
        "magickaBase":75,
        "fatigueCurrent":397.64859008789
      },
      "inventory":[],
      "killer":{
        "player":"Fendryn"
      }
    },
    "189969-0":{
      "refId":"tramaroot_03",
      "inventory":[{
          "refId":"ingred_trama_root_01",
          "count":1,
          "charge":-1,
          "enchantmentCharge":-1,
          "soul":""
        }]
    },
    "189968-0":{
      "refId":"tramaroot_02",
      "inventory":[]
    },
    "136403-0":{
      "refId":"badala velothren",
      "location":{
        "posX":4096.5810546875,
        "posZ":708.05187988281,
        "posY":142826.65625,
        "rotX":0,
        "rotY":0,
        "rotZ":2.900000333786
      },
      "stats":{
        "healthCurrent":0,
        "magickaCurrent":108,
        "healthModified":102,
        "fatigueBase":226,
        "fatigueModified":226,
        "healthBase":102,
        "magickaModified":108,
        "magickaBase":108,
        "fatigueCurrent":217.60627746582
      },
      "equipment":{
        "1":{
          "refId":"netch_leather_boiled_cuirass",
          "count":1,
          "charge":-1,
          "enchantmentCharge":-1
        },
        "3":{
          "refId":"netch_leather_pauldron_left",
          "count":1,
          "charge":-1,
          "enchantmentCharge":-1
        },
        "4":{
          "refId":"netch_leather_pauldron_right",
          "count":1,
          "charge":-1,
          "enchantmentCharge":-1
        },
        "7":{
          "refId":"netch_leather_boots",
          "count":1,
          "charge":-1,
          "enchantmentCharge":-1
        },
        "8":{
          "refId":"common_shirt_01",
          "count":1,
          "charge":-1,
          "enchantmentCharge":-1
        },
        "9":{
          "refId":"common_pants_01",
          "count":1,
          "charge":-1,
          "enchantmentCharge":-1
        },
        "16":{
          "refId":"silver flameblade",
          "count":1,
          "charge":597,
          "enchantmentCharge":18
        }
      },
      "inventory":[{
          "refId":"netch_leather_boots",
          "count":1,
          "charge":-1,
          "enchantmentCharge":-1,
          "soul":""
        },{
          "refId":"netch_leather_pauldron_right",
          "count":1,
          "charge":-1,
          "enchantmentCharge":-1,
          "soul":""
        },{
          "refId":"netch_leather_pauldron_left",
          "count":1,
          "charge":-1,
          "enchantmentCharge":-1,
          "soul":""
        },{
          "refId":"netch_leather_boiled_cuirass",
          "count":1,
          "charge":-1,
          "enchantmentCharge":-1,
          "soul":""
        },{
          "refId":"netch_leather_cuirass",
          "count":1,
          "charge":-1,
          "enchantmentCharge":-1,
          "soul":""
        },{
          "refId":"common_shirt_01",
          "count":1,
          "charge":-1,
          "enchantmentCharge":-1,
          "soul":""
        },{
          "refId":"common_pants_01",
          "count":1,
          "charge":-1,
          "enchantmentCharge":-1,
          "soul":""
        },{
          "refId":"silver flameblade",
          "count":1,
          "charge":597,
          "enchantmentCharge":18,
          "soul":""
        }],
      "killer":{
        "player":"Den"
      }
    },
    "136404-0":{
      "refId":"iner raledran",
      "location":{
        "posX":3451.2192382813,
        "posZ":723.40710449219,
        "posY":142401.40625,
        "rotX":0,
        "rotY":0,
        "rotZ":-2.9831845760345
      },
      "stats":{
        "healthCurrent":0,
        "magickaCurrent":74,
        "healthModified":125,
        "fatigueBase":260,
        "fatigueModified":260,
        "healthBase":125,
        "magickaModified":104,
        "magickaBase":104,
        "fatigueCurrent":259.85891723633
      },
      "equipment":[{
          "refId":"steel_cuirass",
          "count":1,
          "charge":-1,
          "enchantmentCharge":-1
        },{
          "refId":"steel_greaves",
          "count":1,
          "charge":-1,
          "enchantmentCharge":-1
        },{
          "refId":"steel_pauldron_left",
          "count":1,
          "charge":-1,
          "enchantmentCharge":-1
        },{
          "refId":"steel_pauldron_right",
          "count":1,
          "charge":-1,
          "enchantmentCharge":-1
        },{
          "refId":"steel_gauntlet_left",
          "count":1,
          "charge":-1,
          "enchantmentCharge":-1
        },{
          "refId":"steel_gauntlet_right",
          "count":1,
          "charge":-1,
          "enchantmentCharge":-1
        },{
          "refId":"steel_boots",
          "count":1,
          "charge":132,
          "enchantmentCharge":-1
        },null,null,null,null,null,null,null,null,{
          "refId":"stormblade",
          "count":1,
          "charge":-1,
          "enchantmentCharge":-1
        },{
          "refId":"steel_shield",
          "count":1,
          "charge":-1,
          "enchantmentCharge":-1
        }],
      "inventory":[{
          "refId":"steel_shield",
          "count":1,
          "charge":-1,
          "enchantmentCharge":-1,
          "soul":""
        },{
          "refId":"steel_gauntlet_right",
          "count":1,
          "charge":-1,
          "enchantmentCharge":-1,
          "soul":""
        },{
          "refId":"steel_gauntlet_left",
          "count":1,
          "charge":-1,
          "enchantmentCharge":-1,
          "soul":""
        },{
          "refId":"steel_boots",
          "count":1,
          "charge":132,
          "enchantmentCharge":-1,
          "soul":""
        },{
          "refId":"steel_greaves",
          "count":1,
          "charge":-1,
          "enchantmentCharge":-1,
          "soul":""
        },{
          "refId":"steel_pauldron_right",
          "count":1,
          "charge":-1,
          "enchantmentCharge":-1,