{
  "packets":{
    "actorList":["0-1903","0-1904","0-1906","0-1907","0-1908","0-1888","0-1887"],
    "ai":[],
    "cellChangeFrom":[],
    "cellChangeTo":[],
    "container":["323407-0","323420-0","323421-0","325365-0","325373-0","325378-0","325379-0","430009-0","430012-0","430013-0","430014-0","430022-0","430032-0","430033-0","430034-0","430035-0","430036-0","430037-0"],
    "death":[],
    "delete":[],
    "doorState":[],
    "equipment":[],
    "lock":[],
    "place":[],
    "position":["0-1903","0-1904","0-1906","0-1907","0-1908","0-1888","0-1887"],
    "scale":[],
    "spawn":["0-1903","0-1904","0-1906","0-1907","0-1908","0-1888","0-1887"],
    "state":[],
    "statsDynamic":["0-1903","0-1904","0-1906","0-1907","0-1908","0-1887"],
    "trap":[]
  },
  "entry":{
    "creationTime":1554617638,
    "description":"0, 20"
  },
  "lastVisit":{
    "Den":1554617671,
    "Fendryn":1554870506
  },
  "recordLinks":[],
  "objectData":{
    "430036-0":{
      "refId":"kollop_02_pearl",
      "inventory":[]
    },
    "325365-0":{
      "refId":"flora_kreshweed_02",
      "inventory":[{
          "refId":"ingred_kresh_fiber_01",
          "count":1,
          "charge":-1,
          "enchantmentCharge":-1,
          "soul":""
        }]
    },
    "0-1908":{
      "refId":"cliff racer",
      "location":{
        "posX":4606.1240234375,
        "posZ":883.32702636719,
        "posY":166996.28125,
        "rotX":0.079238846898079,
        "rotY":0,
        "rotZ":-1.0004131793976
      },
      "stats":{
        "healthCurrent":45,
        "magickaCurrent":20,
        "healthModified":45,
        "fatigueBase":400,
        "fatigueModified":400,
        "healthBase":45,
        "magickaModified":20,
        "magickaBase":20,
        "fatigueCurrent":400
      }
    },
    "323420-0":{
      "refId":"flora_kreshweed_02",
      "inventory":[{
          "refId":"ingred_kresh_fiber_01",
          "count":1,
          "charge":-1,
          "enchantmentCharge":-1,
          "soul":""
        }]
    },
    "430035-0":{
      "refId":"kollop_01_pearl",
      "inventory":[]
    },
    "430033-0":{
      "refId":"kollop_02_pearl",
      "inventory":[]
    },
    "0-1903":{
      "refId":"cliff racer",
      "location":{
        "posX":4828.9638671875,
        "posZ":942.0615234375,
        "posY":166411.65625,
        "rotX":-0.00019995775073767,
        "rotY":0,
        "rotZ":-3.0418512821198
      },
      "stats":{
        "healthCurrent":45,
        "magickaCurrent":20,
        "healthModified":45,
        "fatigueBase":400,
        "fatigueModified":400,
        "healthBase":45,
        "magickaModified":20,
        "magickaBase":20,
        "fatigueCurrent":400
      }
    },
    "0-1907":{
      "refId":"kwama forager blighted",
      "location":{
        "posX":763.80267333984,
        "posZ":340.61236572266,
        "posY":171898.6875,
        "rotX":-0.21884293854237,
        "rotY":0,
        "rotZ":1.0008041858673
      },
      "stats":{
        "healthCurrent":45,
        "magickaCurrent":100,
        "healthModified":45,
        "fatigueBase":400,
        "fatigueModified":400,
        "healthBase":45,
        "magickaModified":100,
        "magickaBase":100,
        "fatigueCurrent":400
      }
    },
    "0-1906":{
      "refId":"slaughterfish_small",
      "location":{
        "posX":1902.1309814453,
        "posZ":-393.58703613281,
        "posY":166957.203125,
        "rotX":0,
        "rotY":0,
        "rotZ":-2.7924845218658
      },
      "stats":{
        "healthCurrent":15,
        "magickaCurrent":10,
        "healthModified":15,
        "fatigueBase":300,
        "fatigueModified":300,
        "healthBase":15,
        "magickaModified":10,
        "magickaBase":10,
        "fatigueCurrent":299.95837402344
      }
    },
    "0-1888":{
      "refId":"cliff racer",
      "location":{
        "posX":772.388671875,
        "posZ":289.54229736328,
        "posY":165314.375,
        "rotX":0.15221643447876,
        "rotY":0,
        "rotZ":0.77730083465576
      }
    },
    "430037-0":{
      "refId":"kollop_03_pearl",
      "inventory":[{
          "refId":"ingred_pearl_01",
          "count":1,
          "charge":-1,
          "enchantmentCharge":-1,
          "soul":""
        }]
    },
    "430014-0":{
      "refId":"kollop_01_pearl",
      "inventory":[]
    },
    "323421-0":{
      "refId":"flora_kreshweed_03",
      "inventory":[{
          "refId":"ingred_kresh_fiber_01",
          "count":1,
          "charge":-1,
          "enchantmentCharge":-1,
          "soul":""
        }]
    },
    "0-1887":{
      "refId":"cliff racer",
      "location":{
        "posX":22.220176696777,
        "posZ":375.19415283203,
        "posY":167589.078125,
        "rotX":0.0088779395446181,
        "rotY":0,
        "rotZ":2.2778027057648
      },
      "stats":{
        "healthCurrent":45,
        "magickaCurrent":20,
        "fatigueModified":400,
        "fatigueBase":400,
        "healthBase":45,
        "healthModified":45,
        "magickaModified":20,
        "magickaBase":20,
        "fatigueCurrent":400
      }
    },
    "430012-0":{
      "refId":"kollop_02_pearl",
      "inventory":[{
          "refId":"ingred_pearl_01",
          "count":1,
          "charge":-1,
          "enchantmentCharge":-1,
          "soul":""
        }]
    },
    "430034-0":{
      "refId":"kollop_03_pearl",
      "inventory":[{
          "refId":"ingred_pearl_01",
          "count":1,
          "charge":-1,
          "enchantmentCharge":-1,
          "soul":""
        }]
    },
    "430032-0":{
      "refId":"kollop_01_pearl",
      "inventory":[{
          "refId":"ingred_pearl_01",
          "count":1,
          "charge":-1,
          "enchantmentCharge":-1,
          "soul":""
        }]
    },
    "325378-0":{
      "refId":"flora_stoneflower_01",
      "inventory":[{
          "refId":"ingred_stoneflower_petals_01",
          "count":1,
          "charge":-1,
          "enchantmentCharge":-1,
          "soul":""
        }]
    },
    "325379-0":{
      "refId":"flora_kreshweed_01",
      "inventory":[]
    },
    "325373-0":{
      "refId":"flora_kreshweed_01",
      "inventory":[]
    },
    "0-1904":{
      "refId":"kwama forager blighted",
      "location":{
        "posX":3930.7321777344,
        "posZ":816.58483886719,
        "posY":169683.671875,
        "rotX":0.079297326505184,
        "rotY":0,
        "rotZ":-1.455082654953
      },
      "stats":{
        "healthCurrent":45,
        "magickaCurrent":100,
        "healthModified":45,
        "fatigueBase":400,
        "fatigueModified":400,
        "healthBase":45,
        "magickaModified":100,
        "magickaBase":100,
        "fatigueCurrent":400
      }
    },
    "430013-0":{
      "refId":"kollop_01_pearl",
      "inventory":[{
          "refId":"ingred_pearl_01",
          "count":1,
          "charge":-1,
          "enchantmentCharge":-1,
          "soul":""
        }]
    },
    "430009-0":{
      "refId":"kollop_03_pearl",
      "inventory":[{
          "refId":"ingred_pearl_01",
          "count":1,
          "charge":-1,
          "enchantmentCharge":-1,
          "soul":""
        }]
    },
    "430022-0":{
      "refId":"kollop_02_pearl",
      "inventory":[{
          "refId":"ingred_pearl_01",
          "count":1,
          "charge":-1,
          "enchantmentCharge":-1,
          "soul":""
        }]
    },
    "323407-0":{
      "refId":"flora_kreshweed_02",
      "inventory":[]
    }
  }
}