{
  "packets":{
    "actorList":["0-1929","0-1945","0-1930","0-1896"],
    "ai":[],
    "cellChangeFrom":[],
    "cellChangeTo":[],
    "container":["429744-0","429779-0","429803-0","429804-0","429805-0","429806-0","429807-0","429826-0","429832-0"],
    "death":[],
    "delete":[],
    "doorState":[],
    "equipment":[],
    "lock":[],
    "place":[],
    "position":["0-1929","0-1945","0-1930","0-1896"],
    "scale":[],
    "spawn":["0-1929","0-1945","0-1930","0-1896"],
    "state":[],
    "statsDynamic":["0-1929","0-1896","0-1930","0-1945"],
    "trap":[]
  },
  "entry":{
    "creationTime":1554617671,
    "description":"0, 23"
  },
  "lastVisit":{
    "Den":1554619223
  },
  "recordLinks":[],
  "objectData":{
    "429803-0":{
      "refId":"kollop_01_pearl",
      "inventory":[]
    },
    "429805-0":{
      "refId":"kollop_03_pearl",
      "inventory":[{
          "refId":"ingred_pearl_01",
          "count":1,
          "charge":-1,
          "enchantmentCharge":-1,
          "soul":""
        }]
    },
    "0-1945":{
      "refId":"dreugh",
      "location":{
        "posX":8175.5107421875,
        "posZ":-646.46398925781,
        "posY":194317.40625,
        "rotX":0,
        "rotY":0,
        "rotZ":-1.3404085636139
      },
      "stats":{
        "healthCurrent":60,
        "magickaCurrent":75,
        "healthModified":60,
        "fatigueBase":400,
        "fatigueModified":400,
        "healthBase":60,
        "magickaModified":75,
        "magickaBase":75,
        "fatigueCurrent":399.80645751953
      }
    },
    "429826-0":{
      "refId":"kollop_03_pearl",
      "inventory":[]
    },
    "0-1930":{
      "refId":"slaughterfish",
      "location":{
        "posX":197.25914001465,
        "posZ":-251.51847839355,
        "posY":194600.234375,
        "rotX":0,
        "rotY":0,
        "rotZ":0.25651669502258
      },
      "stats":{
        "healthCurrent":23,
        "magickaCurrent":10,
        "healthModified":23,
        "fatigueBase":400,
        "fatigueModified":400,
        "healthBase":23,
        "magickaModified":10,
        "magickaBase":10,
        "fatigueCurrent":399.80645751953
      }
    },
    "429744-0":{
      "refId":"kollop_03_pearl",
      "inventory":[]
    },
    "0-1896":{
      "refId":"slaughterfish",
      "location":{
        "posX":2381.1828613281,
        "posZ":-38.130981445313,
        "posY":188761.921875,
        "rotX":-0.064321026206017,
        "rotY":0,
        "rotZ":0.70600175857544
      },
      "stats":{
        "healthCurrent":23,
        "magickaCurrent":10,
        "healthModified":23,
        "fatigueBase":400,
        "fatigueModified":400,
        "healthBase":23,
        "magickaModified":10,
        "magickaBase":10,
        "fatigueCurrent":399.95825195313
      }
    },
    "429807-0":{
      "refId":"kollop_02_pearl",
      "inventory":[]
    },
    "429779-0":{
      "refId":"kollop_01_pearl",
      "inventory":[{
          "refId":"ingred_pearl_01",
          "count":1,
          "charge":-1,
          "enchantmentCharge":-1,
          "soul":""
        }]
    },
    "0-1929":{
      "refId":"dreugh",
      "location":{
        "posX":7070.9375,
        "posZ":-516.33374023438,
        "posY":193568.828125,
        "rotX":0,
        "rotY":0,
        "rotZ":-2.9238841533661
      },
      "stats":{
        "healthCurrent":60,
        "magickaCurrent":75,
        "healthModified":60,
        "fatigueBase":400,
        "fatigueModified":400,
        "healthBase":60,
        "magickaModified":75,
        "magickaBase":75,
        "fatigueCurrent":399.9528503418
      }
    },
    "429832-0":{
      "refId":"kollop_01_pearl",
      "inventory":[{
          "refId":"ingred_pearl_01",
          "count":1,
          "charge":-1,
          "enchantmentCharge":-1,
          "soul":""
        }]
    },
    "429804-0":{
      "refId":"kollop_03_pearl",
      "inventory":[{
          "refId":"ingred_pearl_01",
          "count":1,
          "charge":-1,
          "enchantmentCharge":-1,
          "soul":""
        }]
    },
    "429806-0":{
      "refId":"kollop_02_pearl",
      "inventory":[]
    }
  }
}