{
  "packets":{
    "actorList":["0-1028","0-1029","0-1032","0-1034","0-1031","0-1030"],
    "ai":[],
    "cellChangeFrom":[],
    "cellChangeTo":[],
    "container":["461949-0","461957-0","461964-0","461971-0","478465-0","478466-0","478467-0","478468-0","478469-0","478470-0","478471-0"],
    "death":[],
    "delete":[],
    "doorState":[],
    "equipment":[],
    "lock":[],
    "place":[],
    "position":["0-1028","0-1029","0-1032","0-1034","0-1031","0-1030"],
    "scale":[],
    "spawn":["0-1028","0-1029","0-1032","0-1034","0-1031","0-1030"],
    "state":[],
    "statsDynamic":["0-1028","0-1029","0-1032","0-1034","0-1031","0-1030"],
    "trap":[]
  },
  "entry":{
    "creationTime":1554441576,
    "description":"1, -14"
  },
  "lastVisit":{
    "the luch":1555387147,
    "Fendryn":1556253896,
    "Den":1554783733,
    "DizzyDasher":1554783706
  },
  "recordLinks":[],
  "objectData":{
    "478468-0":{
      "refId":"flora_willow_flower_01",
      "inventory":[{
          "refId":"ingred_willow_anther_01",
          "count":1,
          "charge":-1,
          "enchantmentCharge":-1,
          "soul":""
        }]
    },
    "461964-0":{
      "refId":"kollop_02_pearl",
      "inventory":[]
    },
    "478469-0":{
      "refId":"flora_willow_flower_02",
      "inventory":[{
          "refId":"ingred_willow_anther_01",
          "count":1,
          "charge":-1,
          "enchantmentCharge":-1,
          "soul":""
        }]
    },
    "478467-0":{
      "refId":"flora_black_anther_02",
      "inventory":[{
          "refId":"ingred_black_anther_01",
          "count":1,
          "charge":-1,
          "enchantmentCharge":-1,
          "soul":""
        }]
    },
    "0-1029":{
      "refId":"slaughterfish_small",
      "location":{
        "posX":10651.782226563,
        "posZ":-1640.2810058594,
        "posY":-114491.484375,
        "rotX":-0.00075649376958609,
        "rotY":0,
        "rotZ":-2.5580036640167
      },
      "stats":{
        "healthCurrent":15,
        "magickaCurrent":10,
        "healthModified":15,
        "fatigueBase":300,
        "fatigueModified":300,
        "healthBase":15,
        "magickaModified":10,
        "magickaBase":10,
        "fatigueCurrent":299.96627807617
      }
    },
    "0-1031":{
      "refId":"slaughterfish_small",
      "location":{
        "posX":16188.724609375,
        "posZ":-240.13990783691,
        "posY":-111292.25,
        "rotX":-0.0023968890309334,
        "rotY":0,
        "rotZ":-0.67224717140198
      },
      "stats":{
        "healthCurrent":15,
        "magickaCurrent":10,
        "healthModified":15,
        "fatigueBase":300,
        "fatigueModified":300,
        "healthBase":15,
        "magickaModified":10,
        "magickaBase":10,
        "fatigueCurrent":299.96832275391
      }
    },
    "461949-0":{
      "refId":"kollop_03_pearl",
      "inventory":[{
          "refId":"ingred_pearl_01",
          "count":1,
          "charge":-1,
          "enchantmentCharge":-1,
          "soul":""
        }]
    },
    "0-1034":{
      "refId":"slaughterfish_small",
      "location":{
        "posX":13606.560546875,
        "posZ":-144.53536987305,
        "posY":-114498.3125,
        "rotX":0,
        "rotY":0,
        "rotZ":-3.1415927410126
      },
      "stats":{
        "healthCurrent":15,
        "magickaCurrent":10,
        "healthModified":15,
        "fatigueBase":300,
        "fatigueModified":300,
        "healthBase":15,
        "magickaModified":10,
        "magickaBase":10,
        "fatigueCurrent":299.96627807617
      }
    },
    "0-1028":{
      "refId":"kagouti",
      "location":{
        "posX":11867.0078125,
        "posZ":-68.342140197754,
        "posY":-107502.921875,
        "rotX":-0.21032236516476,
        "rotY":0,
        "rotZ":0.18026494979858
      },
      "stats":{
        "healthCurrent":45,
        "magickaCurrent":10,
        "healthModified":45,
        "fatigueBase":400,
        "fatigueModified":400,
        "healthBase":45,
        "magickaModified":10,
        "magickaBase":10,
        "fatigueCurrent":400
      }
    },
    "478471-0":{
      "refId":"flora_willow_flower_02",
      "inventory":[{
          "refId":"ingred_willow_anther_01",
          "count":1,
          "charge":-1,
          "enchantmentCharge":-1,
          "soul":""
        }]
    },
    "478470-0":{
      "refId":"flora_willow_flower_01",
      "inventory":[{
          "refId":"ingred_willow_anther_01",
          "count":1,
          "charge":-1,
          "enchantmentCharge":-1,
          "soul":""
        }]
    },
    "461957-0":{
      "refId":"kollop_03_pearl",
      "inventory":[{
          "refId":"ingred_pearl_01",
          "count":1,
          "charge":-1,
          "enchantmentCharge":-1,
          "soul":""
        }]
    },
    "478466-0":{
      "refId":"flora_black_anther_01",
      "inventory":[{
          "refId":"ingred_black_anther_01",
          "count":2,
          "charge":-1,
          "enchantmentCharge":-1,
          "soul":""
        }]
    },
    "0-1030":{
      "refId":"slaughterfish",
      "location":{
        "posX":10397.697265625,
        "posZ":-90.526931762695,
        "posY":-106681.8515625,
        "rotX":0,
        "rotY":0,
        "rotZ":1.8398501873016
      },
      "stats":{
        "healthCurrent":23,
        "magickaCurrent":10,
        "healthModified":23,
        "fatigueBase":400,
        "fatigueModified":400,
        "healthBase":23,
        "magickaModified":10,
        "magickaBase":10,
        "fatigueCurrent":399.96627807617
      }
    },
    "0-1032":{
      "refId":"slaughterfish",
      "location":{
        "posX":13496.80859375,
        "posZ":-40.380432128906,
        "posY":-112464.21875,
        "rotX":0.00014893151819706,
        "rotY":0,
        "rotZ":1.9574911594391
      },
      "stats":{
        "healthCurrent":23,
        "magickaCurrent":10,
        "healthModified":23,
        "fatigueBase":400,
        "fatigueModified":400,
        "healthBase":23,
        "magickaModified":10,
        "magickaBase":10,
        "fatigueCurrent":399.96627807617
      }
    },
    "478465-0":{
      "refId":"flora_black_anther_02",
      "inventory":[{
          "refId":"ingred_black_anther_01",
          "count":1,
          "charge":-1,
          "enchantmentCharge":-1,
          "soul":""
        }]
    },
    "461971-0":{
      "refId":"kollop_02_pearl",
      "inventory":[{
          "refId":"ingred_pearl_01",
          "count":1,
          "charge":-1,
          "enchantmentCharge":-1,
          "soul":""
        }]
    }
  }
}