{
  "packets":{
    "actorList":["0-3353","429555-0","0-1382","0-3357","0-3733"],
    "ai":[],
    "cellChangeFrom":[],
    "cellChangeTo":[],
    "container":["189795-0","189816-0","189817-0","189818-0","189819-0","189820-0","189821-0","189824-0","296528-0","296529-0","296530-0","296532-0","296541-0","296542-0","296544-0","296545-0","296546-0","296547-0","296548-0","296549-0","296550-0","296551-0","296564-0","296565-0","296566-0","296567-0","296568-0","296575-0","296579-0","429555-0","0-3353","0-1382","0-3357","0-3733"],
    "death":["0-3353","0-1382","0-3357","0-3733"],
    "delete":[],
    "doorState":[],
    "equipment":[],
    "lock":[],
    "place":[],
    "position":["429555-0","0-3353","0-1382","0-3357","0-3733"],
    "scale":[],
    "spawn":["0-3353","0-1382","0-3357","0-3733"],
    "state":[],
    "statsDynamic":["429555-0","0-3353","0-1382","0-3357","0-3733"],
    "trap":[]
  },
  "entry":{
    "creationTime":1554788556,
    "description":"1, 17"
  },
  "lastVisit":{
    "the luch":1554872715,
    "Den":1554788799,
    "Fendryn":1554872714
  },
  "recordLinks":[],
  "objectData":{
    "296551-0":{
      "refId":"tramaroot_04",
      "inventory":[{
          "refId":"ingred_trama_root_01",
          "count":1,
          "charge":-1,
          "enchantmentCharge":-1,
          "soul":""
        }]
    },
    "296575-0":{
      "refId":"flora_rm_scathecraw_02",
      "inventory":[{
          "refId":"ingred_scathecraw_01",
          "count":1,
          "charge":-1,
          "enchantmentCharge":-1,
          "soul":""
        }]
    },
    "0-1382":{
      "refId":"kagouti",
      "location":{
        "posX":8973.818359375,
        "posZ":1361,
        "posY":145001.125,
        "rotX":0.084127441048622,
        "rotY":0,
        "rotZ":-3.0527956485748
      },
      "stats":{
        "healthCurrent":0,
        "magickaCurrent":10,
        "healthModified":45,
        "fatigueBase":400,
        "fatigueModified":400,
        "healthBase":45,
        "magickaModified":10,
        "magickaBase":10,
        "fatigueCurrent":315.58981323242
      },
      "inventory":[{
          "refId":"ingred_kagouti_hide_01",
          "count":1,
          "charge":-1,
          "enchantmentCharge":-1,
          "soul":""
        }],
      "killer":{
        "player":"the luch"
      }
    },
    "296550-0":{
      "refId":"tramaroot_01",
      "inventory":[{
          "refId":"ingred_trama_root_01",
          "count":3,
          "charge":-1,
          "enchantmentCharge":-1,
          "soul":""
        }]
    },
    "296566-0":{
      "refId":"tramaroot_06",
      "inventory":[]
    },
    "0-3353":{
      "refId":"alit_diseased",
      "location":{
        "posX":9086.822265625,
        "posZ":1364.43359375,
        "posY":144770.03125,
        "rotX":-0.04724182933569,
        "rotY":0,
        "rotZ":-3.1160538196564
      },
      "stats":{
        "healthCurrent":0,
        "magickaCurrent":51,
        "healthModified":30,
        "fatigueBase":190,
        "fatigueModified":190,
        "healthBase":30,
        "magickaModified":75,
        "magickaBase":75,
        "fatigueCurrent":190
      },
      "inventory":[{
          "refId":"ingred_alit_hide_01",
          "count":1,
          "charge":-1,
          "enchantmentCharge":-1,
          "soul":""
        }],
      "killer":{
        "player":"the luch"
      }
    },
    "296548-0":{
      "refId":"tramaroot_02",
      "inventory":[]
    },
    "429555-0":{
      "refId":"slaughterfish",
      "location":{
        "posX":12200.48046875,
        "posZ":-43.213920593262,
        "posY":147216.46875,
        "rotX":0.13407875597477,
        "rotY":0,
        "rotZ":-1.8380224704742
      },
      "stats":{
        "healthCurrent":23,
        "magickaCurrent":10,
        "healthModified":23,
        "fatigueBase":400,
        "fatigueModified":400,
        "healthBase":23,
        "magickaModified":10,
        "magickaBase":10,
        "fatigueCurrent":399.98709106445
      },
      "inventory":[{
          "refId":"ingred_scales_01",
          "count":2,
          "charge":-1,
          "enchantmentCharge":-1,
          "soul":""
        }]
    },
    "296544-0":{
      "refId":"flora_rm_scathecraw_01",
      "inventory":[{
          "refId":"ingred_scathecraw_01",
          "count":1,
          "charge":-1,
          "enchantmentCharge":-1,
          "soul":""
        }]
    },
    "189824-0":{
      "refId":"tramaroot_05",
      "inventory":[{
          "refId":"ingred_trama_root_01",
          "count":1,
          "charge":-1,
          "enchantmentCharge":-1,
          "soul":""
        }]
    },
    "296579-0":{
      "refId":"flora_rm_scathecraw_01",
      "inventory":[{
          "refId":"ingred_scathecraw_01",
          "count":1,
          "charge":-1,
          "enchantmentCharge":-1,
          "soul":""
        }]
    },
    "296568-0":{
      "refId":"tramaroot_04",
      "inventory":[{
          "refId":"ingred_trama_root_01",
          "count":1,
          "charge":-1,
          "enchantmentCharge":-1,
          "soul":""
        }]
    },
    "296529-0":{
      "refId":"tramaroot_06",
      "inventory":[]
    },
    "189820-0":{
      "refId":"tramaroot_04",
      "inventory":[]
    },
    "296564-0":{
      "refId":"flora_rm_scathecraw_01",
      "inventory":[{
          "refId":"ingred_scathecraw_01",
          "count":1,
          "charge":-1,
          "enchantmentCharge":-1,
          "soul":""
        }]
    },
    "0-3357":{
      "refId":"cliff racer_diseased",
      "location":{
        "posX":9012.62890625,
        "posZ":1366.7692871094,
        "posY":144619.8125,
        "rotX":0.98486310243607,
        "rotY":0,
        "rotZ":0.21179032325745
      },
      "stats":{
        "healthCurrent":0,
        "magickaCurrent":20,
        "healthModified":45,
        "fatigueBase":180,
        "fatigueModified":180,
        "healthBase":45,
        "magickaModified":20,
        "magickaBase":20,
        "fatigueCurrent":180
      },
      "inventory":[],
      "killer":{
        "player":"Fendryn"
      }
    },
    "0-3733":{
      "refId":"kwama forager",
      "location":{
        "posX":9277.775390625,
        "posZ":1369.0002441406,
        "posY":144427.828125,
        "rotX":-0.39208567142487,
        "rotY":0,
        "rotZ":-2.9858825206757
      },
      "stats":{
        "healthCurrent":0,
        "magickaCurrent":15,
        "healthModified":23,
        "fatigueBase":300,
        "fatigueModified":300,
        "healthBase":23,
        "magickaModified":15,
        "magickaBase":15,
        "fatigueCurrent":299.53997802734
      },
      "inventory":[],
      "killer":{
        "player":"Fendryn"
      }
    },
    "189795-0":{
      "refId":"tramaroot_02",
      "inventory":[{
          "refId":"ingred_trama_root_01",
          "count":1,
          "charge":-1,
          "enchantmentCharge":-1,
          "soul":""
        }]
    },
    "296542-0":{
      "refId":"flora_rm_scathecraw_02",
      "inventory":[{
          "refId":"ingred_scathecraw_01",
          "count":1,
          "charge":-1,
          "enchantmentCharge":-1,
          "soul":""
        }]
    },
    "296565-0":{
      "refId":"tramaroot_02",
      "inventory":[{
          "refId":"ingred_trama_root_01",
          "count":1,
          "charge":-1,
          "enchantmentCharge":-1,
          "soul":""
        }]
    },
    "296532-0":{
      "refId":"flora_rm_scathecraw_01",
      "inventory":[]
    },
    "189816-0":{
      "refId":"tramaroot_02",
      "inventory":[{
          "refId":"ingred_trama_root_01",
          "count":1,
          "charge":-1,
          "enchantmentCharge":-1,
          "soul":""
        }]
    },
    "189819-0":{
      "refId":"tramaroot_06",
      "inventory":[]
    },
    "189821-0":{
      "refId":"tramaroot_01",
      "inventory":[{
          "refId":"ingred_trama_root_01",
          "count":2,
          "charge":-1,
          "enchantmentCharge":-1,