{
  "packets":{
    "actorList":["0-3232","0-3234","0-3230","0-3212"],
    "ai":[],
    "cellChangeFrom":[],
    "cellChangeTo":[],
    "container":["300250-0","300251-0","300255-0","300259-0","300263-0","300267-0","0-3212"],
    "death":[],
    "delete":[],
    "doorState":[],
    "equipment":[],
    "lock":[],
    "place":[],
    "position":["0-3232","0-3234","0-3230","0-3212"],
    "scale":[],
    "spawn":["0-3232","0-3234","0-3230","0-3212"],
    "state":[],
    "statsDynamic":["0-3232","0-3234","0-3230","0-3212"],
    "trap":[]
  },
  "entry":{
    "creationTime":1554786179,
    "description":"1, 1"
  },
  "lastVisit":{
    "Fendryn":1558207865,
    "Den":1555204084,
    "DizzyDasher":1554872347
  },
  "recordLinks":[],
  "objectData":{
    "300263-0":{
      "refId":"flora_rm_scathecraw_02",
      "inventory":[{
          "refId":"ingred_scathecraw_01",
          "count":1,
          "charge":-1,
          "enchantmentCharge":-1,
          "soul":""
        }]
    },
    "0-3230":{
      "refId":"cliff racer",
      "location":{
        "posX":12264.66015625,
        "posZ":4765.4140625,
        "posY":16295.34375,
        "rotX":-0.00011542998254299,
        "rotY":0,
        "rotZ":0.041746854782104
      },
      "stats":{
        "healthCurrent":45,
        "magickaCurrent":20,
        "healthModified":45,
        "fatigueBase":400,
        "fatigueModified":400,
        "healthBase":45,
        "magickaModified":20,
        "magickaBase":20,
        "fatigueCurrent":400
      }
    },
    "0-3232":{
      "refId":"alit_diseased",
      "location":{
        "posX":15099.732421875,
        "posZ":721,
        "posY":12107.0546875,
        "rotX":-0.080347657203674,
        "rotY":0,
        "rotZ":-2.1048986911774
      },
      "stats":{
        "healthCurrent":30,
        "magickaCurrent":75,
        "healthModified":30,
        "fatigueBase":170,
        "fatigueModified":170,
        "healthBase":30,
        "magickaModified":75,
        "magickaBase":75,
        "fatigueCurrent":170
      }
    },
    "0-3212":{
      "refId":"cliff racer",
      "location":{
        "posX":8206.25390625,
        "posZ":4700.2270507813,
        "posY":10937.33984375,
        "rotX":0,
        "rotY":0,
        "rotZ":2.1690428256989
      },
      "stats":{
        "healthCurrent":45,
        "magickaCurrent":20,
        "healthModified":45,
        "fatigueBase":400,
        "fatigueModified":400,
        "healthBase":45,
        "magickaModified":20,
        "magickaBase":20,
        "fatigueCurrent":400
      },
      "inventory":[{
          "refId":"ingred_racer_plumes_01",
          "count":1,
          "charge":-1,
          "enchantmentCharge":-1,
          "soul":""
        }]
    },
    "300251-0":{
      "refId":"flora_rm_scathecraw_02",
      "inventory":[{
          "refId":"ingred_scathecraw_01",
          "count":1,
          "charge":-1,
          "enchantmentCharge":-1,
          "soul":""
        }]
    },
    "0-3234":{
      "refId":"cliff racer",
      "location":{
        "posX":16383.297851563,
        "posZ":1730.3791503906,
        "posY":13547.4453125,
        "rotX":0.000396978110075,
        "rotY":0,
        "rotZ":0.92060494422913
      },
      "stats":{
        "healthCurrent":45,
        "magickaCurrent":20,
        "healthModified":45,
        "fatigueBase":400,
        "fatigueModified":400,
        "healthBase":45,
        "magickaModified":20,
        "magickaBase":20,
        "fatigueCurrent":400
      }
    },
    "300267-0":{
      "refId":"flora_rm_scathecraw_02",
      "inventory":[{
          "refId":"ingred_scathecraw_01",
          "count":1,
          "charge":-1,
          "enchantmentCharge":-1,
          "soul":""
        }]
    },
    "300259-0":{
      "refId":"flora_rm_scathecraw_02",
      "inventory":[{
          "refId":"ingred_scathecraw_01",
          "count":1,
          "charge":-1,
          "enchantmentCharge":-1,
          "soul":""
        }]
    },
    "300250-0":{
      "refId":"flora_rm_scathecraw_02",
      "inventory":[{
          "refId":"ingred_scathecraw_01",
          "count":1,
          "charge":-1,
          "enchantmentCharge":-1,
          "soul":""
        }]
    },
    "300255-0":{
      "refId":"flora_rm_scathecraw_02",
      "inventory":[{
          "refId":"ingred_scathecraw_01",
          "count":1,
          "charge":-1,
          "enchantmentCharge":-1,
          "soul":""
        }]
    }
  }
}