{
  "packets":{
    "actorList":["0-3356","0-3358","0-3359","0-3360","355198-0"],
    "ai":[],
    "cellChangeFrom":[],
    "cellChangeTo":[],
    "container":["296522-0","296523-0","296524-0","296527-0","429496-0","429497-0","429498-0","429505-0","429511-0","429512-0","429513-0","429514-0","429515-0","429523-0","429526-0","429527-0","355198-0"],
    "death":[],
    "delete":[],
    "doorState":[],
    "equipment":[],
    "lock":[],
    "place":[],
    "position":["355198-0","0-3356","0-3358","0-3359","0-3360"],
    "scale":[],
    "spawn":["0-3356","0-3358","0-3359","0-3360"],
    "state":[],
    "statsDynamic":["355198-0","0-3356","0-3358","0-3359","0-3360"],
    "trap":[]
  },
  "entry":{
    "creationTime":1554788556,
    "description":"1, 18"
  },
  "lastVisit":{
    "the luch":1554872715,
    "Den":1554788783,
    "Fendryn":1554872714
  },
  "recordLinks":[],
  "objectData":{
    "429496-0":{
      "refId":"kollop_01_pearl",
      "inventory":[{
          "refId":"ingred_pearl_01",
          "count":1,
          "charge":-1,
          "enchantmentCharge":-1,
          "soul":""
        }]
    },
    "296523-0":{
      "refId":"flora_rm_scathecraw_01",
      "inventory":[{
          "refId":"ingred_scathecraw_01",
          "count":1,
          "charge":-1,
          "enchantmentCharge":-1,
          "soul":""
        }]
    },
    "355198-0":{
      "refId":"slaughterfish",
      "location":{
        "posX":11115.95703125,
        "posZ":-37.907989501953,
        "posY":150166.28125,
        "rotX":0.068179860711098,
        "rotY":0,
        "rotZ":0.027143001556396
      },
      "stats":{
        "healthCurrent":23,
        "magickaCurrent":10,
        "healthModified":23,
        "fatigueBase":400,
        "fatigueModified":400,
        "healthBase":23,
        "magickaModified":10,
        "magickaBase":10,
        "fatigueCurrent":399.96102905273
      },
      "inventory":[{
          "refId":"ingred_scales_01",
          "count":2,
          "charge":-1,
          "enchantmentCharge":-1,
          "soul":""
        }]
    },
    "0-3359":{
      "refId":"mudcrab-diseased",
      "location":{
        "posX":15533.609375,
        "posZ":88.413345336914,
        "posY":153551.5,
        "rotX":-0.043401166796684,
        "rotY":0,
        "rotZ":-1.6979577541351
      },
      "stats":{
        "healthCurrent":15,
        "magickaCurrent":5,
        "healthModified":15,
        "fatigueBase":26,
        "fatigueModified":26,
        "healthBase":15,
        "magickaModified":5,
        "magickaBase":5,
        "fatigueCurrent":26
      }
    },
    "0-3360":{
      "refId":"slaughterfish",
      "location":{
        "posX":12174.8671875,
        "posZ":-37.337036132813,
        "posY":148513.34375,
        "rotX":-0.001493452116847,
        "rotY":0,
        "rotZ":-1.912894487381
      },
      "stats":{
        "healthCurrent":23,
        "magickaCurrent":10,
        "healthModified":23,
        "fatigueBase":400,
        "fatigueModified":400,
        "healthBase":23,
        "magickaModified":10,
        "magickaBase":10,
        "fatigueCurrent":399.98709106445
      }
    },
    "429505-0":{
      "refId":"kollop_03_pearl",
      "inventory":[]
    },
    "429527-0":{
      "refId":"kollop_02_pearl",
      "inventory":[{
          "refId":"ingred_pearl_01",
          "count":1,
          "charge":-1,
          "enchantmentCharge":-1,
          "soul":""
        }]
    },
    "429526-0":{
      "refId":"kollop_01_pearl",
      "inventory":[{
          "refId":"ingred_pearl_01",
          "count":1,
          "charge":-1,
          "enchantmentCharge":-1,
          "soul":""
        }]
    },
    "429498-0":{
      "refId":"kollop_03_pearl",
      "inventory":[{
          "refId":"ingred_pearl_01",
          "count":1,
          "charge":-1,
          "enchantmentCharge":-1,
          "soul":""
        }]
    },
    "296524-0":{
      "refId":"flora_rm_scathecraw_02",
      "inventory":[{
          "refId":"ingred_scathecraw_01",
          "count":1,
          "charge":-1,
          "enchantmentCharge":-1,
          "soul":""
        }]
    },
    "429515-0":{
      "refId":"kollop_02_pearl",
      "inventory":[{
          "refId":"ingred_pearl_01",
          "count":1,
          "charge":-1,
          "enchantmentCharge":-1,
          "soul":""
        }]
    },
    "429523-0":{
      "refId":"kollop_03_pearl",
      "inventory":[]
    },
    "429514-0":{
      "refId":"kollop_01_pearl",
      "inventory":[{
          "refId":"ingred_pearl_01",
          "count":1,
          "charge":-1,
          "enchantmentCharge":-1,
          "soul":""
        }]
    },
    "429513-0":{
      "refId":"kollop_03_pearl",
      "inventory":[]
    },
    "296527-0":{
      "refId":"flora_rm_scathecraw_02",
      "inventory":[{
          "refId":"ingred_scathecraw_01",
          "count":1,
          "charge":-1,
          "enchantmentCharge":-1,
          "soul":""
        }]
    },
    "429512-0":{
      "refId":"kollop_02_pearl",
      "inventory":[]
    },
    "296522-0":{
      "refId":"flora_rm_scathecraw_02",
      "inventory":[{
          "refId":"ingred_scathecraw_01",
          "count":1,
          "charge":-1,
          "enchantmentCharge":-1,
          "soul":""
        }]
    },
    "429511-0":{
      "refId":"kollop_01_pearl",
      "inventory":[{
          "refId":"ingred_pearl_01",
          "count":1,
          "charge":-1,
          "enchantmentCharge":-1,
          "soul":""
        }]
    },
    "429497-0":{
      "refId":"kollop_02_pearl",
      "inventory":[{
          "refId":"ingred_pearl_01",
          "count":1,
          "charge":-1,
          "enchantmentCharge":-1,
          "soul":""
        }]
    },
    "0-3356":{
      "refId":"slaughterfish_small",
      "location":{
        "posX":10464.498046875,
        "posZ":-310.83251953125,
        "posY":153561.625,
        "rotX":0.054266285151243,
        "rotY":0,
        "rotZ":1.0789873600006
      },
      "stats":{
        "healthCurrent":15,
        "magickaCurrent":10,
        "healthModified":15,
        "fatigueBase":300,
        "fatigueModified":300,
        "healthBase":15,
        "magickaModified":10,
        "magickaBase":10,
        "fatigueCurrent":299.96249389648
      }
    },
    "0-3358":{
      "refId":"cliff racer",
      "location":{
        "posX":12555.46875,
        "posZ":924.79406738281,
        "posY":154364.890625,
        "rotX":0.00038691982626915,
        "rotY":0,
        "rotZ":2.0281069278717
      },
      "stats":{
        "healthCurrent":45,
        "magickaCurrent":20,
        "healthModified":45,
        "fatigueBase":400,
        "fatigueModified":400,
        "healthBase":45,
        "magickaModified":20,
        "magickaBase":20,
        "fatigueCurrent":400
      }
    }
  }
}