{
  "packets":{
    "actorList":["0-1528","0-3229","0-3242","0-3239","0-3246","0-3248","0-4166","0-3227"],
    "ai":[],
    "cellChangeFrom":[],
    "cellChangeTo":[],
    "container":["0-1528","0-3229","0-3248","0-3242","0-3239","0-3246"],
    "death":["0-3229","0-3242","0-3239","0-3248","0-3246"],
    "delete":[],
    "doorState":[],
    "equipment":[],
    "lock":[],
    "place":[],
    "position":["0-1528","0-3229","0-3242","0-3239","0-3246","0-3248","0-4166","0-3227"],
    "scale":[],
    "spawn":["0-1528","0-3229","0-3242","0-3239","0-3246","0-3248","0-4166","0-3227"],
    "state":[],
    "statsDynamic":["0-1528","0-3229","0-3242","0-3239","0-3246","0-3248","0-4166","0-3227"],
    "trap":[]
  },
  "entry":{
    "creationTime":1554610308,
    "description":"1, 3"
  },
  "lastVisit":{
    "Fendryn":1558211154,
    "Den":1556254869,
    "DizzyDasher":1558210307
  },
  "recordLinks":[],
  "objectData":{
    "0-1528":{
      "refId":"rat",
      "location":{
        "posX":11665.447265625,
        "posZ":1455.6778564453,
        "posY":24773.833984375,
        "rotX":-0.20715740323067,
        "rotY":0,
        "rotZ":0.31816792488098
      },
      "stats":{
        "healthCurrent":23,
        "magickaCurrent":10,
        "healthModified":23,
        "fatigueBase":300,
        "fatigueModified":300,
        "healthBase":23,
        "magickaModified":10,
        "magickaBase":10,
        "fatigueCurrent":298.58602905273
      },
      "inventory":[{
          "refId":"ingred_rat_meat_01",
          "count":1,
          "charge":-1,
          "enchantmentCharge":-1,
          "soul":""
        }]
    },
    "0-4166":{
      "refId":"cliff racer",
      "location":{
        "posX":9202.505859375,
        "posZ":1618.0548095703,
        "posY":24576.0078125,
        "rotX":-3.2577663660049e-05,
        "rotY":0,
        "rotZ":-1.7078483104706
      },
      "stats":{
        "healthCurrent":45,
        "magickaCurrent":20,
        "healthModified":45,
        "fatigueBase":400,
        "fatigueModified":400,
        "healthBase":45,
        "magickaModified":20,
        "magickaBase":20,
        "fatigueCurrent":400
      }
    },
    "0-3227":{
      "refId":"cliff racer",
      "location":{
        "posX":8249.283203125,
        "posZ":2953.5209960938,
        "posY":24593.513671875,
        "rotX":0,
        "rotY":0,
        "rotZ":-0.30844020843506
      },
      "stats":{
        "healthCurrent":45,
        "magickaCurrent":20,
        "healthModified":45,
        "fatigueBase":400,
        "fatigueModified":400,
        "healthBase":45,
        "magickaModified":20,
        "magickaBase":20,
        "fatigueCurrent":400
      }
    },
    "0-3248":{
      "refId":"cliff racer",
      "location":{
        "posX":14895.504882813,
        "posZ":2062.8818359375,
        "posY":26543.22265625,
        "rotX":1.1862926483154,
        "rotY":0,
        "rotZ":-0.20649456977844
      },
      "stats":{
        "healthCurrent":0,
        "magickaCurrent":20,
        "healthModified":45,
        "fatigueBase":400,
        "fatigueModified":400,
        "healthBase":45,
        "magickaModified":20,
        "magickaBase":20,
        "fatigueCurrent":400
      },
      "inventory":[],
      "killer":{
        "player":"Fendryn"
      }
    },
    "0-3246":{
      "refId":"cliff racer",
      "location":{
        "posX":14948.177734375,
        "posZ":2115.314453125,
        "posY":26717.4375,
        "rotX":0.69248139858246,
        "rotY":0,
        "rotZ":0.98838353157043
      },
      "stats":{
        "healthCurrent":0,
        "magickaCurrent":20,
        "healthModified":45,
        "fatigueBase":400,
        "fatigueModified":400,
        "healthBase":45,
        "magickaModified":20,
        "magickaBase":20,
        "fatigueCurrent":400
      },
      "inventory":[{
          "refId":"ingred_racer_plumes_01",
          "count":1,
          "charge":-1,
          "enchantmentCharge":-1,
          "soul":""
        }],
      "killer":{
        "player":"Fendryn"
      }
    },
    "0-3239":{
      "refId":"cliff racer",
      "location":{
        "posX":14917.497070313,
        "posZ":2078.7021484375,
        "posY":26561.2421875,
        "rotX":0.84785604476929,
        "rotY":0,
        "rotZ":2.9917595386505
      },
      "stats":{
        "healthCurrent":0,
        "magickaCurrent":20,
        "healthModified":45,
        "fatigueBase":400,
        "fatigueModified":400,
        "healthBase":45,
        "magickaModified":20,
        "magickaBase":20,
        "fatigueCurrent":400
      },
      "inventory":[{
          "refId":"ingred_racer_plumes_01",
          "count":1,
          "charge":-1,
          "enchantmentCharge":-1,
          "soul":""
        }],
      "killer":{
        "player":"Fendryn"
      }
    },
    "0-3229":{
      "refId":"cliff racer_diseased",
      "location":{
        "posX":10500.818359375,
        "posZ":798.39025878906,
        "posY":24733.54296875,
        "rotX":1.4865729808807,
        "rotY":0,
        "rotZ":1.3426496982574
      },
      "stats":{
        "healthCurrent":0,
        "magickaCurrent":20,
        "healthModified":45,
        "fatigueBase":180,
        "fatigueModified":180,
        "healthBase":45,
        "magickaModified":20,
        "magickaBase":20,
        "fatigueCurrent":180
      },
      "inventory":[{
          "refId":"ingred_racer_plumes_01",
          "count":1,
          "charge":-1,
          "enchantmentCharge":-1,
          "soul":""
        }],
      "killer":{
        "player":"Den"
      }
    },
    "0-3242":{
      "refId":"cliff racer_diseased",
      "location":{
        "posX":14546.15234375,
        "posZ":1960.8801269531,
        "posY":26576.625,
        "rotX":1.3532388210297,
        "rotY":0,
        "rotZ":1.8435661792755
      },
      "stats":{
        "healthCurrent":0,
        "magickaCurrent":20,
        "healthModified":45,
        "fatigueBase":180,
        "fatigueModified":180,
        "healthBase":45,
        "magickaModified":20,
        "magickaBase":20,
        "fatigueCurrent":180
      },
      "inventory":[{
          "refId":"ingred_racer_plumes_01",
          "count":1,
          "charge":-1,
          "enchantmentCharge":-1,
          "soul":""
        }],
      "killer":{
        "player":"Fendryn"
      }
    }
  }
}