{
  "packets":{
    "actorList":["0-2967","0-2968","0-2969","476725-0","0-2992","0-2991","0-2970"],
    "ai":[],
    "cellChangeFrom":[],
    "cellChangeTo":[],
    "container":["439969-0","439990-0","439993-0","439994-0","440019-0","440023-0","440028-0","440032-0","476725-0"],
    "death":[],
    "delete":[],
    "doorState":[],
    "equipment":[],
    "lock":[],
    "place":[],
    "position":["476725-0","0-2967","0-2968","0-2969","0-2992","0-2991","0-2970"],
    "scale":[],
    "spawn":["0-2967","0-2968","0-2969","0-2992","0-2991","0-2970"],
    "state":[],
    "statsDynamic":["476725-0","0-2967","0-2968","0-2969","0-2992","0-2991","0-2970"],
    "trap":[]
  },
  "entry":{
    "creationTime":1554699938,
    "description":"10, 19"
  },
  "lastVisit":{
    "Den":1555635813,
    "Fendryn":1555635823
  },
  "recordLinks":[],
  "objectData":{
    "0-2967":{
      "refId":"slaughterfish_small",
      "location":{
        "posX":89200.453125,
        "posZ":-45.82527923584,
        "posY":156414.46875,
        "rotX":0.46989288926125,
        "rotY":0,
        "rotZ":2.033632516861
      },
      "stats":{
        "healthCurrent":15,
        "magickaCurrent":10,
        "healthModified":15,
        "fatigueBase":300,
        "fatigueModified":300,
        "healthBase":15,
        "magickaModified":10,
        "magickaBase":10,
        "fatigueCurrent":299.97830200195
      }
    },
    "439990-0":{
      "refId":"kollop_03_pearl",
      "inventory":[{
          "refId":"ingred_pearl_01",
          "count":1,
          "charge":-1,
          "enchantmentCharge":-1,
          "soul":""
        }]
    },
    "0-2970":{
      "refId":"slaughterfish_small",
      "location":{
        "posX":89964.828125,
        "posZ":-218.00210571289,
        "posY":162541.1875,
        "rotX":8.1975013017654e-05,
        "rotY":0,
        "rotZ":0.80306649208069
      },
      "stats":{
        "healthCurrent":15,
        "magickaCurrent":10,
        "healthModified":15,
        "fatigueBase":300,
        "fatigueModified":300,
        "healthBase":15,
        "magickaModified":10,
        "magickaBase":10,
        "fatigueCurrent":293.54766845703
      }
    },
    "439994-0":{
      "refId":"kollop_02_pearl",
      "inventory":[{
          "refId":"ingred_pearl_01",
          "count":1,
          "charge":-1,
          "enchantmentCharge":-1,
          "soul":""
        }]
    },
    "0-2992":{
      "refId":"slaughterfish_small",
      "location":{
        "posX":83242.484375,
        "posZ":-116.91584777832,
        "posY":163838.09375,
        "rotX":-0.00071050226688385,
        "rotY":0,
        "rotZ":-2.1416771411896
      },
      "stats":{
        "healthCurrent":15,
        "magickaCurrent":10,
        "healthModified":15,
        "fatigueBase":300,
        "fatigueModified":300,
        "healthBase":15,
        "magickaModified":10,
        "magickaBase":10,
        "fatigueCurrent":299.97830200195
      }
    },
    "440032-0":{
      "refId":"kollop_02_pearl",
      "inventory":[{
          "refId":"ingred_pearl_01",
          "count":1,
          "charge":-1,
          "enchantmentCharge":-1,
          "soul":""
        }]
    },
    "0-2968":{
      "refId":"slaughterfish",
      "location":{
        "posX":88426.03125,
        "posZ":-254.04058837891,
        "posY":160064.5625,
        "rotX":2.8533861041069e-05,
        "rotY":0,
        "rotZ":-1.6115710735321
      },
      "stats":{
        "healthCurrent":23,
        "magickaCurrent":10,
        "healthModified":23,
        "fatigueBase":400,
        "fatigueModified":400,
        "healthBase":23,
        "magickaModified":10,
        "magickaBase":10,
        "fatigueCurrent":399.97830200195
      }
    },
    "440023-0":{
      "refId":"kollop_03_pearl",
      "inventory":[]
    },
    "476725-0":{
      "refId":"kwama worker entrance",
      "location":{
        "posX":83258.828125,
        "posZ":210.36567687988,
        "posY":157719.0625,
        "rotX":0.053308609873056,
        "rotY":0,
        "rotZ":1.3551785945892
      },
      "stats":{
        "healthCurrent":30,
        "magickaCurrent":8,
        "healthModified":30,
        "fatigueBase":300,
        "fatigueModified":300,
        "healthBase":30,
        "magickaModified":8,
        "magickaBase":8,
        "fatigueCurrent":300
      },
      "inventory":[{
          "refId":"ingred_kwama_cuttle_01",
          "count":1,
          "charge":-1,
          "enchantmentCharge":-1,
          "soul":""
        },{
          "refId":"food_kwama_egg_01",
          "count":1,
          "charge":-1,
          "enchantmentCharge":-1,
          "soul":""
        }]
    },
    "440019-0":{
      "refId":"kollop_03_pearl",
      "inventory":[]
    },
    "0-2969":{
      "refId":"mudcrab-diseased",
      "location":{
        "posX":82690.90625,
        "posZ":112.5958480835,
        "posY":156886.75,
        "rotX":0.0010049277916551,
        "rotY":0,
        "rotZ":1.7962439060211
      },
      "stats":{
        "healthCurrent":15,
        "magickaCurrent":5,
        "healthModified":15,
        "fatigueBase":25,
        "fatigueModified":25,
        "healthBase":15,
        "magickaModified":5,
        "magickaBase":5,
        "fatigueCurrent":25
      }
    },
    "0-2991":{
      "refId":"dreugh",
      "location":{
        "posX":88627.453125,
        "posZ":-422.93057250977,
        "posY":163654.125,
        "rotX":-0.00022241473197937,
        "rotY":0,
        "rotZ":0.86644101142883
      },
      "stats":{
        "healthCurrent":60,
        "magickaCurrent":75,
        "healthModified":60,
        "fatigueBase":400,
        "fatigueModified":400,
        "healthBase":60,
        "magickaModified":75,
        "magickaBase":75,
        "fatigueCurrent":397.73553466797
      }
    },
    "440028-0":{
      "refId":"kollop_02_pearl",
      "inventory":[{
          "refId":"ingred_pearl_01",
          "count":1,
          "charge":-1,
          "enchantmentCharge":-1,
          "soul":""
        }]
    },
    "439993-0":{
      "refId":"kollop_01_pearl",
      "inventory":[{
          "refId":"ingred_pearl_01",
          "count":1,
          "charge":-1,
          "enchantmentCharge":-1,
          "soul":""
        }]
    },
    "439969-0":{
      "refId":"kollop_02_pearl",
      "inventory":[{
          "refId":"ingred_pearl_01",
          "count":1,
          "charge":-1,
          "enchantmentCharge":-1,
          "soul":""
        }]
    }
  }
}