{
  "packets":{
    "actorList":["0-2180","0-2181","0-2182","0-2183"],
    "ai":[],
    "cellChangeFrom":[],
    "cellChangeTo":[],
    "container":["455576-0","455584-0","455588-0"],
    "death":[],
    "delete":[],
    "doorState":[],
    "equipment":[],
    "lock":[],
    "place":[],
    "position":["0-2180","0-2181","0-2182","0-2183"],
    "scale":[],
    "spawn":["0-2180","0-2181","0-2182","0-2183"],
    "state":[],
    "statsDynamic":["0-2180","0-2181","0-2182","0-2183"],
    "trap":[]
  },
  "entry":{
    "creationTime":1554660882,
    "description":"10, -13"
  },
  "lastVisit":{
    "Fendryn":1554661775
  },
  "recordLinks":[],
  "objectData":{
    "455576-0":{
      "refId":"kollop_03_pearl",
      "inventory":[{
          "refId":"ingred_pearl_01",
          "count":1,
          "charge":-1,
          "enchantmentCharge":-1,
          "soul":""
        }]
    },
    "455588-0":{
      "refId":"kollop_03_pearl",
      "inventory":[]
    },
    "0-2181":{
      "refId":"dreugh",
      "location":{
        "posX":89364.890625,
        "posZ":-703.03631591797,
        "posY":-99470.3046875,
        "rotX":0.0014258306473494,
        "rotY":0,
        "rotZ":1.1746118068695
      },
      "stats":{
        "healthCurrent":60,
        "magickaCurrent":75,
        "healthModified":60,
        "fatigueBase":400,
        "fatigueModified":400,
        "healthBase":60,
        "magickaModified":75,
        "magickaBase":75,
        "fatigueCurrent":399.98010253906
      }
    },
    "0-2180":{
      "refId":"slaughterfish",
      "location":{
        "posX":85521.21875,
        "posZ":-501.01931762695,
        "posY":-102267.75,
        "rotX":0.19737634062767,
        "rotY":0,
        "rotZ":2.8246462345123
      },
      "stats":{
        "healthCurrent":23,
        "magickaCurrent":10,
        "healthModified":23,
        "fatigueBase":400,
        "fatigueModified":400,
        "healthBase":23,
        "magickaModified":10,
        "magickaBase":10,
        "fatigueCurrent":399.98010253906
      }
    },
    "455584-0":{
      "refId":"kollop_02_pearl",
      "inventory":[]
    },
    "0-2183":{
      "refId":"dreugh",
      "location":{
        "posX":86009.5625,
        "posZ":-1311.2764892578,
        "posY":-106301.171875,
        "rotX":0.0088416431099176,
        "rotY":0,
        "rotZ":-3.0993235111237
      },
      "stats":{
        "healthCurrent":60,
        "magickaCurrent":75,
        "healthModified":60,
        "fatigueBase":400,
        "fatigueModified":400,
        "healthBase":60,
        "magickaModified":75,
        "magickaBase":75,
        "fatigueCurrent":399.98010253906
      }
    },
    "0-2182":{
      "refId":"dreugh",
      "location":{
        "posX":83687.0625,
        "posZ":-985.24615478516,
        "posY":-104230.921875,
        "rotX":0.58702129125595,
        "rotY":0,
        "rotZ":-1.4102389812469
      },
      "stats":{
        "healthCurrent":60,
        "magickaCurrent":75,
        "healthModified":60,
        "fatigueBase":400,
        "fatigueModified":400,
        "healthBase":60,
        "magickaModified":75,
        "magickaBase":75,
        "fatigueCurrent":399.98010253906
      }
    }
  }
}