{
  "packets":{
    "actorList":["0-2191","0-2192","0-2193","0-2194","0-2195","0-2196","0-2197","410964-0","410965-0","0-2198"],
    "ai":[],
    "cellChangeFrom":[],
    "cellChangeTo":[],
    "container":["135137-0","135138-0","315045-0","315046-0","454991-0","455003-0","455007-0","455025-0","455033-0","455037-0","455039-0","455045-0","455047-0","455063-0","410964-0","410965-0"],
    "death":[],
    "delete":[],
    "doorState":[],
    "equipment":[],
    "lock":[],
    "place":[],
    "position":["410964-0","410965-0","0-2191","0-2192","0-2193","0-2194","0-2195","0-2196","0-2197","0-2198"],
    "scale":[],
    "spawn":["0-2191","0-2192","0-2193","0-2194","0-2195","0-2196","0-2197","0-2198"],
    "state":[],
    "statsDynamic":["410964-0","410965-0","0-2191","0-2192","0-2193","0-2194","0-2195","0-2196","0-2197","0-2198"],
    "trap":[]
  },
  "entry":{
    "creationTime":1554660944,
    "description":"11, -12"
  },
  "lastVisit":{
    "Fendryn":1554662003
  },
  "recordLinks":[],
  "objectData":{
    "410965-0":{
      "refId":"cliff racer",
      "location":{
        "posX":95431.890625,
        "posZ":457.40377807617,
        "posY":-95674.921875,
        "rotX":-0.002372452057898,
        "rotY":0,
        "rotZ":1.4809505939484
      },
      "stats":{
        "healthCurrent":45,
        "magickaCurrent":20,
        "healthModified":45,
        "fatigueBase":400,
        "fatigueModified":400,
        "healthBase":45,
        "magickaModified":20,
        "magickaBase":20,
        "fatigueCurrent":400
      },
      "inventory":[{
          "refId":"ingred_racer_plumes_01",
          "count":1,
          "charge":-1,
          "enchantmentCharge":-1,
          "soul":""
        }]
    },
    "455033-0":{
      "refId":"kollop_02_pearl",
      "inventory":[]
    },
    "455025-0":{
      "refId":"kollop_03_pearl",
      "inventory":[]
    },
    "0-2191":{
      "refId":"slaughterfish",
      "location":{
        "posX":94493.4375,
        "posZ":-122.5260925293,
        "posY":-94368.4453125,
        "rotX":0.21546663343906,
        "rotY":0,
        "rotZ":0.99441361427307
      },
      "stats":{
        "healthCurrent":23,
        "magickaCurrent":10,
        "healthModified":23,
        "fatigueBase":400,
        "fatigueModified":400,
        "healthBase":23,
        "magickaModified":10,
        "magickaBase":10,
        "fatigueCurrent":399.9931640625
      }
    },
    "0-2194":{
      "refId":"slaughterfish_small",
      "location":{
        "posX":94885.328125,
        "posZ":-141.01028442383,
        "posY":-98106.7578125,
        "rotX":1.0916963219643e-05,
        "rotY":0,
        "rotZ":-2.5621693134308
      },
      "stats":{
        "healthCurrent":15,
        "magickaCurrent":10,
        "healthModified":15,
        "fatigueBase":300,
        "fatigueModified":300,
        "healthBase":15,
        "magickaModified":10,
        "magickaBase":10,
        "fatigueCurrent":299.9931640625
      }
    },
    "455007-0":{
      "refId":"kollop_03_pearl",
      "inventory":[{
          "refId":"ingred_pearl_01",
          "count":1,
          "charge":-1,
          "enchantmentCharge":-1,
          "soul":""
        }]
    },
    "315045-0":{
      "refId":"flora_kreshweed_02",
      "inventory":[{
          "refId":"ingred_kresh_fiber_01",
          "count":1,
          "charge":-1,
          "enchantmentCharge":-1,
          "soul":""
        }]
    },
    "455039-0":{
      "refId":"kollop_02_pearl",
      "inventory":[]
    },
    "0-2195":{
      "refId":"cliff racer",
      "location":{
        "posX":96355.765625,
        "posZ":269.16864013672,
        "posY":-95390.5859375,
        "rotX":-0.0038617271929979,
        "rotY":0,
        "rotZ":-0.58880424499512
      },
      "stats":{
        "healthCurrent":45,
        "magickaCurrent":20,
        "healthModified":45,
        "fatigueBase":400,
        "fatigueModified":400,
        "healthBase":45,
        "magickaModified":20,
        "magickaBase":20,
        "fatigueCurrent":400
      }
    },
    "135137-0":{
      "refId":"flora_kreshweed_01",
      "inventory":[{
          "refId":"ingred_kresh_fiber_01",
          "count":1,
          "charge":-1,
          "enchantmentCharge":-1,
          "soul":""
        }]
    },
    "455037-0":{
      "refId":"kollop_03_pearl",
      "inventory":[]
    },
    "455045-0":{
      "refId":"kollop_02_pearl",
      "inventory":[]
    },
    "410964-0":{
      "refId":"cliff racer",
      "location":{
        "posX":93563.390625,
        "posZ":794.11444091797,
        "posY":-98110.8671875,
        "rotX":-3.7368386983871e-05,
        "rotY":0,
        "rotZ":-2.7746632099152
      },
      "stats":{
        "healthCurrent":45,
        "magickaCurrent":20,
        "healthModified":45,
        "fatigueBase":400,
        "fatigueModified":400,
        "healthBase":45,
        "magickaModified":20,
        "magickaBase":20,
        "fatigueCurrent":400
      },
      "inventory":[]
    },
    "454991-0":{
      "refId":"kollop_03_pearl",
      "inventory":[{
          "refId":"ingred_pearl_01",
          "count":1,
          "charge":-1,
          "enchantmentCharge":-1,
          "soul":""
        }]
    },
    "0-2198":{
      "refId":"dreugh",
      "location":{
        "posX":97478.046875,
        "posZ":-239.40747070313,
        "posY":-90121.03125,
        "rotX":0,
        "rotY":0,
        "rotZ":2.1697156429291
      },
      "stats":{
        "healthCurrent":60,
        "magickaCurrent":75,
        "healthModified":60,
        "fatigueBase":400,
        "fatigueModified":400,
        "healthBase":60,
        "magickaModified":75,
        "magickaBase":75,
        "fatigueCurrent":399.99154663086
      }
    },
    "455063-0":{
      "refId":"kollop_03_pearl",
      "inventory":[{
          "refId":"ingred_pearl_01",
          "count":1,
          "charge":-1,
          "enchantmentCharge":-1,
          "soul":""
        }]
    },
    "0-2193":{
      "refId":"slaughterfish",
      "location":{
        "posX":95301.375,
        "posZ":-66.729362487793,
        "posY":-96447.328125,
        "rotX":0.53017640113831,
        "rotY":0,
        "rotZ":-1.8061497211456
      },
      "stats":{
        "healthCurrent":23,
        "magickaCurrent":10,
        "healthModified":23,
        "fatigueBase":400,
        "fatigueModified":400,
        "healthBase":23,
        "magickaModified":10,
        "magickaBase":10,
        "fatigueCurrent":399.9931640625
      }
    },
    "455047-0":{
      "refId":"kollop_03_pearl",
      "inventory":[{
          "refId":"ingred_pearl_01",
          "count":1,
          "charge":-1,
          "enchantmentCharge":-1,
          "soul":""
        }]
    },
    "0-2192":{
      "refId":"slaughterfish_small",
      "location":{
        "posX":93825.390625,
        "posZ":-141.00173950195,
        "posY":-95577.1796875,
        "rotX":1.0542571544647e-06,
        "rotY":0,
        "rotZ":3.1055076122284
      },
      "stats":{
        "healthCurrent":15,
        "magickaCurrent":10,
        "healthModified":15,
        "fatigueBase":300,
        "fatigueModified":300,
        "healthBase":15,
        "magickaModified":10,
        "magickaBase":10,
        "fatigueCurrent":299.9931640625
      }
    },
    "135138-0":{
      "refId":"flora_kreshweed_03",
      "inventory":[{
          "refId":"ingred_kresh_fiber_01",
          "count":1,
          "charge":-1,
          "enchantmentCharge":-1,
          "soul":""
        }]
    },
    "455003-0":{
      "refId":"kollop_02_pearl",
      "inventory":[]
    },
    "0-2196":{
      "refId":"mudcrab-diseased",
      "location":{
        "posX":91580.375,
        "posZ":36.70853805542,
        "posY":-93836.125,
        "rotX":0,
        "rotY":0,
        "rotZ":-0.98787426948547
      },
      "stats":{
        "healthCurrent":15,
        "magickaCurrent":5,
        "healthModified":15,
        "fatigueBase":30,
        "fatigueModified":30,