{
  "packets":{
    "actorList":["160495-0","160497-0","408178-0","160496-0","160489-0","160491-0","160492-0","160493-0"],
    "ai":[],
    "cellChangeFrom":[],
    "cellChangeTo":[],
    "container":["279018-0","279019-0","279020-0","279021-0","279022-0","279023-0","279024-0","279025-0","279026-0","279027-0","279028-0","279029-0","279030-0","279031-0","279032-0","279033-0","279034-0","279035-0","279036-0","279037-0","279038-0","279039-0","279040-0","160495-0","160497-0","408178-0","160496-0","160489-0","160491-0","160492-0","160493-0"],
    "death":["160496-0","160495-0","160493-0","160497-0","160492-0","160489-0","408178-0","160491-0"],
    "delete":[],
    "doorState":[],
    "equipment":["160495-0","160496-0","160497-0","408178-0"],
    "lock":[],
    "place":[],
    "position":["160489-0","160491-0","160492-0","160493-0","160495-0","160496-0","160497-0","408178-0"],
    "scale":[],
    "spawn":[],
    "state":[],
    "statsDynamic":["160489-0","160491-0","160492-0","160493-0","160495-0","160496-0","160497-0","408178-0"],
    "trap":[]
  },
  "entry":{
    "creationTime":1555634202,
    "description":"11, 20"
  },
  "lastVisit":{
    "Den":1555635782,
    "Fendryn":1555635799
  },
  "recordLinks":[],
  "objectData":{
    "408178-0":{
      "refId":"fieryra",
      "location":{
        "posX":90870.46875,
        "posZ":165.4077911377,
        "posY":169309.90625,
        "rotX":-0.91215109825134,
        "rotY":0,
        "rotZ":2.4564650058746
      },
      "stats":{
        "healthCurrent":0,
        "magickaCurrent":34,
        "healthModified":150,
        "fatigueBase":263,
        "fatigueModified":263,
        "healthBase":150,
        "magickaModified":34,
        "magickaBase":34,
        "fatigueCurrent":263
      },
      "equipment":{
        "1":{
          "refId":"bonemold_armun-an_cuirass",
          "count":1,
          "charge":-1,
          "enchantmentCharge":-1
        },
        "2":{
          "refId":"bonemold_greaves",
          "count":1,
          "charge":149,
          "enchantmentCharge":-1
        },
        "7":{
          "refId":"bonemold_boots",
          "count":1,
          "charge":-1,
          "enchantmentCharge":-1
        },
        "8":{
          "refId":"common_shirt_02_h",
          "count":1,
          "charge":-1,
          "enchantmentCharge":-1
        },
        "9":{
          "refId":"common_pants_02",
          "count":1,
          "charge":-1,
          "enchantmentCharge":-1
        },
        "14":{
          "refId":"crimson despair amulet",
          "count":1,
          "charge":-1,
          "enchantmentCharge":-1
        },
        "16":{
          "refId":"devil tanto",
          "count":1,
          "charge":-1,
          "enchantmentCharge":-1
        }
      },
      "inventory":[{
          "refId":"bonemold_boots",
          "count":1,
          "charge":-1,
          "enchantmentCharge":-1,
          "soul":""
        },{
          "refId":"bonemold_greaves",
          "count":1,
          "charge":149,
          "enchantmentCharge":-1,
          "soul":""
        },{
          "refId":"bonemold_armun-an_cuirass",
          "count":1,
          "charge":-1,
          "enchantmentCharge":-1,
          "soul":""
        },{
          "refId":"crimson despair amulet",
          "count":1,
          "charge":-1,
          "enchantmentCharge":-1,
          "soul":""
        },{
          "refId":"common_shirt_02_h",
          "count":1,
          "charge":-1,
          "enchantmentCharge":-1,
          "soul":""
        },{
          "refId":"common_pants_02",
          "count":1,
          "charge":-1,
          "enchantmentCharge":-1,
          "soul":""
        },{
          "refId":"devil tanto",
          "count":1,
          "charge":-1,
          "enchantmentCharge":-1,
          "soul":""
        }],
      "killer":{
        "player":"Den"
      }
    },
    "279024-0":{
      "refId":"flora_kreshweed_03",
      "inventory":[{
          "refId":"ingred_kresh_fiber_01",
          "count":1,
          "charge":-1,
          "enchantmentCharge":-1,
          "soul":""
        }]
    },
    "279037-0":{
      "refId":"flora_kreshweed_01",
      "inventory":[{
          "refId":"ingred_kresh_fiber_01",
          "count":1,
          "charge":-1,
          "enchantmentCharge":-1,
          "soul":""
        }]
    },
    "279036-0":{
      "refId":"flora_stoneflower_01",
      "inventory":[{
          "refId":"ingred_stoneflower_petals_01",
          "count":1,
          "charge":-1,
          "enchantmentCharge":-1,
          "soul":""
        }]
    },
    "279038-0":{
      "refId":"flora_kreshweed_01",
      "inventory":[{
          "refId":"ingred_kresh_fiber_01",
          "count":1,
          "charge":-1,
          "enchantmentCharge":-1,
          "soul":""
        }]
    },
    "279020-0":{
      "refId":"flora_black_anther_02",
      "inventory":[{
          "refId":"ingred_black_anther_01",
          "count":1,
          "charge":-1,
          "enchantmentCharge":-1,
          "soul":""
        }]
    },
    "279021-0":{
      "refId":"flora_kreshweed_01",
      "inventory":[{
          "refId":"ingred_kresh_fiber_01",
          "count":1,
          "charge":-1,
          "enchantmentCharge":-1,
          "soul":""
        }]
    },
    "160495-0":{
      "refId":"bethes sarothril",
      "location":{
        "posX":95914.9375,
        "posZ":1389.9338378906,
        "posY":164947.546875,
        "rotX":-9.8347663879395e-07,
        "rotY":0,
        "rotZ":-1.9451143741608
      },
      "stats":{
        "healthCurrent":0,
        "magickaCurrent":150,
        "healthModified":141,
        "fatigueBase":261,
        "fatigueModified":261,
        "healthBase":141,
        "magickaModified":200,
        "magickaBase":200,
        "fatigueCurrent":261
      },
      "equipment":{
        "11":{
          "refId":"expensive_robe_02",
          "count":1,
          "charge":-1,
          "enchantmentCharge":-1
        },
        "16":{
          "refId":"demon mace",
          "count":1,
          "charge":-1,
          "enchantmentCharge":-1
        },
        "15":{
          "refId":"indoril_belt",
          "count":1,
          "charge":-1,
          "enchantmentCharge":-1
        }
      },
      "inventory":[{
          "refId":"p_restore_health_s",
          "count":2,
          "charge":-1,
          "enchantmentCharge":-1,
          "soul":""
        },{
          "refId":"p_restore_fatigue_s",
          "count":2,
          "charge":-1,
          "enchantmentCharge":-1,
          "soul":""
        },{
          "refId":"indoril shield",
          "count":1,
          "charge":-1,
          "enchantmentCharge":-1,
          "soul":""
        },{
          "refId":"indoril boots",
          "count":1,
          "charge":-1,
          "enchantmentCharge":-1,
          "soul":""
        },{
          "refId":"indoril helmet",
          "count":1,
          "charge":-1,
          "enchantmentCharge":-1,
          "soul":""
        },{
          "refId":"expensive_robe_02",
          "count":1,
          "charge":-1,
          "enchantmentCharge":-1,
          "soul":""
        },{
          "refId":"indoril_belt",
          "count":1,
          "charge":-1,
          "enchantmentCharge":-1,
          "soul":""
        },{
          "refId":"demon mace",
          "count":1,
          "charge":-1,
          "enchantmentCharge":-1,
          "soul":""
        }],
      "killer":{
        "player":"Den"
      }
    },
    "160496-0":{
      "refId":"fore paw",
      "location":{
        "posX":94361.921875,
        "posZ":1221.935546875,
        "posY":170237.28125,
        "rotX":-0.45145091414452,
        "rotY":0,
        "rotZ":-1.4816811084747
      },
      "stats":{
        "healthCurrent":0,
        "magickaCurrent":34,
        "healthModified":165,
        "fatigueBase":263,
        "fatigueModified":263,
        "healthBase":165,