{
  "packets":{
    "actorList":["0-2445","355092-0","355093-0","0-2446","0-2525","0-2526"],
    "ai":[],
    "cellChangeFrom":[],
    "cellChangeTo":[],
    "container":["139782-0","139783-0","139784-0","139785-0","139786-0","439462-0","439465-0","439466-0","439487-0","439492-0","439497-0","439501-0","439515-0","439518-0","439519-0","439529-0","439532-0","439533-0","355092-0","355093-0","0-2445","0-2446"],
    "death":["0-2445","355092-0","355093-0","0-2446"],
    "delete":[],
    "doorState":[],
    "equipment":[],
    "lock":[],
    "place":[],
    "position":["355092-0","355093-0","0-2445","0-2446","0-2525","0-2526"],
    "scale":[],
    "spawn":["0-2445","0-2446","0-2525","0-2526"],
    "state":[],
    "statsDynamic":["355092-0","355093-0","0-2445","0-2446","0-2525","0-2526"],
    "trap":[]
  },
  "entry":{
    "creationTime":1554686398,
    "description":"12, 15"
  },
  "lastVisit":{
    "Fendryn":1555637508,
    "Den":1555638743,
    "DizzyDasher":1554783724
  },
  "recordLinks":[],
  "objectData":{
    "439533-0":{
      "refId":"kollop_02_pearl",
      "inventory":[{
          "refId":"ingred_pearl_01",
          "count":1,
          "charge":-1,
          "enchantmentCharge":-1,
          "soul":""
        }]
    },
    "439465-0":{
      "refId":"kollop_01_pearl",
      "inventory":[]
    },
    "0-2445":{
      "refId":"slaughterfish",
      "location":{
        "posX":100006.90625,
        "posZ":-121.98127746582,
        "posY":125963.71875,
        "rotX":-0.041620954871178,
        "rotY":0,
        "rotZ":2.7859518527985
      },
      "stats":{
        "healthCurrent":0,
        "magickaCurrent":10,
        "healthModified":23,
        "fatigueBase":400,
        "fatigueModified":400,
        "healthBase":23,
        "magickaModified":10,
        "magickaBase":10,
        "fatigueCurrent":391.63272094727
      },
      "inventory":[],
      "killer":{
        "player":"Den"
      }
    },
    "439492-0":{
      "refId":"kollop_03_pearl",
      "inventory":[]
    },
    "439529-0":{
      "refId":"kollop_03_pearl",
      "inventory":[{
          "refId":"ingred_pearl_01",
          "count":1,
          "charge":-1,
          "enchantmentCharge":-1,
          "soul":""
        }]
    },
    "439497-0":{
      "refId":"kollop_02_pearl",
      "inventory":[]
    },
    "0-2526":{
      "refId":"slaughterfish_small",
      "location":{
        "posX":103616.3515625,
        "posZ":-41.003051757813,
        "posY":131070.75,
        "rotX":2.7939677238464e-07,
        "rotY":0,
        "rotZ":-2.879989862442
      },
      "stats":{
        "healthCurrent":15,
        "magickaCurrent":10,
        "healthModified":15,
        "fatigueBase":300,
        "fatigueModified":300,
        "healthBase":15,
        "magickaModified":10,
        "magickaBase":10,
        "fatigueCurrent":299.9743347168
      }
    },
    "439518-0":{
      "refId":"kollop_01_pearl",
      "inventory":[{
          "refId":"ingred_pearl_01",
          "count":1,
          "charge":-1,
          "enchantmentCharge":-1,
          "soul":""
        }]
    },
    "139783-0":{
      "refId":"flora_marshmerrow_03",
      "inventory":[{
          "refId":"ingred_marshmerrow_01",
          "count":1,
          "charge":-1,
          "enchantmentCharge":-1,
          "soul":""
        }]
    },
    "355092-0":{
      "refId":"slaughterfish",
      "location":{
        "posX":100030.15625,
        "posZ":-37.356826782227,
        "posY":126179.46875,
        "rotX":0,
        "rotY":0,
        "rotZ":5.5831861495972
      },
      "stats":{
        "healthCurrent":0,
        "magickaCurrent":10,
        "healthModified":23,
        "fatigueBase":400,
        "fatigueModified":400,
        "healthBase":23,
        "magickaModified":10,
        "magickaBase":10,
        "fatigueCurrent":386.95635986328
      },
      "inventory":[{
          "refId":"ingred_scales_01",
          "count":2,
          "charge":-1,
          "enchantmentCharge":-1,
          "soul":""
        }],
      "killer":{
        "player":"Den"
      }
    },
    "355093-0":{
      "refId":"slaughterfish",
      "location":{
        "posX":100065.8203125,
        "posZ":-38.014766693115,
        "posY":126211.859375,
        "rotX":0,
        "rotY":0,
        "rotZ":0.30000048875809
      },
      "stats":{
        "healthCurrent":0,
        "magickaCurrent":10,
        "healthModified":23,
        "fatigueBase":400,
        "fatigueModified":400,
        "healthBase":23,
        "magickaModified":10,
        "magickaBase":10,
        "fatigueCurrent":396.71243286133
      },
      "inventory":[],
      "killer":{
        "player":"Den"
      }
    },
    "139784-0":{
      "refId":"flora_marshmerrow_03",
      "inventory":[{
          "refId":"ingred_marshmerrow_01",
          "count":1,
          "charge":-1,
          "enchantmentCharge":-1,
          "soul":""
        }]
    },
    "439487-0":{
      "refId":"kollop_03_pearl",
      "inventory":[]
    },
    "139785-0":{
      "refId":"flora_marshmerrow_01",
      "inventory":[{
          "refId":"ingred_marshmerrow_01",
          "count":1,
          "charge":-1,
          "enchantmentCharge":-1,
          "soul":""
        }]
    },
    "439515-0":{
      "refId":"kollop_03_pearl",
      "inventory":[]
    },
    "0-2525":{
      "refId":"dreugh",
      "location":{
        "posX":103867.5,
        "posZ":-387.46276855469,
        "posY":131056.0703125,
        "rotX":0,
        "rotY":0,
        "rotZ":-0.17908239364624
      },
      "stats":{
        "healthCurrent":60,
        "magickaCurrent":75,
        "healthModified":60,
        "fatigueBase":400,
        "fatigueModified":400,
        "healthBase":60,
        "magickaModified":75,
        "magickaBase":75,
        "fatigueCurrent":399.9743347168
      }
    },
    "439532-0":{
      "refId":"kollop_01_pearl",
      "inventory":[]
    },
    "439501-0":{
      "refId":"kollop_02_pearl",
      "inventory":[]
    },
    "439462-0":{
      "refId":"kollop_03_pearl",
      "inventory":[{
          "refId":"ingred_pearl_01",
          "count":1,
          "charge":-1,
          "enchantmentCharge":-1,
          "soul":""
        }]
    },
    "439519-0":{
      "refId":"kollop_02_pearl",
      "inventory":[]
    },
    "439466-0":{
      "refId":"kollop_02_pearl",
      "inventory":[{
          "refId":"ingred_pearl_01",
          "count":1,
          "charge":-1,
          "enchantmentCharge":-1,
          "soul":""
        }]
    },
    "139782-0":{
      "refId":"flora_marshmerrow_02",
      "inventory":[{
          "refId":"ingred_marshmerrow_01",
          "count":1,
          "charge":-1,
          "enchantmentCharge":-1,
          "soul":""
        }]
    },
    "0-2446":{
      "refId":"alit_diseased",
      "location":{
        "posX":102410.140625,
        "posZ":935.54022216797,
        "posY":122880.3046875,
        "rotX":0.93907731771469,
        "rotY":0,
        "rotZ":-2.3442633152008
      },
      "stats":{
        "healthCurrent":0,
        "magickaCurrent":69,
        "healthModified":30,
        "fatigueBase":190,
        "fatigueModified":190,
        "healthBase":30,
        "magickaModified":75,
        "magickaBase":75,
        "fatigueCurrent":190
      },
      "inventory":[{
          "refId":"ingred_alit_hide_01",
          "count":1,
          "charge":-1,
          "enchantmentCharge":-1,
          "soul":""
        }],
      "killer":{
        "player":"Den"
      }
    },
    "139786-0":{
      "refId":"flora_marshmerrow_02",
      "inventory":[{
          "refId":"ingred_marshmerrow_01",
          "count":1,
          "charge":-1,
          "enchantmentCharge":-1,
          "soul":""
        }]
    }
  }
}