{
  "packets":{
    "actorList":["0-4473","0-4474","0-4475","0-4477","0-4440"],
    "ai":[],
    "cellChangeFrom":[],
    "cellChangeTo":[],
    "container":["438780-0","438789-0","438793-0","438795-0","438809-0","438813-0","438818-0","438820-0"],
    "death":[],
    "delete":[],
    "doorState":[],
    "equipment":[],
    "lock":[],
    "place":[],
    "position":["0-4473","0-4474","0-4475","0-4477","0-4440"],
    "scale":[],
    "spawn":["0-4473","0-4474","0-4475","0-4477","0-4440"],
    "state":[],
    "statsDynamic":["0-4473","0-4474","0-4475","0-4477","0-4440"],
    "trap":[]
  },
  "entry":{
    "creationTime":1555634201,
    "description":"12, 20"
  },
  "lastVisit":{
    "Den":1555635782,
    "Fendryn":1555635799
  },
  "recordLinks":[],
  "objectData":{
    "0-4440":{
      "refId":"slaughterfish_small",
      "location":{
        "posX":101842.2734375,
        "posZ":-33.008399963379,
        "posY":164039.484375,
        "rotX":-1.7053447663784e-05,
        "rotY":0,
        "rotZ":-1.173820734024
      },
      "stats":{
        "healthCurrent":15,
        "magickaCurrent":10,
        "healthModified":15,
        "fatigueBase":300,
        "fatigueModified":300,
        "healthBase":15,
        "magickaModified":10,
        "magickaBase":10,
        "fatigueCurrent":299.85266113281
      }
    },
    "438795-0":{
      "refId":"kollop_03_pearl",
      "inventory":[]
    },
    "438793-0":{
      "refId":"kollop_02_pearl",
      "inventory":[{
          "refId":"ingred_pearl_01",
          "count":1,
          "charge":-1,
          "enchantmentCharge":-1,
          "soul":""
        }]
    },
    "438789-0":{
      "refId":"kollop_02_pearl",
      "inventory":[]
    },
    "0-4473":{
      "refId":"dreugh",
      "location":{
        "posX":105175.78125,
        "posZ":-1168.7996826172,
        "posY":167558.828125,
        "rotX":-0.22910910844803,
        "rotY":0,
        "rotZ":-1.0500681400299
      },
      "stats":{
        "healthCurrent":60,
        "magickaCurrent":75,
        "healthModified":60,
        "fatigueBase":400,
        "fatigueModified":400,
        "healthBase":60,
        "magickaModified":75,
        "magickaBase":75,
        "fatigueCurrent":399.97793579102
      }
    },
    "438809-0":{
      "refId":"kollop_03_pearl",
      "inventory":[]
    },
    "438820-0":{
      "refId":"kollop_03_pearl",
      "inventory":[]
    },
    "438818-0":{
      "refId":"kollop_02_pearl",
      "inventory":[{
          "refId":"ingred_pearl_01",
          "count":1,
          "charge":-1,
          "enchantmentCharge":-1,
          "soul":""
        }]
    },
    "438780-0":{
      "refId":"kollop_03_pearl",
      "inventory":[]
    },
    "0-4474":{
      "refId":"slaughterfish_small",
      "location":{
        "posX":106302.671875,
        "posZ":-1115.4252929688,
        "posY":164473,
        "rotX":0,
        "rotY":0,
        "rotZ":0
      },
      "stats":{
        "healthCurrent":15,
        "magickaCurrent":10,
        "healthModified":15,
        "fatigueBase":300,
        "fatigueModified":300,
        "healthBase":15,
        "magickaModified":10,
        "magickaBase":10,
        "fatigueCurrent":299.97793579102
      }
    },
    "0-4475":{
      "refId":"dreugh",
      "location":{
        "posX":106298.421875,
        "posZ":-79.335571289063,
        "posY":171799.78125,
        "rotX":0,
        "rotY":0,
        "rotZ":0
      },
      "stats":{
        "healthCurrent":60,
        "magickaCurrent":75,
        "healthModified":60,
        "fatigueBase":400,
        "fatigueModified":400,
        "healthBase":60,
        "magickaModified":75,
        "magickaBase":75,
        "fatigueCurrent":399.97793579102
      }
    },
    "0-4477":{
      "refId":"dreugh",
      "location":{
        "posX":106301.375,
        "posZ":-1422.0871582031,
        "posY":165175.875,
        "rotX":0,
        "rotY":0,
        "rotZ":0
      },
      "stats":{
        "healthCurrent":60,
        "magickaCurrent":75,
        "healthModified":60,
        "fatigueBase":400,
        "fatigueModified":400,
        "healthBase":60,
        "magickaModified":75,
        "magickaBase":75,
        "fatigueCurrent":399.97793579102
      }
    },
    "438813-0":{
      "refId":"kollop_02_pearl",
      "inventory":[]
    }
  }
}