{
  "packets":{
    "actorList":["0-2958","0-2960","0-2956"],
    "ai":[],
    "cellChangeFrom":[],
    "cellChangeTo":[],
    "container":["439034-0","439039-0","439041-0","439055-0","439060-0","439065-0","439067-0","439088-0","439103-0","439107-0","439113-0","439121-0","439125-0","439130-0","439132-0","439149-0","439154-0","439159-0","439161-0","439177-0","439180-0","439181-0"],
    "death":[],
    "delete":[],
    "doorState":[],
    "equipment":[],
    "lock":[],
    "place":[],
    "position":["0-2958","0-2960","0-2956"],
    "scale":[],
    "spawn":["0-2958","0-2960","0-2956"],
    "state":[],
    "statsDynamic":["0-2958","0-2960","0-2956"],
    "trap":[]
  },
  "entry":{
    "creationTime":1554699896,
    "description":"12, 18"
  },
  "lastVisit":{
    "Den":1555635782,
    "Fendryn":1555635836
  },
  "recordLinks":[],
  "objectData":{
    "439125-0":{
      "refId":"kollop_02_pearl",
      "inventory":[]
    },
    "439177-0":{
      "refId":"kollop_03_pearl",
      "inventory":[]
    },
    "439103-0":{
      "refId":"kollop_03_pearl",
      "inventory":[]
    },
    "0-2958":{
      "refId":"slaughterfish_small",
      "location":{
        "posX":101497.890625,
        "posZ":-305.66796875,
        "posY":151417.203125,
        "rotX":0.00020617619156837,
        "rotY":0,
        "rotZ":2.4183552265167
      },
      "stats":{
        "healthCurrent":15,
        "magickaCurrent":10,
        "healthModified":15,
        "fatigueBase":300,
        "fatigueModified":300,
        "healthBase":15,
        "magickaModified":10,
        "magickaBase":10,
        "fatigueCurrent":299.97793579102
      }
    },
    "439034-0":{
      "refId":"kollop_02_pearl",
      "inventory":[]
    },
    "439065-0":{
      "refId":"kollop_02_pearl",
      "inventory":[]
    },
    "439130-0":{
      "refId":"kollop_02_pearl",
      "inventory":[]
    },
    "439159-0":{
      "refId":"kollop_02_pearl",
      "inventory":[]
    },
    "439149-0":{
      "refId":"kollop_03_pearl",
      "inventory":[{
          "refId":"ingred_pearl_01",
          "count":1,
          "charge":-1,
          "enchantmentCharge":-1,
          "soul":""
        }]
    },
    "0-2956":{
      "refId":"slaughterfish_small",
      "location":{
        "posX":98307.640625,
        "posZ":-301.47387695313,
        "posY":155093.59375,
        "rotX":0,
        "rotY":0,
        "rotZ":2.2035620212555
      },
      "stats":{
        "healthCurrent":15,
        "magickaCurrent":10,
        "healthModified":15,
        "fatigueBase":300,
        "fatigueModified":300,
        "healthBase":15,
        "magickaModified":10,
        "magickaBase":10,
        "fatigueCurrent":299.97366333008
      }
    },
    "439132-0":{
      "refId":"kollop_03_pearl",
      "inventory":[]
    },
    "439067-0":{
      "refId":"kollop_03_pearl",
      "inventory":[{
          "refId":"ingred_pearl_01",
          "count":1,
          "charge":-1,
          "enchantmentCharge":-1,
          "soul":""
        }]
    },
    "439180-0":{
      "refId":"kollop_01_pearl",
      "inventory":[{
          "refId":"ingred_pearl_01",
          "count":1,
          "charge":-1,
          "enchantmentCharge":-1,
          "soul":""
        }]
    },
    "439041-0":{
      "refId":"kollop_03_pearl",
      "inventory":[]
    },
    "439181-0":{
      "refId":"kollop_02_pearl",
      "inventory":[]
    },
    "439107-0":{
      "refId":"kollop_03_pearl",
      "inventory":[{
          "refId":"ingred_pearl_01",
          "count":1,
          "charge":-1,
          "enchantmentCharge":-1,
          "soul":""
        }]
    },
    "439121-0":{
      "refId":"kollop_03_pearl",
      "inventory":[]
    },
    "439039-0":{
      "refId":"kollop_02_pearl",
      "inventory":[]
    },
    "439161-0":{
      "refId":"kollop_03_pearl",
      "inventory":[]
    },
    "439154-0":{
      "refId":"kollop_02_pearl",
      "inventory":[]
    },
    "439088-0":{
      "refId":"kollop_02_pearl",
      "inventory":[{
          "refId":"ingred_pearl_01",
          "count":1,
          "charge":-1,
          "enchantmentCharge":-1,
          "soul":""
        }]
    },
    "439060-0":{
      "refId":"kollop_02_pearl",
      "inventory":[{
          "refId":"ingred_pearl_01",
          "count":1,
          "charge":-1,
          "enchantmentCharge":-1,
          "soul":""
        }]
    },
    "439055-0":{
      "refId":"kollop_03_pearl",
      "inventory":[{
          "refId":"ingred_pearl_01",
          "count":1,
          "charge":-1,
          "enchantmentCharge":-1,
          "soul":""
        }]
    },
    "0-2960":{
      "refId":"slaughterfish",
      "location":{
        "posX":103807.515625,
        "posZ":-511.99981689453,
        "posY":154185.1875,
        "rotX":1.3783574104309e-07,
        "rotY":0,
        "rotZ":0.91614651679993
      },
      "stats":{
        "healthCurrent":23,
        "magickaCurrent":10,
        "healthModified":23,
        "fatigueBase":400,
        "fatigueModified":400,
        "healthBase":23,
        "magickaModified":10,
        "magickaBase":10,
        "fatigueCurrent":399.97793579102
      }
    },
    "439113-0":{
      "refId":"kollop_02_pearl",
      "inventory":[{
          "refId":"ingred_pearl_01",
          "count":1,
          "charge":-1,
          "enchantmentCharge":-1,
          "soul":""
        }]
    }
  }
}