{
  "packets":{
    "actorList":["355079-0"],
    "ai":[],
    "cellChangeFrom":[],
    "cellChangeTo":[],
    "container":["225375-0","225379-0","288728-0","288729-0","288730-0","288731-0","288732-0","288733-0","288734-0","288735-0","288736-0","288737-0","288738-0","288748-0","288753-0","288754-0","288755-0","288756-0","288757-0","288758-0","317797-0","317798-0","438457-0","438463-0","438465-0","438492-0","438497-0","438502-0","438506-0","438517-0","438522-0","438527-0","438531-0","438540-0","438546-0","438548-0","355079-0"],
    "death":[],
    "delete":[],
    "doorState":[],
    "equipment":[],
    "lock":[],
    "place":[],
    "position":["355079-0"],
    "scale":[],
    "spawn":[],
    "state":[],
    "statsDynamic":["355079-0"],
    "trap":[]
  },
  "entry":{
    "creationTime":1554686398,
    "description":"13, 15"
  },
  "lastVisit":{
    "DizzyDasher":1554783724,
    "Den":1555638743,
    "Fendryn":1555637508
  },
  "recordLinks":[],
  "objectData":{
    "288738-0":{
      "refId":"flora_marshmerrow_02",
      "inventory":[{
          "refId":"ingred_marshmerrow_01",
          "count":1,
          "charge":-1,
          "enchantmentCharge":-1,
          "soul":""
        }]
    },
    "288731-0":{
      "refId":"flora_saltrice_01",
      "inventory":[]
    },
    "225375-0":{
      "refId":"barrel_01_float_food20",
      "inventory":[{
          "refId":"food_kwama_egg_01",
          "count":20,
          "charge":-1,
          "enchantmentCharge":-1,
          "soul":""
        }]
    },
    "355079-0":{
      "refId":"dreugh",
      "location":{
        "posX":110462.84375,
        "posZ":-147.28570556641,
        "posY":129199.3984375,
        "rotX":0,
        "rotY":0,
        "rotZ":1.1444585323334
      },
      "stats":{
        "healthCurrent":60,
        "magickaCurrent":75,
        "healthModified":60,
        "fatigueBase":400,
        "fatigueModified":400,
        "healthBase":60,
        "magickaModified":75,
        "magickaBase":75,
        "fatigueCurrent":399.86791992188
      },
      "inventory":[{
          "refId":"ingred_dreugh_wax_01",
          "count":1,
          "charge":-1,
          "enchantmentCharge":-1,
          "soul":""
        }]
    },
    "438457-0":{
      "refId":"kollop_01_pearl",
      "inventory":[{
          "refId":"ingred_pearl_01",
          "count":1,
          "charge":-1,
          "enchantmentCharge":-1,
          "soul":""
        }]
    },
    "288729-0":{
      "refId":"flora_saltrice_02",
      "inventory":[{
          "refId":"ingred_saltrice_01",
          "count":1,
          "charge":-1,
          "enchantmentCharge":-1,
          "soul":""
        }]
    },
    "438492-0":{
      "refId":"kollop_03_pearl",
      "inventory":[{
          "refId":"ingred_pearl_01",
          "count":1,
          "charge":-1,
          "enchantmentCharge":-1,
          "soul":""
        }]
    },
    "288758-0":{
      "refId":"flora_saltrice_02",
      "inventory":[]
    },
    "438465-0":{
      "refId":"kollop_02_pearl",
      "inventory":[]
    },
    "288754-0":{
      "refId":"flora_saltrice_01",
      "inventory":[]
    },
    "288753-0":{
      "refId":"flora_saltrice_02",
      "inventory":[{
          "refId":"ingred_saltrice_01",
          "count":1,
          "charge":-1,
          "enchantmentCharge":-1,
          "soul":""
        }]
    },
    "288732-0":{
      "refId":"flora_marshmerrow_01",
      "inventory":[]
    },
    "288756-0":{
      "refId":"flora_marshmerrow_03",
      "inventory":[{
          "refId":"ingred_marshmerrow_01",
          "count":1,
          "charge":-1,
          "enchantmentCharge":-1,
          "soul":""
        }]
    },
    "438517-0":{
      "refId":"kollop_03_pearl",
      "inventory":[{
          "refId":"ingred_pearl_01",
          "count":1,
          "charge":-1,
          "enchantmentCharge":-1,
          "soul":""
        }]
    },
    "317798-0":{
      "refId":"crate_01_empty_float",
      "inventory":[]
    },
    "317797-0":{
      "refId":"crate_01_empty_float",
      "inventory":[]
    },
    "438502-0":{
      "refId":"kollop_02_pearl",
      "inventory":[]
    },
    "288735-0":{
      "refId":"flora_marshmerrow_03",
      "inventory":[{
          "refId":"ingred_marshmerrow_01",
          "count":1,
          "charge":-1,
          "enchantmentCharge":-1,
          "soul":""
        }]
    },
    "288755-0":{
      "refId":"flora_marshmerrow_01",
      "inventory":[]
    },
    "288734-0":{
      "refId":"flora_marshmerrow_02",
      "inventory":[{
          "refId":"ingred_marshmerrow_01",
          "count":1,
          "charge":-1,
          "enchantmentCharge":-1,
          "soul":""
        }]
    },
    "438506-0":{
      "refId":"kollop_02_pearl",
      "inventory":[{
          "refId":"ingred_pearl_01",
          "count":1,
          "charge":-1,
          "enchantmentCharge":-1,
          "soul":""
        }]
    },
    "438548-0":{
      "refId":"kollop_02_pearl",
      "inventory":[]
    },
    "288728-0":{
      "refId":"flora_saltrice_02",
      "inventory":[{
          "refId":"ingred_saltrice_01",
          "count":1,
          "charge":-1,
          "enchantmentCharge":-1,
          "soul":""
        }]
    },
    "438463-0":{
      "refId":"kollop_03_pearl",
      "inventory":[{
          "refId":"ingred_pearl_01",
          "count":1,
          "charge":-1,
          "enchantmentCharge":-1,
          "soul":""
        }]
    },
    "438546-0":{
      "refId":"kollop_03_pearl",
      "inventory":[{
          "refId":"ingred_pearl_01",
          "count":1,
          "charge":-1,
          "enchantmentCharge":-1,
          "soul":""
        }]
    },
    "438531-0":{
      "refId":"kollop_02_pearl",
      "inventory":[]
    },
    "288757-0":{
      "refId":"flora_marshmerrow_03",
      "inventory":[]
    },
    "288748-0":{
      "refId":"flora_kreshweed_03",
      "inventory":[{
          "refId":"ingred_kresh_fiber_01",
          "count":1,
          "charge":-1,
          "enchantmentCharge":-1,
          "soul":""
        }]
    },
    "438540-0":{
      "refId":"kollop_01_pearl",
      "inventory":[]
    },
    "225379-0":{
      "refId":"barrel_01_float_food20",
      "inventory":[{
          "refId":"ingred_hackle-lo_leaf_01",
          "count":20,
          "charge":-1,
          "enchantmentCharge":-1,
          "soul":""
        }]
    },
    "288730-0":{
      "refId":"flora_marshmerrow_03",
      "inventory":[{
          "refId":"ingred_marshmerrow_01",
          "count":1,
          "charge":-1,
          "enchantmentCharge":-1,
          "soul":""
        }]
    },
    "438527-0":{
      "refId":"kollop_02_pearl",
      "inventory":[{
          "refId":"ingred_pearl_01",
          "count":1,
          "charge":-1,
          "enchantmentCharge":-1,
          "soul":""
        }]
    },
    "288736-0":{
      "refId":"flora_marshmerrow_01",
      "inventory":[]
    },
    "438522-0":{
      "refId":"kollop_03_pearl",
      "inventory":[{
          "refId":"ingred_pearl_01",
          "count":1,
          "charge":-1,
          "enchantmentCharge":-1,
          "soul":""
        }]
    },
    "288737-0":{
      "refId":"flora_marshmerrow_03",
      "inventory":[{
          "refId":"ingred_marshmerrow_01",
          "count":1,
          "charge":-1,
          "enchantmentCharge":-1,
          "soul":""
        }]
    },
    "438497-0":{
      "refId":"kollop_03_pearl",
      "inventory":[{
          "refId":"ingred_pearl_01",
          "count":1,
          "charge":-1,
          "enchantmentCharge":-1,
          "soul":""
        }]
    },
    "288733-0":{
      "refId":"flora_saltrice_01",
      "inventory":[{
          "refId":"ingred_saltrice_01",
          "count":1,
          "charge":-1,
          "enchantmentCharge":-1,
          "soul":""
        }]
    }
  }
}