{
  "packets":{
    "actorList":["0-4011","0-4012","0-4013","0-4014","476722-0"],
    "ai":[],
    "cellChangeFrom":[],
    "cellChangeTo":[],
    "container":["125418-0","125419-0","125420-0","125421-0","125422-0","125423-0","125424-0","125425-0","125426-0","125438-0","125439-0","125440-0","125441-0","125442-0","135012-0","135013-0","135014-0","135015-0","135016-0","135017-0","135018-0","135019-0","135020-0","135021-0","135022-0","135023-0","135024-0","135025-0","135026-0","135027-0","135028-0","135029-0","135030-0","135031-0","135032-0","135033-0","135034-0","135035-0","476722-0"],
    "death":[],
    "delete":[],
    "doorState":[],
    "equipment":[],
    "lock":[],
    "place":[],
    "position":["476722-0","0-4011","0-4012","0-4013","0-4014"],
    "scale":[],
    "spawn":["0-4011","0-4012","0-4013","0-4014"],
    "state":[],
    "statsDynamic":["476722-0","0-4011","0-4012","0-4013","0-4014"],
    "trap":[]
  },
  "entry":{
    "creationTime":1555206947,
    "description":"13, -11"
  },
  "lastVisit":{
    "Fendryn":1555633441
  },
  "recordLinks":[],
  "objectData":{
    "0-4013":{
      "refId":"scrib",
      "location":{
        "posX":107859.296875,
        "posZ":1016.9272460938,
        "posY":-84792.546875,
        "rotX":0,
        "rotY":0,
        "rotZ":0
      },
      "stats":{
        "healthCurrent":8,
        "magickaCurrent":12,
        "healthModified":8,
        "fatigueBase":300,
        "fatigueModified":300,
        "healthBase":8,
        "magickaModified":12,
        "magickaBase":12,
        "fatigueCurrent":300
      }
    },
    "125421-0":{
      "refId":"flora_marshmerrow_02",
      "inventory":[]
    },
    "135017-0":{
      "refId":"flora_kreshweed_01",
      "inventory":[{
          "refId":"ingred_kresh_fiber_01",
          "count":1,
          "charge":-1,
          "enchantmentCharge":-1,
          "soul":""
        }]
    },
    "125423-0":{
      "refId":"flora_marshmerrow_03",
      "inventory":[{
          "refId":"ingred_marshmerrow_01",
          "count":1,
          "charge":-1,
          "enchantmentCharge":-1,
          "soul":""
        }]
    },
    "125438-0":{
      "refId":"flora_muckspunge_01",
      "inventory":[{
          "refId":"ingred_muck_01",
          "count":1,
          "charge":-1,
          "enchantmentCharge":-1,
          "soul":""
        }]
    },
    "0-4011":{
      "refId":"corprus_stalker",
      "location":{
        "posX":109555.03125,
        "posZ":871.19372558594,
        "posY":-89515.328125,
        "rotX":0,
        "rotY":0,
        "rotZ":1.1000000238419
      },
      "stats":{
        "healthCurrent":60,
        "magickaCurrent":50,
        "healthModified":60,
        "fatigueBase":300,
        "fatigueModified":300,
        "healthBase":60,
        "magickaModified":50,
        "magickaBase":50,
        "fatigueCurrent":300
      }
    },
    "135013-0":{
      "refId":"flora_kreshweed_02",
      "inventory":[{
          "refId":"ingred_kresh_fiber_01",
          "count":1,
          "charge":-1,
          "enchantmentCharge":-1,
          "soul":""
        }]
    },
    "135015-0":{
      "refId":"flora_kreshweed_02",
      "inventory":[{
          "refId":"ingred_kresh_fiber_01",
          "count":1,
          "charge":-1,
          "enchantmentCharge":-1,
          "soul":""
        }]
    },
    "135016-0":{
      "refId":"flora_kreshweed_03",
      "inventory":[]
    },
    "125424-0":{
      "refId":"flora_saltrice_01",
      "inventory":[{
          "refId":"ingred_saltrice_01",
          "count":1,
          "charge":-1,
          "enchantmentCharge":-1,
          "soul":""
        }]
    },
    "125426-0":{
      "refId":"flora_marshmerrow_01",
      "inventory":[]
    },
    "135018-0":{
      "refId":"flora_kreshweed_02",
      "inventory":[]
    },
    "135029-0":{
      "refId":"flora_kreshweed_02",
      "inventory":[{
          "refId":"ingred_kresh_fiber_01",
          "count":1,
          "charge":-1,
          "enchantmentCharge":-1,
          "soul":""
        }]
    },
    "135027-0":{
      "refId":"flora_kreshweed_02",
      "inventory":[{
          "refId":"ingred_kresh_fiber_01",
          "count":1,
          "charge":-1,
          "enchantmentCharge":-1,
          "soul":""
        }]
    },
    "135012-0":{
      "refId":"flora_kreshweed_01",
      "inventory":[{
          "refId":"ingred_kresh_fiber_01",
          "count":1,
          "charge":-1,
          "enchantmentCharge":-1,
          "soul":""
        }]
    },
    "135021-0":{
      "refId":"flora_kreshweed_03",
      "inventory":[{
          "refId":"ingred_kresh_fiber_01",
          "count":1,
          "charge":-1,
          "enchantmentCharge":-1,
          "soul":""
        }]
    },
    "0-4014":{
      "refId":"cliff racer_diseased",
      "location":{
        "posX":112365.078125,
        "posZ":1970.0487060547,
        "posY":-84085.203125,
        "rotX":0,
        "rotY":0,
        "rotZ":0
      },
      "stats":{
        "healthCurrent":45,
        "magickaCurrent":20,
        "healthModified":45,
        "fatigueBase":170,
        "fatigueModified":170,
        "healthBase":45,
        "magickaModified":20,
        "magickaBase":20,
        "fatigueCurrent":170
      }
    },
    "135026-0":{
      "refId":"flora_kreshweed_03",
      "inventory":[{
          "refId":"ingred_kresh_fiber_01",
          "count":1,
          "charge":-1,
          "enchantmentCharge":-1,
          "soul":""
        }]
    },
    "135014-0":{
      "refId":"flora_kreshweed_01",
      "inventory":[{
          "refId":"ingred_kresh_fiber_01",
          "count":1,
          "charge":-1,
          "enchantmentCharge":-1,
          "soul":""
        }]
    },
    "135033-0":{
      "refId":"flora_kreshweed_01",
      "inventory":[]
    },
    "135035-0":{
      "refId":"flora_kreshweed_02",
      "inventory":[]
    },
    "135025-0":{
      "refId":"flora_kreshweed_01",
      "inventory":[{
          "refId":"ingred_kresh_fiber_01",
          "count":1,
          "charge":-1,
          "enchantmentCharge":-1,
          "soul":""
        }]
    },
    "135020-0":{
      "refId":"flora_kreshweed_01",
      "inventory":[{
          "refId":"ingred_kresh_fiber_01",
          "count":1,
          "charge":-1,
          "enchantmentCharge":-1,
          "soul":""
        }]
    },
    "135030-0":{
      "refId":"flora_kreshweed_01",
      "inventory":[{
          "refId":"ingred_kresh_fiber_01",
          "count":1,
          "charge":-1,
          "enchantmentCharge":-1,
          "soul":""
        }]
    },
    "135028-0":{
      "refId":"flora_kreshweed_03",
      "inventory":[{
          "refId":"ingred_kresh_fiber_01",
          "count":1,
          "charge":-1,
          "enchantmentCharge":-1,
          "soul":""
        }]
    },
    "125419-0":{
      "refId":"flora_saltrice_02",
      "inventory":[{
          "refId":"ingred_saltrice_01",
          "count":1,
          "charge":-1,
          "enchantmentCharge":-1,
          "soul":""
        }]
    },
    "125441-0":{
      "refId":"flora_muckspunge_05",
      "inventory":[]
    },
    "135024-0":{
      "refId":"flora_kreshweed_03",
      "inventory":[{
          "refId":"ingred_kresh_fiber_01",
          "count":1,
          "charge":-1,
          "enchantmentCharge":-1,
          "soul":""
        }]
    },
    "135019-0":{
      "refId":"flora_kreshweed_02",
      "inventory":[{
          "refId":"ingred_kresh_fiber_01",
          "count":1,
          "charge":-1,
          "enchantmentCharge":-1,
          "soul":""
        }]
    },
    "125440-0":{
      "refId":"flora_muckspunge_03",
      "inventory":[{
          "refId":"ingred_muck_01",
          "count":1,
          "charge":-1,
          "enchantmentCharge":-1,
          "soul":""
        }]
    },
    "135022-0":{
      "refId":"flora_kreshweed_01",
      "inventory":[{
          "refId":"ingred_kresh_fiber_01",
          "count":1,
          "charge":-1,