{
  "packets":{
    "actorList":["0-4034","0-4036","0-4037","0-4038","0-4039"],
    "ai":[],
    "cellChangeFrom":[],
    "cellChangeTo":[],
    "container":["438358-0","438365-0","438384-0","438386-0","438395-0","438398-0","438399-0","438413-0","438416-0","438417-0","438430-0","438435-0","438440-0","438444-0"],
    "death":[],
    "delete":[],
    "doorState":[],
    "equipment":[],
    "lock":[],
    "place":[],
    "position":["0-4034","0-4036","0-4037","0-4038","0-4039"],
    "scale":[],
    "spawn":["0-4034","0-4036","0-4037","0-4038","0-4039"],
    "state":[],
    "statsDynamic":["0-4034","0-4036","0-4037","0-4038","0-4039"],
    "trap":[]
  },
  "entry":{
    "creationTime":1555207171,
    "description":"13, 16"
  },
  "lastVisit":{
    "Den":1555633621,
    "Fendryn":1555635947
  },
  "recordLinks":[],
  "objectData":{
    "438440-0":{
      "refId":"kollop_02_pearl",
      "inventory":[{
          "refId":"ingred_pearl_01",
          "count":1,
          "charge":-1,
          "enchantmentCharge":-1,
          "soul":""
        }]
    },
    "438435-0":{
      "refId":"kollop_03_pearl",
      "inventory":[]
    },
    "438395-0":{
      "refId":"kollop_03_pearl",
      "inventory":[{
          "refId":"ingred_pearl_01",
          "count":1,
          "charge":-1,
          "enchantmentCharge":-1,
          "soul":""
        }]
    },
    "438358-0":{
      "refId":"kollop_03_pearl",
      "inventory":[]
    },
    "438444-0":{
      "refId":"kollop_02_pearl",
      "inventory":[{
          "refId":"ingred_pearl_01",
          "count":1,
          "charge":-1,
          "enchantmentCharge":-1,
          "soul":""
        }]
    },
    "0-4039":{
      "refId":"slaughterfish",
      "location":{
        "posX":108245.25,
        "posZ":-203.96086120605,
        "posY":138536.8125,
        "rotX":0.015629453584552,
        "rotY":0,
        "rotZ":-1.1351134777069
      },
      "stats":{
        "healthCurrent":23,
        "magickaCurrent":10,
        "healthModified":23,
        "fatigueBase":400,
        "fatigueModified":400,
        "healthBase":23,
        "magickaModified":10,
        "magickaBase":10,
        "fatigueCurrent":399.93591308594
      }
    },
    "0-4034":{
      "refId":"slaughterfish",
      "location":{
        "posX":110657.859375,
        "posZ":-714.1044921875,
        "posY":131803.421875,
        "rotX":5.6826509535313e-05,
        "rotY":0,
        "rotZ":-1.1605951786041
      },
      "stats":{
        "healthCurrent":23,
        "magickaCurrent":10,
        "healthModified":23,
        "fatigueBase":400,
        "fatigueModified":400,
        "healthBase":23,
        "magickaModified":10,
        "magickaBase":10,
        "fatigueCurrent":399.93591308594
      }
    },
    "438386-0":{
      "refId":"kollop_03_pearl",
      "inventory":[{
          "refId":"ingred_pearl_01",
          "count":1,
          "charge":-1,
          "enchantmentCharge":-1,
          "soul":""
        }]
    },
    "438413-0":{
      "refId":"kollop_03_pearl",
      "inventory":[{
          "refId":"ingred_pearl_01",
          "count":1,
          "charge":-1,
          "enchantmentCharge":-1,
          "soul":""
        }]
    },
    "438399-0":{
      "refId":"kollop_02_pearl",
      "inventory":[]
    },
    "438384-0":{
      "refId":"kollop_02_pearl",
      "inventory":[{
          "refId":"ingred_pearl_01",
          "count":1,
          "charge":-1,
          "enchantmentCharge":-1,
          "soul":""
        }]
    },
    "438365-0":{
      "refId":"kollop_02_pearl",
      "inventory":[{
          "refId":"ingred_pearl_01",
          "count":1,
          "charge":-1,
          "enchantmentCharge":-1,
          "soul":""
        }]
    },
    "438416-0":{
      "refId":"kollop_01_pearl",
      "inventory":[{
          "refId":"ingred_pearl_01",
          "count":1,
          "charge":-1,
          "enchantmentCharge":-1,
          "soul":""
        }]
    },
    "0-4038":{
      "refId":"slaughterfish_small",
      "location":{
        "posX":108380.8046875,
        "posZ":-269.34783935547,
        "posY":137968.78125,
        "rotX":0,
        "rotY":0,
        "rotZ":2.3789179325104
      },
      "stats":{
        "healthCurrent":15,
        "magickaCurrent":10,
        "healthModified":15,
        "fatigueBase":300,
        "fatigueModified":300,
        "healthBase":15,
        "magickaModified":10,
        "magickaBase":10,
        "fatigueCurrent":299.93591308594
      }
    },
    "0-4037":{
      "refId":"slaughterfish",
      "location":{
        "posX":114494.5,
        "posZ":-1048.4436035156,
        "posY":135989.578125,
        "rotX":0,
        "rotY":0,
        "rotZ":1.8863122463226
      },
      "stats":{
        "healthCurrent":23,
        "magickaCurrent":10,
        "healthModified":23,
        "fatigueBase":400,
        "fatigueModified":400,
        "healthBase":23,
        "magickaModified":10,
        "magickaBase":10,
        "fatigueCurrent":399.93591308594
      }
    },
    "438398-0":{
      "refId":"kollop_01_pearl",
      "inventory":[{
          "refId":"ingred_pearl_01",
          "count":1,
          "charge":-1,
          "enchantmentCharge":-1,
          "soul":""
        }]
    },
    "438417-0":{
      "refId":"kollop_02_pearl",
      "inventory":[{
          "refId":"ingred_pearl_01",
          "count":1,
          "charge":-1,
          "enchantmentCharge":-1,
          "soul":""
        }]
    },
    "438430-0":{
      "refId":"kollop_03_pearl",
      "inventory":[]
    },
    "0-4036":{
      "refId":"dreugh",
      "location":{
        "posX":110735.734375,
        "posZ":-688.99951171875,
        "posY":134271.140625,
        "rotX":0.016662809997797,
        "rotY":0,
        "rotZ":0.0087690353393555
      },
      "stats":{
        "healthCurrent":60,
        "magickaCurrent":75,
        "healthModified":60,
        "fatigueBase":400,
        "fatigueModified":400,
        "healthBase":60,
        "magickaModified":75,
        "magickaBase":75,
        "fatigueCurrent":399.93591308594
      }
    }
  }
}