{
  "packets":{
    "actorList":["0-3100","340973-0","0-2043","0-2036"],
    "ai":[],
    "cellChangeFrom":[],
    "cellChangeTo":[],
    "container":["454287-0","454293-0","454294-0","454304-0","340973-0"],
    "death":[],
    "delete":[],
    "doorState":[],
    "equipment":[],
    "lock":[],
    "place":[],
    "position":["0-3100","340973-0","0-2043","0-2036"],
    "scale":[],
    "spawn":["0-3100","0-2043","0-2036"],
    "state":[],
    "statsDynamic":["0-3100","340973-0","0-2043","0-2036"],
    "trap":[]
  },
  "entry":{
    "creationTime":1554622189,
    "description":"14, -8"
  },
  "lastVisit":{
    "Den":1556251599,
    "Fendryn":1556251924
  },
  "recordLinks":[],
  "objectData":{
    "0-2036":{
      "refId":"slaughterfish",
      "location":{
        "posX":115217.8203125,
        "posZ":-47.254859924316,
        "posY":-58269.65234375,
        "rotX":0.055833794176579,
        "rotY":0,
        "rotZ":0.70519661903381
      },
      "stats":{
        "healthCurrent":23,
        "magickaCurrent":10,
        "healthModified":23,
        "fatigueBase":400,
        "magickaModified":10,
        "fatigueModified":400,
        "healthBase":23,
        "magickaBase":10,
        "fatigueCurrent":399.97351074219
      }
    },
    "0-2043":{
      "refId":"mudcrab-diseased",
      "location":{
        "posX":119564.59375,
        "posZ":43.689861297607,
        "posY":-57344.171875,
        "rotX":-0.0050600320100784,
        "rotY":0,
        "rotZ":-2.3843805789948
      },
      "stats":{
        "healthCurrent":15,
        "magickaCurrent":5,
        "fatigueModified":28,
        "fatigueBase":28,
        "healthBase":15,
        "healthModified":15,
        "magickaModified":5,
        "magickaBase":5,
        "fatigueCurrent":28
      }
    },
    "0-3100":{
      "refId":"shalk",
      "location":{
        "posX":121325.6796875,
        "posZ":105.31620788574,
        "posY":-58907.859375,
        "rotX":-1.2234101295471,
        "rotY":0,
        "rotZ":-0.47945475578308
      },
      "stats":{
        "healthCurrent":38,
        "magickaCurrent":30,
        "healthModified":38,
        "fatigueBase":400,
        "fatigueModified":400,
        "healthBase":38,
        "magickaModified":30,
        "magickaBase":30,
        "fatigueCurrent":400
      }
    },
    "340973-0":{
      "refId":"slaughterfish",
      "location":{
        "posX":114831.9375,
        "posZ":-37.474155426025,
        "posY":-58837.078125,
        "rotX":0,
        "rotY":0,
        "rotZ":1.0996301174164
      },
      "stats":{
        "healthCurrent":23,
        "magickaCurrent":10,
        "healthModified":23,
        "fatigueBase":400,
        "fatigueModified":400,
        "healthBase":23,
        "magickaModified":10,
        "magickaBase":10,
        "fatigueCurrent":399.5
      },
      "inventory":[]
    },
    "454293-0":{
      "refId":"kollop_02_pearl",
      "inventory":[]
    },
    "454294-0":{
      "refId":"kollop_03_pearl",
      "inventory":[]
    },
    "454304-0":{
      "refId":"kollop_03_pearl",
      "inventory":[{
          "refId":"ingred_pearl_01",
          "count":1,
          "charge":-1,
          "enchantmentCharge":-1,
          "soul":""
        }]
    },
    "454287-0":{
      "refId":"kollop_02_pearl",
      "inventory":[]
    }
  }
}