{
  "packets":{
    "actorList":["0-2273","0-2274","0-3151","0-4536","0-3981"],
    "ai":[],
    "cellChangeFrom":[],
    "cellChangeTo":["347273-0"],
    "container":["138662-0","394167-0","394181-0","394208-0","393781-0","393782-0","393783-0","0-2274","0-3151","0-2273"],
    "death":["0-2274","0-3151","0-2273"],
    "delete":[],
    "doorState":[],
    "equipment":[],
    "lock":[],
    "place":[],
    "position":["0-2273","0-2274","0-3151","0-4536","0-3981"],
    "scale":[],
    "spawn":["0-2273","0-2274","0-3151","0-4536","0-3981"],
    "state":[],
    "statsDynamic":["0-2273","0-2274","0-3151","0-4536","0-3981"],
    "trap":[]
  },
  "entry":{
    "creationTime":1554663207,
    "description":"14, 0"
  },
  "lastVisit":{
    "Den":1556251488,
    "Fendryn":1556251522
  },
  "recordLinks":[],
  "objectData":{
    "0-3981":{
      "refId":"cliff racer_blighted",
      "location":{
        "posX":114784.5859375,
        "posZ":3508.451171875,
        "posY":4108.2021484375,
        "rotX":0,
        "rotY":0,
        "rotZ":-2.8515188694
      },
      "stats":{
        "healthCurrent":90,
        "magickaCurrent":20,
        "fatigueModified":400,
        "fatigueBase":400,
        "healthBase":90,
        "healthModified":90,
        "magickaModified":20,
        "magickaBase":20,
        "fatigueCurrent":400
      }
    },
    "0-3151":{
      "refId":"alit_blighted",
      "location":{
        "posX":122023.2109375,
        "posZ":225.22796630859,
        "posY":530.18347167969,
        "rotX":-0.25113463401794,
        "rotY":0,
        "rotZ":-2.3038761615753
      },
      "stats":{
        "healthCurrent":0,
        "magickaCurrent":51,
        "healthModified":105,
        "fatigueBase":200,
        "fatigueModified":200,
        "healthBase":105,
        "magickaModified":75,
        "magickaBase":75,
        "fatigueCurrent":179.31384277344
      },
      "inventory":[],
      "killer":{
        "player":"Fendryn"
      }
    },
    "393783-0":{
      "refId":"flora_fire_fern_01",
      "inventory":[{
          "refId":"ingred_fire_petal_01",
          "count":1,
          "charge":-1,
          "enchantmentCharge":-1,
          "soul":""
        }]
    },
    "347273-0":{
      "cellChangeTo":"15, 0"
    },
    "393781-0":{
      "refId":"flora_fire_fern_03",
      "inventory":[{
          "refId":"ingred_fire_petal_01",
          "count":1,
          "charge":-1,
          "enchantmentCharge":-1,
          "soul":""
        }]
    },
    "0-2273":{
      "refId":"rat_blighted",
      "location":{
        "posX":119671.1796875,
        "posZ":206.51483154297,
        "posY":2645.2055664063,
        "rotX":-0.011515911668539,
        "rotY":0,
        "rotZ":-0.36317682266235
      },
      "stats":{
        "healthCurrent":0,
        "magickaCurrent":10,
        "healthModified":45,
        "fatigueBase":125,
        "fatigueModified":125,
        "healthBase":45,
        "magickaModified":10,
        "magickaBase":10,
        "fatigueCurrent":102.55648803711
      },
      "inventory":[{
          "refId":"ingred_rat_meat_01",
          "count":2,
          "charge":-1,
          "enchantmentCharge":-1,
          "soul":""
        }],
      "killer":{
        "player":"Fendryn"
      }
    },
    "138662-0":{
      "refId":"flora_kreshweed_03",
      "inventory":[{
          "refId":"ingred_kresh_fiber_01",
          "count":1,
          "charge":-1,
          "enchantmentCharge":-1,
          "soul":""
        }]
    },
    "0-4536":{
      "refId":"alit_blighted",
      "location":{
        "posX":122690.2265625,
        "posZ":278.38131713867,
        "posY":109.64752960205,
        "rotX":-0.19146433472633,
        "rotY":0,
        "rotZ":-0.98469567298889
      },
      "stats":{
        "healthCurrent":105,
        "magickaCurrent":75,
        "healthModified":105,
        "fatigueBase":151,
        "fatigueModified":151,
        "healthBase":105,
        "magickaModified":75,
        "magickaBase":75,
        "fatigueCurrent":151
      }
    },
    "394181-0":{
      "refId":"contain_trama_shrub_06",
      "inventory":[{
          "refId":"ingred_trama_root_01",
          "count":3,
          "charge":-1,
          "enchantmentCharge":-1,
          "soul":""
        }]
    },
    "393782-0":{
      "refId":"flora_fire_fern_02",
      "inventory":[{
          "refId":"ingred_fire_petal_01",
          "count":1,
          "charge":-1,
          "enchantmentCharge":-1,
          "soul":""
        }]
    },
    "394167-0":{
      "refId":"contain_trama_shrub_02",
      "inventory":[{
          "refId":"ingred_trama_root_01",
          "count":3,
          "charge":-1,
          "enchantmentCharge":-1,
          "soul":""
        }]
    },
    "0-2274":{
      "refId":"cliff racer_diseased",
      "location":{
        "posX":118518.6328125,
        "posZ":282.26040649414,
        "posY":3040.2705078125,
        "rotX":0.48651045560837,
        "rotY":0,
        "rotZ":-2.8225591182709
      },
      "stats":{
        "healthCurrent":0,
        "magickaCurrent":20,
        "healthModified":45,
        "fatigueBase":180,
        "fatigueModified":180,
        "healthBase":45,
        "magickaModified":20,
        "magickaBase":20,
        "fatigueCurrent":180
      },
      "inventory":[{
          "refId":"ingred_racer_plumes_01",
          "count":1,
          "charge":-1,
          "enchantmentCharge":-1,
          "soul":""
        }],
      "killer":{
        "player":"Fendryn"
      }
    },
    "394208-0":{
      "refId":"contain_trama_shrub_06",
      "inventory":[{
          "refId":"ingred_trama_root_01",
          "count":1,
          "charge":-1,
          "enchantmentCharge":-1,
          "soul":""
        }]
    }
  }
}