{
  "packets":{
    "actorList":["0-2921","0-2922","0-2923","114091-0","114090-0"],
    "ai":[],
    "cellChangeFrom":[],
    "cellChangeTo":[],
    "container":["117362-0","117363-0","117364-0","117370-0","117374-0","117383-0","117385-0","117386-0","117387-0","117391-0","117393-0","117403-0","117404-0","117405-0","117406-0","117407-0","117408-0","117409-0","117410-0","117411-0","117423-0","117424-0","117425-0","117428-0","117429-0","117388-0","117372-0","479688-0","479689-0","479690-0","479691-0","114091-0","114090-0"],
    "death":[],
    "delete":[],
    "doorState":[],
    "equipment":["114091-0"],
    "lock":[],
    "place":[],
    "position":["114090-0","114091-0","0-2921","0-2922","0-2923"],
    "scale":[],
    "spawn":["0-2921","0-2922","0-2923"],
    "state":[],
    "statsDynamic":["114090-0","114091-0","0-2921","0-2922","0-2923"],
    "trap":[]
  },
  "entry":{
    "creationTime":1554697795,
    "description":"14, 9"
  },
  "lastVisit":{
    "Fendryn":1555637559
  },
  "recordLinks":[],
  "objectData":{
    "117364-0":{
      "refId":"flora_hackle-lo_02",
      "inventory":[{
          "refId":"ingred_hackle-lo_leaf_01",
          "count":1,
          "charge":-1,
          "enchantmentCharge":-1,
          "soul":""
        }]
    },
    "0-2922":{
      "refId":"scrib diseased",
      "location":{
        "posX":121838.046875,
        "posZ":775.80029296875,
        "posY":78211.375,
        "rotX":0.0021683797240257,
        "rotY":0,
        "rotZ":-0.019875764846802
      },
      "stats":{
        "healthCurrent":8,
        "magickaCurrent":12,
        "healthModified":8,
        "fatigueBase":75,
        "fatigueModified":75,
        "healthBase":8,
        "magickaModified":12,
        "magickaBase":12,
        "fatigueCurrent":75
      }
    },
    "117407-0":{
      "refId":"flora_wickwheat_03",
      "inventory":[{
          "refId":"ingred_wickwheat_01",
          "count":1,
          "charge":-1,
          "enchantmentCharge":-1,
          "soul":""
        }]
    },
    "479689-0":{
      "refId":"flora_hackle-lo_01",
      "inventory":[{
          "refId":"ingred_hackle-lo_leaf_01",
          "count":1,
          "charge":-1,
          "enchantmentCharge":-1,
          "soul":""
        }]
    },
    "479690-0":{
      "refId":"flora_hackle-lo_01",
      "inventory":[{
          "refId":"ingred_hackle-lo_leaf_01",
          "count":1,
          "charge":-1,
          "enchantmentCharge":-1,
          "soul":""
        }]
    },
    "117425-0":{
      "refId":"flora_hackle-lo_01",
      "inventory":[]
    },
    "117409-0":{
      "refId":"flora_wickwheat_04",
      "inventory":[{
          "refId":"ingred_wickwheat_01",
          "count":1,
          "charge":-1,
          "enchantmentCharge":-1,
          "soul":""
        }]
    },
    "114091-0":{
      "refId":"mehrunesworshipper_m01",
      "location":{
        "posX":118904.6015625,
        "posZ":1359.3480224609,
        "posY":76380.8828125,
        "rotX":0.38989615440369,
        "rotY":0,
        "rotZ":-0.050803661346436
      },
      "stats":{
        "healthCurrent":59,
        "magickaCurrent":276,
        "healthModified":59,
        "fatigueBase":197,
        "fatigueModified":197,
        "healthBase":59,
        "magickaModified":276,
        "magickaBase":276,
        "fatigueCurrent":197
      },
      "equipment":[null,null,null,null,null,null,{
          "refId":"common_shoes_02",
          "count":1,
          "charge":-1,
          "enchantmentCharge":-1
        },{
          "refId":"common_shirt_02",
          "count":1,
          "charge":-1,
          "enchantmentCharge":-1
        },{
          "refId":"common_pants_01",
          "count":1,
          "charge":-1,
          "enchantmentCharge":-1
        }],
      "inventory":[{
          "refId":"p_levitation_s",
          "count":1,
          "charge":-1,
          "enchantmentCharge":-1,
          "soul":""
        },{
          "refId":"p_restore_health_s",
          "count":1,
          "charge":-1,
          "enchantmentCharge":-1,
          "soul":""
        },{
          "refId":"common_shirt_02",
          "count":1,
          "charge":-1,
          "enchantmentCharge":-1,
          "soul":""
        },{
          "refId":"common_shoes_02",
          "count":1,
          "charge":-1,
          "enchantmentCharge":-1,
          "soul":""
        },{
          "refId":"common_pants_01",
          "count":1,
          "charge":-1,
          "enchantmentCharge":-1,
          "soul":""
        }]
    },
    "0-2921":{
      "refId":"cliff racer",
      "location":{
        "posX":117256.25,
        "posZ":2794.2216796875,
        "posY":81735.8046875,
        "rotX":0,
        "rotY":0,
        "rotZ":0.12838459014893
      },
      "stats":{
        "healthCurrent":45,
        "magickaCurrent":20,
        "healthModified":45,
        "fatigueBase":400,
        "fatigueModified":400,
        "healthBase":45,
        "magickaModified":20,
        "magickaBase":20,
        "fatigueCurrent":400
      }
    },
    "117387-0":{
      "refId":"flora_wickwheat_04",
      "inventory":[{
          "refId":"ingred_wickwheat_01",
          "count":1,
          "charge":-1,
          "enchantmentCharge":-1,
          "soul":""
        }]
    },
    "117386-0":{
      "refId":"flora_wickwheat_03",
      "inventory":[{
          "refId":"ingred_wickwheat_01",
          "count":1,
          "charge":-1,
          "enchantmentCharge":-1,
          "soul":""
        }]
    },
    "117411-0":{
      "refId":"flora_wickwheat_04",
      "inventory":[{
          "refId":"ingred_wickwheat_01",
          "count":1,
          "charge":-1,
          "enchantmentCharge":-1,
          "soul":""
        }]
    },
    "117370-0":{
      "refId":"flora_wickwheat_04",
      "inventory":[{
          "refId":"ingred_wickwheat_01",
          "count":1,
          "charge":-1,
          "enchantmentCharge":-1,
          "soul":""
        }]
    },
    "479688-0":{
      "refId":"flora_hackle-lo_02",
      "inventory":[{
          "refId":"ingred_hackle-lo_leaf_01",
          "count":1,
          "charge":-1,
          "enchantmentCharge":-1,
          "soul":""
        }]
    },
    "117408-0":{
      "refId":"flora_wickwheat_04",
      "inventory":[{
          "refId":"ingred_wickwheat_01",
          "count":1,
          "charge":-1,
          "enchantmentCharge":-1,
          "soul":""
        }]
    },
    "117403-0":{
      "refId":"flora_wickwheat_04",
      "inventory":[{
          "refId":"ingred_wickwheat_01",
          "count":1,
          "charge":-1,
          "enchantmentCharge":-1,
          "soul":""
        }]
    },
    "117406-0":{
      "refId":"flora_wickwheat_03",
      "inventory":[{
          "refId":"ingred_wickwheat_01",
          "count":1,
          "charge":-1,
          "enchantmentCharge":-1,
          "soul":""
        }]
    },
    "117385-0":{
      "refId":"flora_wickwheat_03",
      "inventory":[{
          "refId":"ingred_wickwheat_01",
          "count":1,
          "charge":-1,
          "enchantmentCharge":-1,
          "soul":""
        }]
    },
    "117428-0":{
      "refId":"flora_wickwheat_03",
      "inventory":[{
          "refId":"ingred_wickwheat_01",
          "count":1,
          "charge":-1,
          "enchantmentCharge":-1,
          "soul":""
        }]
    },
    "117391-0":{
      "refId":"flora_hackle-lo_01",
      "inventory":[{
          "refId":"ingred_hackle-lo_leaf_01",
          "count":1,
          "charge":-1,
          "enchantmentCharge":-1,
          "soul":""
        }]
    },
    "117393-0":{
      "refId":"flora_wickwheat_04",
      "inventory":[{
          "refId":"ingred_wickwheat_01",
          "count":1,
          "charge":-1,
          "enchantmentCharge":-1,
          "soul":""
        }]
    },
    "114090-0":{
      "refId":"daedroth",
      "location":{
        "posX":119870.7421875,
        "posZ":1339.9661865234,
        "posY":77099.515625,