{
  "packets":{
    "actorList":["0-3972","0-3973","0-3974","0-3975","0-3976","0-4535"],
    "ai":[],
    "cellChangeFrom":[],
    "cellChangeTo":[],
    "container":["257360-0","394292-0"],
    "death":[],
    "delete":[],
    "doorState":[],
    "equipment":[],
    "lock":[],
    "place":[],
    "position":["0-3972","0-3973","0-3974","0-3975","0-3976","0-4535"],
    "scale":[],
    "spawn":["0-3972","0-3973","0-3974","0-3975","0-3976","0-4535"],
    "state":[],
    "statsDynamic":["0-3972","0-3973","0-3974","0-3975","0-3976","0-4535"],
    "trap":[]
  },
  "entry":{
    "creationTime":1555205665,
    "description":"14, -2"
  },
  "lastVisit":{
    "Den":1556251488,
    "Fendryn":1556251559
  },
  "recordLinks":[],
  "objectData":{
    "0-3976":{
      "refId":"winged twilight",
      "location":{
        "posX":117964.2421875,
        "posZ":1606.3997802734,
        "posY":-9303.974609375,
        "rotX":0.52852022647858,
        "rotY":0,
        "rotZ":3.1376707553864
      },
      "stats":{
        "healthCurrent":220,
        "magickaCurrent":210,
        "healthModified":220,
        "fatigueBase":800,
        "fatigueModified":800,
        "healthBase":220,
        "magickaModified":210,
        "magickaBase":210,
        "fatigueCurrent":800
      }
    },
    "257360-0":{
      "refId":"tramaroot_05",
      "inventory":[{
          "refId":"ingred_trama_root_01",
          "count":1,
          "charge":-1,
          "enchantmentCharge":-1,
          "soul":""
        }]
    },
    "0-3973":{
      "refId":"winged twilight",
      "location":{
        "posX":117304.9375,
        "posZ":1213.0969238281,
        "posY":-10206.947265625,
        "rotX":0.081250682473183,
        "rotY":0,
        "rotZ":1.6348135471344
      },
      "stats":{
        "healthCurrent":220,
        "magickaCurrent":210,
        "healthModified":220,
        "fatigueBase":800,
        "fatigueModified":800,
        "healthBase":220,
        "magickaModified":210,
        "magickaBase":210,
        "fatigueCurrent":800
      }
    },
    "0-4535":{
      "refId":"cliff racer_diseased",
      "location":{
        "posX":117161.1171875,
        "posZ":2474.6447753906,
        "posY":-8301.5263671875,
        "rotX":0.0099244341254234,
        "rotY":0,
        "rotZ":1.7240898609161
      },
      "stats":{
        "healthCurrent":45,
        "magickaCurrent":20,
        "healthModified":45,
        "fatigueBase":170,
        "fatigueModified":170,
        "healthBase":45,
        "magickaModified":20,
        "magickaBase":20,
        "fatigueCurrent":170
      }
    },
    "0-3974":{
      "refId":"daedroth",
      "location":{
        "posX":116276.0859375,
        "posZ":896.33776855469,
        "posY":-12461.456054688,
        "rotX":-0.017306309193373,
        "rotY":0,
        "rotZ":2.160760641098
      },
      "stats":{
        "healthCurrent":180,
        "magickaCurrent":195,
        "healthModified":180,
        "fatigueBase":600,
        "fatigueModified":600,
        "healthBase":180,
        "magickaModified":195,
        "magickaBase":195,
        "fatigueCurrent":600
      }
    },
    "0-3972":{
      "refId":"shalk",
      "location":{
        "posX":116089.953125,
        "posZ":894.61303710938,
        "posY":-13053.194335938,
        "rotX":0.033115953207016,
        "rotY":0,
        "rotZ":-1.7082040309906
      },
      "stats":{
        "healthCurrent":38,
        "magickaCurrent":30,
        "healthModified":38,
        "fatigueBase":400,
        "fatigueModified":400,
        "healthBase":38,
        "magickaModified":30,
        "magickaBase":30,
        "fatigueCurrent":400
      }
    },
    "0-3975":{
      "refId":"winged twilight",
      "location":{
        "posX":117389.3359375,
        "posZ":1211.537109375,
        "posY":-10201.344726563,
        "rotX":0.013584603555501,
        "rotY":0,
        "rotZ":-1.5466740131378
      },
      "stats":{
        "healthCurrent":220,
        "magickaCurrent":210,
        "healthModified":220,
        "fatigueBase":800,
        "fatigueModified":800,
        "healthBase":220,
        "magickaModified":210,
        "magickaBase":210,
        "fatigueCurrent":800
      }
    },
    "394292-0":{
      "refId":"flora_rm_scathecraw_02",
      "inventory":[{
          "refId":"ingred_scathecraw_01",
          "count":1,
          "charge":-1,
          "enchantmentCharge":-1,
          "soul":""
        }]
    }
  }
}