{
  "packets":{
    "actorList":["0-1776","454059-0","0-4010","0-4369","0-1765","0-1777","0-2406"],
    "ai":[],
    "cellChangeFrom":[],
    "cellChangeTo":[],
    "container":["288708-0","288721-0","288725-0","454059-0"],
    "death":[],
    "delete":[],
    "doorState":[],
    "equipment":[],
    "lock":[],
    "place":[],
    "position":["454059-0","0-1776","0-4010","0-4369","0-1765","0-1777","0-2406"],
    "scale":[],
    "spawn":["0-1776","0-4010","0-4369","0-1765","0-1777","0-2406"],
    "state":[],
    "statsDynamic":["454059-0","0-1776","0-4010","0-4369","0-1765","0-1777","0-2406"],
    "trap":[]
  },
  "entry":{
    "creationTime":1554617341,
    "description":"14, -14"
  },
  "lastVisit":{
    "Fendryn":1555633441,
    "Den":1555638298,
    "DizzyDasher":1554783697
  },
  "recordLinks":[],
  "objectData":{
    "288721-0":{
      "refId":"flora_kreshweed_03",
      "inventory":[]
    },
    "0-1776":{
      "refId":"slaughterfish",
      "location":{
        "posX":117644.3125,
        "posZ":-217.22769165039,
        "posY":-114491.171875,
        "rotX":0.00080426037311554,
        "rotY":0,
        "rotZ":-2.0097663402557
      },
      "stats":{
        "healthCurrent":23,
        "magickaCurrent":10,
        "healthModified":23,
        "fatigueBase":400,
        "fatigueModified":400,
        "healthBase":23,
        "magickaModified":10,
        "magickaBase":10,
        "fatigueCurrent":399.50503540039
      }
    },
    "0-2406":{
      "refId":"slaughterfish",
      "location":{
        "posX":114691.5625,
        "posZ":-1007.5006103516,
        "posY":-107821.4609375,
        "rotX":0,
        "rotY":0,
        "rotZ":1.764791727066
      },
      "stats":{
        "healthCurrent":23,
        "magickaCurrent":10,
        "healthModified":23,
        "fatigueBase":400,
        "magickaModified":10,
        "fatigueModified":400,
        "healthBase":23,
        "magickaBase":10,
        "fatigueCurrent":399.97872924805
      }
    },
    "0-4010":{
      "refId":"slaughterfish_small",
      "location":{
        "posX":116221.53125,
        "posZ":-145.76982116699,
        "posY":-110761.1640625,
        "rotX":1.3215124607086,
        "rotY":0,
        "rotZ":1.56898188591
      },
      "stats":{
        "healthCurrent":15,
        "magickaCurrent":10,
        "healthModified":15,
        "fatigueBase":300,
        "fatigueModified":300,
        "healthBase":15,
        "magickaModified":10,
        "magickaBase":10,
        "fatigueCurrent":299.96047973633
      }
    },
    "288725-0":{
      "refId":"flora_kreshweed_02",
      "inventory":[{
          "refId":"ingred_kresh_fiber_01",
          "count":1,
          "charge":-1,
          "enchantmentCharge":-1,
          "soul":""
        }]
    },
    "454059-0":{
      "refId":"slaughterfish",
      "location":{
        "posX":118844.875,
        "posZ":-37.623733520508,
        "posY":-111993.375,
        "rotX":0,
        "rotY":0,
        "rotZ":2.0044500827789
      },
      "stats":{
        "healthCurrent":23,
        "magickaCurrent":10,
        "healthModified":23,
        "fatigueBase":400,
        "fatigueModified":400,
        "healthBase":23,
        "magickaModified":10,
        "magickaBase":10,
        "fatigueCurrent":399.63442993164
      },
      "inventory":[{
          "refId":"ingred_scales_01",
          "count":2,
          "charge":-1,
          "enchantmentCharge":-1,
          "soul":""
        }]
    },
    "288708-0":{
      "refId":"flora_kreshweed_02",
      "inventory":[{
          "refId":"ingred_kresh_fiber_01",
          "count":1,
          "charge":-1,
          "enchantmentCharge":-1,
          "soul":""
        }]
    },
    "0-4369":{
      "refId":"dreugh",
      "location":{
        "posX":114705.3046875,
        "posZ":-1008.3682861328,
        "posY":-106857.5703125,
        "rotX":0,
        "rotY":0,
        "rotZ":1.8162109851837
      },
      "stats":{
        "healthCurrent":60,
        "magickaCurrent":75,
        "fatigueModified":400,
        "fatigueBase":400,
        "healthBase":60,
        "healthModified":60,
        "magickaModified":75,
        "magickaBase":75,
        "fatigueCurrent":399.96374511719
      }
    },
    "0-1765":{
      "refId":"slaughterfish_small",
      "location":{
        "posX":115305.796875,
        "posZ":-33.049057006836,
        "posY":-106726.09375,
        "rotX":-0.0011909697204828,
        "rotY":0,
        "rotZ":3.1093456745148
      },
      "stats":{
        "healthCurrent":15,
        "magickaCurrent":10,
        "fatigueModified":300,
        "fatigueBase":300,
        "healthBase":15,
        "healthModified":15,
        "magickaModified":10,
        "magickaBase":10,
        "fatigueCurrent":300
      }
    },
    "0-1777":{
      "refId":"cliff racer_blighted",
      "location":{
        "posX":122081.5078125,
        "posZ":2730.939453125,
        "posY":-110634.71875,
        "rotX":0.21561066806316,
        "rotY":0,
        "rotZ":-2.3838455677032
      },
      "stats":{
        "healthCurrent":90,
        "magickaCurrent":20,
        "healthModified":90,
        "fatigueBase":400,
        "fatigueModified":400,
        "healthBase":90,
        "magickaModified":20,
        "magickaBase":20,
        "fatigueCurrent":400
      }
    }
  }
}