{
  "packets":{
    "actorList":["0-4020","0-4021","0-4022","0-4023","0-4024","0-4025","0-4026","0-4027","0-4028"],
    "ai":[],
    "cellChangeFrom":[],
    "cellChangeTo":[],
    "container":["134926-0","134936-0","134937-0","304337-0","304338-0","304345-0","304347-0","304350-0","304354-0","304357-0","453786-0","453797-0","453798-0","453806-0","453818-0","453823-0","453837-0","467521-0","467522-0","467523-0","467524-0"],
    "death":[],
    "delete":[],
    "doorState":[],
    "equipment":[],
    "lock":[],
    "place":[],
    "position":["0-4020","0-4021","0-4022","0-4023","0-4024","0-4025","0-4026","0-4027","0-4028"],
    "scale":[],
    "spawn":["0-4020","0-4021","0-4022","0-4023","0-4024","0-4025","0-4026","0-4027","0-4028"],
    "state":[],
    "statsDynamic":["0-4020","0-4021","0-4022","0-4023","0-4024","0-4025","0-4026","0-4027","0-4028"],
    "trap":[]
  },
  "entry":{
    "creationTime":1555206947,
    "description":"15, -15"
  },
  "lastVisit":{
    "Fendryn":1555633441
  },
  "recordLinks":[],
  "objectData":{
    "134937-0":{
      "refId":"flora_kreshweed_01",
      "inventory":[]
    },
    "0-4022":{
      "refId":"mudcrab-diseased",
      "location":{
        "posX":125676.8984375,
        "posZ":111.04383850098,
        "posY":-115526.84375,
        "rotX":0,
        "rotY":0,
        "rotZ":0
      },
      "stats":{
        "healthCurrent":15,
        "magickaCurrent":5,
        "healthModified":15,
        "fatigueBase":29,
        "fatigueModified":29,
        "healthBase":15,
        "magickaModified":5,
        "magickaBase":5,
        "fatigueCurrent":29
      }
    },
    "304345-0":{
      "refId":"flora_willow_flower_01",
      "inventory":[{
          "refId":"ingred_willow_anther_01",
          "count":1,
          "charge":-1,
          "enchantmentCharge":-1,
          "soul":""
        }]
    },
    "134926-0":{
      "refId":"flora_kreshweed_01",
      "inventory":[]
    },
    "304357-0":{
      "refId":"flora_kreshweed_02",
      "inventory":[{
          "refId":"ingred_kresh_fiber_01",
          "count":1,
          "charge":-1,
          "enchantmentCharge":-1,
          "soul":""
        }]
    },
    "0-4021":{
      "refId":"mudcrab-diseased",
      "location":{
        "posX":124113.34375,
        "posZ":89.945465087891,
        "posY":-115977.140625,
        "rotX":0,
        "rotY":0,
        "rotZ":0
      },
      "stats":{
        "healthCurrent":15,
        "magickaCurrent":5,
        "healthModified":15,
        "fatigueBase":31,
        "fatigueModified":31,
        "healthBase":15,
        "magickaModified":5,
        "magickaBase":5,
        "fatigueCurrent":31
      }
    },
    "453823-0":{
      "refId":"kollop_02_pearl",
      "inventory":[{
          "refId":"ingred_pearl_01",
          "count":1,
          "charge":-1,
          "enchantmentCharge":-1,
          "soul":""
        }]
    },
    "304354-0":{
      "refId":"flora_kreshweed_02",
      "inventory":[{
          "refId":"ingred_kresh_fiber_01",
          "count":1,
          "charge":-1,
          "enchantmentCharge":-1,
          "soul":""
        }]
    },
    "467521-0":{
      "refId":"urn_ash00",
      "inventory":[{
          "refId":"ingred_bonemeal_01",
          "count":1,
          "charge":-1,
          "enchantmentCharge":-1,
          "soul":""
        }]
    },
    "453786-0":{
      "refId":"kollop_03_pearl",
      "inventory":[{
          "refId":"ingred_pearl_01",
          "count":1,
          "charge":-1,
          "enchantmentCharge":-1,
          "soul":""
        }]
    },
    "0-4023":{
      "refId":"slaughterfish",
      "location":{
        "posX":123181.09375,
        "posZ":-106.82902526855,
        "posY":-116570.515625,
        "rotX":0,
        "rotY":0,
        "rotZ":0
      },
      "stats":{
        "healthCurrent":23,
        "magickaCurrent":10,
        "healthModified":23,
        "fatigueBase":400,
        "fatigueModified":400,
        "healthBase":23,
        "magickaModified":10,
        "magickaBase":10,
        "fatigueCurrent":399.95886230469
      }
    },
    "0-4028":{
      "refId":"slaughterfish",
      "location":{
        "posX":128190.234375,
        "posZ":-680.18908691406,
        "posY":-116005.84375,
        "rotX":0,
        "rotY":0,
        "rotZ":0
      },
      "stats":{
        "healthCurrent":23,
        "magickaCurrent":10,
        "healthModified":23,
        "fatigueBase":400,
        "fatigueModified":400,
        "healthBase":23,
        "magickaModified":10,
        "magickaBase":10,
        "fatigueCurrent":399.95886230469
      }
    },
    "453806-0":{
      "refId":"kollop_02_pearl",
      "inventory":[]
    },
    "0-4025":{
      "refId":"dreugh",
      "location":{
        "posX":123989.921875,
        "posZ":-1336.861328125,
        "posY":-121428.5703125,
        "rotX":0,
        "rotY":0,
        "rotZ":0
      },
      "stats":{
        "healthCurrent":60,
        "magickaCurrent":75,
        "healthModified":60,
        "fatigueBase":400,
        "fatigueModified":400,
        "healthBase":60,
        "magickaModified":75,
        "magickaBase":75,
        "fatigueCurrent":399.95886230469
      }
    },
    "0-4026":{
      "refId":"dreugh",
      "location":{
        "posX":127982.640625,
        "posZ":-1250.3364257813,
        "posY":-121091.234375,
        "rotX":0,
        "rotY":0,
        "rotZ":0
      },
      "stats":{
        "healthCurrent":60,
        "magickaCurrent":75,
        "healthModified":60,
        "fatigueBase":400,
        "fatigueModified":400,
        "healthBase":60,
        "magickaModified":75,
        "magickaBase":75,
        "fatigueCurrent":399.95886230469
      }
    },
    "304337-0":{
      "refId":"flora_muckspunge_06",
      "inventory":[{
          "refId":"ingred_muck_01",
          "count":1,
          "charge":-1,
          "enchantmentCharge":-1,
          "soul":""
        }]
    },
    "304350-0":{
      "refId":"flora_muckspunge_06",
      "inventory":[]
    },
    "453837-0":{
      "refId":"kollop_03_pearl",
      "inventory":[]
    },
    "453797-0":{
      "refId":"kollop_03_pearl",
      "inventory":[{
          "refId":"ingred_pearl_01",
          "count":1,
          "charge":-1,
          "enchantmentCharge":-1,
          "soul":""
        }]
    },
    "467523-0":{
      "refId":"urn_ash00",
      "inventory":[{
          "refId":"ingred_bonemeal_01",
          "count":1,
          "charge":-1,
          "enchantmentCharge":-1,
          "soul":""
        }]
    },
    "304338-0":{
      "refId":"flora_kreshweed_03",
      "inventory":[{
          "refId":"ingred_kresh_fiber_01",
          "count":1,
          "charge":-1,
          "enchantmentCharge":-1,
          "soul":""
        }]
    },
    "453818-0":{
      "refId":"kollop_02_pearl",
      "inventory":[{
          "refId":"ingred_pearl_01",
          "count":1,
          "charge":-1,
          "enchantmentCharge":-1,
          "soul":""
        }]
    },
    "0-4027":{
      "refId":"slaughterfish",
      "location":{
        "posX":128854.265625,
        "posZ":-481.67236328125,
        "posY":-118758.703125,
        "rotX":0,
        "rotY":0,
        "rotZ":0
      },
      "stats":{
        "healthCurrent":23,
        "magickaCurrent":10,
        "healthModified":23,
        "fatigueBase":400,
        "fatigueModified":400,
        "healthBase":23,
        "magickaModified":10,
        "magickaBase":10,
        "fatigueCurrent":399.95886230469
      }
    },
    "467524-0":{
      "refId":"urn_ash00",
      "inventory":[{
          "refId":"ingred_bonemeal_01",
          "count":1,
          "charge":-1,
          "enchantmentCharge":-1,
          "soul":""
        }]
    },
    "134936-0":{
      "refId":"flora_kreshweed_03",
      "inventory":[{
          "refId":"ingred_kresh_fiber_01",
          "count":1,
          "charge":-1,
          "enchantmentCharge":-1,
          "soul":""
        }]
    },