{
  "packets":{
    "actorList":["0-2248","0-2249","0-2696","0-2695","0-1797","0-2693"],
    "ai":[],
    "cellChangeFrom":[],
    "cellChangeTo":[],
    "container":["137686-0","137688-0","137689-0","137690-0","137691-0","137692-0","137693-0","137694-0","137695-0","137696-0","137697-0","314851-0","450177-0","450181-0","450188-0","450196-0","0-2695","0-2696"],
    "death":["0-2695","0-2696"],
    "delete":[],
    "doorState":[],
    "equipment":["0-2696"],
    "lock":[],
    "place":[],
    "position":["0-2248","0-2249","0-2696","0-2695","0-1797","0-2693"],
    "scale":[],
    "spawn":["0-2248","0-2249","0-2696","0-2695","0-1797","0-2693"],
    "state":[],
    "statsDynamic":["0-2248","0-2249","0-2696","0-2695","0-1797","0-2693"],
    "trap":[]
  },
  "entry":{
    "creationTime":1554662480,
    "description":"15, 3"
  },
  "lastVisit":{
    "Fendryn":1555639927,
    "Den":1554778533,
    "DizzyDasher":1554784061
  },
  "recordLinks":[],
  "objectData":{
    "450196-0":{
      "refId":"kollop_02_pearl",
      "inventory":[]
    },
    "0-1797":{
      "refId":"slaughterfish_small",
      "location":{
        "posX":131061.734375,
        "posZ":-147.14410400391,
        "posY":31461.421875,
        "rotX":7.0781446993351e-05,
        "rotY":0,
        "rotZ":-1.7446563243866
      },
      "stats":{
        "healthCurrent":15,
        "magickaCurrent":10,
        "healthModified":15,
        "fatigueBase":300,
        "fatigueModified":300,
        "healthBase":15,
        "magickaModified":10,
        "magickaBase":10,
        "fatigueCurrent":299.99111938477
      }
    },
    "0-2696":{
      "refId":"db_assassin3",
      "location":{
        "posX":127807.328125,
        "posZ":79.545852661133,
        "posY":30774.3359375,
        "rotX":-0.37088823318481,
        "rotY":0,
        "rotZ":-0.6176438331604
      },
      "stats":{
        "healthCurrent":0,
        "magickaCurrent":154,
        "healthModified":141,
        "fatigueBase":276,
        "fatigueModified":276,
        "healthBase":141,
        "magickaModified":154,
        "magickaBase":154,
        "fatigueCurrent":98.773735046387
      },
      "equipment":{
        "0":{
          "refId":"darkbrotherhood helm",
          "count":1,
          "charge":273,
          "enchantmentCharge":-1
        },
        "2":{
          "refId":"darkbrotherhood greaves",
          "count":1,
          "charge":222,
          "enchantmentCharge":-1
        },
        "3":{
          "refId":"darkbrotherhood pauldron_l",
          "count":1,
          "charge":194,
          "enchantmentCharge":-1
        },
        "4":{
          "refId":"darkbrotherhood pauldron_r",
          "count":1,
          "charge":238,
          "enchantmentCharge":-1
        },
        "5":{
          "refId":"darkbrotherhood gauntlet_l",
          "count":1,
          "charge":71,
          "enchantmentCharge":-1
        },
        "6":{
          "refId":"darkbrotherhood gauntlet_r",
          "count":1,
          "charge":-1,
          "enchantmentCharge":-1
        },
        "7":{
          "refId":"darkbrotherhood boots",
          "count":1,
          "charge":-1,
          "enchantmentCharge":-1
        },
        "16":{
          "refId":"daedric wakizashi",
          "count":1,
          "charge":1073,
          "enchantmentCharge":-1
        }
      },
      "inventory":[{
          "refId":"darkbrotherhood gauntlet_r",
          "count":1,
          "charge":-1,
          "enchantmentCharge":-1,
          "soul":""
        },{
          "refId":"darkbrotherhood gauntlet_l",
          "count":1,
          "charge":71,
          "enchantmentCharge":-1,
          "soul":""
        },{
          "refId":"darkbrotherhood boots",
          "count":1,
          "charge":-1,
          "enchantmentCharge":-1,
          "soul":""
        },{
          "refId":"darkbrotherhood greaves",
          "count":1,
          "charge":222,
          "enchantmentCharge":-1,
          "soul":""
        },{
          "refId":"darkbrotherhood pauldron_r",
          "count":1,
          "charge":238,
          "enchantmentCharge":-1,
          "soul":""
        },{
          "refId":"darkbrotherhood pauldron_l",
          "count":1,
          "charge":194,
          "enchantmentCharge":-1,
          "soul":""
        },{
          "refId":"darkbrotherhood helm",
          "count":1,
          "charge":273,
          "enchantmentCharge":-1,
          "soul":""
        },{
          "refId":"daedric wakizashi",
          "count":1,
          "charge":1073,
          "enchantmentCharge":-1,
          "soul":""
        }],
      "killer":{
        "player":"Fendryn"
      }
    },
    "137688-0":{
      "refId":"flora_marshmerrow_03",
      "inventory":[{
          "refId":"ingred_marshmerrow_01",
          "count":1,
          "charge":-1,
          "enchantmentCharge":-1,
          "soul":""
        }]
    },
    "137690-0":{
      "refId":"flora_marshmerrow_03",
      "inventory":[{
          "refId":"ingred_marshmerrow_01",
          "count":1,
          "charge":-1,
          "enchantmentCharge":-1,
          "soul":""
        }]
    },
    "137696-0":{
      "refId":"flora_marshmerrow_03",
      "inventory":[]
    },
    "137689-0":{
      "refId":"flora_marshmerrow_03",
      "inventory":[{
          "refId":"ingred_marshmerrow_01",
          "count":1,
          "charge":-1,
          "enchantmentCharge":-1,
          "soul":""
        }]
    },
    "450188-0":{
      "refId":"kollop_03_pearl",
      "inventory":[{
          "refId":"ingred_pearl_01",
          "count":1,
          "charge":-1,
          "enchantmentCharge":-1,
          "soul":""
        }]
    },
    "0-2695":{
      "refId":"shalk",
      "location":{
        "posX":127810.984375,
        "posZ":166.57945251465,
        "posY":30904.359375,
        "rotX":0.099155724048615,
        "rotY":0,
        "rotZ":-2.2027595043182
      },
      "stats":{
        "healthCurrent":0,
        "magickaCurrent":0,
        "healthModified":38,
        "fatigueBase":400,
        "fatigueModified":400,
        "healthBase":38,
        "magickaModified":30,
        "magickaBase":30,
        "fatigueCurrent":225.38618469238
      },
      "inventory":[{
          "refId":"ingred_shalk_resin_01",
          "count":1,
          "charge":-1,
          "enchantmentCharge":-1,
          "soul":""
        }],
      "killer":{
        "player":"Fendryn"
      }
    },
    "450177-0":{
      "refId":"kollop_03_pearl",
      "inventory":[{
          "refId":"ingred_pearl_01",
          "count":1,
          "charge":-1,
          "enchantmentCharge":-1,
          "soul":""
        }]
    },
    "137692-0":{
      "refId":"flora_marshmerrow_01",
      "inventory":[{
          "refId":"ingred_marshmerrow_01",
          "count":1,
          "charge":-1,
          "enchantmentCharge":-1,
          "soul":""
        }]
    },
    "0-2249":{
      "refId":"netch_bull",
      "location":{
        "posX":125773.671875,
        "posZ":502.09057617188,
        "posY":28351.390625,
        "rotX":0.0076500438153744,
        "rotY":0,
        "rotZ":-0.14812755584717
      },
      "stats":{
        "healthCurrent":45,
        "magickaCurrent":100,
        "healthModified":45,
        "fatigueBase":400,
        "fatigueModified":400,
        "healthBase":45,
        "magickaModified":100,
        "magickaBase":100,
        "fatigueCurrent":400
      }
    },
    "137686-0":{
      "refId":"flora_marshmerrow_02",
      "inventory":[{
          "refId":"ingred_marshmerrow_01",
          "count":1,
          "charge":-1,
          "enchantmentCharge":-1,
          "soul":""
        }]
    },
    "0-2693":{
      "refId":"slaughterfish_small",
      "location":{
        "posX":125291.234375,
        "posZ":-63.599102020264,
        "posY":32583.4921875,
        "rotX":0,
        "rotY":0,
        "rotZ":-0.9845597743988
      },
      "stats":{
        "healthCurrent":15,