{
  "packets":{
    "actorList":["0-4503","0-4504","0-3987","0-4505","0-4510","0-2803"],
    "ai":[],
    "cellChangeFrom":[],
    "cellChangeTo":[],
    "container":["393853-0","0-4505","0-3987","0-4510"],
    "death":["0-4505","0-3987","0-4510"],
    "delete":[],
    "doorState":[],
    "equipment":[],
    "lock":[],
    "place":[],
    "position":["0-3987","0-4503","0-4504","0-4505","0-4510","0-2803"],
    "scale":[],
    "spawn":["0-4503","0-4504","0-3987","0-4505","0-4510","0-2803"],
    "state":[],
    "statsDynamic":["0-3987","0-4503","0-4504","0-4505","0-4510","0-2803"],
    "trap":[]
  },
  "entry":{
    "creationTime":1554695886,
    "description":"15, -1"
  },
  "lastVisit":{
    "Den":1555639815,
    "Fendryn":1556251545
  },
  "recordLinks":[],
  "objectData":{
    "393853-0":{
      "refId":"contain_trama_shrub_01",
      "inventory":[{
          "refId":"ingred_trama_root_01",
          "count":2,
          "charge":-1,
          "enchantmentCharge":-1,
          "soul":""
        }]
    },
    "0-4503":{
      "refId":"kagouti_blighted",
      "location":{
        "posX":125442.2421875,
        "posZ":775.18322753906,
        "posY":-3726.8984375,
        "rotX":-0.0804393440485,
        "rotY":0,
        "rotZ":-1.7276570796967
      },
      "stats":{
        "healthCurrent":90,
        "magickaCurrent":10,
        "healthModified":90,
        "fatigueBase":243,
        "fatigueModified":243,
        "healthBase":90,
        "magickaModified":10,
        "magickaBase":10,
        "fatigueCurrent":243
      }
    },
    "0-2803":{
      "refId":"corprus_lame",
      "location":{
        "posX":128776.5625,
        "posZ":3824.0786132813,
        "posY":-7866.1611328125,
        "rotX":-0.087161764502525,
        "rotY":0,
        "rotZ":2.2356760501862
      },
      "stats":{
        "healthCurrent":90,
        "magickaCurrent":160,
        "healthModified":90,
        "fatigueBase":317,
        "fatigueModified":317,
        "healthBase":90,
        "magickaModified":160,
        "magickaBase":160,
        "fatigueCurrent":317
      }
    },
    "0-3987":{
      "refId":"cliff racer_blighted",
      "location":{
        "posX":125057.75,
        "posZ":3872.3090820313,
        "posY":-7728.2958984375,
        "rotX":1.2620327472687,
        "rotY":0,
        "rotZ":1.6836750507355
      },
      "stats":{
        "healthCurrent":0,
        "magickaCurrent":20,
        "healthModified":90,
        "fatigueBase":400,
        "fatigueModified":400,
        "healthBase":90,
        "magickaModified":20,
        "magickaBase":20,
        "fatigueCurrent":400
      },
      "inventory":[],
      "killer":{
        "player":"Fendryn"
      }
    },
    "0-4504":{
      "refId":"shalk_diseased",
      "location":{
        "posX":128553.796875,
        "posZ":1868.4379882813,
        "posY":-2263.3442382813,
        "rotX":0.21413464844227,
        "rotY":0,
        "rotZ":-1.251026391983
      },
      "stats":{
        "healthCurrent":38,
        "magickaCurrent":400,
        "healthModified":38,
        "fatigueBase":100,
        "fatigueModified":100,
        "healthBase":38,
        "magickaModified":400,
        "magickaBase":400,
        "fatigueCurrent":100
      }
    },
    "0-4505":{
      "refId":"cliff racer",
      "location":{
        "posX":125076.3828125,
        "posZ":3917.8098144531,
        "posY":-7930.1357421875,
        "rotX":0.892149746418,
        "rotY":0,
        "rotZ":2.925975561142
      },
      "stats":{
        "healthCurrent":0,
        "magickaCurrent":20,
        "healthModified":45,
        "fatigueBase":400,
        "fatigueModified":400,
        "healthBase":45,
        "magickaModified":20,
        "magickaBase":20,
        "fatigueCurrent":400
      },
      "inventory":[],
      "killer":{
        "player":"Fendryn"
      }
    },
    "0-4510":{
      "refId":"scrib",
      "location":{
        "posX":125181.7734375,
        "posZ":3872.2836914063,
        "posY":-7985.609375,
        "rotX":-0.43782088160515,
        "rotY":0,
        "rotZ":0.62403321266174
      },
      "stats":{
        "healthCurrent":0,
        "magickaCurrent":0,
        "healthModified":8,
        "fatigueBase":300,
        "fatigueModified":300,
        "healthBase":8,
        "magickaModified":12,
        "magickaBase":12,
        "fatigueCurrent":300
      },
      "inventory":[],
      "killer":{
        "player":"Fendryn"
      }
    }
  }
}