{
  "packets":{
    "actorList":["0-3099","0-3101","347268-0","0-3097"],
    "ai":[],
    "cellChangeFrom":[],
    "cellChangeTo":[],
    "container":["264455-0","264456-0","264461-0","452466-0","452467-0","452468-0","452498-0","347268-0"],
    "death":[],
    "delete":[],
    "doorState":[],
    "equipment":[],
    "lock":[],
    "place":[],
    "position":["347268-0","0-3099","0-3101","0-3097"],
    "scale":[],
    "spawn":["0-3099","0-3101","0-3097"],
    "state":[],
    "statsDynamic":["347268-0","0-3099","0-3101","0-3097"],
    "trap":[]
  },
  "entry":{
    "creationTime":1554779264,
    "description":"15, -8"
  },
  "lastVisit":{
    "Fendryn":1556251912
  },
  "recordLinks":[],
  "objectData":{
    "0-3097":{
      "refId":"slaughterfish",
      "location":{
        "posX":128931.40625,
        "posZ":-344.88461303711,
        "posY":-65103.7890625,
        "rotX":0.015810070559382,
        "rotY":0,
        "rotZ":-1.2415859699249
      },
      "stats":{
        "healthCurrent":23,
        "magickaCurrent":10,
        "healthModified":23,
        "fatigueBase":400,
        "fatigueModified":400,
        "healthBase":23,
        "magickaModified":10,
        "magickaBase":10,
        "fatigueCurrent":399.99029541016
      }
    },
    "0-3101":{
      "refId":"dreugh",
      "location":{
        "posX":129217.296875,
        "posZ":-466.25305175781,
        "posY":-63025.3828125,
        "rotX":0.0057072844356298,
        "rotY":0,
        "rotZ":-3.0209019184113
      },
      "stats":{
        "healthCurrent":60,
        "magickaCurrent":75,
        "healthModified":60,
        "fatigueBase":400,
        "fatigueModified":400,
        "healthBase":60,
        "magickaModified":75,
        "magickaBase":75,
        "fatigueCurrent":399.99041748047
      }
    },
    "452468-0":{
      "refId":"kollop_03_pearl",
      "inventory":[]
    },
    "0-3099":{
      "refId":"mudcrab",
      "location":{
        "posX":126802.109375,
        "posZ":162.97773742676,
        "posY":-59790.6953125,
        "rotX":-0.21383327245712,
        "rotY":0,
        "rotZ":-2.1916897296906
      },
      "stats":{
        "healthCurrent":15,
        "magickaCurrent":5,
        "healthModified":15,
        "fatigueBase":400,
        "fatigueModified":400,
        "healthBase":15,
        "magickaModified":5,
        "magickaBase":5,
        "fatigueCurrent":400
      }
    },
    "264456-0":{
      "refId":"flora_fire_fern_01",
      "inventory":[{
          "refId":"ingred_fire_petal_01",
          "count":1,
          "charge":-1,
          "enchantmentCharge":-1,
          "soul":""
        }]
    },
    "452466-0":{
      "refId":"kollop_01_pearl",
      "inventory":[{
          "refId":"ingred_pearl_01",
          "count":1,
          "charge":-1,
          "enchantmentCharge":-1,
          "soul":""
        }]
    },
    "264455-0":{
      "refId":"flora_fire_fern_03",
      "inventory":[{
          "refId":"ingred_fire_petal_01",
          "count":1,
          "charge":-1,
          "enchantmentCharge":-1,
          "soul":""
        }]
    },
    "452498-0":{
      "refId":"kollop_02_pearl",
      "inventory":[{
          "refId":"ingred_pearl_01",
          "count":1,
          "charge":-1,
          "enchantmentCharge":-1,
          "soul":""
        }]
    },
    "347268-0":{
      "refId":"mudcrab",
      "location":{
        "posX":126172.46875,
        "posZ":217.04959106445,
        "posY":-59898.671875,
        "rotX":0,
        "rotY":0,
        "rotZ":2.7999997138977
      },
      "stats":{
        "healthCurrent":15,
        "magickaCurrent":5,
        "healthModified":15,
        "fatigueBase":400,
        "fatigueModified":400,
        "healthBase":15,
        "magickaModified":5,
        "magickaBase":5,
        "fatigueCurrent":400
      },
      "inventory":[{
          "refId":"ingred_crab_meat_01",
          "count":1,
          "charge":-1,
          "enchantmentCharge":-1,
          "soul":""
        }]
    },
    "264461-0":{
      "refId":"flora_fire_fern_02",
      "inventory":[{
          "refId":"ingred_fire_petal_01",
          "count":1,
          "charge":-1,
          "enchantmentCharge":-1,
          "soul":""
        }]
    },
    "452467-0":{
      "refId":"kollop_02_pearl",
      "inventory":[]
    }
  }
}