{
  "packets":{
    "actorList":["0-4043","0-4044","0-4045","0-4046","0-4047","0-4049"],
    "ai":[],
    "cellChangeFrom":[],
    "cellChangeTo":[],
    "container":["440707-0","440710-0","440719-0","440722-0","440729-0","440741-0","440743-0","440761-0","440777-0","440781-0","440786-0","0-4049"],
    "death":[],
    "delete":[],
    "doorState":[],
    "equipment":[],
    "lock":[],
    "place":[],
    "position":["0-4043","0-4044","0-4045","0-4046","0-4047","0-4049"],
    "scale":[],
    "spawn":["0-4043","0-4044","0-4045","0-4046","0-4047","0-4049"],
    "state":[],
    "statsDynamic":["0-4043","0-4044","0-4045","0-4046","0-4047","0-4049"],
    "trap":[]
  },
  "entry":{
    "creationTime":1555207171,
    "description":"15, 12"
  },
  "lastVisit":{
    "Den":1555638595,
    "Fendryn":1555207369
  },
  "recordLinks":[],
  "objectData":{
    "0-4046":{
      "refId":"slaughterfish_small",
      "location":{
        "posX":129735.65625,
        "posZ":-251.06982421875,
        "posY":99969.4765625,
        "rotX":0,
        "rotY":0,
        "rotZ":-0.42325186729431
      },
      "stats":{
        "healthCurrent":15,
        "magickaCurrent":10,
        "healthModified":15,
        "fatigueBase":300,
        "fatigueModified":300,
        "healthBase":15,
        "magickaModified":10,
        "magickaBase":10,
        "fatigueCurrent":299.95657348633
      }
    },
    "440707-0":{
      "refId":"kollop_01_pearl",
      "inventory":[{
          "refId":"ingred_pearl_01",
          "count":1,
          "charge":-1,
          "enchantmentCharge":-1,
          "soul":""
        }]
    },
    "440710-0":{
      "refId":"kollop_03_pearl",
      "inventory":[{
          "refId":"ingred_pearl_01",
          "count":1,
          "charge":-1,
          "enchantmentCharge":-1,
          "soul":""
        }]
    },
    "440743-0":{
      "refId":"kollop_02_pearl",
      "inventory":[{
          "refId":"ingred_pearl_01",
          "count":1,
          "charge":-1,
          "enchantmentCharge":-1,
          "soul":""
        }]
    },
    "0-4047":{
      "refId":"cliff racer",
      "location":{
        "posX":126512.875,
        "posZ":864.3515625,
        "posY":100560.0546875,
        "rotX":0.17155548930168,
        "rotY":0,
        "rotZ":-1.9262573719025
      },
      "stats":{
        "healthCurrent":45,
        "magickaCurrent":20,
        "healthModified":45,
        "fatigueBase":400,
        "fatigueModified":400,
        "healthBase":45,
        "magickaModified":20,
        "magickaBase":20,
        "fatigueCurrent":400
      }
    },
    "440786-0":{
      "refId":"kollop_02_pearl",
      "inventory":[{
          "refId":"ingred_pearl_01",
          "count":1,
          "charge":-1,
          "enchantmentCharge":-1,
          "soul":""
        }]
    },
    "0-4044":{
      "refId":"slaughterfish_small",
      "location":{
        "posX":126638.109375,
        "posZ":-184.10140991211,
        "posY":104270.9453125,
        "rotX":1.2367963790894e-06,
        "rotY":0,
        "rotZ":-2.0344021320343
      },
      "stats":{
        "healthCurrent":15,
        "magickaCurrent":10,
        "healthModified":15,
        "fatigueBase":300,
        "fatigueModified":300,
        "healthBase":15,
        "magickaModified":10,
        "magickaBase":10,
        "fatigueCurrent":299.95657348633
      }
    },
    "0-4049":{
      "refId":"slaughterfish",
      "location":{
        "posX":126616.0859375,
        "posZ":-190.56625366211,
        "posY":106200.125,
        "rotX":0.22849893569946,
        "rotY":0,
        "rotZ":1.1934401988983
      },
      "stats":{
        "healthCurrent":23,
        "magickaCurrent":10,
        "healthModified":23,
        "fatigueBase":400,
        "fatigueModified":400,
        "healthBase":23,
        "magickaModified":10,
        "magickaBase":10,
        "fatigueCurrent":399.9548034668
      },
      "inventory":[{
          "refId":"ingred_scales_01",
          "count":2,
          "charge":-1,
          "enchantmentCharge":-1,
          "soul":""
        }]
    },
    "440761-0":{
      "refId":"kollop_03_pearl",
      "inventory":[{
          "refId":"ingred_pearl_01",
          "count":1,
          "charge":-1,
          "enchantmentCharge":-1,
          "soul":""
        }]
    },
    "0-4043":{
      "refId":"slaughterfish",
      "location":{
        "posX":123237.140625,
        "posZ":-144.32400512695,
        "posY":103493.453125,
        "rotX":0,
        "rotY":0,
        "rotZ":-0.77335047721863
      },
      "stats":{
        "healthCurrent":23,
        "magickaCurrent":10,
        "healthModified":23,
        "fatigueBase":400,
        "fatigueModified":400,
        "healthBase":23,
        "magickaModified":10,
        "magickaBase":10,
        "fatigueCurrent":399.95657348633
      }
    },
    "440741-0":{
      "refId":"kollop_03_pearl",
      "inventory":[]
    },
    "440777-0":{
      "refId":"kollop_03_pearl",
      "inventory":[{
          "refId":"ingred_pearl_01",
          "count":1,
          "charge":-1,
          "enchantmentCharge":-1,
          "soul":""
        }]
    },
    "440781-0":{
      "refId":"kollop_02_pearl",
      "inventory":[{
          "refId":"ingred_pearl_01",
          "count":1,
          "charge":-1,
          "enchantmentCharge":-1,
          "soul":""
        }]
    },
    "0-4045":{
      "refId":"slaughterfish_small",
      "location":{
        "posX":129398.875,
        "posZ":-290.48510742188,
        "posY":102494.1875,
        "rotX":0,
        "rotY":0,
        "rotZ":-0.43006062507629
      },
      "stats":{
        "healthCurrent":15,
        "magickaCurrent":10,
        "healthModified":15,
        "fatigueBase":300,
        "fatigueModified":300,
        "healthBase":15,
        "magickaModified":10,
        "magickaBase":10,
        "fatigueCurrent":299.95657348633
      }
    },
    "440719-0":{
      "refId":"kollop_02_pearl",
      "inventory":[]
    },
    "440729-0":{
      "refId":"kollop_03_pearl",
      "inventory":[{
          "refId":"ingred_pearl_01",
          "count":1,
          "charge":-1,
          "enchantmentCharge":-1,
          "soul":""
        }]
    },
    "440722-0":{
      "refId":"kollop_02_pearl",
      "inventory":[{
          "refId":"ingred_pearl_01",
          "count":1,
          "charge":-1,
          "enchantmentCharge":-1,
          "soul":""
        }]
    }
  }
}