{
  "packets":{
    "actorList":["0-2645","0-2646","276539-0","276540-0","276541-0"],
    "ai":[],
    "cellChangeFrom":[],
    "cellChangeTo":[],
    "container":["124688-0","124690-0","124692-0","124693-0","124694-0","124695-0","124696-0","124697-0","124698-0","124699-0","124700-0","124701-0","124704-0","124705-0","124706-0","124707-0","124708-0","124709-0","124710-0","124711-0","124712-0","124713-0","124714-0","276543-0","452359-0","452363-0","452364-0","452366-0","276539-0","276540-0","276541-0"],
    "death":[],
    "delete":[],
    "doorState":[],
    "equipment":["276539-0","276540-0","276541-0"],
    "lock":[],
    "place":[],
    "position":["0-2645","0-2646","276539-0","276540-0","276541-0"],
    "scale":[],
    "spawn":["0-2645","0-2646"],
    "state":[],
    "statsDynamic":["0-2645","0-2646","276539-0","276540-0","276541-0"],
    "trap":[]
  },
  "entry":{
    "creationTime":1554687140,
    "description":"16, -6"
  },
  "lastVisit":{
    "Den":1554696791,
    "Fendryn":1554696904
  },
  "recordLinks":[],
  "objectData":{
    "124692-0":{
      "refId":"flora_saltrice_02",
      "inventory":[{
          "refId":"ingred_saltrice_01",
          "count":1,
          "charge":-1,
          "enchantmentCharge":-1,
          "soul":""
        }]
    },
    "124694-0":{
      "refId":"flora_marshmerrow_03",
      "inventory":[{
          "refId":"ingred_marshmerrow_01",
          "count":1,
          "charge":-1,
          "enchantmentCharge":-1,
          "soul":""
        }]
    },
    "276541-0":{
      "refId":"mamusa shashmassamsi",
      "location":{
        "posX":133855.1875,
        "posZ":136.9351348877,
        "posY":-45628.03515625,
        "rotX":-0.30414965748787,
        "rotY":0,
        "rotZ":-0.13250255584717
      },
      "stats":{
        "healthCurrent":104,
        "magickaCurrent":94,
        "healthModified":104,
        "fatigueBase":250,
        "fatigueModified":250,
        "healthBase":104,
        "magickaModified":94,
        "magickaBase":94,
        "fatigueCurrent":250
      },
      "equipment":{
        "7":{
          "refId":"expensive_shoes_01",
          "count":1,
          "charge":-1,
          "enchantmentCharge":-1
        },
        "16":{
          "refId":"chitin war axe",
          "count":1,
          "charge":-1,
          "enchantmentCharge":-1
        },
        "11":{
          "refId":"expensive_robe_01",
          "count":1,
          "charge":-1,
          "enchantmentCharge":-1
        }
      },
      "inventory":[{
          "refId":"chitin_shield",
          "count":1,
          "charge":-1,
          "enchantmentCharge":-1,
          "soul":""
        },{
          "refId":"expensive_robe_01",
          "count":1,
          "charge":-1,
          "enchantmentCharge":-1,
          "soul":""
        },{
          "refId":"expensive_shoes_01",
          "count":1,
          "charge":-1,
          "enchantmentCharge":-1,
          "soul":""
        },{
          "refId":"chitin war axe",
          "count":1,
          "charge":-1,
          "enchantmentCharge":-1,
          "soul":""
        }]
    },
    "452364-0":{
      "refId":"kollop_02_pearl",
      "inventory":[{
          "refId":"ingred_pearl_01",
          "count":1,
          "charge":-1,
          "enchantmentCharge":-1,
          "soul":""
        }]
    },
    "0-2646":{
      "refId":"mudcrab-diseased",
      "location":{
        "posX":135246.703125,
        "posZ":33.901008605957,
        "posY":-44198.02734375,
        "rotX":0.0099240308627486,
        "rotY":0,
        "rotZ":2.5990493297577
      },
      "stats":{
        "healthCurrent":15,
        "magickaCurrent":5,
        "healthModified":15,
        "fatigueBase":29,
        "fatigueModified":29,
        "healthBase":15,
        "magickaModified":5,
        "magickaBase":5,
        "fatigueCurrent":29
      }
    },
    "124693-0":{
      "refId":"flora_marshmerrow_02",
      "inventory":[{
          "refId":"ingred_marshmerrow_01",
          "count":1,
          "charge":-1,
          "enchantmentCharge":-1,
          "soul":""
        }]
    },
    "124698-0":{
      "refId":"flora_marshmerrow_02",
      "inventory":[{
          "refId":"ingred_marshmerrow_01",
          "count":1,
          "charge":-1,
          "enchantmentCharge":-1,
          "soul":""
        }]
    },
    "124710-0":{
      "refId":"flora_saltrice_01",
      "inventory":[{
          "refId":"ingred_saltrice_01",
          "count":1,
          "charge":-1,
          "enchantmentCharge":-1,
          "soul":""
        }]
    },
    "124695-0":{
      "refId":"flora_marshmerrow_03",
      "inventory":[{
          "refId":"ingred_marshmerrow_01",
          "count":1,
          "charge":-1,
          "enchantmentCharge":-1,
          "soul":""
        }]
    },
    "124688-0":{
      "refId":"flora_saltrice_02",
      "inventory":[{
          "refId":"ingred_saltrice_01",
          "count":1,
          "charge":-1,
          "enchantmentCharge":-1,
          "soul":""
        }]
    },
    "124713-0":{
      "refId":"flora_marshmerrow_01",
      "inventory":[{
          "refId":"ingred_marshmerrow_01",
          "count":1,
          "charge":-1,
          "enchantmentCharge":-1,
          "soul":""
        }]
    },
    "276543-0":{
      "refId":"de_p_chest_02_gold_25",
      "inventory":[{
          "refId":"gold_001",
          "count":25,
          "charge":-1,
          "enchantmentCharge":-1,
          "soul":""
        }]
    },
    "124707-0":{
      "refId":"flora_marshmerrow_02",
      "inventory":[{
          "refId":"ingred_marshmerrow_01",
          "count":1,
          "charge":-1,
          "enchantmentCharge":-1,
          "soul":""
        }]
    },
    "124705-0":{
      "refId":"flora_saltrice_02",
      "inventory":[{
          "refId":"ingred_saltrice_01",
          "count":1,
          "charge":-1,
          "enchantmentCharge":-1,
          "soul":""
        }]
    },
    "124709-0":{
      "refId":"flora_marshmerrow_03",
      "inventory":[]
    },
    "276540-0":{
      "refId":"munbebi addarari",
      "location":{
        "posX":133582.4375,
        "posZ":105,
        "posY":-45484.8046875,
        "rotX":1.024454832077e-07,
        "rotY":0,
        "rotZ":0.28693866729736
      },
      "stats":{
        "healthCurrent":98,
        "magickaCurrent":92,
        "healthModified":98,
        "fatigueBase":242,
        "fatigueModified":242,
        "healthBase":98,
        "magickaModified":92,
        "magickaBase":92,
        "fatigueCurrent":242
      },
      "equipment":{
        "7":{
          "refId":"common_shoes_05",
          "count":1,
          "charge":-1,
          "enchantmentCharge":-1
        },
        "8":{
          "refId":"common_shirt_02_h",
          "count":1,
          "charge":-1,
          "enchantmentCharge":-1
        },
        "16":{
          "refId":"chitin war axe",
          "count":1,
          "charge":-1,
          "enchantmentCharge":-1
        },
        "9":{
          "refId":"expensive_pants_01",
          "count":1,
          "charge":-1,
          "enchantmentCharge":-1
        }
      },
      "inventory":[{
          "refId":"chitin_shield",
          "count":1,
          "charge":-1,
          "enchantmentCharge":-1,
          "soul":""
        },{
          "refId":"common_shirt_02_h",
          "count":1,
          "charge":-1,
          "enchantmentCharge":-1,
          "soul":""
        },{
          "refId":"common_shoes_05",
          "count":1,
          "charge":-1,
          "enchantmentCharge":-1,
          "soul":""
        },{
          "refId":"expensive_pants_01",
          "count":1,
          "charge":-1,
          "enchantmentCharge":-1,
          "soul":""
        },{
          "refId":"chitin war axe",
          "count":1,
          "charge":-1,
          "enchantmentCharge":-1,
          "soul":""
        }]
    },
    "124701-0":{
      "refId":"flora_saltrice_01",