{
  "packets":{
    "actorList":["0-1799","0-1800","0-1801"],
    "ai":[],
    "cellChangeFrom":[],
    "cellChangeTo":[],
    "container":["446165-0","449727-0","449729-0","449738-0","449740-0"],
    "death":[],
    "delete":[],
    "doorState":[],
    "equipment":[],
    "lock":[],
    "place":[],
    "position":["0-1799","0-1800","0-1801"],
    "scale":[],
    "spawn":["0-1799","0-1800","0-1801"],
    "state":[],
    "statsDynamic":["0-1799","0-1800","0-1801"],
    "trap":[]
  },
  "entry":{
    "creationTime":1554617367,
    "description":"16, 4"
  },
  "lastVisit":{
    "DizzyDasher":1554861343,
    "Den":1555638992,
    "Fendryn":1555639624
  },
  "recordLinks":[],
  "objectData":{
    "449740-0":{
      "refId":"kollop_03_pearl",
      "inventory":[]
    },
    "446165-0":{
      "refId":"kollop_03_pearl",
      "inventory":[]
    },
    "449727-0":{
      "refId":"kollop_03_pearl",
      "inventory":[]
    },
    "0-1799":{
      "refId":"mudcrab-diseased",
      "location":{
        "posX":132685.1875,
        "posZ":310.32189941406,
        "posY":38222.23046875,
        "rotX":-0.029540322721004,
        "rotY":0,
        "rotZ":-2.2978799343109
      },
      "stats":{
        "healthCurrent":15,
        "magickaCurrent":5,
        "healthModified":15,
        "fatigueBase":29,
        "fatigueModified":29,
        "healthBase":15,
        "magickaModified":5,
        "magickaBase":5,
        "fatigueCurrent":28.262998580933
      }
    },
    "0-1800":{
      "refId":"mudcrab-diseased",
      "location":{
        "posX":133772.15625,
        "posZ":57.341285705566,
        "posY":39705.98828125,
        "rotX":0.13906641304493,
        "rotY":0,
        "rotZ":1.3540551662445
      },
      "stats":{
        "healthCurrent":15,
        "magickaCurrent":5,
        "healthModified":15,
        "fatigueBase":29,
        "fatigueModified":29,
        "healthBase":15,
        "magickaModified":5,
        "magickaBase":5,
        "fatigueCurrent":29
      }
    },
    "449729-0":{
      "refId":"kollop_02_pearl",
      "inventory":[]
    },
    "0-1801":{
      "refId":"alit_diseased",
      "location":{
        "posX":134130.65625,
        "posZ":286.52185058594,
        "posY":34477.66015625,
        "rotX":0.029934756457806,
        "rotY":0,
        "rotZ":-2.8126842975616
      },
      "stats":{
        "healthCurrent":30,
        "magickaCurrent":75,
        "healthModified":30,
        "fatigueBase":170,
        "fatigueModified":170,
        "healthBase":30,
        "magickaModified":75,
        "magickaBase":75,
        "fatigueCurrent":170
      }
    },
    "449738-0":{
      "refId":"kollop_02_pearl",
      "inventory":[{
          "refId":"ingred_pearl_01",
          "count":1,
          "charge":-1,
          "enchantmentCharge":-1,
          "soul":""
        }]
    }
  }
}