{
  "packets":{
    "actorList":["0-2629","0-2630"],
    "ai":[],
    "cellChangeFrom":[],
    "cellChangeTo":["347224-0"],
    "container":["134031-0","134032-0","134033-0","134034-0","134035-0","134036-0","134037-0","134038-0","134039-0","134040-0","134041-0","134042-0","134046-0","134049-0","134051-0","314515-0","314516-0","314517-0","314518-0","314519-0","314523-0","314524-0","314525-0","314526-0","314527-0","314528-0","314529-0","449599-0","449601-0","449614-0","449616-0","449646-0","449650-0","449651-0","449653-0"],
    "death":[],
    "delete":[],
    "doorState":[],
    "equipment":[],
    "lock":[],
    "place":[],
    "position":["0-2629","0-2630"],
    "scale":[],
    "spawn":["0-2629","0-2630"],
    "state":[],
    "statsDynamic":["0-2629","0-2630"],
    "trap":[]
  },
  "entry":{
    "creationTime":1554686848,
    "description":"17, -1"
  },
  "lastVisit":{
    "Den":1554696023,
    "Fendryn":1555639320
  },
  "recordLinks":[],
  "objectData":{
    "314518-0":{
      "refId":"flora_muckspunge_03",
      "inventory":[{
          "refId":"ingred_muck_01",
          "count":1,
          "charge":-1,
          "enchantmentCharge":-1,
          "soul":""
        }]
    },
    "0-2629":{
      "refId":"dreugh",
      "location":{
        "posX":142850.40625,
        "posZ":-90.493934631348,
        "posY":-1082.7082519531,
        "rotX":0,
        "rotY":0,
        "rotZ":1.9298560619354
      },
      "stats":{
        "healthCurrent":60,
        "magickaCurrent":75,
        "healthModified":60,
        "fatigueBase":400,
        "fatigueModified":400,
        "healthBase":60,
        "magickaModified":75,
        "magickaBase":75,
        "fatigueCurrent":399.9690246582
      }
    },
    "449646-0":{
      "refId":"kollop_03_pearl",
      "inventory":[]
    },
    "449653-0":{
      "refId":"kollop_02_pearl",
      "inventory":[{
          "refId":"ingred_pearl_01",
          "count":1,
          "charge":-1,
          "enchantmentCharge":-1,
          "soul":""
        }]
    },
    "0-2630":{
      "refId":"slaughterfish_small",
      "location":{
        "posX":142642.125,
        "posZ":-149.93147277832,
        "posY":-930.35437011719,
        "rotX":-0.080768413841724,
        "rotY":0,
        "rotZ":1.4711620807648
      },
      "stats":{
        "healthCurrent":15,
        "magickaCurrent":10,
        "healthModified":15,
        "fatigueBase":300,
        "fatigueModified":300,
        "healthBase":15,
        "magickaModified":10,
        "magickaBase":10,
        "fatigueCurrent":299.9690246582
      }
    },
    "347224-0":{
      "cellChangeTo":"18, -2"
    },
    "449614-0":{
      "refId":"kollop_02_pearl",
      "inventory":[]
    },
    "134041-0":{
      "refId":"flora_marshmerrow_01",
      "inventory":[]
    },
    "449651-0":{
      "refId":"kollop_02_pearl",
      "inventory":[{
          "refId":"ingred_pearl_01",
          "count":1,
          "charge":-1,
          "enchantmentCharge":-1,
          "soul":""
        }]
    },
    "449616-0":{
      "refId":"kollop_02_pearl",
      "inventory":[]
    },
    "134051-0":{
      "refId":"flora_kreshweed_01",
      "inventory":[]
    },
    "134036-0":{
      "refId":"flora_marshmerrow_03",
      "inventory":[]
    },
    "134038-0":{
      "refId":"flora_saltrice_02",
      "inventory":[]
    },
    "314516-0":{
      "refId":"flora_muckspunge_01",
      "inventory":[{
          "refId":"ingred_muck_01",
          "count":1,
          "charge":-1,
          "enchantmentCharge":-1,
          "soul":""
        }]
    },
    "134040-0":{
      "refId":"flora_marshmerrow_02",
      "inventory":[]
    },
    "134042-0":{
      "refId":"flora_kreshweed_03",
      "inventory":[{
          "refId":"ingred_kresh_fiber_01",
          "count":1,
          "charge":-1,
          "enchantmentCharge":-1,
          "soul":""
        }]
    },
    "134032-0":{
      "refId":"flora_saltrice_02",
      "inventory":[{
          "refId":"ingred_saltrice_01",
          "count":1,
          "charge":-1,
          "enchantmentCharge":-1,
          "soul":""
        }]
    },
    "134039-0":{
      "refId":"flora_marshmerrow_03",
      "inventory":[]
    },
    "134037-0":{
      "refId":"flora_saltrice_01",
      "inventory":[{
          "refId":"ingred_saltrice_01",
          "count":1,
          "charge":-1,
          "enchantmentCharge":-1,
          "soul":""
        }]
    },
    "134049-0":{
      "refId":"flora_kreshweed_01",
      "inventory":[{
          "refId":"ingred_kresh_fiber_01",
          "count":1,
          "charge":-1,
          "enchantmentCharge":-1,
          "soul":""
        }]
    },
    "449599-0":{
      "refId":"kollop_03_pearl",
      "inventory":[{
          "refId":"ingred_pearl_01",
          "count":1,
          "charge":-1,
          "enchantmentCharge":-1,
          "soul":""
        }]
    },
    "314523-0":{
      "refId":"flora_saltrice_01",
      "inventory":[{
          "refId":"ingred_saltrice_01",
          "count":1,
          "charge":-1,
          "enchantmentCharge":-1,
          "soul":""
        }]
    },
    "134031-0":{
      "refId":"flora_saltrice_01",
      "inventory":[]
    },
    "134035-0":{
      "refId":"flora_marshmerrow_03",
      "inventory":[]
    },
    "314525-0":{
      "refId":"flora_marshmerrow_01",
      "inventory":[{
          "refId":"ingred_marshmerrow_01",
          "count":1,
          "charge":-1,
          "enchantmentCharge":-1,
          "soul":""
        }]
    },
    "134033-0":{
      "refId":"flora_marshmerrow_01",
      "inventory":[]
    },
    "134034-0":{
      "refId":"flora_marshmerrow_02",
      "inventory":[]
    },
    "449650-0":{
      "refId":"kollop_03_pearl",
      "inventory":[{
          "refId":"ingred_pearl_01",
          "count":1,
          "charge":-1,
          "enchantmentCharge":-1,
          "soul":""
        }]
    },
    "314519-0":{
      "refId":"flora_muckspunge_04",
      "inventory":[{
          "refId":"ingred_muck_01",
          "count":1,
          "charge":-1,
          "enchantmentCharge":-1,
          "soul":""
        }]
    },
    "314527-0":{
      "refId":"flora_marshmerrow_03",
      "inventory":[]
    },
    "314515-0":{
      "refId":"flora_kreshweed_02",
      "inventory":[{
          "refId":"ingred_kresh_fiber_01",
          "count":1,
          "charge":-1,
          "enchantmentCharge":-1,
          "soul":""
        }]
    },
    "314524-0":{
      "refId":"flora_saltrice_02",
      "inventory":[{
          "refId":"ingred_saltrice_01",
          "count":1,
          "charge":-1,
          "enchantmentCharge":-1,
          "soul":""
        }]
    },
    "314526-0":{
      "refId":"flora_marshmerrow_03",
      "inventory":[]
    },
    "449601-0":{
      "refId":"kollop_03_pearl",
      "inventory":[]
    },
    "134046-0":{
      "refId":"flora_muckspunge_04",
      "inventory":[{
          "refId":"ingred_muck_01",
          "count":1,
          "charge":-1,
          "enchantmentCharge":-1,
          "soul":""
        }]
    },
    "314529-0":{
      "refId":"flora_marshmerrow_02",
      "inventory":[{
          "refId":"ingred_marshmerrow_01",
          "count":1,
          "charge":-1,
          "enchantmentCharge":-1,
          "soul":""
        }]
    },
    "314528-0":{
      "refId":"flora_marshmerrow_03",
      "inventory":[]
    },
    "314517-0":{
      "refId":"flora_kreshweed_01",
      "inventory":[{
          "refId":"ingred_kresh_fiber_01",
          "count":1,
          "charge":-1,
          "enchantmentCharge":-1,
          "soul":""
        }]
    }
  }
}