{
  "packets":{
    "actorList":["0-2519","135230-0","135231-0","0-2532","0-2636","347199-0"],
    "ai":[],
    "cellChangeFrom":[],
    "cellChangeTo":[],
    "container":["133395-0","133398-0","133400-0","133402-0","133403-0","133404-0","133407-0","133408-0","133409-0","133410-0","133411-0","133412-0","133413-0","133414-0","133417-0","288375-0","288392-0","288393-0","288394-0","288395-0","448979-0","448981-0","448994-0","448996-0","449008-0","449012-0","449013-0","449015-0","135230-0","135231-0","0-2532","0-2636","0-2519","347199-0"],
    "death":["0-2532","0-2636","0-2519"],
    "delete":[],
    "doorState":[],
    "equipment":["135230-0","135231-0"],
    "lock":[],
    "place":[],
    "position":["135230-0","135231-0","0-2519","0-2532","0-2636","347199-0"],
    "scale":[],
    "spawn":["0-2519","0-2532","0-2636"],
    "state":[],
    "statsDynamic":["135230-0","135231-0","0-2519","0-2532","0-2636","347199-0"],
    "trap":[]
  },
  "entry":{
    "creationTime":1554686507,
    "description":"18, 0"
  },
  "lastVisit":{
    "Den":1554695369,
    "Fendryn":1555639311
  },
  "recordLinks":[],
  "objectData":{
    "135230-0":{
      "refId":"moghakh gro-bar",
      "location":{
        "posX":151786,
        "posZ":37.638168334961,
        "posY":6905.6748046875,
        "rotX":0,
        "rotY":0,
        "rotZ":1.2000015974045
      },
      "stats":{
        "healthCurrent":177,
        "magickaCurrent":88,
        "healthModified":177,
        "fatigueBase":314,
        "fatigueModified":314,
        "healthBase":177,
        "magickaModified":88,
        "magickaBase":88,
        "fatigueCurrent":314
      },
      "equipment":{
        "0":{
          "refId":"orcish_helm",
          "count":1,
          "charge":-1,
          "enchantmentCharge":-1
        },
        "1":{
          "refId":"orcish_cuirass",
          "count":1,
          "charge":-1,
          "enchantmentCharge":-1
        },
        "2":{
          "refId":"orcish_greaves",
          "count":1,
          "charge":-1,
          "enchantmentCharge":-1
        },
        "3":{
          "refId":"orcish_pauldron_left",
          "count":1,
          "charge":-1,
          "enchantmentCharge":-1
        },
        "4":{
          "refId":"orcish_pauldron_right",
          "count":1,
          "charge":-1,
          "enchantmentCharge":-1
        },
        "5":{
          "refId":"orcish_bracer_left",
          "count":1,
          "charge":-1,
          "enchantmentCharge":-1
        },
        "6":{
          "refId":"orcish_bracer_right",
          "count":1,
          "charge":-1,
          "enchantmentCharge":-1
        },
        "7":{
          "refId":"orcish_boots",
          "count":1,
          "charge":-1,
          "enchantmentCharge":-1
        },
        "16":{
          "refId":"steel axe",
          "count":1,
          "charge":-1,
          "enchantmentCharge":-1
        }
      },
      "inventory":[{
          "refId":"orcish_bracer_right",
          "count":1,
          "charge":-1,
          "enchantmentCharge":-1,
          "soul":""
        },{
          "refId":"orcish_bracer_left",
          "count":1,
          "charge":-1,
          "enchantmentCharge":-1,
          "soul":""
        },{
          "refId":"orcish_boots",
          "count":1,
          "charge":-1,
          "enchantmentCharge":-1,
          "soul":""
        },{
          "refId":"orcish_greaves",
          "count":1,
          "charge":-1,
          "enchantmentCharge":-1,
          "soul":""
        },{
          "refId":"orcish_pauldron_right",
          "count":1,
          "charge":-1,
          "enchantmentCharge":-1,
          "soul":""
        },{
          "refId":"orcish_pauldron_left",
          "count":1,
          "charge":-1,
          "enchantmentCharge":-1,
          "soul":""
        },{
          "refId":"orcish_cuirass",
          "count":1,
          "charge":-1,
          "enchantmentCharge":-1,
          "soul":""
        },{
          "refId":"orcish_helm",
          "count":1,
          "charge":-1,
          "enchantmentCharge":-1,
          "soul":""
        },{
          "refId":"steel axe",
          "count":1,
          "charge":-1,
          "enchantmentCharge":-1,
          "soul":""
        }]
    },
    "0-2636":{
      "refId":"shalk_diseased",
      "location":{
        "posX":155627.484375,
        "posZ":1303.7698974609,
        "posY":1840.1707763672,
        "rotX":-0.20915848016739,
        "rotY":0,
        "rotZ":0.82713079452515
      },
      "stats":{
        "healthCurrent":0,
        "magickaCurrent":395,
        "healthModified":38,
        "fatigueBase":120,
        "fatigueModified":120,
        "healthBase":38,
        "magickaModified":400,
        "magickaBase":400,
        "fatigueCurrent":120
      },
      "inventory":[{
          "refId":"ingred_shalk_resin_01",
          "count":1,
          "charge":-1,
          "enchantmentCharge":-1,
          "soul":""
        }],
      "killer":{
        "player":"Den"
      }
    },
    "449008-0":{
      "refId":"kollop_03_pearl",
      "inventory":[{
          "refId":"ingred_pearl_01",
          "count":1,
          "charge":-1,
          "enchantmentCharge":-1,
          "soul":""
        }]
    },
    "448979-0":{
      "refId":"kollop_03_pearl",
      "inventory":[]
    },
    "133398-0":{
      "refId":"flora_kreshweed_01",
      "inventory":[{
          "refId":"ingred_kresh_fiber_01",
          "count":1,
          "charge":-1,
          "enchantmentCharge":-1,
          "soul":""
        }]
    },
    "449015-0":{
      "refId":"kollop_02_pearl",
      "inventory":[]
    },
    "133410-0":{
      "refId":"flora_marshmerrow_02",
      "inventory":[{
          "refId":"ingred_marshmerrow_01",
          "count":1,
          "charge":-1,
          "enchantmentCharge":-1,
          "soul":""
        }]
    },
    "133395-0":{
      "refId":"flora_muckspunge_04",
      "inventory":[{
          "refId":"ingred_muck_01",
          "count":1,
          "charge":-1,
          "enchantmentCharge":-1,
          "soul":""
        }]
    },
    "0-2519":{
      "refId":"atronach_flame",
      "location":{
        "posX":149708.0625,
        "posZ":1207.1525878906,
        "posY":6140.8046875,
        "rotX":0.044720336794853,
        "rotY":0,
        "rotZ":-2.4855329990387
      },
      "stats":{
        "healthCurrent":0,
        "magickaCurrent":27,
        "healthModified":75,
        "fatigueBase":600,
        "fatigueModified":600,
        "healthBase":75,
        "magickaModified":105,
        "magickaBase":105,
        "fatigueCurrent":599.72058105469
      },
      "inventory":[],
      "killer":{
        "player":"Fendryn"
      }
    },
    "288393-0":{
      "refId":"flora_willow_flower_01",
      "inventory":[{
          "refId":"ingred_willow_anther_01",
          "count":1,
          "charge":-1,
          "enchantmentCharge":-1,
          "soul":""
        }]
    },
    "133409-0":{
      "refId":"flora_marshmerrow_01",
      "inventory":[{
          "refId":"ingred_marshmerrow_01",
          "count":1,
          "charge":-1,
          "enchantmentCharge":-1,
          "soul":""
        }]
    },
    "133411-0":{
      "refId":"flora_marshmerrow_03",
      "inventory":[]
    },
    "133412-0":{
      "refId":"flora_marshmerrow_03",
      "inventory":[{
          "refId":"ingred_marshmerrow_01",
          "count":1,
          "charge":-1,
          "enchantmentCharge":-1,
          "soul":""
        }]
    },
    "288392-0":{
      "refId":"flora_black_anther_01",
      "inventory":[{
          "refId":"ingred_black_anther_01",
          "count":1,
          "charge":-1,
          "enchantmentCharge":-1,
          "soul":""
        }]
    },
    "288395-0":{
      "refId":"flora_black_anther_01",
      "inventory":[{
          "refId":"ingred_black_anther_01",
          "count":2,
          "charge":-1,
          "enchantmentCharge":-1,
          "soul":""
        }]
    },