{
  "packets":{
    "actorList":["347220-0","0-697","0-693","347196-0","0-2500","347197-0"],
    "ai":[],
    "cellChangeFrom":["347220-0"],
    "cellChangeTo":[],
    "container":["448785-0","448787-0","448794-0","448803-0","448826-0","448839-0","448842-0","448845-0","448874-0","448882-0","448885-0","448888-0","347220-0","347196-0","347197-0"],
    "death":[],
    "delete":[],
    "doorState":[],
    "equipment":[],
    "lock":[],
    "place":[],
    "position":["347220-0","0-697","0-693","347196-0","0-2500","347197-0"],
    "scale":[],
    "spawn":["0-697","0-693","0-2500"],
    "state":[],
    "statsDynamic":["347220-0","0-697","0-693","347196-0","0-2500","347197-0"],
    "trap":[]
  },
  "entry":{
    "creationTime":1554354108,
    "description":"18, 2"
  },
  "lastVisit":{
    "DizzyDasher":1554860854,
    "Den":1555638264,
    "Fendryn":1555639607
  },
  "recordLinks":[],
  "objectData":{
    "448787-0":{
      "refId":"kollop_03_pearl",
      "inventory":[]
    },
    "448803-0":{
      "refId":"kollop_02_pearl",
      "inventory":[]
    },
    "448888-0":{
      "refId":"kollop_02_pearl",
      "inventory":[]
    },
    "448885-0":{
      "refId":"kollop_02_pearl",
      "inventory":[{
          "refId":"ingred_pearl_01",
          "count":1,
          "charge":-1,
          "enchantmentCharge":-1,
          "soul":""
        }]
    },
    "448842-0":{
      "refId":"kollop_02_pearl",
      "inventory":[{
          "refId":"ingred_pearl_01",
          "count":1,
          "charge":-1,
          "enchantmentCharge":-1,
          "soul":""
        }]
    },
    "448882-0":{
      "refId":"kollop_03_pearl",
      "inventory":[]
    },
    "0-693":{
      "refId":"slaughterfish",
      "location":{
        "posX":149764.890625,
        "posZ":-43.654720306396,
        "posY":16580.330078125,
        "rotX":-0.00070260744541883,
        "rotY":0,
        "rotZ":-2.1952559947968
      },
      "stats":{
        "healthCurrent":23,
        "magickaCurrent":10,
        "healthModified":23,
        "fatigueBase":400,
        "fatigueModified":400,
        "healthBase":23,
        "magickaModified":10,
        "magickaBase":10,
        "fatigueCurrent":400
      }
    },
    "347196-0":{
      "refId":"slaughterfish",
      "location":{
        "posX":151700.96875,
        "posZ":-40.436191558838,
        "posY":16575.58203125,
        "rotX":0,
        "rotY":0,
        "rotZ":0
      },
      "stats":{
        "healthCurrent":23,
        "magickaCurrent":10,
        "healthModified":23,
        "fatigueBase":400,
        "fatigueModified":400,
        "healthBase":23,
        "magickaModified":10,
        "magickaBase":10,
        "fatigueCurrent":399.74780273438
      },
      "inventory":[{
          "refId":"ingred_scales_01",
          "count":2,
          "charge":-1,
          "enchantmentCharge":-1,
          "soul":""
        }]
    },
    "0-2500":{
      "refId":"slaughterfish_small",
      "location":{
        "posX":152714.6875,
        "posZ":-351.09454345703,
        "posY":16384.25,
        "rotX":0.042854681611061,
        "rotY":0,
        "rotZ":1.0587847232819
      },
      "stats":{
        "healthCurrent":15,
        "magickaCurrent":10,
        "healthModified":15,
        "fatigueBase":300,
        "fatigueModified":300,
        "healthBase":15,
        "magickaModified":10,
        "magickaBase":10,
        "fatigueCurrent":299.95816040039
      }
    },
    "0-697":{
      "refId":"slaughterfish",
      "location":{
        "posX":149609.09375,
        "posZ":-43.067962646484,
        "posY":16556.26171875,
        "rotX":-0.027257869020104,
        "rotY":0,
        "rotZ":2.8141367435455
      },
      "stats":{
        "healthCurrent":23,
        "magickaCurrent":10,
        "healthModified":23,
        "fatigueBase":400,
        "fatigueModified":400,
        "healthBase":23,
        "magickaModified":10,
        "magickaBase":10,
        "fatigueCurrent":400
      }
    },
    "448839-0":{
      "refId":"kollop_03_pearl",
      "inventory":[]
    },
    "448785-0":{
      "refId":"kollop_03_pearl",
      "inventory":[]
    },
    "448794-0":{
      "refId":"kollop_02_pearl",
      "inventory":[]
    },
    "347197-0":{
      "refId":"slaughterfish",
      "location":{
        "posX":151407.96875,
        "posZ":-243.88354492188,
        "posY":24573.09765625,
        "rotX":-0.0001932755112648,
        "rotY":0,
        "rotZ":-1.5512421131134
      },
      "stats":{
        "healthCurrent":23,
        "magickaCurrent":10,
        "healthModified":23,
        "fatigueBase":400,
        "fatigueModified":400,
        "healthBase":23,
        "magickaModified":10,
        "magickaBase":10,
        "fatigueCurrent":399.94415283203
      },
      "inventory":[{
          "refId":"ingred_scales_01",
          "count":2,
          "charge":-1,
          "enchantmentCharge":-1,
          "soul":""
        }]
    },
    "448826-0":{
      "refId":"kollop_03_pearl",
      "inventory":[{
          "refId":"ingred_pearl_01",
          "count":1,
          "charge":-1,
          "enchantmentCharge":-1,
          "soul":""
        }]
    },
    "347220-0":{
      "refId":"slaughterfish",
      "location":{
        "posX":150448.78125,
        "posZ":-54.497512817383,
        "posY":16573.017578125,
        "rotX":2.9254169930937e-07,
        "rotY":0.45702815055847,
        "rotZ":-0.18945240974426
      },
      "stats":{
        "healthCurrent":23,
        "magickaCurrent":10,
        "healthModified":23,
        "fatigueBase":400,
        "fatigueModified":400,
        "healthBase":23,
        "magickaModified":10,
        "magickaBase":10,
        "fatigueCurrent":400
      },
      "cellChangeFrom":"17, 2",
      "inventory":[{
          "refId":"ingred_scales_01",
          "count":2,
          "charge":-1,
          "enchantmentCharge":-1,
          "soul":""
        }]
    },
    "448845-0":{
      "refId":"kollop_02_pearl",
      "inventory":[{
          "refId":"ingred_pearl_01",
          "count":1,
          "charge":-1,
          "enchantmentCharge":-1,
          "soul":""
        }]
    },
    "448874-0":{
      "refId":"kollop_03_pearl",
      "inventory":[]
    }
  }
}