{
  "packets":{
    "actorList":["0-2221","0-2222","0-2223","0-2224"],
    "ai":[],
    "cellChangeFrom":[],
    "cellChangeTo":[],
    "container":["132830-0","132831-0","132832-0"],
    "death":[],
    "delete":[],
    "doorState":[],
    "equipment":["0-2223"],
    "lock":[],
    "place":[],
    "position":["0-2221","0-2222","0-2223","0-2224"],
    "scale":[],
    "spawn":["0-2221","0-2222","0-2223","0-2224"],
    "state":[],
    "statsDynamic":["0-2221","0-2222","0-2223","0-2224"],
    "trap":[]
  },
  "entry":{
    "creationTime":1554354109,
    "description":"19, 4"
  },
  "lastVisit":{
    "DizzyDasher":1554860866,
    "Den":1555638264,
    "Fendryn":1555639281
  },
  "recordLinks":[],
  "objectData":{
    "132831-0":{
      "refId":"flora_muckspunge_02",
      "inventory":[{
          "refId":"ingred_muck_01",
          "count":1,
          "charge":-1,
          "enchantmentCharge":-1,
          "soul":""
        }]
    },
    "132832-0":{
      "refId":"flora_muckspunge_03",
      "inventory":[{
          "refId":"ingred_muck_01",
          "count":1,
          "charge":-1,
          "enchantmentCharge":-1,
          "soul":""
        }]
    },
    "0-2221":{
      "refId":"atronach_flame",
      "location":{
        "posX":162221.84375,
        "posZ":1016.9999389648,
        "posY":36583.86328125,
        "rotX":0.002099733799696,
        "rotY":0,
        "rotZ":-1.513281583786
      },
      "stats":{
        "healthCurrent":75,
        "magickaCurrent":105,
        "healthModified":75,
        "fatigueBase":600,
        "fatigueModified":600,
        "healthBase":75,
        "magickaModified":105,
        "magickaBase":105,
        "fatigueCurrent":600
      }
    },
    "0-2224":{
      "refId":"winged twilight",
      "location":{
        "posX":161083.3125,
        "posZ":-46.497081756592,
        "posY":37824.5078125,
        "rotX":-0.26820051670074,
        "rotY":0,
        "rotZ":-1.1419808864594
      },
      "stats":{
        "healthCurrent":220,
        "magickaCurrent":210,
        "healthModified":220,
        "fatigueBase":800,
        "fatigueModified":800,
        "healthBase":220,
        "magickaModified":210,
        "magickaBase":210,
        "fatigueCurrent":800
      }
    },
    "0-2222":{
      "refId":"scamp",
      "location":{
        "posX":161621.9375,
        "posZ":1545.5681152344,
        "posY":33807.70703125,
        "rotX":-0.31156826019287,
        "rotY":0,
        "rotZ":2.6228592395782
      },
      "stats":{
        "healthCurrent":45,
        "magickaCurrent":100,
        "healthModified":45,
        "fatigueBase":400,
        "fatigueModified":400,
        "healthBase":45,
        "magickaModified":100,
        "magickaBase":100,
        "fatigueCurrent":400
      }
    },
    "132830-0":{
      "refId":"flora_muckspunge_01",
      "inventory":[{
          "refId":"ingred_muck_01",
          "count":1,
          "charge":-1,
          "enchantmentCharge":-1,
          "soul":""
        }]
    },
    "0-2223":{
      "refId":"dremora",
      "location":{
        "posX":163710.875,
        "posZ":1042.5047607422,
        "posY":34185.24609375,
        "rotX":0,
        "rotY":0,
        "rotZ":0
      },
      "stats":{
        "healthCurrent":160,
        "magickaCurrent":100,
        "healthModified":160,
        "fatigueBase":400,
        "fatigueModified":400,
        "healthBase":160,
        "magickaModified":100,
        "magickaBase":100,
        "fatigueCurrent":400
      },
      "equipment":[]
    }
  }
}