{
  "packets":{
    "actorList":["0-904","0-905","194012-0","0-2065","0-896","0-3854","0-895","194008-0","193703-0","0-903"],
    "ai":[],
    "cellChangeFrom":["194008-0","193703-0"],
    "cellChangeTo":["194011-0"],
    "container":["461090-0","461098-0","461100-0","461127-0","461129-0","477058-0","478191-0","478192-0","478193-0","478194-0","478195-0","478197-0","478199-0","194012-0","0-2065","0-905","0-904","0-896","0-3854","0-895","194008-0","193703-0"],
    "death":["0-2065","0-905","0-904","0-896","0-3854","0-895"],
    "delete":[],
    "doorState":[],
    "equipment":[],
    "lock":[],
    "place":[],
    "position":["194012-0","0-904","0-905","0-2065","0-896","0-3854","0-895","193703-0","0-903"],
    "scale":[],
    "spawn":["0-904","0-905","0-2065","0-896","0-3854","0-895","0-903"],
    "state":[],
    "statsDynamic":["194012-0","0-904","0-905","0-2065","0-896","0-3854","0-895","193703-0","0-903"],
    "trap":[]
  },
  "entry":{
    "creationTime":1554428318,
    "description":"2, -9"
  },
  "lastVisit":{
    "the luch":1555387283,
    "DizzyDasher":1554869359,
    "Den":1556254619,
    "Fendryn":1556254594
  },
  "recordLinks":[],
  "objectData":{
    "461090-0":{
      "refId":"kollop_03_pearl",
      "inventory":[{
          "refId":"ingred_pearl_01",
          "count":1,
          "charge":-1,
          "enchantmentCharge":-1,
          "soul":""
        }]
    },
    "0-903":{
      "refId":"dreugh",
      "location":{
        "posX":17211.63671875,
        "posZ":-78.406669616699,
        "posY":-73714,
        "rotX":-0.00076236203312874,
        "rotY":0,
        "rotZ":0.16948652267456
      },
      "stats":{
        "healthCurrent":60,
        "magickaCurrent":75,
        "healthModified":60,
        "fatigueBase":400,
        "fatigueModified":400,
        "healthBase":60,
        "magickaModified":75,
        "magickaBase":75,
        "fatigueCurrent":399.94668579102
      }
    },
    "478192-0":{
      "refId":"flora_comberry_01",
      "inventory":[{
          "refId":"ingred_comberry_01",
          "count":1,
          "charge":-1,
          "enchantmentCharge":-1,
          "soul":""
        }]
    },
    "193703-0":{
      "refId":"netch_betty_ranched",
      "location":{
        "posX":22325.11328125,
        "posZ":1147.3682861328,
        "posY":-65536.7890625,
        "rotX":0,
        "rotY":0,
        "rotZ":0.936603307724
      },
      "stats":{
        "healthCurrent":113,
        "magickaCurrent":75,
        "healthModified":113,
        "fatigueBase":400,
        "fatigueModified":400,
        "healthBase":113,
        "magickaModified":75,
        "magickaBase":75,
        "fatigueCurrent":400
      },
      "cellChangeFrom":"3, -9",
      "inventory":[]
    },
    "0-3854":{
      "refId":"nix-hound",
      "location":{
        "posX":19939.587890625,
        "posZ":830.16259765625,
        "posY":-71768.484375,
        "rotX":-0.1176423355937,
        "rotY":0,
        "rotZ":2.5956499576569
      },
      "stats":{
        "healthCurrent":0,
        "magickaCurrent":10,
        "healthModified":23,
        "fatigueBase":400,
        "fatigueModified":400,
        "healthBase":23,
        "magickaModified":10,
        "magickaBase":10,
        "fatigueCurrent":395.35150146484
      },
      "inventory":[{
          "refId":"ingred_hound_meat_01",
          "count":1,
          "charge":-1,
          "enchantmentCharge":-1,
          "soul":""
        }],
      "killer":{
        "player":"Fendryn"
      }
    },
    "477058-0":{
      "refId":"flora_corkbulb",
      "inventory":[{
          "refId":"ingred_corkbulb_root_01",
          "count":1,
          "charge":-1,
          "enchantmentCharge":-1,
          "soul":""
        }]
    },
    "0-2065":{
      "refId":"kagouti",
      "location":{
        "posX":18621.92578125,
        "posZ":171.45660400391,
        "posY":-72601.1875,
        "rotX":0.029036624357104,
        "rotY":0,
        "rotZ":-2.6121790409088
      },
      "stats":{
        "healthCurrent":0,
        "magickaCurrent":10,
        "healthModified":45,
        "fatigueBase":400,
        "fatigueModified":400,
        "healthBase":45,
        "magickaModified":10,
        "magickaBase":10,
        "fatigueCurrent":400
      },
      "inventory":[{
          "refId":"ingred_kagouti_hide_01",
          "count":1,
          "charge":-1,
          "enchantmentCharge":-1,
          "soul":""
        }],
      "killer":{
        "player":"Fendryn"
      }
    },
    "461098-0":{
      "refId":"kollop_03_pearl",
      "inventory":[{
          "refId":"ingred_pearl_01",
          "count":1,
          "charge":-1,
          "enchantmentCharge":-1,
          "soul":""
        }]
    },
    "0-896":{
      "refId":"rat",
      "location":{
        "posX":18759.208984375,
        "posZ":208.78244018555,
        "posY":-70635.484375,
        "rotX":-0.41353327035904,
        "rotY":0,
        "rotZ":0.56116700172424
      },
      "stats":{
        "healthCurrent":0,
        "magickaCurrent":10,
        "healthModified":23,
        "fatigueBase":300,
        "fatigueModified":300,
        "healthBase":23,
        "magickaModified":10,
        "magickaBase":10,
        "fatigueCurrent":300
      },
      "inventory":[],
      "killer":{
        "player":"Fendryn"
      }
    },
    "478195-0":{
      "refId":"flora_heather_01",
      "inventory":[{
          "refId":"ingred_heather_01",
          "count":1,
          "charge":-1,
          "enchantmentCharge":-1,
          "soul":""
        }]
    },
    "478193-0":{
      "refId":"flora_gold_kanet_02",
      "inventory":[]
    },
    "0-895":{
      "refId":"kagouti",
      "location":{
        "posX":18919.751953125,
        "posZ":550.28649902344,
        "posY":-67098.90625,
        "rotX":0.4407671391964,
        "rotY":0,
        "rotZ":2.6651651859283
      },
      "stats":{
        "healthCurrent":0,
        "magickaCurrent":10,
        "healthModified":45,
        "fatigueBase":400,
        "fatigueModified":400,
        "healthBase":45,
        "magickaModified":10,
        "magickaBase":10,
        "fatigueCurrent":392.52127075195
      },
      "inventory":[],
      "killer":{
        "player":"Den"
      }
    },
    "194008-0":{
      "location":{
        "posX":24039.974609375,
        "posZ":1344.5458984375,
        "posY":-65539.203125,
        "rotX":0,
        "rotY":0,
        "rotZ":-2.4530680179596
      },
      "cellChangeFrom":"2, -8"
    },
    "194011-0":{
      "cellChangeTo":"3, -8"
    },
    "478199-0":{
      "refId":"flora_heather_01",
      "inventory":[{
          "refId":"ingred_heather_01",
          "count":2,
          "charge":-1,
          "enchantmentCharge":-1,
          "soul":""
        }]
    },
    "0-905":{
      "refId":"guar_feral",
      "location":{
        "posX":18804.79296875,
        "posZ":229.13864135742,
        "posY":-72707.8125,
        "rotX":0.24027042090893,
        "rotY":0,
        "rotZ":-1.6777422428131
      },
      "stats":{
        "healthCurrent":0,
        "magickaCurrent":5,
        "healthModified":38,
        "fatigueBase":400,
        "fatigueModified":400,
        "healthBase":38,
        "magickaModified":5,
        "magickaBase":5,
        "fatigueCurrent":400
      },
      "inventory":[{
          "refId":"ingred_guar_hide_01",
          "count":3,
          "charge":-1,
          "enchantmentCharge":-1,
          "soul":""
        }],
      "killer":{
        "player":"Fendryn"
      }
    },
    "0-904":{
      "refId":"rat",
      "location":{
        "posX":18725.40625,
        "posZ":197.87243652344,
        "posY":-70548.390625,
        "rotX":-0.55335754156113,
        "rotY":0,
        "rotZ":1.5592749118805
      },
      "stats":{
        "healthCurrent":0,
        "magickaCurrent":10,
        "healthModified":23,
        "fatigueBase":300,
        "fatigueModified":300,
        "healthBase":23,
        "magickaModified":10,
        "magickaBase":10,