{
  "packets":{
    "actorList":["0-894","0-897","0-898","0-899","0-900","0-982"],
    "ai":[],
    "cellChangeFrom":[],
    "cellChangeTo":[],
    "container":["478211-0","478212-0","478213-0","478214-0","478215-0","478216-0","478217-0","478218-0","478219-0","478221-0","478225-0","478227-0","478231-0","478232-0","478233-0","478234-0","478235-0","478236-0","478237-0","478242-0","478244-0","478246-0"],
    "death":[],
    "delete":[],
    "doorState":[],
    "equipment":[],
    "lock":[],
    "place":[],
    "position":["0-894","0-897","0-898","0-899","0-900","0-982"],
    "scale":[],
    "spawn":["0-894","0-897","0-898","0-899","0-900","0-982"],
    "state":[],
    "statsDynamic":["0-894","0-897","0-898","0-899","0-900","0-982"],
    "trap":[]
  },
  "entry":{
    "creationTime":1554428318,
    "description":"2, -10"
  },
  "lastVisit":{
    "the luch":1555387257,
    "Fendryn":1556254594,
    "Den":1556254619,
    "DizzyDasher":1555125206
  },
  "recordLinks":[],
  "objectData":{
    "478213-0":{
      "refId":"flora_black_anther_02",
      "inventory":[{
          "refId":"ingred_black_anther_01",
          "count":1,
          "charge":-1,
          "enchantmentCharge":-1,
          "soul":""
        }]
    },
    "478234-0":{
      "refId":"flora_willow_flower_01",
      "inventory":[{
          "refId":"ingred_willow_anther_01",
          "count":1,
          "charge":-1,
          "enchantmentCharge":-1,
          "soul":""
        }]
    },
    "0-900":{
      "refId":"mudcrab",
      "location":{
        "posX":21484.048828125,
        "posZ":-17.35474395752,
        "posY":-76316.1875,
        "rotX":-0.18607607483864,
        "rotY":0,
        "rotZ":2.5383884906769
      },
      "stats":{
        "healthCurrent":15,
        "magickaCurrent":5,
        "healthModified":15,
        "fatigueBase":400,
        "fatigueModified":400,
        "healthBase":15,
        "magickaModified":5,
        "magickaBase":5,
        "fatigueCurrent":400
      }
    },
    "0-897":{
      "refId":"mudcrab-diseased",
      "location":{
        "posX":20387.306640625,
        "posZ":145.49642944336,
        "posY":-78821.96875,
        "rotX":0.051453884691,
        "rotY":0,
        "rotZ":1.6928217411041
      },
      "stats":{
        "healthCurrent":15,
        "magickaCurrent":5,
        "healthModified":15,
        "fatigueBase":30,
        "fatigueModified":30,
        "healthBase":15,
        "magickaModified":5,
        "magickaBase":5,
        "fatigueCurrent":30
      }
    },
    "478242-0":{
      "refId":"flora_heather_01",
      "inventory":[{
          "refId":"ingred_heather_01",
          "count":2,
          "charge":-1,
          "enchantmentCharge":-1,
          "soul":""
        }]
    },
    "478221-0":{
      "refId":"flora_comberry_01",
      "inventory":[{
          "refId":"ingred_comberry_01",
          "count":1,
          "charge":-1,
          "enchantmentCharge":-1,
          "soul":""
        }]
    },
    "478211-0":{
      "refId":"flora_black_anther_02",
      "inventory":[]
    },
    "478232-0":{
      "refId":"flora_black_anther_01",
      "inventory":[{
          "refId":"ingred_black_anther_01",
          "count":2,
          "charge":-1,
          "enchantmentCharge":-1,
          "soul":""
        }]
    },
    "0-899":{
      "refId":"mudcrab",
      "location":{
        "posX":21380.005859375,
        "posZ":118.60556030273,
        "posY":-78984.53125,
        "rotX":0.18718479573727,
        "rotY":0,
        "rotZ":-1.5979378223419
      },
      "stats":{
        "healthCurrent":15,
        "magickaCurrent":5,
        "healthModified":15,
        "fatigueBase":400,
        "fatigueModified":400,
        "healthBase":15,
        "magickaModified":5,
        "magickaBase":5,
        "fatigueCurrent":400
      }
    },
    "478219-0":{
      "refId":"flora_corkbulb",
      "inventory":[{
          "refId":"ingred_corkbulb_root_01",
          "count":1,
          "charge":-1,
          "enchantmentCharge":-1,
          "soul":""
        }]
    },
    "478244-0":{
      "refId":"flora_heather_01",
      "inventory":[{
          "refId":"ingred_heather_01",
          "count":2,
          "charge":-1,
          "enchantmentCharge":-1,
          "soul":""
        }]
    },
    "478215-0":{
      "refId":"flora_willow_flower_01",
      "inventory":[{
          "refId":"ingred_willow_anther_01",
          "count":1,
          "charge":-1,
          "enchantmentCharge":-1,
          "soul":""
        }]
    },
    "478233-0":{
      "refId":"flora_black_anther_01",
      "inventory":[{
          "refId":"ingred_black_anther_01",
          "count":1,
          "charge":-1,
          "enchantmentCharge":-1,
          "soul":""
        }]
    },
    "478225-0":{
      "refId":"flora_heather_01",
      "inventory":[{
          "refId":"ingred_heather_01",
          "count":2,
          "charge":-1,
          "enchantmentCharge":-1,
          "soul":""
        }]
    },
    "478214-0":{
      "refId":"flora_black_anther_01",
      "inventory":[{
          "refId":"ingred_black_anther_01",
          "count":2,
          "charge":-1,
          "enchantmentCharge":-1,
          "soul":""
        }]
    },
    "0-982":{
      "refId":"scrib",
      "location":{
        "posX":17142.904296875,
        "posZ":-9.1104383468628,
        "posY":-76425.390625,
        "rotX":-0.541732609272,
        "rotY":0,
        "rotZ":-0.6806812286377
      },
      "stats":{
        "healthCurrent":8,
        "magickaCurrent":12,
        "healthModified":8,
        "fatigueBase":300,
        "fatigueModified":300,
        "healthBase":8,
        "magickaModified":12,
        "magickaBase":12,
        "fatigueCurrent":300
      }
    },
    "478236-0":{
      "refId":"flora_willow_flower_01",
      "inventory":[{
          "refId":"ingred_willow_anther_01",
          "count":1,
          "charge":-1,
          "enchantmentCharge":-1,
          "soul":""
        }]
    },
    "478212-0":{
      "refId":"flora_black_anther_01",
      "inventory":[{
          "refId":"ingred_black_anther_01",
          "count":1,
          "charge":-1,
          "enchantmentCharge":-1,
          "soul":""
        }]
    },
    "478227-0":{
      "refId":"flora_heather_01",
      "inventory":[{
          "refId":"ingred_heather_01",
          "count":2,
          "charge":-1,
          "enchantmentCharge":-1,
          "soul":""
        }]
    },
    "0-894":{
      "refId":"guar_feral",
      "location":{
        "posX":21683.560546875,
        "posZ":-94.052947998047,
        "posY":-79275.9765625,
        "rotX":-0.65855437517166,
        "rotY":0,
        "rotZ":-1.2082521915436
      },
      "stats":{
        "healthCurrent":38,
        "magickaCurrent":5,
        "healthModified":38,
        "fatigueBase":400,
        "fatigueModified":400,
        "healthBase":38,
        "magickaModified":5,
        "magickaBase":5,
        "fatigueCurrent":393.22799682617
      }
    },
    "478216-0":{
      "refId":"flora_willow_flower_02",
      "inventory":[{
          "refId":"ingred_willow_anther_01",
          "count":1,
          "charge":-1,
          "enchantmentCharge":-1,
          "soul":""
        }]
    },
    "478235-0":{
      "refId":"flora_willow_flower_02",
      "inventory":[{
          "refId":"ingred_willow_anther_01",
          "count":1,
          "charge":-1,
          "enchantmentCharge":-1,
          "soul":""
        }]
    },
    "478237-0":{
      "refId":"flora_willow_flower_02",
      "inventory":[]
    },
    "478218-0":{
      "refId":"flora_willow_flower_02",
      "inventory":[{
          "refId":"ingred_willow_anther_01",
          "count":1,
          "charge":-1,
          "enchantmentCharge":-1,
          "soul":""
        }]
    },
    "0-898":{
      "refId":"mudcrab",
      "location":{
        "posX":20532.732421875,
        "posZ":73.615707397461,
        "posY":-78998.671875,
        "rotX":0.0087309628725052,