{
  "packets":{
    "actorList":["0-3233","0-3245","0-3235","0-3244","0-3236"],
    "ai":[],
    "cellChangeFrom":[],
    "cellChangeTo":[],
    "container":["300143-0","300144-0","300145-0","300146-0","300147-0","300148-0","300151-0","300160-0","300163-0","300170-0","300171-0","300173-0","300188-0","300195-0","300196-0","300197-0","300203-0","300206-0","300207-0","300208-0","300209-0"],
    "death":[],
    "delete":[],
    "doorState":[],
    "equipment":[],
    "lock":[],
    "place":[],
    "position":["0-3233","0-3245","0-3235","0-3244","0-3236"],
    "scale":[],
    "spawn":["0-3233","0-3245","0-3235","0-3244","0-3236"],
    "state":[],
    "statsDynamic":["0-3233","0-3245","0-3235","0-3244","0-3236"],
    "trap":[]
  },
  "entry":{
    "creationTime":1554786179,
    "description":"2, 1"
  },
  "lastVisit":{
    "Den":1555204587,
    "Fendryn":1558207865
  },
  "recordLinks":[],
  "objectData":{
    "300146-0":{
      "refId":"tramaroot_03",
      "inventory":[{
          "refId":"ingred_trama_root_01",
          "count":1,
          "charge":-1,
          "enchantmentCharge":-1,
          "soul":""
        }]
    },
    "300147-0":{
      "refId":"tramaroot_06",
      "inventory":[]
    },
    "0-3233":{
      "refId":"rat_diseased",
      "location":{
        "posX":19450.40234375,
        "posZ":854.36535644531,
        "posY":9299.041015625,
        "rotX":-0.056128039956093,
        "rotY":0,
        "rotZ":-1.093133687973
      },
      "stats":{
        "healthCurrent":23,
        "magickaCurrent":10,
        "fatigueModified":110,
        "fatigueBase":110,
        "healthBase":23,
        "healthModified":23,
        "magickaModified":10,
        "magickaBase":10,
        "fatigueCurrent":110
      }
    },
    "300144-0":{
      "refId":"tramaroot_06",
      "inventory":[]
    },
    "300195-0":{
      "refId":"tramaroot_02",
      "inventory":[{
          "refId":"ingred_trama_root_01",
          "count":1,
          "charge":-1,
          "enchantmentCharge":-1,
          "soul":""
        }]
    },
    "0-3235":{
      "refId":"cliff racer_diseased",
      "location":{
        "posX":18851.173828125,
        "posZ":3200.9936523438,
        "posY":16365.9375,
        "rotX":-2.4326145648956e-06,
        "rotY":0,
        "rotZ":-3.0917603969574
      },
      "stats":{
        "healthCurrent":45,
        "magickaCurrent":20,
        "fatigueModified":170,
        "fatigueBase":170,
        "healthBase":45,
        "healthModified":45,
        "magickaModified":20,
        "magickaBase":20,
        "fatigueCurrent":170
      }
    },
    "300188-0":{
      "refId":"flora_rm_scathecraw_01",
      "inventory":[{
          "refId":"ingred_scathecraw_01",
          "count":1,
          "charge":-1,
          "enchantmentCharge":-1,
          "soul":""
        }]
    },
    "300173-0":{
      "refId":"flora_rm_scathecraw_02",
      "inventory":[{
          "refId":"ingred_scathecraw_01",
          "count":1,
          "charge":-1,
          "enchantmentCharge":-1,
          "soul":""
        }]
    },
    "0-3245":{
      "refId":"cliff racer",
      "location":{
        "posX":24179.076171875,
        "posZ":2218.0034179688,
        "posY":12022.958984375,
        "rotX":-1.5711411833763e-05,
        "rotY":0,
        "rotZ":3.0667841434479
      },
      "stats":{
        "healthCurrent":45,
        "magickaCurrent":20,
        "fatigueModified":400,
        "fatigueBase":400,
        "healthBase":45,
        "healthModified":45,
        "magickaModified":20,
        "magickaBase":20,
        "fatigueCurrent":400
      }
    },
    "0-3236":{
      "refId":"cliff racer",
      "location":{
        "posX":22007.07421875,
        "posZ":1857.9299316406,
        "posY":8192.0478515625,
        "rotX":0,
        "rotY":0,
        "rotZ":2.8363621234894
      },
      "stats":{
        "healthCurrent":45,
        "magickaCurrent":20,
        "healthModified":45,
        "fatigueBase":400,
        "magickaModified":20,
        "fatigueModified":400,
        "healthBase":45,
        "magickaBase":20,
        "fatigueCurrent":400
      }
    },
    "300197-0":{
      "refId":"tramaroot_01",
      "inventory":[{
          "refId":"ingred_trama_root_01",
          "count":2,
          "charge":-1,
          "enchantmentCharge":-1,
          "soul":""
        }]
    },
    "300148-0":{
      "refId":"flora_rm_scathecraw_01",
      "inventory":[{
          "refId":"ingred_scathecraw_01",
          "count":1,
          "charge":-1,
          "enchantmentCharge":-1,
          "soul":""
        }]
    },
    "300208-0":{
      "refId":"tramaroot_05",
      "inventory":[{
          "refId":"ingred_trama_root_01",
          "count":1,
          "charge":-1,
          "enchantmentCharge":-1,
          "soul":""
        }]
    },
    "300209-0":{
      "refId":"tramaroot_01",
      "inventory":[{
          "refId":"ingred_trama_root_01",
          "count":3,
          "charge":-1,
          "enchantmentCharge":-1,
          "soul":""
        }]
    },
    "300206-0":{
      "refId":"tramaroot_02",
      "inventory":[{
          "refId":"ingred_trama_root_01",
          "count":1,
          "charge":-1,
          "enchantmentCharge":-1,
          "soul":""
        }]
    },
    "300163-0":{
      "refId":"flora_rm_scathecraw_02",
      "inventory":[{
          "refId":"ingred_scathecraw_01",
          "count":1,
          "charge":-1,
          "enchantmentCharge":-1,
          "soul":""
        }]
    },
    "300203-0":{
      "refId":"flora_rm_scathecraw_02",
      "inventory":[{
          "refId":"ingred_scathecraw_01",
          "count":1,
          "charge":-1,
          "enchantmentCharge":-1,
          "soul":""
        }]
    },
    "300170-0":{
      "refId":"flora_fire_fern_01",
      "inventory":[]
    },
    "300160-0":{
      "refId":"flora_rm_scathecraw_02",
      "inventory":[{
          "refId":"ingred_scathecraw_01",
          "count":1,
          "charge":-1,
          "enchantmentCharge":-1,
          "soul":""
        }]
    },
    "300151-0":{
      "refId":"flora_rm_scathecraw_02",
      "inventory":[{
          "refId":"ingred_scathecraw_01",
          "count":1,
          "charge":-1,
          "enchantmentCharge":-1,
          "soul":""
        }]
    },
    "300171-0":{
      "refId":"flora_rm_scathecraw_01",
      "inventory":[]
    },
    "0-3244":{
      "refId":"cliff racer",
      "location":{
        "posX":24190.09375,
        "posZ":2203.48046875,
        "posY":13650.208984375,
        "rotX":0,
        "rotY":0,
        "rotZ":-2.3227350711823
      },
      "stats":{
        "healthCurrent":45,
        "magickaCurrent":20,
        "fatigueModified":400,
        "fatigueBase":400,
        "healthBase":45,
        "healthModified":45,
        "magickaModified":20,
        "magickaBase":20,
        "fatigueCurrent":400
      }
    },
    "300196-0":{
      "refId":"tramaroot_05",
      "inventory":[]
    },
    "300143-0":{
      "refId":"tramaroot_02",
      "inventory":[{
          "refId":"ingred_trama_root_01",
          "count":1,
          "charge":-1,
          "enchantmentCharge":-1,
          "soul":""
        }]
    },
    "300145-0":{
      "refId":"tramaroot_01",
      "inventory":[{
          "refId":"ingred_trama_root_01",
          "count":3,
          "charge":-1,
          "enchantmentCharge":-1,
          "soul":""
        }]
    },
    "300207-0":{
      "refId":"tramaroot_05",
      "inventory":[{
          "refId":"ingred_trama_root_01",
          "count":1,
          "charge":-1,
          "enchantmentCharge":-1,
          "soul":""
        }]
    }
  }
}