{
  "packets":{
    "actorList":["0-3396","0-3397","0-3398","0-3399","0-3400","0-3401","0-3402","0-3674","0-3676"],
    "ai":[],
    "cellChangeFrom":[],
    "cellChangeTo":[],
    "container":["226665-0","226666-0","226667-0","226668-0","226669-0","226670-0","226671-0","226672-0","226673-0","226674-0","226675-0","226676-0","226677-0","226678-0","226679-0","226680-0","226681-0","226682-0","238841-0","238842-0","238843-0","238844-0","238848-0","238849-0","238850-0","238851-0","238863-0","265502-0","265504-0","265509-0","0-3398","0-3400","0-3674","0-3676","0-3402","0-3401","0-3396","0-3399"],
    "death":["0-3398","0-3400","0-3674","0-3676","0-3402","0-3401","0-3396","0-3399"],
    "delete":[],
    "doorState":[],
    "equipment":[],
    "lock":[],
    "place":[],
    "position":["0-3396","0-3397","0-3398","0-3399","0-3400","0-3401","0-3402","0-3674","0-3676"],
    "scale":[],
    "spawn":["0-3396","0-3397","0-3398","0-3399","0-3400","0-3401","0-3402","0-3674","0-3676"],
    "state":[],
    "statsDynamic":["0-3396","0-3397","0-3398","0-3399","0-3400","0-3401","0-3402","0-3674","0-3676"],
    "trap":[]
  },
  "entry":{
    "creationTime":1554789519,
    "description":"2, 11"
  },
  "lastVisit":{
    "DizzyDasher":1554872191,
    "Den":1558210251,
    "Fendryn":1558210996
  },
  "recordLinks":[],
  "objectData":{
    "0-3399":{
      "refId":"corprus_stalker",
      "location":{
        "posX":17010.22265625,
        "posZ":11833.322265625,
        "posY":91839.6953125,
        "rotX":0.5807209610939,
        "rotY":0,
        "rotZ":0.31262850761414
      },
      "stats":{
        "healthCurrent":0,
        "magickaCurrent":50,
        "healthModified":60,
        "fatigueBase":300,
        "fatigueModified":300,
        "healthBase":60,
        "magickaModified":50,
        "magickaBase":50,
        "fatigueCurrent":291.28860473633
      },
      "inventory":[{
          "refId":"ingred_corprus_weepings_01",
          "count":1,
          "charge":-1,
          "enchantmentCharge":-1,
          "soul":""
        }],
      "killer":{
        "player":"Fendryn"
      }
    },
    "226665-0":{
      "refId":"flora_bittergreen_10",
      "inventory":[]
    },
    "226678-0":{
      "refId":"flora_rm_scathecraw_01",
      "inventory":[{
          "refId":"ingred_scathecraw_01",
          "count":1,
          "charge":-1,
          "enchantmentCharge":-1,
          "soul":""
        }]
    },
    "238842-0":{
      "refId":"flora_bittergreen_07",
      "inventory":[]
    },
    "0-3676":{
      "refId":"rat_blighted",
      "location":{
        "posX":20981.55078125,
        "posZ":9301.4462890625,
        "posY":94434.8046875,
        "rotX":-0.27090311050415,
        "rotY":0,
        "rotZ":-0.17252206802368
      },
      "stats":{
        "healthCurrent":0,
        "magickaCurrent":10,
        "healthModified":45,
        "fatigueBase":125,
        "fatigueModified":125,
        "healthBase":45,
        "magickaModified":10,
        "magickaBase":10,
        "fatigueCurrent":2.8559720516205
      },
      "inventory":[],
      "killer":{
        "player":"Den"
      }
    },
    "0-3400":{
      "refId":"atronach_flame",
      "location":{
        "posX":21276.142578125,
        "posZ":9374.8115234375,
        "posY":93718.9453125,
        "rotX":0.27368676662445,
        "rotY":0,
        "rotZ":2.8358805179596
      },
      "stats":{
        "healthCurrent":0,
        "magickaCurrent":53,
        "healthModified":75,
        "fatigueBase":600,
        "fatigueModified":600,
        "healthBase":75,
        "magickaModified":105,
        "magickaBase":105,
        "fatigueCurrent":600
      },
      "inventory":[],
      "killer":{
        "player":"Fendryn"
      }
    },
    "0-3402":{
      "refId":"clannfear",
      "location":{
        "posX":21039.7734375,
        "posZ":9374.91796875,
        "posY":94714.75,
        "rotX":0.38558652997017,
        "rotY":0,
        "rotZ":-2.0821349620819
      },
      "stats":{
        "healthCurrent":0,
        "magickaCurrent":100,
        "healthModified":113,
        "fatigueBase":500,
        "fatigueModified":500,
        "healthBase":113,
        "magickaModified":100,
        "magickaBase":100,
        "fatigueCurrent":500
      },
      "inventory":[{
          "refId":"ingred_daedras_heart_01",
          "count":1,
          "charge":-1,
          "enchantmentCharge":-1,
          "soul":""
        }],
      "killer":{
        "player":"Den"
      }
    },
    "226669-0":{
      "refId":"flora_bittergreen_07",
      "inventory":[]
    },
    "226674-0":{
      "refId":"flora_bittergreen_04",
      "inventory":[{
          "refId":"ingred_bittergreen_petals_01",
          "count":2,
          "charge":-1,
          "enchantmentCharge":-1,
          "soul":""
        }]
    },
    "0-3674":{
      "refId":"ash_zombie",
      "location":{
        "posX":21046.341796875,
        "posZ":9288.115234375,
        "posY":93721.8046875,
        "rotX":0.44725570082664,
        "rotY":0,
        "rotZ":-2.7727200984955
      },
      "stats":{
        "healthCurrent":0,
        "magickaCurrent":100,
        "healthModified":90,
        "fatigueBase":400,
        "fatigueModified":400,
        "healthBase":90,
        "magickaModified":100,
        "magickaBase":100,
        "fatigueCurrent":347.07342529297
      },
      "inventory":[{
          "refId":"ingred_ash_salts_01",
          "count":1,
          "charge":-1,
          "enchantmentCharge":-1,
          "soul":""
        },{
          "refId":"spiked club",
          "count":1,
          "charge":-1,
          "enchantmentCharge":-1,
          "soul":""
        }],
      "killer":{
        "player":"Fendryn"
      }
    },
    "238851-0":{
      "refId":"flora_bittergreen_06",
      "inventory":[]
    },
    "0-3397":{
      "refId":"ogrim titan",
      "location":{
        "posX":20527.580078125,
        "posZ":8778.4228515625,
        "posY":96631.359375,
        "rotX":-0.80680191516876,
        "rotY":0,
        "rotZ":2.5339272022247
      },
      "stats":{
        "healthCurrent":220,
        "magickaCurrent":180,
        "healthModified":220,
        "fatigueBase":1000,
        "fatigueModified":1000,
        "healthBase":220,
        "magickaModified":180,
        "magickaBase":180,
        "fatigueCurrent":994.21356201172
      }
    },
    "238841-0":{
      "refId":"flora_bittergreen_pod_01",
      "inventory":[]
    },
    "238849-0":{
      "refId":"flora_rm_scathecraw_02",
      "inventory":[{
          "refId":"ingred_scathecraw_01",
          "count":1,
          "charge":-1,
          "enchantmentCharge":-1,
          "soul":""
        }]
    },
    "226666-0":{
      "refId":"flora_bittergreen_09",
      "inventory":[]
    },
    "226677-0":{
      "refId":"flora_rm_scathecraw_02",
      "inventory":[{
          "refId":"ingred_scathecraw_01",
          "count":1,
          "charge":-1,
          "enchantmentCharge":-1,
          "soul":""
        }]
    },
    "238863-0":{
      "refId":"flora_rm_scathecraw_02",
      "inventory":[]
    },
    "226682-0":{
      "refId":"flora_black_lichen_01",
      "inventory":[{
          "refId":"ingred_black_lichen_01",
          "count":1,
          "charge":-1,
          "enchantmentCharge":-1,
          "soul":""
        }]
    },
    "226676-0":{
      "refId":"flora_rm_scathecraw_01",
      "inventory":[{
          "refId":"ingred_scathecraw_01",
          "count":1,
          "charge":-1,
          "enchantmentCharge":-1,
          "soul":""
        }]
    },
    "0-3398":{
      "refId":"ash_slave",
      "location":{
        "posX":24189.21875,
        "posZ":10206.4296875,
        "posY":91896.21875,
        "rotX":0.47342717647552,
        "rotY":0,
        "rotZ":1.4894669055939
      },
      "stats":{
        "healthCurrent":0,
        "magickaCurrent":113.04347229004,
        "healthModified":60,
        "fatigueBase":380,
        "fatigueModified":380,