{
  "packets":{
    "actorList":["0-3724","0-3725","0-3726","0-3911","0-4132","0-3707"],
    "ai":[],
    "cellChangeFrom":[],
    "cellChangeTo":[],
    "container":["0-3724","0-3725","0-3726","0-3911","0-4132","0-3707"],
    "death":["0-3725","0-3724","0-3911","0-3726","0-4132","0-3707"],
    "delete":[],
    "doorState":[],
    "equipment":[],
    "lock":[],
    "place":["0-4610","0-4611","0-4612","0-4613","0-4615","0-4616","0-4617","0-4618","0-4619"],
    "position":["0-3724","0-3725","0-3726","0-3911","0-4132","0-3707"],
    "scale":[],
    "spawn":["0-3724","0-3725","0-3726","0-3911","0-4132","0-3707"],
    "state":[],
    "statsDynamic":["0-3724","0-3725","0-3726","0-3911","0-4132","0-3707"],
    "trap":[]
  },
  "entry":{
    "creationTime":1554872231,
    "description":"2, 5"
  },
  "lastVisit":{
    "Fendryn":1558211206,
    "Den":1558208713,
    "DizzyDasher":1558210513
  },
  "recordLinks":{
    "potion":{
      "$custom_potion_108":["0-4611"]
    }
  },
  "objectData":{
    "0-4619":{
      "refId":"ingred_fire_salts_01",
      "location":{
        "posX":20716.12109375,
        "posZ":2366.7900390625,
        "posY":43007.2421875,
        "rotX":0,
        "rotY":0,
        "rotZ":2.7870013713837
      }
    },
    "0-3724":{
      "refId":"ash_zombie",
      "location":{
        "posX":20664.97265625,
        "posZ":2381.30078125,
        "posY":42933.7890625,
        "rotX":0.037380263209343,
        "rotY":0,
        "rotZ":0.27947807312012
      },
      "stats":{
        "healthCurrent":0,
        "magickaCurrent":100,
        "healthModified":90,
        "fatigueBase":400,
        "fatigueModified":400,
        "healthBase":90,
        "magickaModified":100,
        "magickaBase":100,
        "fatigueCurrent":390.10830688477
      },
      "inventory":[{
          "refId":"ingred_ash_salts_01",
          "count":1,
          "charge":-1,
          "enchantmentCharge":-1,
          "soul":""
        },{
          "refId":"spiked club",
          "count":1,
          "charge":-1,
          "enchantmentCharge":-1,
          "soul":""
        }],
      "killer":{
        "player":"Den"
      }
    },
    "0-3911":{
      "refId":"cliff racer_blighted",
      "location":{
        "posX":24180.7265625,
        "posZ":4366.9990234375,
        "posY":42017.03125,
        "rotX":1.153303027153,
        "rotY":0,
        "rotZ":2.1517684459686
      },
      "stats":{
        "healthCurrent":0,
        "magickaCurrent":20,
        "healthModified":90,
        "fatigueBase":400,
        "fatigueModified":400,
        "healthBase":90,
        "magickaModified":20,
        "magickaBase":20,
        "fatigueCurrent":399.57440185547
      },
      "inventory":[],
      "killer":{
        "player":"Fendryn"
      }
    },
    "0-3726":{
      "refId":"corprus_stalker",
      "location":{
        "posX":23455.3046875,
        "posZ":6217.2177734375,
        "posY":47692.7578125,
        "rotX":0.82647562026978,
        "rotY":0,
        "rotZ":-1.241236448288
      },
      "stats":{
        "healthCurrent":0,
        "magickaCurrent":50,
        "healthModified":60,
        "fatigueBase":300,
        "fatigueModified":300,
        "healthBase":60,
        "magickaModified":50,
        "magickaBase":50,
        "fatigueCurrent":300
      },
      "inventory":[],
      "killer":{
        "player":"Fendryn"
      }
    },
    "0-4617":{
      "refId":"repair_journeyman_01",
      "count":2,
      "location":{
        "posX":20715.53515625,
        "posZ":2363.5910644531,
        "posY":43007.49609375,
        "rotX":0,
        "rotY":0,
        "rotZ":2.7870013713837
      }
    },
    "0-4615":{
      "refId":"bk_shalitjournal_deal",
      "location":{
        "posX":20716.12109375,
        "posZ":2362.8081054688,
        "posY":43007.2421875,
        "rotX":0,
        "rotY":0,
        "rotZ":2.7870013713837
      }
    },
    "0-4612":{
      "refId":"p_dispel_s",
      "count":2,
      "location":{
        "posX":20672.6640625,
        "posZ":2464.6684570313,
        "posY":43108.4375,
        "rotX":0,
        "rotY":0,
        "rotZ":0.14365863800049
      }
    },
    "0-3725":{
      "refId":"ash_zombie",
      "location":{
        "posX":20655.80078125,
        "posZ":2626.2595214844,
        "posY":43342.6953125,
        "rotX":0.87121248245239,
        "rotY":0,
        "rotZ":3.0000584125519
      },
      "stats":{
        "healthCurrent":0,
        "magickaCurrent":100,
        "healthModified":90,
        "fatigueBase":400,
        "fatigueModified":400,
        "healthBase":90,
        "magickaModified":100,
        "magickaBase":100,
        "fatigueCurrent":400
      },
      "inventory":[{
          "refId":"ingred_ash_salts_01",
          "count":1,
          "charge":-1,
          "enchantmentCharge":-1,
          "soul":""
        },{
          "refId":"spiked club",
          "count":1,
          "charge":-1,
          "enchantmentCharge":-1,
          "soul":""
        }],
      "killer":{
        "player":"Den"
      }
    },
    "0-4132":{
      "refId":"cliff racer_blighted",
      "location":{
        "posX":20700.896484375,
        "posZ":2539.5068359375,
        "posY":43016.23046875,
        "rotX":1.4999377727509,
        "rotY":0,
        "rotZ":2.1041672229767
      },
      "stats":{
        "healthCurrent":0,
        "magickaCurrent":20,
        "healthModified":90,
        "fatigueBase":400,
        "fatigueModified":400,
        "healthBase":90,
        "magickaModified":20,
        "magickaBase":20,
        "fatigueCurrent":400
      },
      "inventory":[{
          "refId":"ingred_racer_plumes_01",
          "count":1,
          "charge":-1,
          "enchantmentCharge":-1,
          "soul":""
        }],
      "killer":{
        "player":"Fendryn"
      }
    },
    "0-4610":{
      "refId":"bk_lustyargonianmaid",
      "location":{
        "posX":20672.6640625,
        "posZ":2445.4909667969,
        "posY":43108.4375,
        "rotX":0,
        "rotY":0,
        "rotZ":0.38350248336792
      }
    },
    "0-4618":{
      "refId":"p_light_s",
      "location":{
        "posX":20716.12109375,
        "posZ":2381.16796875,
        "posY":43007.2421875,
        "rotX":0,
        "rotY":0,
        "rotZ":2.7870013713837
      }
    },
    "0-4611":{
      "refId":"$custom_potion_108",
      "location":{
        "posX":20672.6640625,
        "posZ":2464.6684570313,
        "posY":43108.4375,
        "rotX":0,
        "rotY":0,
        "rotZ":0.14365863800049
      }
    },
    "0-4613":{
      "refId":"p_water_breathing_s",
      "count":3,
      "location":{
        "posX":20672.6640625,
        "posZ":2464.6684570313,
        "posY":43108.4375,
        "rotX":0,
        "rotY":0,
        "rotZ":0.14365863800049
      }
    },
    "0-3707":{
      "refId":"ogrim titan",
      "location":{
        "posX":20853.625,
        "posZ":4955.2915039063,
        "posY":47865.27734375,
        "rotX":0.75885832309723,
        "rotY":0,
        "rotZ":-2.4858419895172
      },
      "stats":{
        "healthCurrent":0,
        "magickaCurrent":180,
        "healthModified":220,
        "fatigueBase":1000,
        "fatigueModified":1000,
        "healthBase":220,
        "magickaModified":180,
        "magickaBase":180,
        "fatigueCurrent":1000
      },
      "inventory":[],
      "killer":{
        "player":"Fendryn"
      }
    },
    "0-4616":{
      "refId":"bk_saintnerevar",
      "location":{
        "posX":20716.12109375,
        "posZ":2363.1411132813,
        "posY":43007.2421875,
        "rotX":0,
        "rotY":0,
        "rotZ":2.7870013713837
      }
    }
  }
}