{
  "packets":{
    "actorList":["0-3693","0-3694","0-3696","0-4628","0-4650"],
    "ai":[],
    "cellChangeFrom":[],
    "cellChangeTo":[],
    "container":["0-3693","0-3694","0-3696","0-4628","0-4650"],
    "death":["0-3693","0-3696","0-3694","0-4628","0-4650"],
    "delete":[],
    "doorState":[],
    "equipment":[],
    "lock":[],
    "place":[],
    "position":["0-3693","0-3694","0-3696","0-4628","0-4650"],
    "scale":[],
    "spawn":["0-3693","0-3694","0-3696","0-4628","0-4650"],
    "state":[],
    "statsDynamic":["0-3693","0-3694","0-3696","0-4628","0-4650"],
    "trap":[]
  },
  "entry":{
    "creationTime":1554872207,
    "description":"2, 7"
  },
  "lastVisit":{
    "DizzyDasher":1558211287,
    "Den":1568688576,
    "Fendryn":1568688547
  },
  "recordLinks":[],
  "objectData":{
    "0-3693":{
      "refId":"hunger",
      "location":{
        "posX":20644.37890625,
        "posZ":14543.368164063,
        "posY":64104.34375,
        "rotX":0.0064808502793312,
        "rotY":0,
        "rotZ":0.72671508789063
      },
      "stats":{
        "healthCurrent":0,
        "magickaCurrent":222,
        "healthModified":170,
        "fatigueBase":400,
        "fatigueModified":400,
        "healthBase":170,
        "magickaModified":250,
        "magickaBase":250,
        "fatigueCurrent":400
      },
      "inventory":[{
          "refId":"ingred_daedras_heart_01",
          "count":1,
          "charge":-1,
          "enchantmentCharge":-1,
          "soul":""
        }],
      "killer":{
        "player":"Den"
      }
    },
    "0-3696":{
      "refId":"cliff racer_blighted",
      "location":{
        "posX":20794.109375,
        "posZ":14485.161132813,
        "posY":63998.7265625,
        "rotX":0.69238018989563,
        "rotY":0,
        "rotZ":-0.30610466003418
      },
      "stats":{
        "healthCurrent":0,
        "magickaCurrent":20,
        "healthModified":90,
        "fatigueBase":400,
        "fatigueModified":400,
        "healthBase":90,
        "magickaModified":20,
        "magickaBase":20,
        "fatigueCurrent":399.58120727539
      },
      "inventory":[{
          "refId":"ingred_racer_plumes_01",
          "count":1,
          "charge":-1,
          "enchantmentCharge":-1,
          "soul":""
        }],
      "killer":{
        "player":"Den"
      }
    },
    "0-3694":{
      "refId":"hunger",
      "location":{
        "posX":20914.40625,
        "posZ":11375.676757813,
        "posY":60892.15234375,
        "rotX":1.0831389427185,
        "rotY":0,
        "rotZ":2.605593919754
      },
      "stats":{
        "healthCurrent":0,
        "magickaCurrent":208,
        "healthModified":170,
        "fatigueBase":400,
        "fatigueModified":400,
        "healthBase":170,
        "magickaModified":250,
        "magickaBase":250,
        "fatigueCurrent":400
      },
      "inventory":[],
      "killer":{
        "player":"Fendryn"
      }
    },
    "0-4650":{
      "refId":"daedroth",
      "location":{
        "posX":20741.203125,
        "posZ":11768.841796875,
        "posY":61229.984375,
        "rotX":0.79351687431335,
        "rotY":0,
        "rotZ":-0.60762143135071
      },
      "stats":{
        "healthCurrent":0,
        "magickaCurrent":15,
        "healthModified":180,
        "fatigueBase":600,
        "fatigueModified":600,
        "healthBase":180,
        "magickaModified":195,
        "magickaBase":195,
        "fatigueCurrent":600
      },
      "inventory":[{
          "refId":"ingred_daedras_heart_01",
          "count":1,
          "charge":-1,
          "enchantmentCharge":-1,
          "soul":""
        }],
      "killer":{
        "player":"Fendryn"
      }
    },
    "0-4628":{
      "refId":"ash_ghoul",
      "location":{
        "posX":23003.205078125,
        "posZ":17205.453125,
        "posY":65173.9765625,
        "rotX":0.060062639415264,
        "rotY":0,
        "rotZ":-2.883241891861
      },
      "stats":{
        "healthCurrent":0,
        "magickaCurrent":6.4516124725342,
        "healthModified":220,
        "fatigueBase":400,
        "fatigueModified":400,
        "healthBase":220,
        "magickaModified":200,
        "magickaBase":200,
        "fatigueCurrent":398.67388916016
      },
      "inventory":[{
          "refId":"ingred_ash_salts_01",
          "count":3,
          "charge":-1,
          "enchantmentCharge":-1,
          "soul":""
        }],
      "killer":{
        "player":"Fendryn"
      }
    }
  }
}