{
  "packets":{
    "actorList":["0-3667","0-3669","0-3668","0-3673"],
    "ai":[],
    "cellChangeFrom":[],
    "cellChangeTo":[],
    "container":["238998-0","239000-0","239019-0","0-3668","0-3673","0-3669"],
    "death":["0-3668","0-3673","0-3669"],
    "delete":[],
    "doorState":[],
    "equipment":[],
    "lock":[],
    "place":[],
    "position":["0-3667","0-3669","0-3668","0-3673"],
    "scale":[],
    "spawn":["0-3667","0-3669","0-3668","0-3673"],
    "state":[],
    "statsDynamic":["0-3667","0-3669","0-3668","0-3673"],
    "trap":[]
  },
  "entry":{
    "creationTime":1554872177,
    "description":"2, 9"
  },
  "lastVisit":{
    "Fendryn":1568688547,
    "Den":1568688576,
    "DizzyDasher":1558211287
  },
  "recordLinks":[],
  "objectData":{
    "0-3667":{
      "refId":"corprus_stalker",
      "location":{
        "posX":22908.09765625,
        "posZ":14772.834960938,
        "posY":79646.6875,
        "rotX":-0.43574824929237,
        "rotY":0,
        "rotZ":2.2514936923981
      },
      "stats":{
        "healthCurrent":60,
        "magickaCurrent":50,
        "healthModified":60,
        "fatigueBase":300,
        "fatigueModified":300,
        "healthBase":60,
        "magickaModified":50,
        "magickaBase":50,
        "fatigueCurrent":300
      }
    },
    "239000-0":{
      "refId":"flora_rm_scathecraw_02",
      "inventory":[{
          "refId":"ingred_scathecraw_01",
          "count":1,
          "charge":-1,
          "enchantmentCharge":-1,
          "soul":""
        }]
    },
    "0-3673":{
      "refId":"daedroth",
      "location":{
        "posX":24455.32421875,
        "posZ":16783.859375,
        "posY":76905.703125,
        "rotX":0.19427338242531,
        "rotY":0,
        "rotZ":-0.86051535606384
      },
      "stats":{
        "healthCurrent":0,
        "magickaCurrent":0,
        "healthModified":180,
        "fatigueBase":600,
        "fatigueModified":600,
        "healthBase":180,
        "magickaModified":195,
        "magickaBase":195,
        "fatigueCurrent":599.55975341797
      },
      "inventory":[{
          "refId":"ingred_daedras_heart_01",
          "count":1,
          "charge":-1,
          "enchantmentCharge":-1,
          "soul":""
        }],
      "killer":{
        "player":"Fendryn"
      }
    },
    "0-3669":{
      "refId":"daedroth",
      "location":{
        "posX":21784.2890625,
        "posZ":16081.00390625,
        "posY":75962.71875,
        "rotX":0.82070928812027,
        "rotY":0,
        "rotZ":2.3979198932648
      },
      "stats":{
        "healthCurrent":0,
        "magickaCurrent":0,
        "healthModified":180,
        "fatigueBase":600,
        "fatigueModified":600,
        "healthBase":180,
        "magickaModified":195,
        "magickaBase":195,
        "fatigueCurrent":600
      },
      "inventory":[],
      "killer":{
        "player":"Fendryn"
      }
    },
    "0-3668":{
      "refId":"ash_slave",
      "location":{
        "posX":16416.34765625,
        "posZ":15072.481445313,
        "posY":78819.5625,
        "rotX":0.57471394538879,
        "rotY":0,
        "rotZ":-1.5505082607269
      },
      "stats":{
        "healthCurrent":0,
        "magickaCurrent":118.91892242432,
        "healthModified":60,
        "fatigueBase":380,
        "fatigueModified":380,
        "healthBase":60,
        "magickaModified":200,
        "magickaBase":200,
        "fatigueCurrent":379.87142944336
      },
      "inventory":[],
      "killer":{
        "player":"Den"
      }
    },
    "238998-0":{
      "refId":"flora_rm_scathecraw_01",
      "inventory":[{
          "refId":"ingred_scathecraw_01",
          "count":1,
          "charge":-1,
          "enchantmentCharge":-1,
          "soul":""
        }]
    },
    "239019-0":{
      "refId":"flora_rm_scathecraw_02",
      "inventory":[{
          "refId":"ingred_scathecraw_01",
          "count":1,
          "charge":-1,
          "enchantmentCharge":-1,
          "soul":""
        }]
    }
  }
}