{
  "packets":{
    "actorList":["0-3473","0-990","0-992","0-3474"],
    "ai":[],
    "cellChangeFrom":[],
    "cellChangeTo":[],
    "container":["460947-0","460955-0","0-990","0-992"],
    "death":[],
    "delete":[],
    "doorState":[],
    "equipment":[],
    "lock":[],
    "place":[],
    "position":["0-3473","0-990","0-992","0-3474"],
    "scale":[],
    "spawn":["0-3473","0-990","0-992","0-3474"],
    "state":[],
    "statsDynamic":["0-3473","0-990","0-992","0-3474"],
    "trap":[]
  },
  "entry":{
    "creationTime":1554787455,
    "description":"3, -15"
  },
  "lastVisit":{
    "Den":1556254502,
    "Fendryn":1556254542
  },
  "recordLinks":[],
  "objectData":{
    "0-3474":{
      "refId":"kagouti_diseased",
      "location":{
        "posX":25687.05078125,
        "posZ":402.90954589844,
        "posY":-114688.09375,
        "rotX":-1.0886609554291,
        "rotY":0,
        "rotZ":1.086442232132
      },
      "stats":{
        "healthCurrent":45,
        "magickaCurrent":10,
        "healthModified":45,
        "fatigueBase":272,
        "fatigueModified":272,
        "healthBase":45,
        "magickaModified":10,
        "magickaBase":10,
        "fatigueCurrent":272
      }
    },
    "0-990":{
      "refId":"slaughterfish",
      "location":{
        "posX":31143.62109375,
        "posZ":-140.73071289063,
        "posY":-114815.1328125,
        "rotX":-0.0094252387061715,
        "rotY":0,
        "rotZ":1.9795153141022
      },
      "stats":{
        "healthCurrent":23,
        "magickaCurrent":10,
        "healthModified":23,
        "fatigueBase":400,
        "fatigueModified":400,
        "healthBase":23,
        "magickaModified":10,
        "magickaBase":10,
        "fatigueCurrent":399.97155761719
      },
      "inventory":[]
    },
    "0-3473":{
      "refId":"netch_bull",
      "location":{
        "posX":28629.736328125,
        "posZ":516.06353759766,
        "posY":-114777.0703125,
        "rotX":0.020938185974956,
        "rotY":0,
        "rotZ":2.8559362888336
      },
      "stats":{
        "healthCurrent":45,
        "magickaCurrent":100,
        "healthModified":45,
        "fatigueBase":400,
        "fatigueModified":400,
        "healthBase":45,
        "magickaModified":100,
        "magickaBase":100,
        "fatigueCurrent":400
      }
    },
    "0-992":{
      "refId":"nix-hound",
      "location":{
        "posX":25433.78515625,
        "posZ":348.23736572266,
        "posY":-114688.015625,
        "rotX":0.0057134740054607,
        "rotY":0,
        "rotZ":-2.0222885608673
      },
      "stats":{
        "healthCurrent":23,
        "magickaCurrent":10,
        "healthModified":23,
        "fatigueBase":400,
        "fatigueModified":400,
        "healthBase":23,
        "magickaModified":10,
        "magickaBase":10,
        "fatigueCurrent":400
      },
      "inventory":[{
          "refId":"ingred_hound_meat_01",
          "count":1,
          "charge":-1,
          "enchantmentCharge":-1,
          "soul":""
        }]
    },
    "460947-0":{
      "refId":"kollop_03_pearl",
      "inventory":[{
          "refId":"ingred_pearl_01",
          "count":1,
          "charge":-1,
          "enchantmentCharge":-1,
          "soul":""
        }]
    },
    "460955-0":{
      "refId":"kollop_03_pearl",
      "inventory":[]
    }
  }
}