{
  "packets":{
    "actorList":["259458-0","295994-0","19-0","302-0"],
    "ai":[],
    "cellChangeFrom":[],
    "cellChangeTo":[],
    "container":["259458-0","295994-0","19-0","302-0"],
    "death":[],
    "delete":["287792-0","413098-0","413093-0","413116-0","413126-0","413125-0","413100-0","413097-0","413117-0","413095-0","413118-0","413119-0","413121-0","413092-0","413110-0","413096-0","413124-0","413113-0","413112-0","413109-0","413106-0","413105-0","413111-0","413108-0","413104-0"],
    "doorState":[],
    "equipment":["19-0","259458-0","295994-0","302-0","287792-0"],
    "lock":[],
    "place":["0-3516"],
    "position":["19-0","259458-0","295994-0","302-0","287792-0"],
    "scale":[],
    "spawn":[],
    "state":["19-0","302-0"],
    "statsDynamic":["19-0","259458-0","295994-0","302-0","287792-0"],
    "trap":[]
  },
  "entry":{
    "creationTime":1554440614,
    "description":"3, -13"
  },
  "lastVisit":{
    "the luch":1555387166,
    "Fendryn":1556254559,
    "Den":1556254560,
    "DizzyDasher":1555125275
  },
  "recordLinks":[],
  "objectData":{
    "302-0":{
      "refId":"_mqe_vivec8",
      "location":{
        "posX":32731.376953125,
        "posZ":504.59451293945,
        "posY":-104671.6953125,
        "rotX":-0.88690060377121,
        "rotY":0,
        "rotZ":2.9330518245697
      },
      "stats":{
        "healthCurrent":63,
        "magickaCurrent":88,
        "healthModified":63,
        "fatigueBase":166,
        "fatigueModified":166,
        "healthBase":63,
        "magickaModified":88,
        "magickaBase":88,
        "fatigueCurrent":166
      },
      "equipment":{
        "7":{
          "refId":"common_shoes_04",
          "count":1,
          "charge":-1,
          "enchantmentCharge":-1
        },
        "8":{
          "refId":"common_shirt_01",
          "count":1,
          "charge":-1,
          "enchantmentCharge":-1
        },
        "10":{
          "refId":"common_skirt_01",
          "count":1,
          "charge":-1,
          "enchantmentCharge":-1
        },
        "12":{
          "refId":"common_ring_05",
          "count":1,
          "charge":-1,
          "enchantmentCharge":-1
        },
        "14":{
          "refId":"common_amulet_03",
          "count":1,
          "charge":-1,
          "enchantmentCharge":-1
        }
      },
      "inventory":[{
          "refId":"common_amulet_03",
          "count":1,
          "charge":-1,
          "enchantmentCharge":-1,
          "soul":""
        },{
          "refId":"common_ring_05",
          "count":1,
          "charge":-1,
          "enchantmentCharge":-1,
          "soul":""
        },{
          "refId":"common_skirt_01",
          "count":1,
          "charge":-1,
          "enchantmentCharge":-1,
          "soul":""
        },{
          "refId":"common_shirt_01",
          "count":1,
          "charge":-1,
          "enchantmentCharge":-1,
          "soul":""
        },{
          "refId":"common_shoes_04",
          "count":1,
          "charge":-1,
          "enchantmentCharge":-1,
          "soul":""
        },{
          "refId":"key_gindrala",
          "count":1,
          "charge":-1,
          "enchantmentCharge":-1,
          "soul":""
        }],
      "state":true
    },
    "413119-0":{
      "refId":"ingred_fire_petal_01"
    },
    "413096-0":{
      "refId":"ingred_fire_petal_01"
    },
    "413098-0":{
      "refId":"ingred_bc_coda_flower"
    },
    "413117-0":{
      "refId":"ingred_fire_petal_01"
    },
    "413104-0":{
      "refId":"ingred_fire_petal_01"
    },
    "413126-0":{
      "refId":"ingred_fire_petal_01"
    },
    "413110-0":{
      "refId":"ingred_bc_coda_flower"
    },
    "19-0":{
      "refId":"_mqe_vivec8",
      "location":{
        "posX":32731.375,
        "posZ":505.23770141602,
        "posY":-104671.8046875,
        "rotX":-0.88078165054321,
        "rotY":0,
        "rotZ":2.9331233501434
      },
      "stats":{
        "healthCurrent":63,
        "magickaCurrent":88,
        "healthModified":63,
        "fatigueBase":166,
        "fatigueModified":166,
        "healthBase":63,
        "magickaModified":88,
        "magickaBase":88,
        "fatigueCurrent":166
      },
      "equipment":{
        "7":{
          "refId":"common_shoes_04",
          "count":1,
          "charge":-1,
          "enchantmentCharge":-1
        },
        "8":{
          "refId":"common_shirt_01",
          "count":1,
          "charge":-1,
          "enchantmentCharge":-1
        },
        "10":{
          "refId":"common_skirt_01",
          "count":1,
          "charge":-1,
          "enchantmentCharge":-1
        },
        "12":{
          "refId":"common_ring_05",
          "count":1,
          "charge":-1,
          "enchantmentCharge":-1
        },
        "14":{
          "refId":"common_amulet_03",
          "count":1,
          "charge":-1,
          "enchantmentCharge":-1
        }
      },
      "inventory":[{
          "refId":"common_amulet_03",
          "count":1,
          "charge":-1,
          "enchantmentCharge":-1,
          "soul":""
        },{
          "refId":"common_ring_05",
          "count":1,
          "charge":-1,
          "enchantmentCharge":-1,
          "soul":""
        },{
          "refId":"common_skirt_01",
          "count":1,
          "charge":-1,
          "enchantmentCharge":-1,
          "soul":""
        },{
          "refId":"common_shirt_01",
          "count":1,
          "charge":-1,
          "enchantmentCharge":-1,
          "soul":""
        },{
          "refId":"common_shoes_04",
          "count":1,
          "charge":-1,
          "enchantmentCharge":-1,
          "soul":""
        },{
          "refId":"key_gindrala",
          "count":1,
          "charge":-1,
          "enchantmentCharge":-1,
          "soul":""
        }],
      "state":true
    },
    "413100-0":{
      "refId":"ingred_bc_coda_flower"
    },
    "413124-0":{
      "refId":"ingred_bc_coda_flower"
    },
    "295994-0":{
      "refId":"alvela saram",
      "location":{
        "posX":31786.87109375,
        "posZ":3314.8232421875,
        "posY":-101348.390625,
        "rotX":0,
        "rotY":0,
        "rotZ":2.5831851959229
      },
      "stats":{
        "healthCurrent":170,
        "magickaCurrent":120,
        "healthModified":170,
        "fatigueBase":304,
        "fatigueModified":304,
        "healthBase":170,
        "magickaModified":120,
        "magickaBase":120,
        "fatigueCurrent":304
      },
      "equipment":[{
          "refId":"indoril cuirass",
          "count":1,
          "charge":-1,
          "enchantmentCharge":-1
        },null,{
          "refId":"indoril pauldron left",
          "count":1,
          "charge":-1,
          "enchantmentCharge":-1
        },{
          "refId":"indoril pauldron right",
          "count":1,
          "charge":-1,
          "enchantmentCharge":-1
        },{
          "refId":"indoril left gauntlet",
          "count":1,
          "charge":-1,
          "enchantmentCharge":-1
        },{
          "refId":"indoril right gauntlet",
          "count":1,
          "charge":-1,
          "enchantmentCharge":-1
        },{
          "refId":"indoril boots",
          "count":1,
          "charge":-1,
          "enchantmentCharge":-1
        },null,{
          "refId":"common_pants_03",
          "count":1,
          "charge":-1,
          "enchantmentCharge":-1
        },null,null,null,null,null,null,{
          "refId":"shockbite mace",
          "count":1,
          "charge":-1,
          "enchantmentCharge":-1
        }],
      "inventory":[{
          "refId":"indoril right gauntlet",
          "count":1,
          "charge":-1,
          "enchantmentCharge":-1,
          "soul":""
        },{
          "refId":"indoril left gauntlet",
          "count":1,
          "charge":-1,
          "enchantmentCharge":-1,
          "soul":""
        },{
          "refId":"indoril boots",
          "count":1,