{
  "packets":{
    "actorList":["0-270","0-271","0-272","127492-0","127493-0"],
    "ai":[],
    "cellChangeFrom":[],
    "cellChangeTo":[],
    "container":["175265-0","175272-0","175309-0","175345-0","275016-0","127492-0","127493-0"],
    "death":[],
    "delete":[],
    "doorState":[],
    "equipment":[],
    "lock":[],
    "place":[],
    "position":["127492-0","127493-0","0-270","0-271","0-272"],
    "scale":[],
    "spawn":["0-270","0-271","0-272"],
    "state":[],
    "statsDynamic":["127492-0","127493-0","0-270","0-271","0-272"],
    "trap":[]
  },
  "entry":{
    "creationTime":1554180239,
    "description":"3, -3"
  },
  "lastVisit":{
    "Den":1554261938,
    "Fendryn":1555387173
  },
  "recordLinks":[],
  "objectData":{
    "175345-0":{
      "refId":"tramaroot_01",
      "inventory":[{
          "refId":"ingred_trama_root_01",
          "count":2,
          "charge":-1,
          "enchantmentCharge":-1,
          "soul":""
        }]
    },
    "127493-0":{
      "refId":"scamp",
      "location":{
        "posX":27806.177734375,
        "posZ":1250.9630126953,
        "posY":-17850.16796875,
        "rotX":0,
        "rotY":0,
        "rotZ":0
      },
      "stats":{
        "healthCurrent":45,
        "magickaCurrent":100,
        "healthModified":45,
        "fatigueBase":400,
        "fatigueModified":400,
        "healthBase":45,
        "magickaModified":100,
        "magickaBase":100,
        "fatigueCurrent":400
      },
      "inventory":[]
    },
    "0-270":{
      "refId":"scamp",
      "location":{
        "posX":26482.85546875,
        "posZ":784.19586181641,
        "posY":-19343.541015625,
        "rotX":-0.01412056107074,
        "rotY":0,
        "rotZ":-1.5603272914886
      },
      "stats":{
        "healthCurrent":45,
        "magickaCurrent":100,
        "healthModified":45,
        "fatigueBase":400,
        "fatigueModified":400,
        "healthBase":45,
        "magickaModified":100,
        "magickaBase":100,
        "fatigueCurrent":400
      }
    },
    "0-272":{
      "refId":"nix-hound",
      "location":{
        "posX":25160.94140625,
        "posZ":852.45861816406,
        "posY":-18769.25390625,
        "rotX":0.65229624509811,
        "rotY":0,
        "rotZ":-1.1606690883636
      },
      "stats":{
        "healthCurrent":23,
        "magickaCurrent":10,
        "healthModified":23,
        "fatigueBase":400,
        "fatigueModified":400,
        "healthBase":23,
        "magickaModified":10,
        "magickaBase":10,
        "fatigueCurrent":400
      }
    },
    "175272-0":{
      "refId":"contain_trama_shrub_06",
      "inventory":[{
          "refId":"ingred_trama_root_01",
          "count":3,
          "charge":-1,
          "enchantmentCharge":-1,
          "soul":""
        }]
    },
    "175309-0":{
      "refId":"contain_trama_shrub_06",
      "inventory":[{
          "refId":"ingred_trama_root_01",
          "count":3,
          "charge":-1,
          "enchantmentCharge":-1,
          "soul":""
        }]
    },
    "127492-0":{
      "refId":"scamp",
      "location":{
        "posX":28066.44140625,
        "posZ":1238.1547851563,
        "posY":-17979.19140625,
        "rotX":0,
        "rotY":0,
        "rotZ":0
      },
      "stats":{
        "healthCurrent":45,
        "magickaCurrent":100,
        "healthModified":45,
        "fatigueBase":400,
        "fatigueModified":400,
        "healthBase":45,
        "magickaModified":100,
        "magickaBase":100,
        "fatigueCurrent":400
      },
      "inventory":[]
    },
    "0-271":{
      "refId":"scamp",
      "location":{
        "posX":27310.4921875,
        "posZ":1900.3499755859,
        "posY":-21807.875,
        "rotX":-0.1408623456955,
        "rotY":0,
        "rotZ":-2.1564972400665
      },
      "stats":{
        "healthCurrent":45,
        "magickaCurrent":100,
        "healthModified":45,
        "fatigueBase":400,
        "fatigueModified":400,
        "healthBase":45,
        "magickaModified":100,
        "magickaBase":100,
        "fatigueCurrent":400
      }
    },
    "275016-0":{
      "refId":"contain_trama_shrub_06",
      "inventory":[{
          "refId":"ingred_trama_root_01",
          "count":3,
          "charge":-1,
          "enchantmentCharge":-1,
          "soul":""
        }]
    },
    "175265-0":{
      "refId":"contain_trama_shrub_01",
      "inventory":[{
          "refId":"ingred_trama_root_01",
          "count":1,
          "charge":-1,
          "enchantmentCharge":-1,
          "soul":""
        }]
    }
  }
}