{
  "packets":{
    "actorList":["0-3684","0-3686","0-3683","0-4614","0-3685"],
    "ai":[],
    "cellChangeFrom":[],
    "cellChangeTo":[],
    "container":["238587-0","238591-0","238597-0","0-3683","0-4614","0-3684"],
    "death":["0-3683","0-4614","0-3684"],
    "delete":[],
    "doorState":[],
    "equipment":[],
    "lock":[],
    "place":[],
    "position":["0-3684","0-3686","0-3683","0-4614","0-3685"],
    "scale":[],
    "spawn":["0-3684","0-3686","0-3683","0-4614","0-3685"],
    "state":[],
    "statsDynamic":["0-3684","0-3686","0-3683","0-4614","0-3685"],
    "trap":[]
  },
  "entry":{
    "creationTime":1554872191,
    "description":"3, 8"
  },
  "lastVisit":{
    "Fendryn":1568688551,
    "Den":1568688576,
    "DizzyDasher":1558211287
  },
  "recordLinks":[],
  "objectData":{
    "0-4614":{
      "refId":"cliff racer",
      "location":{
        "posX":27446.6640625,
        "posZ":13893.6796875,
        "posY":66355.828125,
        "rotX":0.23025228083134,
        "rotY":0,
        "rotZ":-0.74680066108704
      },
      "stats":{
        "healthCurrent":0,
        "magickaCurrent":20,
        "healthModified":45,
        "fatigueBase":400,
        "fatigueModified":400,
        "healthBase":45,
        "magickaModified":20,
        "magickaBase":20,
        "fatigueCurrent":400
      },
      "inventory":[{
          "refId":"ingred_racer_plumes_01",
          "count":1,
          "charge":-1,
          "enchantmentCharge":-1,
          "soul":""
        }],
      "killer":{
        "player":"Den"
      }
    },
    "0-3685":{
      "refId":"ogrim titan",
      "location":{
        "posX":26392.91015625,
        "posZ":16447.69921875,
        "posY":73495.8671875,
        "rotX":0.53081631660461,
        "rotY":0,
        "rotZ":0.59535670280457
      },
      "stats":{
        "healthCurrent":220,
        "magickaCurrent":180,
        "healthModified":220,
        "fatigueBase":1000,
        "fatigueModified":1000,
        "healthBase":220,
        "magickaModified":180,
        "magickaBase":180,
        "fatigueCurrent":1000
      }
    },
    "0-3683":{
      "refId":"daedroth",
      "location":{
        "posX":26653.375,
        "posZ":14028.265625,
        "posY":66648.828125,
        "rotX":0.15575593709946,
        "rotY":0,
        "rotZ":1.527553319931
      },
      "stats":{
        "healthCurrent":0,
        "magickaCurrent":0,
        "healthModified":180,
        "fatigueBase":600,
        "fatigueModified":600,
        "healthBase":180,
        "magickaModified":195,
        "magickaBase":195,
        "fatigueCurrent":600
      },
      "inventory":[{
          "refId":"ingred_daedras_heart_01",
          "count":1,
          "charge":-1,
          "enchantmentCharge":-1,
          "soul":""
        }],
      "killer":{
        "player":"Den"
      }
    },
    "238597-0":{
      "refId":"flora_rm_scathecraw_02",
      "inventory":[{
          "refId":"ingred_scathecraw_01",
          "count":1,
          "charge":-1,
          "enchantmentCharge":-1,
          "soul":""
        }]
    },
    "238587-0":{
      "refId":"flora_rm_scathecraw_02",
      "inventory":[]
    },
    "238591-0":{
      "refId":"flora_rm_scathecraw_01",
      "inventory":[{
          "refId":"ingred_scathecraw_01",
          "count":1,
          "charge":-1,
          "enchantmentCharge":-1,
          "soul":""
        }]
    },
    "0-3684":{
      "refId":"daedroth",
      "location":{
        "posX":26771.23828125,
        "posZ":14164.7734375,
        "posY":66778.8828125,
        "rotX":1.0539586544037,
        "rotY":0,
        "rotZ":-1.4300706386566
      },
      "stats":{
        "healthCurrent":0,
        "magickaCurrent":15,
        "healthModified":180,
        "fatigueBase":600,
        "fatigueModified":600,
        "healthBase":180,
        "magickaModified":195,
        "magickaBase":195,
        "fatigueCurrent":600
      },
      "inventory":[],
      "killer":{
        "player":"Fendryn"
      }
    },
    "0-3686":{
      "refId":"ash_zombie",
      "location":{
        "posX":31457.505859375,
        "posZ":17318.59765625,
        "posY":72099.484375,
        "rotX":0.1916472017765,
        "rotY":0,
        "rotZ":-0.88684678077698
      },
      "stats":{
        "healthCurrent":90,
        "magickaCurrent":100,
        "healthModified":90,
        "fatigueBase":400,
        "fatigueModified":400,
        "healthBase":90,
        "magickaModified":100,
        "magickaBase":100,
        "fatigueCurrent":400
      }
    }
  }
}