{
  "packets":{
    "actorList":["0-3828","0-3829","0-3830","0-3831","0-3832","0-3833","0-3834","341027-0","341028-0","410966-0"],
    "ai":[],
    "cellChangeFrom":[],
    "cellChangeTo":[],
    "container":["410967-0","410968-0","460409-0","460414-0","460415-0","460422-0","341027-0","341028-0","410966-0"],
    "death":[],
    "delete":[],
    "doorState":[],
    "equipment":[],
    "lock":[],
    "place":[],
    "position":["341027-0","341028-0","410966-0","0-3828","0-3829","0-3830","0-3831","0-3832","0-3833","0-3834"],
    "scale":[],
    "spawn":["0-3828","0-3829","0-3830","0-3831","0-3832","0-3833","0-3834"],
    "state":[],
    "statsDynamic":["341027-0","341028-0","410966-0","0-3828","0-3829","0-3830","0-3831","0-3832","0-3833","0-3834"],
    "trap":[]
  },
  "entry":{
    "creationTime":1555028950,
    "description":"4, -15"
  },
  "lastVisit":{
    "Den":1556254502,
    "Fendryn":1556254542
  },
  "recordLinks":[],
  "objectData":{
    "410968-0":{
      "refId":"de_p_chest_02_gold_25",
      "inventory":[{
          "refId":"gold_001",
          "count":25,
          "charge":-1,
          "enchantmentCharge":-1,
          "soul":""
        }]
    },
    "410966-0":{
      "refId":"cliff racer",
      "location":{
        "posX":35313.0234375,
        "posZ":717.2666015625,
        "posY":-119966.25,
        "rotX":0.00053120590746403,
        "rotY":0,
        "rotZ":-2.0413177013397
      },
      "stats":{
        "healthCurrent":45,
        "magickaCurrent":20,
        "healthModified":45,
        "fatigueBase":400,
        "fatigueModified":400,
        "healthBase":45,
        "magickaModified":20,
        "magickaBase":20,
        "fatigueCurrent":400
      },
      "inventory":[]
    },
    "460415-0":{
      "refId":"kollop_03_pearl",
      "inventory":[{
          "refId":"ingred_pearl_01",
          "count":1,
          "charge":-1,
          "enchantmentCharge":-1,
          "soul":""
        }]
    },
    "460409-0":{
      "refId":"kollop_02_pearl",
      "inventory":[{
          "refId":"ingred_pearl_01",
          "count":1,
          "charge":-1,
          "enchantmentCharge":-1,
          "soul":""
        }]
    },
    "410967-0":{
      "refId":"crate_01_empty",
      "inventory":[]
    },
    "460422-0":{
      "refId":"kollop_03_pearl",
      "inventory":[]
    },
    "0-3830":{
      "refId":"dreugh",
      "location":{
        "posX":34542.80859375,
        "posZ":-154.99899291992,
        "posY":-119058.5390625,
        "rotX":1.3392418622971e-05,
        "rotY":0,
        "rotZ":1.3280575275421
      },
      "stats":{
        "healthCurrent":60,
        "magickaCurrent":75,
        "healthModified":60,
        "fatigueBase":400,
        "fatigueModified":400,
        "healthBase":60,
        "magickaModified":75,
        "magickaBase":75,
        "fatigueCurrent":399.95492553711
      }
    },
    "341028-0":{
      "refId":"mudcrab",
      "location":{
        "posX":34668.30078125,
        "posZ":100.26503753662,
        "posY":-120545.03125,
        "rotX":-0.16105343401432,
        "rotY":0,
        "rotZ":1.7688038349152
      },
      "stats":{
        "healthCurrent":15,
        "magickaCurrent":5,
        "healthModified":15,
        "fatigueBase":400,
        "fatigueModified":400,
        "healthBase":15,
        "magickaModified":5,
        "magickaBase":5,
        "fatigueCurrent":400
      },
      "inventory":[{
          "refId":"ingred_crab_meat_01",
          "count":2,
          "charge":-1,
          "enchantmentCharge":-1,
          "soul":""
        }]
    },
    "0-3833":{
      "refId":"slaughterfish_small",
      "location":{
        "posX":37551.80078125,
        "posZ":-417.88952636719,
        "posY":-120948.4375,
        "rotX":0.11657086759806,
        "rotY":0,
        "rotZ":3.0942795276642
      },
      "stats":{
        "healthCurrent":15,
        "magickaCurrent":10,
        "healthModified":15,
        "fatigueBase":300,
        "fatigueModified":300,
        "healthBase":15,
        "magickaModified":10,
        "magickaBase":10,
        "fatigueCurrent":299.95492553711
      }
    },
    "460414-0":{
      "refId":"kollop_02_pearl",
      "inventory":[{
          "refId":"ingred_pearl_01",
          "count":1,
          "charge":-1,
          "enchantmentCharge":-1,
          "soul":""
        }]
    },
    "0-3829":{
      "refId":"dreugh",
      "location":{
        "posX":36781.19921875,
        "posZ":269.82861328125,
        "posY":-114763.6953125,
        "rotX":-0.12324061244726,
        "rotY":0,
        "rotZ":2.047868013382
      },
      "stats":{
        "healthCurrent":60,
        "magickaCurrent":75,
        "healthModified":60,
        "fatigueBase":400,
        "fatigueModified":400,
        "healthBase":60,
        "magickaModified":75,
        "magickaBase":75,
        "fatigueCurrent":400
      }
    },
    "0-3828":{
      "refId":"dreugh",
      "location":{
        "posX":34406.84765625,
        "posZ":-359.1540222168,
        "posY":-119139.03125,
        "rotX":0.23166798055172,
        "rotY":0,
        "rotZ":-3.0328190326691
      },
      "stats":{
        "healthCurrent":60,
        "magickaCurrent":75,
        "healthModified":60,
        "fatigueBase":400,
        "fatigueModified":400,
        "healthBase":60,
        "magickaModified":75,
        "magickaBase":75,
        "fatigueCurrent":399.95492553711
      }
    },
    "0-3831":{
      "refId":"slaughterfish",
      "location":{
        "posX":35299.41796875,
        "posZ":-142.61459350586,
        "posY":-118086.859375,
        "rotX":0.020749451592565,
        "rotY":0,
        "rotZ":-1.4457104206085
      },
      "stats":{
        "healthCurrent":23,
        "magickaCurrent":10,
        "healthModified":23,
        "fatigueBase":400,
        "fatigueModified":400,
        "healthBase":23,
        "magickaModified":10,
        "magickaBase":10,
        "fatigueCurrent":399.95492553711
      }
    },
    "0-3832":{
      "refId":"slaughterfish_small",
      "location":{
        "posX":37677.33203125,
        "posZ":-275.24826049805,
        "posY":-117749.1484375,
        "rotX":0.17380751669407,
        "rotY":0,
        "rotZ":-0.49934673309326
      },
      "stats":{
        "healthCurrent":15,
        "magickaCurrent":10,
        "healthModified":15,
        "fatigueBase":300,
        "fatigueModified":300,
        "healthBase":15,
        "magickaModified":10,
        "magickaBase":10,
        "fatigueCurrent":299.95492553711
      }
    },
    "0-3834":{
      "refId":"mudcrab",
      "location":{
        "posX":36214.00390625,
        "posZ":345.66369628906,
        "posY":-119996.3984375,
        "rotX":-0.087363578379154,
        "rotY":0,
        "rotZ":-1.268049955368
      },
      "stats":{
        "healthCurrent":15,
        "magickaCurrent":5,
        "healthModified":15,
        "fatigueBase":400,
        "fatigueModified":400,
        "healthBase":15,
        "magickaModified":5,
        "magickaBase":5,
        "fatigueCurrent":400
      }
    },
    "341027-0":{
      "refId":"mudcrab",
      "location":{
        "posX":36353.7421875,
        "posZ":90.03141784668,
        "posY":-119021.0234375,
        "rotX":0.01735757291317,
        "rotY":0,
        "rotZ":-2.0734117031097
      },
      "stats":{
        "healthCurrent":15,
        "magickaCurrent":5,
        "healthModified":15,
        "fatigueBase":400,
        "fatigueModified":400,
        "healthBase":15,
        "magickaModified":5,
        "magickaBase":5,
        "fatigueCurrent":400
      },
      "inventory":[]
    }
  }
}