{
  "packets":{
    "actorList":["0-3594","0-3595","432906-0","432907-0","0-3736"],
    "ai":[],
    "cellChangeFrom":[],
    "cellChangeTo":[],
    "container":["296290-0","296291-0","296292-0","296293-0","296308-0","296309-0","432925-0","432926-0","432937-0","432945-0","432961-0","432962-0","432963-0","432975-0","432995-0","432996-0","432999-0","433002-0","433007-0","433008-0","433009-0","432906-0","432907-0","0-3595"],
    "death":["0-3595"],
    "delete":[],
    "doorState":[],
    "equipment":[],
    "lock":[],
    "place":[],
    "position":["432906-0","432907-0","0-3594","0-3595","0-3736"],
    "scale":[],
    "spawn":["0-3594","0-3595","0-3736"],
    "state":[],
    "statsDynamic":["432906-0","432907-0","0-3594","0-3595","0-3736"],
    "trap":[]
  },
  "entry":{
    "creationTime":1554870533,
    "description":"4, 17"
  },
  "lastVisit":{
    "the luch":1554872935,
    "Fendryn":1555634602
  },
  "recordLinks":[],
  "objectData":{
    "432906-0":{
      "refId":"slaughterfish",
      "location":{
        "posX":36380.74609375,
        "posZ":70.745544433594,
        "posY":141865.328125,
        "rotX":0.029052782803774,
        "rotY":0,
        "rotZ":2.1593987941742
      },
      "stats":{
        "healthCurrent":23,
        "magickaCurrent":10,
        "healthModified":23,
        "fatigueBase":400,
        "fatigueModified":400,
        "healthBase":23,
        "magickaModified":10,
        "magickaBase":10,
        "fatigueCurrent":400
      },
      "inventory":[]
    },
    "432962-0":{
      "refId":"kollop_02_pearl",
      "inventory":[{
          "refId":"ingred_pearl_01",
          "count":1,
          "charge":-1,
          "enchantmentCharge":-1,
          "soul":""
        }]
    },
    "0-3594":{
      "refId":"shalk",
      "location":{
        "posX":38876.7890625,
        "posZ":-269.41363525391,
        "posY":140350.609375,
        "rotX":0,
        "rotY":0,
        "rotZ":0
      },
      "stats":{
        "healthCurrent":38,
        "magickaCurrent":30,
        "healthModified":38,
        "fatigueBase":400,
        "fatigueModified":400,
        "healthBase":38,
        "magickaModified":30,
        "magickaBase":30,
        "fatigueCurrent":399.98251342773
      }
    },
    "432926-0":{
      "refId":"kollop_02_pearl",
      "inventory":[]
    },
    "432907-0":{
      "refId":"slaughterfish",
      "location":{
        "posX":39613.36328125,
        "posZ":282.00009155273,
        "posY":140306.390625,
        "rotX":0.92793667316437,
        "rotY":0,
        "rotZ":-1.8358738422394
      },
      "stats":{
        "healthCurrent":23,
        "magickaCurrent":10,
        "healthModified":23,
        "fatigueBase":400,
        "fatigueModified":400,
        "healthBase":23,
        "magickaModified":10,
        "magickaBase":10,
        "fatigueCurrent":400
      },
      "inventory":[]
    },
    "432961-0":{
      "refId":"kollop_03_pearl",
      "inventory":[]
    },
    "433008-0":{
      "refId":"kollop_01_pearl",
      "inventory":[{
          "refId":"ingred_pearl_01",
          "count":1,
          "charge":-1,
          "enchantmentCharge":-1,
          "soul":""
        }]
    },
    "296308-0":{
      "refId":"flora_rm_scathecraw_01",
      "inventory":[{
          "refId":"ingred_scathecraw_01",
          "count":1,
          "charge":-1,
          "enchantmentCharge":-1,
          "soul":""
        }]
    },
    "432999-0":{
      "refId":"kollop_01_pearl",
      "inventory":[]
    },
    "296290-0":{
      "refId":"tramaroot_05",
      "inventory":[]
    },
    "432925-0":{
      "refId":"kollop_03_pearl",
      "inventory":[]
    },
    "296291-0":{
      "refId":"tramaroot_02",
      "inventory":[{
          "refId":"ingred_trama_root_01",
          "count":1,
          "charge":-1,
          "enchantmentCharge":-1,
          "soul":""
        }]
    },
    "432945-0":{
      "refId":"kollop_02_pearl",
      "inventory":[{
          "refId":"ingred_pearl_01",
          "count":1,
          "charge":-1,
          "enchantmentCharge":-1,
          "soul":""
        }]
    },
    "432975-0":{
      "refId":"kollop_03_pearl",
      "inventory":[{
          "refId":"ingred_pearl_01",
          "count":1,
          "charge":-1,
          "enchantmentCharge":-1,
          "soul":""
        }]
    },
    "432937-0":{
      "refId":"kollop_03_pearl",
      "inventory":[{
          "refId":"ingred_pearl_01",
          "count":1,
          "charge":-1,
          "enchantmentCharge":-1,
          "soul":""
        }]
    },
    "432995-0":{
      "refId":"kollop_01_pearl",
      "inventory":[]
    },
    "0-3595":{
      "refId":"shalk_diseased",
      "location":{
        "posX":34430.3359375,
        "posZ":222.97080993652,
        "posY":142121.65625,
        "rotX":-0.11828252673149,
        "rotY":0,
        "rotZ":2.25426030159
      },
      "stats":{
        "healthCurrent":0,
        "magickaCurrent":395,
        "healthModified":38,
        "fatigueBase":120,
        "fatigueModified":120,
        "healthBase":38,
        "magickaModified":400,
        "magickaBase":400,
        "fatigueCurrent":104.16591644287
      },
      "inventory":[{
          "refId":"ingred_shalk_resin_01",
          "count":1,
          "charge":-1,
          "enchantmentCharge":-1,
          "soul":""
        }],
      "killer":{
        "player":"the luch"
      }
    },
    "433009-0":{
      "refId":"kollop_02_pearl",
      "inventory":[]
    },
    "296292-0":{
      "refId":"tramaroot_03",
      "inventory":[{
          "refId":"ingred_trama_root_01",
          "count":1,
          "charge":-1,
          "enchantmentCharge":-1,
          "soul":""
        }]
    },
    "296293-0":{
      "refId":"tramaroot_04",
      "inventory":[{
          "refId":"ingred_trama_root_01",
          "count":1,
          "charge":-1,
          "enchantmentCharge":-1,
          "soul":""
        }]
    },
    "432963-0":{
      "refId":"kollop_02_pearl",
      "inventory":[{
          "refId":"ingred_pearl_01",
          "count":1,
          "charge":-1,
          "enchantmentCharge":-1,
          "soul":""
        }]
    },
    "296309-0":{
      "refId":"flora_rm_scathecraw_02",
      "inventory":[{
          "refId":"ingred_scathecraw_01",
          "count":1,
          "charge":-1,
          "enchantmentCharge":-1,
          "soul":""
        }]
    },
    "433002-0":{
      "refId":"kollop_03_pearl",
      "inventory":[{
          "refId":"ingred_pearl_01",
          "count":1,
          "charge":-1,
          "enchantmentCharge":-1,
          "soul":""
        }]
    },
    "433007-0":{
      "refId":"kollop_03_pearl",
      "inventory":[]
    },
    "432996-0":{
      "refId":"kollop_02_pearl",
      "inventory":[{
          "refId":"ingred_pearl_01",
          "count":1,
          "charge":-1,
          "enchantmentCharge":-1,
          "soul":""
        }]
    },
    "0-3736":{
      "refId":"slaughterfish",
      "location":{
        "posX":37976.30078125,
        "posZ":-90.930946350098,
        "posY":142655.984375,
        "rotX":-0.29485803842545,
        "rotY":0,
        "rotZ":2.327873468399
      },
      "stats":{
        "healthCurrent":23,
        "magickaCurrent":10,
        "healthModified":23,
        "fatigueBase":400,
        "fatigueModified":400,
        "healthBase":23,
        "magickaModified":10,
        "magickaBase":10,
        "fatigueCurrent":399.98379516602
      }
    }
  }
}