{
  "packets":{
    "actorList":["0-933","0-934","0-935","0-936","0-937","0-938","261690-0","0-2089","0-2102","0-2103","0-2095"],
    "ai":[],
    "cellChangeFrom":[],
    "cellChangeTo":[],
    "container":["478041-0","478043-0","478044-0","478045-0","478046-0","478047-0","478048-0","478049-0","478050-0","478055-0","478057-0","478058-0","261690-0","0-938","0-937","0-2089","0-2102","0-2103","0-936","0-933","0-934","0-935"],
    "death":["0-938","0-937","0-2089","0-2102","0-2103","0-936","0-933","0-934","0-935"],
    "delete":[],
    "doorState":[],
    "equipment":["261690-0","0-2089","0-2103"],
    "lock":[],
    "place":[],
    "position":["261690-0","0-933","0-934","0-935","0-936","0-937","0-938","0-2089","0-2102","0-2103","0-2095"],
    "scale":[],
    "spawn":["0-933","0-934","0-935","0-936","0-937","0-938","0-2089","0-2102","0-2103","0-2095"],
    "state":[],
    "statsDynamic":["261690-0","0-933","0-934","0-935","0-936","0-937","0-938","0-2089","0-2102","0-2103","0-2095"],
    "trap":[]
  },
  "entry":{
    "creationTime":1554429763,
    "description":"5, -9"
  },
  "lastVisit":{
    "Fendryn":1556254594,
    "Den":1556254590,
    "DizzyDasher":1555123832
  },
  "recordLinks":[],
  "objectData":{
    "478049-0":{
      "refId":"flora_willow_flower_01",
      "inventory":[{
          "refId":"ingred_willow_anther_01",
          "count":1,
          "charge":-1,
          "enchantmentCharge":-1,
          "soul":""
        }]
    },
    "478044-0":{
      "refId":"flora_black_anther_01",
      "inventory":[{
          "refId":"ingred_black_anther_01",
          "count":1,
          "charge":-1,
          "enchantmentCharge":-1,
          "soul":""
        }]
    },
    "478046-0":{
      "refId":"flora_black_anther_01",
      "inventory":[{
          "refId":"ingred_black_anther_01",
          "count":2,
          "charge":-1,
          "enchantmentCharge":-1,
          "soul":""
        }]
    },
    "0-936":{
      "refId":"nix-hound",
      "location":{
        "posX":42784.78125,
        "posZ":775.91345214844,
        "posY":-69424.7890625,
        "rotX":-0.059297554194927,
        "rotY":0,
        "rotZ":2.3383371829987
      },
      "stats":{
        "healthCurrent":0,
        "magickaCurrent":10,
        "healthModified":23,
        "fatigueBase":400,
        "fatigueModified":400,
        "healthBase":23,
        "magickaModified":10,
        "magickaBase":10,
        "fatigueCurrent":399.02783203125
      },
      "inventory":[],
      "killer":{
        "player":"Fendryn"
      }
    },
    "0-2089":{
      "refId":"db_assassin2",
      "location":{
        "posX":41750.8046875,
        "posZ":416.18493652344,
        "posY":-68687.125,
        "rotX":0.59722369909286,
        "rotY":0,
        "rotZ":-3.0455887317657
      },
      "stats":{
        "healthCurrent":0,
        "magickaCurrent":126,
        "healthModified":88,
        "fatigueBase":213,
        "fatigueModified":213,
        "healthBase":88,
        "magickaModified":126,
        "magickaBase":126,
        "fatigueCurrent":209.11209106445
      },
      "equipment":{
        "0":{
          "refId":"darkbrotherhood helm",
          "count":1,
          "charge":-1,
          "enchantmentCharge":-1
        },
        "2":{
          "refId":"darkbrotherhood greaves",
          "count":1,
          "charge":-1,
          "enchantmentCharge":-1
        },
        "3":{
          "refId":"darkbrotherhood pauldron_l",
          "count":1,
          "charge":-1,
          "enchantmentCharge":-1
        },
        "4":{
          "refId":"darkbrotherhood pauldron_r",
          "count":1,
          "charge":-1,
          "enchantmentCharge":-1
        },
        "5":{
          "refId":"darkbrotherhood gauntlet_l",
          "count":1,
          "charge":-1,
          "enchantmentCharge":-1
        },
        "6":{
          "refId":"darkbrotherhood gauntlet_r",
          "count":1,
          "charge":-1,
          "enchantmentCharge":-1
        },
        "7":{
          "refId":"darkbrotherhood boots",
          "count":1,
          "charge":-1,
          "enchantmentCharge":-1
        },
        "16":{
          "refId":"wild vipersword",
          "count":1,
          "charge":-1,
          "enchantmentCharge":-1
        }
      },
      "inventory":[{
          "refId":"darkbrotherhood gauntlet_r",
          "count":1,
          "charge":-1,
          "enchantmentCharge":-1,
          "soul":""
        },{
          "refId":"darkbrotherhood gauntlet_l",
          "count":1,
          "charge":-1,
          "enchantmentCharge":-1,
          "soul":""
        },{
          "refId":"darkbrotherhood boots",
          "count":1,
          "charge":-1,
          "enchantmentCharge":-1,
          "soul":""
        },{
          "refId":"darkbrotherhood greaves",
          "count":1,
          "charge":-1,
          "enchantmentCharge":-1,
          "soul":""
        },{
          "refId":"darkbrotherhood pauldron_r",
          "count":1,
          "charge":-1,
          "enchantmentCharge":-1,
          "soul":""
        },{
          "refId":"darkbrotherhood pauldron_l",
          "count":1,
          "charge":-1,
          "enchantmentCharge":-1,
          "soul":""
        },{
          "refId":"darkbrotherhood helm",
          "count":1,
          "charge":-1,
          "enchantmentCharge":-1,
          "soul":""
        },{
          "refId":"ebony dart_db_unique",
          "count":1,
          "charge":-1,
          "enchantmentCharge":-1,
          "soul":""
        },{
          "refId":"wild vipersword",
          "count":1,
          "charge":999,
          "enchantmentCharge":45,
          "soul":""
        }],
      "killer":{
        "player":"Fendryn"
      }
    },
    "478055-0":{
      "refId":"flora_corkbulb",
      "inventory":[{
          "refId":"ingred_corkbulb_root_01",
          "count":1,
          "charge":-1,
          "enchantmentCharge":-1,
          "soul":""
        }]
    },
    "478041-0":{
      "refId":"flora_corkbulb",
      "inventory":[]
    },
    "478043-0":{
      "refId":"flora_black_anther_02",
      "inventory":[{
          "refId":"ingred_black_anther_01",
          "count":1,
          "charge":-1,
          "enchantmentCharge":-1,
          "soul":""
        }]
    },
    "0-934":{
      "refId":"kwama forager",
      "location":{
        "posX":45337.5859375,
        "posZ":702.70361328125,
        "posY":-72158.109375,
        "rotX":-0.71545600891113,
        "rotY":0,
        "rotZ":0.73938012123108
      },
      "stats":{
        "healthCurrent":0,
        "magickaCurrent":15,
        "healthModified":23,
        "fatigueBase":300,
        "fatigueModified":300,
        "healthBase":23,
        "magickaModified":15,
        "magickaBase":15,
        "fatigueCurrent":300
      },
      "inventory":[],
      "killer":{
        "player":"Fendryn"
      }
    },
    "478050-0":{
      "refId":"flora_willow_flower_02",
      "inventory":[{
          "refId":"ingred_willow_anther_01",
          "count":1,
          "charge":-1,
          "enchantmentCharge":-1,
          "soul":""
        }]
    },
    "261690-0":{
      "refId":"tinos drothan",
      "location":{
        "posX":45112.09765625,
        "posZ":697.18658447266,
        "posY":-72688.734375,
        "rotX":0,
        "rotY":0,
        "rotZ":-0.77043199539185
      },
      "stats":{
        "healthCurrent":86,
        "magickaCurrent":102,
        "healthModified":86,
        "fatigueBase":199,
        "fatigueModified":199,
        "healthBase":86,
        "magickaModified":102,
        "magickaBase":102,
        "fatigueCurrent":199
      },
      "equipment":{
        "7":{
          "refId":"common_shoes_04",
          "count":1,
          "charge":-1,
          "enchantmentCharge":-1
        },
        "8":{
          "refId":"common_shirt_04",
          "count":1,
          "charge":-1,
          "enchantmentCharge":-1
        },