{
  "packets":{
    "actorList":["0-3596","0-3597","0-3598","0-3599","135243-0","135244-0","0-3758"],
    "ai":[],
    "cellChangeFrom":[],
    "cellChangeTo":[],
    "container":["247612-0","238089-0","238098-0","238094-0","238095-0","135243-0","135244-0","0-3597","0-3599","0-3596","0-3598","0-3758"],
    "death":["0-3597","0-3599","135243-0","135244-0","0-3596","0-3598","0-3758"],
    "delete":[],
    "doorState":[],
    "equipment":["135243-0","135244-0","0-3596","0-3597"],
    "lock":[],
    "place":[],
    "position":["135243-0","135244-0","0-3596","0-3597","0-3598","0-3599","0-3758"],
    "scale":[],
    "spawn":["0-3596","0-3597","0-3598","0-3599","0-3758"],
    "state":[],
    "statsDynamic":["135243-0","135244-0","0-3596","0-3597","0-3598","0-3599","0-3758"],
    "trap":[]
  },
  "entry":{
    "creationTime":1554870551,
    "description":"5, 15"
  },
  "lastVisit":{
    "the luch":1554873077,
    "Den":1554872722,
    "Fendryn":1555634587
  },
  "recordLinks":[],
  "objectData":{
    "247612-0":{
      "refId":"contain_trama_shrub_05",
      "inventory":[{
          "refId":"ingred_trama_root_01",
          "count":2,
          "charge":-1,
          "enchantmentCharge":-1,
          "soul":""
        }]
    },
    "135243-0":{
      "refId":"yargol gro-bashnag",
      "location":{
        "posX":44846.0390625,
        "posZ":705.02661132813,
        "posY":126673.71875,
        "rotX":0,
        "rotY":0,
        "rotZ":2.9831852912903
      },
      "stats":{
        "healthCurrent":0,
        "magickaCurrent":88,
        "healthModified":208,
        "fatigueBase":333,
        "fatigueModified":333,
        "healthBase":208,
        "magickaModified":88,
        "magickaBase":88,
        "fatigueCurrent":333
      },
      "equipment":{
        "0":{
          "refId":"orcish_helm",
          "count":1,
          "charge":221,
          "enchantmentCharge":-1
        },
        "1":{
          "refId":"orcish_cuirass",
          "count":1,
          "charge":859,
          "enchantmentCharge":-1
        },
        "2":{
          "refId":"orcish_greaves",
          "count":1,
          "charge":-1,
          "enchantmentCharge":-1
        },
        "3":{
          "refId":"orcish_pauldron_left",
          "count":1,
          "charge":-1,
          "enchantmentCharge":-1
        },
        "4":{
          "refId":"orcish_pauldron_right",
          "count":1,
          "charge":-1,
          "enchantmentCharge":-1
        },
        "5":{
          "refId":"orcish_bracer_left",
          "count":1,
          "charge":-1,
          "enchantmentCharge":-1
        },
        "6":{
          "refId":"orcish_bracer_right",
          "count":1,
          "charge":-1,
          "enchantmentCharge":-1
        },
        "7":{
          "refId":"orcish_boots",
          "count":1,
          "charge":-1,
          "enchantmentCharge":-1
        },
        "9":{
          "refId":"common_pants_03",
          "count":1,
          "charge":-1,
          "enchantmentCharge":-1
        }
      },
      "inventory":[{
          "refId":"orcish_bracer_right",
          "count":1,
          "charge":-1,
          "enchantmentCharge":-1,
          "soul":""
        },{
          "refId":"orcish_bracer_left",
          "count":1,
          "charge":-1,
          "enchantmentCharge":-1,
          "soul":""
        },{
          "refId":"orcish_boots",
          "count":1,
          "charge":-1,
          "enchantmentCharge":-1,
          "soul":""
        },{
          "refId":"orcish_greaves",
          "count":1,
          "charge":-1,
          "enchantmentCharge":-1,
          "soul":""
        },{
          "refId":"orcish_pauldron_right",
          "count":1,
          "charge":-1,
          "enchantmentCharge":-1,
          "soul":""
        },{
          "refId":"orcish_pauldron_left",
          "count":1,
          "charge":-1,
          "enchantmentCharge":-1,
          "soul":""
        },{
          "refId":"orcish_cuirass",
          "count":1,
          "charge":859,
          "enchantmentCharge":-1,
          "soul":""
        },{
          "refId":"orcish_helm",
          "count":1,
          "charge":221,
          "enchantmentCharge":-1,
          "soul":""
        },{
          "refId":"common_pants_03",
          "count":1,
          "charge":-1,
          "enchantmentCharge":-1,
          "soul":""
        },{
          "refId":"iron claymore",
          "count":1,
          "charge":1398,
          "enchantmentCharge":-1,
          "soul":""
        }],
      "killer":{
        "player":"Den"
      }
    },
    "238095-0":{
      "refId":"flora_rm_scathecraw_01",
      "inventory":[{
          "refId":"ingred_scathecraw_01",
          "count":1,
          "charge":-1,
          "enchantmentCharge":-1,
          "soul":""
        }]
    },
    "0-3596":{
      "refId":"golden saint",
      "location":{
        "posX":47850.625,
        "posZ":1051.0290527344,
        "posY":126362.578125,
        "rotX":0.035195577889681,
        "rotY":0,
        "rotZ":0.28176927566528
      },
      "stats":{
        "healthCurrent":0,
        "magickaCurrent":746,
        "healthModified":250,
        "fatigueBase":700,
        "fatigueModified":700,
        "healthBase":250,
        "magickaModified":755,
        "magickaBase":755,
        "fatigueCurrent":642.12573242188
      },
      "equipment":[],
      "inventory":[{
          "refId":"daedric_shield",
          "count":1,
          "charge":-1,
          "enchantmentCharge":-1,
          "soul":""
        },{
          "refId":"daedric_towershield",
          "count":1,
          "charge":1481,
          "enchantmentCharge":-1,
          "soul":""
        },{
          "refId":"ingred_daedras_heart_01",
          "count":1,
          "charge":-1,
          "enchantmentCharge":-1,
          "soul":""
        }],
      "killer":{
        "player":"Den"
      }
    },
    "238094-0":{
      "refId":"flora_fire_fern_03",
      "inventory":[{
          "refId":"ingred_fire_petal_01",
          "count":1,
          "charge":-1,
          "enchantmentCharge":-1,
          "soul":""
        }]
    },
    "0-3597":{
      "refId":"golden saint",
      "location":{
        "posX":44107.953125,
        "posZ":779.49304199219,
        "posY":125603.921875,
        "rotX":0.11176598072052,
        "rotY":0,
        "rotZ":0.20178937911987
      },
      "stats":{
        "healthCurrent":0,
        "magickaCurrent":755,
        "healthModified":250,
        "fatigueBase":700,
        "fatigueModified":700,
        "healthBase":250,
        "magickaModified":755,
        "magickaBase":755,
        "fatigueCurrent":526.80670166016
      },
      "equipment":[],
      "inventory":[{
          "refId":"imperial shield",
          "count":1,
          "charge":0,
          "enchantmentCharge":-1,
          "soul":""
        },{
          "refId":"ebony broadsword",
          "count":1,
          "charge":1792,
          "enchantmentCharge":-1,
          "soul":""
        }],
      "killer":{
        "player":"Den"
      }
    },
    "135244-0":{
      "refId":"ulam gro-shugham",
      "location":{
        "posX":45507.3828125,
        "posZ":705.02661132813,
        "posY":126318.953125,
        "rotX":0,
        "rotY":0,
        "rotZ":3.7999994754791
      },
      "stats":{
        "healthCurrent":0,
        "magickaCurrent":61,
        "healthModified":99,
        "fatigueBase":269,
        "fatigueModified":269,
        "healthBase":99,
        "magickaModified":88,
        "magickaBase":88,
        "fatigueCurrent":268.6591796875
      },
      "equipment":{
        "7":{
          "refId":"common_shoes_05",
          "count":1,
          "charge":-1,
          "enchantmentCharge":-1
        },
        "11":{
          "refId":"common_robe_05",
          "count":1,
          "charge":-1,
          "enchantmentCharge":-1
        },
        "12":{
          "refId":"common_ring_03",
          "count":1,