{
  "packets":{
    "actorList":["0-3600","0-3602","0-3604","0-3601","0-3804"],
    "ai":[],
    "cellChangeFrom":[],
    "cellChangeTo":[],
    "container":["358591-0","432332-0","432333-0","432344-0","432352-0"],
    "death":[],
    "delete":[],
    "doorState":[],
    "equipment":[],
    "lock":[],
    "place":[],
    "position":["0-3600","0-3602","0-3604","0-3601","0-3804"],
    "scale":[],
    "spawn":["0-3600","0-3602","0-3604","0-3601","0-3804"],
    "state":[],
    "statsDynamic":["0-3600","0-3602","0-3604","0-3601","0-3804"],
    "trap":[]
  },
  "entry":{
    "creationTime":1554870551,
    "description":"5, 16"
  },
  "lastVisit":{
    "the luch":1554873077,
    "Den":1554872208,
    "Fendryn":1555634590
  },
  "recordLinks":[],
  "objectData":{
    "432333-0":{
      "refId":"kollop_02_pearl",
      "inventory":[]
    },
    "358591-0":{
      "refId":"flora_kreshweed_02",
      "inventory":[{
          "refId":"ingred_kresh_fiber_01",
          "count":1,
          "charge":-1,
          "enchantmentCharge":-1,
          "soul":""
        }]
    },
    "0-3804":{
      "refId":"cliff racer",
      "location":{
        "posX":49125.80078125,
        "posZ":1115.7559814453,
        "posY":137190.59375,
        "rotX":0.0045993514358997,
        "rotY":0,
        "rotZ":-1.7176244258881
      },
      "stats":{
        "healthCurrent":45,
        "magickaCurrent":20,
        "fatigueModified":400,
        "fatigueBase":400,
        "healthBase":45,
        "healthModified":45,
        "magickaModified":20,
        "magickaBase":20,
        "fatigueCurrent":400
      }
    },
    "0-3604":{
      "refId":"slaughterfish",
      "location":{
        "posX":46987.5625,
        "posZ":-412.21578979492,
        "posY":139018.34375,
        "rotX":-0.05285794660449,
        "rotY":0,
        "rotZ":0.7894184589386
      },
      "stats":{
        "healthCurrent":23,
        "magickaCurrent":10,
        "healthModified":23,
        "fatigueBase":400,
        "fatigueModified":400,
        "healthBase":23,
        "magickaModified":10,
        "magickaBase":10,
        "fatigueCurrent":399.9762878418
      }
    },
    "432344-0":{
      "refId":"kollop_03_pearl",
      "inventory":[]
    },
    "0-3602":{
      "refId":"mudcrab",
      "location":{
        "posX":47554.71875,
        "posZ":95.983680725098,
        "posY":132118.59375,
        "rotX":0.020740129053593,
        "rotY":0,
        "rotZ":-1.5450122356415
      },
      "stats":{
        "healthCurrent":15,
        "magickaCurrent":5,
        "healthModified":15,
        "fatigueBase":400,
        "fatigueModified":400,
        "healthBase":15,
        "magickaModified":5,
        "magickaBase":5,
        "fatigueCurrent":400
      }
    },
    "0-3600":{
      "refId":"dreugh",
      "location":{
        "posX":48145.0703125,
        "posZ":-198.18482971191,
        "posY":134188.953125,
        "rotX":2.0639970898628e-05,
        "rotY":0,
        "rotZ":1.4329454898834
      },
      "stats":{
        "healthCurrent":60,
        "magickaCurrent":75,
        "healthModified":60,
        "fatigueBase":400,
        "fatigueModified":400,
        "healthBase":60,
        "magickaModified":75,
        "magickaBase":75,
        "fatigueCurrent":399.98864746094
      }
    },
    "432352-0":{
      "refId":"kollop_02_pearl",
      "inventory":[{
          "refId":"ingred_pearl_01",
          "count":1,
          "charge":-1,
          "enchantmentCharge":-1,
          "soul":""
        }]
    },
    "0-3601":{
      "refId":"shalk_blighted",
      "location":{
        "posX":40961.21484375,
        "posZ":1246.0965576172,
        "posY":133371.921875,
        "rotX":0.00062653981149197,
        "rotY":0,
        "rotZ":2.3831264972687
      },
      "stats":{
        "healthCurrent":80,
        "magickaCurrent":0,
        "healthModified":80,
        "fatigueBase":92,
        "fatigueModified":92,
        "healthBase":80,
        "magickaModified":0,
        "magickaBase":0,
        "fatigueCurrent":91.022857666016
      }
    },
    "432332-0":{
      "refId":"kollop_03_pearl",
      "inventory":[{
          "refId":"ingred_pearl_01",
          "count":1,
          "charge":-1,
          "enchantmentCharge":-1,
          "soul":""
        }]
    }
  }
}