{
  "packets":{
    "actorList":["0-2148","0-2149","0-2150","0-2151"],
    "ai":[],
    "cellChangeFrom":[],
    "cellChangeTo":[],
    "container":["458437-0","458475-0","458479-0","458488-0","458519-0","458522-0","458531-0","478015-0","0-2148"],
    "death":["0-2148"],
    "delete":[],
    "doorState":[],
    "equipment":[],
    "lock":[],
    "place":[],
    "position":["0-2148","0-2149","0-2150","0-2151"],
    "scale":[],
    "spawn":["0-2148","0-2149","0-2150","0-2151"],
    "state":[],
    "statsDynamic":["0-2148","0-2149","0-2150","0-2151"],
    "trap":[]
  },
  "entry":{
    "creationTime":1554660077,
    "description":"6, -14"
  },
  "lastVisit":{
    "Fendryn":1556254550
  },
  "recordLinks":[],
  "objectData":{
    "0-2148":{
      "refId":"nix-hound",
      "location":{
        "posX":54824.78125,
        "posZ":710.43286132813,
        "posY":-107137.765625,
        "rotX":-0.21393483877182,
        "rotY":0,
        "rotZ":-2.9341289997101
      },
      "stats":{
        "healthCurrent":0,
        "magickaCurrent":10,
        "healthModified":23,
        "fatigueBase":400,
        "fatigueModified":400,
        "healthBase":23,
        "magickaModified":10,
        "magickaBase":10,
        "fatigueCurrent":400
      },
      "inventory":[{
          "refId":"ingred_hound_meat_01",
          "count":1,
          "charge":-1,
          "enchantmentCharge":-1,
          "soul":""
        }],
      "killer":{
        "player":"Fendryn"
      }
    },
    "458479-0":{
      "refId":"kollop_03_pearl",
      "inventory":[]
    },
    "0-2151":{
      "refId":"slaughterfish",
      "location":{
        "posX":51634.078125,
        "posZ":-553.55065917969,
        "posY":-110130.234375,
        "rotX":1.1132168769836,
        "rotY":0,
        "rotZ":-2.4651777744293
      },
      "stats":{
        "healthCurrent":23,
        "magickaCurrent":10,
        "healthModified":23,
        "fatigueBase":400,
        "fatigueModified":400,
        "healthBase":23,
        "magickaModified":10,
        "magickaBase":10,
        "fatigueCurrent":399.98434448242
      }
    },
    "0-2150":{
      "refId":"slaughterfish_small",
      "location":{
        "posX":54421.125,
        "posZ":-383.00390625,
        "posY":-112822.09375,
        "rotX":1.8676742911339e-05,
        "rotY":0,
        "rotZ":1.916499376297
      },
      "stats":{
        "healthCurrent":15,
        "magickaCurrent":10,
        "healthModified":15,
        "fatigueBase":300,
        "fatigueModified":300,
        "healthBase":15,
        "magickaModified":10,
        "magickaBase":10,
        "fatigueCurrent":299.98434448242
      }
    },
    "458522-0":{
      "refId":"kollop_03_pearl",
      "inventory":[{
          "refId":"ingred_pearl_01",
          "count":1,
          "charge":-1,
          "enchantmentCharge":-1,
          "soul":""
        }]
    },
    "458437-0":{
      "refId":"kollop_02_pearl",
      "inventory":[]
    },
    "458488-0":{
      "refId":"kollop_03_pearl",
      "inventory":[]
    },
    "458475-0":{
      "refId":"kollop_02_pearl",
      "inventory":[{
          "refId":"ingred_pearl_01",
          "count":1,
          "charge":-1,
          "enchantmentCharge":-1,
          "soul":""
        }]
    },
    "458519-0":{
      "refId":"kollop_02_pearl",
      "inventory":[{
          "refId":"ingred_pearl_01",
          "count":1,
          "charge":-1,
          "enchantmentCharge":-1,
          "soul":""
        }]
    },
    "458531-0":{
      "refId":"kollop_03_pearl",
      "inventory":[{
          "refId":"ingred_pearl_01",
          "count":1,
          "charge":-1,
          "enchantmentCharge":-1,
          "soul":""
        }]
    },
    "478015-0":{
      "refId":"flora_comberry_01",
      "inventory":[{
          "refId":"ingred_comberry_01",
          "count":1,
          "charge":-1,
          "enchantmentCharge":-1,
          "soul":""
        }]
    },
    "0-2149":{
      "refId":"mudcrab-diseased",
      "location":{
        "posX":51546.3828125,
        "posZ":165.83320617676,
        "posY":-106912.5390625,
        "rotX":0,
        "rotY":0,
        "rotZ":-0.46899127960205
      },
      "stats":{
        "healthCurrent":15,
        "magickaCurrent":5,
        "healthModified":15,
        "fatigueBase":27,
        "fatigueModified":27,
        "healthBase":15,
        "magickaModified":5,
        "magickaBase":5,
        "fatigueCurrent":27
      }
    }
  }
}