{
  "packets":{
    "actorList":["0-3261","0-3262","0-3263","0-3264"],
    "ai":[],
    "cellChangeFrom":[],
    "cellChangeTo":[],
    "container":[],
    "death":[],
    "delete":[],
    "doorState":[],
    "equipment":[],
    "lock":[],
    "place":[],
    "position":["0-3261","0-3262","0-3263","0-3264"],
    "scale":[],
    "spawn":["0-3261","0-3262","0-3263","0-3264"],
    "state":[],
    "statsDynamic":["0-3261","0-3262","0-3263","0-3264"],
    "trap":[]
  },
  "entry":{
    "creationTime":1554786504,
    "description":"6, 1"
  },
  "lastVisit":{
    "Fendryn":1554786550
  },
  "recordLinks":[],
  "objectData":{
    "0-3261":{
      "refId":"cliff racer_blighted",
      "location":{
        "posX":55609.6171875,
        "posZ":3434.6059570313,
        "posY":9973.939453125,
        "rotX":0.04503707960248,
        "rotY":0,
        "rotZ":2.6880147457123
      },
      "stats":{
        "healthCurrent":90,
        "magickaCurrent":20,
        "healthModified":90,
        "fatigueBase":400,
        "fatigueModified":400,
        "healthBase":90,
        "magickaModified":20,
        "magickaBase":20,
        "fatigueCurrent":400
      }
    },
    "0-3262":{
      "refId":"kagouti_diseased",
      "location":{
        "posX":55372.04296875,
        "posZ":2452.7854003906,
        "posY":12919.2421875,
        "rotX":-0.32659730315208,
        "rotY":0,
        "rotZ":0.6760995388031
      },
      "stats":{
        "healthCurrent":45,
        "magickaCurrent":10,
        "healthModified":45,
        "fatigueBase":272,
        "fatigueModified":272,
        "healthBase":45,
        "magickaModified":10,
        "magickaBase":10,
        "fatigueCurrent":272
      }
    },
    "0-3263":{
      "refId":"guar_feral",
      "location":{
        "posX":55266.82421875,
        "posZ":2772.5483398438,
        "posY":15409.0625,
        "rotX":-1.3418021202087,
        "rotY":0,
        "rotZ":-1.570796251297
      },
      "stats":{
        "healthCurrent":38,
        "magickaCurrent":5,
        "healthModified":38,
        "fatigueBase":400,
        "fatigueModified":400,
        "healthBase":38,
        "magickaModified":5,
        "magickaBase":5,
        "fatigueCurrent":400
      }
    },
    "0-3264":{
      "refId":"cliff racer",
      "location":{
        "posX":53963.6796875,
        "posZ":4501.4111328125,
        "posY":15422.875,
        "rotX":0,
        "rotY":0,
        "rotZ":2.0778949260712
      },
      "stats":{
        "healthCurrent":45,
        "magickaCurrent":20,
        "healthModified":45,
        "fatigueBase":400,
        "fatigueModified":400,
        "healthBase":45,
        "magickaModified":20,
        "magickaBase":20,
        "fatigueCurrent":400
      }
    }
  }
}