{
  "packets":{
    "actorList":["0-1817","0-1818","0-1820","0-1821","0-1822","0-1823","0-1824"],
    "ai":[],
    "cellChangeFrom":[],
    "cellChangeTo":[],
    "container":["436780-0","436786-0","436787-0","436792-0","436793-0","436806-0","436816-0"],
    "death":[],
    "delete":[],
    "doorState":[],
    "equipment":[],
    "lock":[],
    "place":[],
    "position":["0-1817","0-1818","0-1820","0-1821","0-1822","0-1823","0-1824"],
    "scale":[],
    "spawn":["0-1817","0-1818","0-1820","0-1821","0-1822","0-1823","0-1824"],
    "state":[],
    "statsDynamic":["0-1817","0-1818","0-1820","0-1821","0-1822","0-1823","0-1824"],
    "trap":[]
  },
  "entry":{
    "creationTime":1554617380,
    "description":"6, 23"
  },
  "lastVisit":{
    "Den":1554692798,
    "Fendryn":1555634684
  },
  "recordLinks":[],
  "objectData":{
    "0-1820":{
      "refId":"dreugh",
      "location":{
        "posX":51478.01171875,
        "posZ":-79.379638671875,
        "posY":190403.796875,
        "rotX":0,
        "rotY":0,
        "rotZ":-1.7841651439667
      },
      "stats":{
        "healthCurrent":60,
        "magickaCurrent":75,
        "healthModified":60,
        "fatigueBase":400,
        "fatigueModified":400,
        "healthBase":60,
        "magickaModified":75,
        "magickaBase":75,
        "fatigueCurrent":400
      }
    },
    "436780-0":{
      "refId":"kollop_01_pearl",
      "inventory":[]
    },
    "436792-0":{
      "refId":"kollop_03_pearl",
      "inventory":[]
    },
    "436786-0":{
      "refId":"kollop_03_pearl",
      "inventory":[{
          "refId":"ingred_pearl_01",
          "count":1,
          "charge":-1,
          "enchantmentCharge":-1,
          "soul":""
        }]
    },
    "0-1823":{
      "refId":"dreugh",
      "location":{
        "posX":56103.46875,
        "posZ":-87.008766174316,
        "posY":192005.921875,
        "rotX":2.5443732738495e-06,
        "rotY":0,
        "rotZ":1.3323843479156
      },
      "stats":{
        "healthCurrent":60,
        "magickaCurrent":75,
        "healthModified":60,
        "fatigueBase":400,
        "fatigueModified":400,
        "healthBase":60,
        "magickaModified":75,
        "magickaBase":75,
        "fatigueCurrent":399.96954345703
      }
    },
    "0-1822":{
      "refId":"mudcrab",
      "location":{
        "posX":56441.91015625,
        "posZ":91.009757995605,
        "posY":190003.75,
        "rotX":-0.033446960151196,
        "rotY":0,
        "rotZ":-1.1963160037994
      },
      "stats":{
        "healthCurrent":15,
        "magickaCurrent":5,
        "healthModified":15,
        "fatigueBase":400,
        "fatigueModified":400,
        "healthBase":15,
        "magickaModified":5,
        "magickaBase":5,
        "fatigueCurrent":400
      }
    },
    "436787-0":{
      "refId":"kollop_02_pearl",
      "inventory":[{
          "refId":"ingred_pearl_01",
          "count":1,
          "charge":-1,
          "enchantmentCharge":-1,
          "soul":""
        }]
    },
    "0-1818":{
      "refId":"dreugh",
      "location":{
        "posX":53368.3203125,
        "posZ":-86.020263671875,
        "posY":191903.46875,
        "rotX":2.9478222131729e-05,
        "rotY":0,
        "rotZ":-0.48406505584717
      },
      "stats":{
        "healthCurrent":60,
        "magickaCurrent":75,
        "healthModified":60,
        "fatigueBase":400,
        "fatigueModified":400,
        "healthBase":60,
        "magickaModified":75,
        "magickaBase":75,
        "fatigueCurrent":399.96954345703
      }
    },
    "0-1821":{
      "refId":"dreugh",
      "location":{
        "posX":52050.2265625,
        "posZ":-20.127254486084,
        "posY":191384.75,
        "rotX":-0.36143359541893,
        "rotY":0,
        "rotZ":-0.28541874885559
      },
      "stats":{
        "healthCurrent":60,
        "magickaCurrent":75,
        "healthModified":60,
        "fatigueBase":400,
        "fatigueModified":400,
        "healthBase":60,
        "magickaModified":75,
        "magickaBase":75,
        "fatigueCurrent":400
      }
    },
    "0-1817":{
      "refId":"slaughterfish_small",
      "location":{
        "posX":52348.9453125,
        "posZ":-35.106510162354,
        "posY":190841.640625,
        "rotX":-0.00028027966618538,
        "rotY":0,
        "rotZ":2.0231792926788
      },
      "stats":{
        "healthCurrent":15,
        "magickaCurrent":10,
        "healthModified":15,
        "fatigueBase":300,
        "fatigueModified":300,
        "healthBase":15,
        "magickaModified":10,
        "magickaBase":10,
        "fatigueCurrent":299.96954345703
      }
    },
    "436816-0":{
      "refId":"kollop_01_pearl",
      "inventory":[{
          "refId":"ingred_pearl_01",
          "count":1,
          "charge":-1,
          "enchantmentCharge":-1,
          "soul":""
        }]
    },
    "0-1824":{
      "refId":"dreugh",
      "location":{
        "posX":55127.5703125,
        "posZ":-383.83465576172,
        "posY":196411.046875,
        "rotX":0.072493553161621,
        "rotY":0,
        "rotZ":0.12469053268433
      },
      "stats":{
        "healthCurrent":60,
        "magickaCurrent":75,
        "healthModified":60,
        "fatigueBase":400,
        "fatigueModified":400,
        "healthBase":60,
        "magickaModified":75,
        "magickaBase":75,
        "fatigueCurrent":399.96954345703
      }
    },
    "436806-0":{
      "refId":"kollop_03_pearl",
      "inventory":[]
    },
    "436793-0":{
      "refId":"kollop_02_pearl",
      "inventory":[{
          "refId":"ingred_pearl_01",
          "count":1,
          "charge":-1,
          "enchantmentCharge":-1,
          "soul":""
        }]
    }
  }
}