{
  "packets":{
    "actorList":["0-2123","275008-0","275009-0","275007-0","275006-0"],
    "ai":[],
    "cellChangeFrom":["275007-0"],
    "cellChangeTo":["275005-0","341010-0","275004-0"],
    "container":["323711-0","323715-0","323720-0","323721-0","323727-0","323747-0","457047-0","457055-0","457062-0","457069-0","275008-0","275009-0","275007-0","275006-0"],
    "death":[],
    "delete":[],
    "doorState":[],
    "equipment":["275008-0","275009-0"],
    "lock":[],
    "place":[],
    "position":["275008-0","275009-0","0-2123","275007-0","275006-0"],
    "scale":[],
    "spawn":["0-2123"],
    "state":[],
    "statsDynamic":["275008-0","275009-0","0-2123","275007-0","275006-0"],
    "trap":[]
  },
  "entry":{
    "creationTime":1554659948,
    "description":"7, -12"
  },
  "lastVisit":{
    "Fendryn":1555632505,
    "Den":1555632750,
    "DizzyDasher":1554862820
  },
  "recordLinks":[],
  "objectData":{
    "0-2123":{
      "refId":"rat",
      "location":{
        "posX":58501.9140625,
        "posZ":680.35083007813,
        "posY":-96782.5625,
        "rotX":-0.85845756530762,
        "rotY":0,
        "rotZ":-0.3166491985321
      },
      "stats":{
        "healthCurrent":23,
        "magickaCurrent":10,
        "healthModified":23,
        "fatigueBase":300,
        "fatigueModified":300,
        "healthBase":23,
        "magickaModified":10,
        "magickaBase":10,
        "fatigueCurrent":300
      }
    },
    "323711-0":{
      "refId":"flora_heather_01",
      "inventory":[{
          "refId":"ingred_heather_01",
          "count":2,
          "charge":-1,
          "enchantmentCharge":-1,
          "soul":""
        }]
    },
    "275009-0":{
      "refId":"hlaalu sharpshooter",
      "location":{
        "posX":58630.08984375,
        "posZ":1129.4771728516,
        "posY":-92931.0546875,
        "rotX":0,
        "rotY":0,
        "rotZ":5.9831857681274
      },
      "stats":{
        "healthCurrent":193,
        "magickaCurrent":172,
        "healthModified":193,
        "fatigueBase":294,
        "fatigueModified":294,
        "healthBase":193,
        "magickaModified":172,
        "magickaBase":172,
        "fatigueCurrent":294
      },
      "equipment":{
        "0":{
          "refId":"bonemold_armun-an_helm",
          "count":1,
          "charge":-1,
          "enchantmentCharge":-1
        },
        "1":{
          "refId":"bonemold_armun-an_cuirass",
          "count":1,
          "charge":-1,
          "enchantmentCharge":-1
        },
        "2":{
          "refId":"bonemold_greaves",
          "count":1,
          "charge":-1,
          "enchantmentCharge":-1
        },
        "3":{
          "refId":"bonemold_armun-an_pauldron_l",
          "count":1,
          "charge":-1,
          "enchantmentCharge":-1
        },
        "4":{
          "refId":"bonemold_armun-an_pauldron_r",
          "count":1,
          "charge":-1,
          "enchantmentCharge":-1
        },
        "5":{
          "refId":"bonemold_bracer_left",
          "count":1,
          "charge":-1,
          "enchantmentCharge":-1
        },
        "6":{
          "refId":"bonemold_bracer_right",
          "count":1,
          "charge":-1,
          "enchantmentCharge":-1
        },
        "7":{
          "refId":"bonemold_boots",
          "count":1,
          "charge":-1,
          "enchantmentCharge":-1
        },
        "9":{
          "refId":"expensive_pants_01_e",
          "count":1,
          "charge":-1,
          "enchantmentCharge":-1
        },
        "16":{
          "refId":"steel longbow",
          "count":1,
          "charge":-1,
          "enchantmentCharge":-1
        },
        "17":{
          "refId":"bonemold_tshield_hlaaluguard",
          "count":1,
          "charge":-1,
          "enchantmentCharge":-1
        }
      },
      "inventory":[{
          "refId":"bonemold_bracer_right",
          "count":1,
          "charge":-1,
          "enchantmentCharge":-1,
          "soul":""
        },{
          "refId":"bonemold_bracer_left",
          "count":1,
          "charge":-1,
          "enchantmentCharge":-1,
          "soul":""
        },{
          "refId":"bonemold_tshield_hlaaluguard",
          "count":1,
          "charge":-1,
          "enchantmentCharge":-1,
          "soul":""
        },{
          "refId":"bonemold_boots",
          "count":1,
          "charge":-1,
          "enchantmentCharge":-1,
          "soul":""
        },{
          "refId":"bonemold_greaves",
          "count":1,
          "charge":-1,
          "enchantmentCharge":-1,
          "soul":""
        },{
          "refId":"bonemold_armun-an_pauldron_r",
          "count":1,
          "charge":-1,
          "enchantmentCharge":-1,
          "soul":""
        },{
          "refId":"bonemold_armun-an_pauldron_l",
          "count":1,
          "charge":-1,
          "enchantmentCharge":-1,
          "soul":""
        },{
          "refId":"bonemold_armun-an_cuirass",
          "count":1,
          "charge":-1,
          "enchantmentCharge":-1,
          "soul":""
        },{
          "refId":"bonemold_armun-an_helm",
          "count":1,
          "charge":-1,
          "enchantmentCharge":-1,
          "soul":""
        },{
          "refId":"expensive_pants_01_e",
          "count":1,
          "charge":-1,
          "enchantmentCharge":-1,
          "soul":""
        },{
          "refId":"steel arrow",
          "count":20,
          "charge":-1,
          "enchantmentCharge":-1,
          "soul":""
        },{
          "refId":"steel longbow",
          "count":1,
          "charge":-1,
          "enchantmentCharge":-1,
          "soul":""
        }]
    },
    "323747-0":{
      "refId":"urn_02_food",
      "inventory":[{
          "refId":"ingred_scuttle_01",
          "count":4,
          "charge":-1,
          "enchantmentCharge":-1,
          "soul":""
        }]
    },
    "341010-0":{
      "cellChangeTo":"7, -11"
    },
    "323720-0":{
      "refId":"urn_04_food",
      "inventory":[{
          "refId":"ingred_scuttle_01",
          "count":4,
          "charge":-1,
          "enchantmentCharge":-1,
          "soul":""
        }]
    },
    "457055-0":{
      "refId":"kollop_03_pearl",
      "inventory":[]
    },
    "275004-0":{
      "cellChangeTo":"6, -12"
    },
    "275006-0":{
      "refId":"netch_bull_ranched",
      "location":{
        "posX":57746.9921875,
        "posZ":926.97637939453,
        "posY":-95233.46875,
        "rotX":0.085436128079891,
        "rotY":0,
        "rotZ":2.3467195034027
      },
      "stats":{
        "healthCurrent":45,
        "magickaCurrent":20,
        "fatigueModified":400,
        "fatigueBase":400,
        "healthBase":45,
        "healthModified":45,
        "magickaModified":20,
        "magickaBase":20,
        "fatigueCurrent":400
      },
      "inventory":[{
          "refId":"ingred_netch_leather_01",
          "count":3,
          "charge":-1,
          "enchantmentCharge":-1,
          "soul":""
        }]
    },
    "457047-0":{
      "refId":"kollop_03_pearl",
      "inventory":[]
    },
    "275008-0":{
      "refId":"hlaalu guard",
      "location":{
        "posX":58304.5,
        "posZ":668.79626464844,
        "posY":-92870.8125,
        "rotX":0,
        "rotY":0,
        "rotZ":5.5831861495972
      },
      "stats":{
        "healthCurrent":210,
        "magickaCurrent":122,
        "healthModified":210,
        "fatigueBase":307,
        "fatigueModified":307,
        "healthBase":210,
        "magickaModified":122,
        "magickaBase":122,
        "fatigueCurrent":307
      },
      "equipment":{
        "0":{
          "refId":"bonemold_armun-an_helm",
          "count":1,
          "charge":-1,
          "enchantmentCharge":-1
        },
        "1":{
          "refId":"bonemold_armun-an_cuirass",
          "count":1,
          "charge":-1,
          "enchantmentCharge":-1
        },
        "2":{
          "refId":"bonemold_greaves",