{
  "packets":{
    "actorList":["0-3188","0-3192","0-3190","0-2111","0-3187","0-3191","0-3186","0-2112"],
    "ai":[],
    "cellChangeFrom":[],
    "cellChangeTo":[],
    "container":["456800-0","456804-0","456813-0","456816-0","456824-0","456831-0","456837-0","0-2112"],
    "death":["0-2112"],
    "delete":[],
    "doorState":[],
    "equipment":[],
    "lock":[],
    "place":[],
    "position":["0-3188","0-3192","0-3190","0-2111","0-3187","0-3191","0-3186","0-2112"],
    "scale":[],
    "spawn":["0-3188","0-3192","0-3190","0-2111","0-3187","0-3191","0-3186","0-2112"],
    "state":[],
    "statsDynamic":["0-3188","0-3192","0-3190","0-2111","0-3187","0-3191","0-3186","0-2112"],
    "trap":[]
  },
  "entry":{
    "creationTime":1554659914,
    "description":"7, -10"
  },
  "lastVisit":{
    "Fendryn":1555632505,
    "Den":1555632747,
    "DizzyDasher":1554862750
  },
  "recordLinks":[],
  "objectData":{
    "456824-0":{
      "refId":"kollop_03_pearl",
      "inventory":[]
    },
    "0-3190":{
      "refId":"slaughterfish_small",
      "location":{
        "posX":62658.0078125,
        "posZ":-34.118106842041,
        "posY":-79796.640625,
        "rotX":2.693384885788e-05,
        "rotY":0,
        "rotZ":-1.714950799942
      },
      "stats":{
        "healthCurrent":15,
        "magickaCurrent":10,
        "healthModified":15,
        "fatigueBase":300,
        "fatigueModified":300,
        "healthBase":15,
        "magickaModified":10,
        "magickaBase":10,
        "fatigueCurrent":299.65045166016
      }
    },
    "456837-0":{
      "refId":"kollop_02_pearl",
      "inventory":[]
    },
    "0-3191":{
      "refId":"slaughterfish",
      "location":{
        "posX":57476.7421875,
        "posZ":-259.94421386719,
        "posY":-80293.109375,
        "rotX":0.0028459383174777,
        "rotY":0,
        "rotZ":3.1181881427765
      },
      "stats":{
        "healthCurrent":23,
        "magickaCurrent":10,
        "healthModified":23,
        "fatigueBase":400,
        "fatigueModified":400,
        "healthBase":23,
        "magickaModified":10,
        "magickaBase":10,
        "fatigueCurrent":399.95471191406
      }
    },
    "456804-0":{
      "refId":"kollop_03_pearl",
      "inventory":[{
          "refId":"ingred_pearl_01",
          "count":1,
          "charge":-1,
          "enchantmentCharge":-1,
          "soul":""
        }]
    },
    "0-3192":{
      "refId":"slaughterfish_small",
      "location":{
        "posX":58802.7109375,
        "posZ":-357.97842407227,
        "posY":-76343.9765625,
        "rotX":0.016753764823079,
        "rotY":0,
        "rotZ":-2.1169626712799
      },
      "stats":{
        "healthCurrent":15,
        "magickaCurrent":10,
        "healthModified":15,
        "fatigueBase":300,
        "fatigueModified":300,
        "healthBase":15,
        "magickaModified":10,
        "magickaBase":10,
        "fatigueCurrent":299.75143432617
      }
    },
    "0-2112":{
      "refId":"slaughterfish",
      "location":{
        "posX":63239.42578125,
        "posZ":-140.99031066895,
        "posY":-73822.3125,
        "rotX":-0.20090107619762,
        "rotY":0,
        "rotZ":3.061648607254
      },
      "stats":{
        "healthCurrent":0,
        "magickaCurrent":10,
        "healthModified":23,
        "fatigueBase":400,
        "fatigueModified":400,
        "healthBase":23,
        "magickaModified":10,
        "magickaBase":10,
        "fatigueCurrent":385.85968017578
      },
      "inventory":[],
      "killer":{
        "player":"Den"
      }
    },
    "0-2111":{
      "refId":"mudcrab-diseased",
      "location":{
        "posX":60346.609375,
        "posZ":46.052421569824,
        "posY":-73859.1484375,
        "rotX":0.0040899664163589,
        "rotY":0,
        "rotZ":2.1384379863739
      },
      "stats":{
        "healthCurrent":15,
        "magickaCurrent":5,
        "healthModified":15,
        "fatigueBase":27,
        "fatigueModified":27,
        "healthBase":15,
        "magickaModified":5,
        "magickaBase":5,
        "fatigueCurrent":27
      }
    },
    "456816-0":{
      "refId":"kollop_03_pearl",
      "inventory":[{
          "refId":"ingred_pearl_01",
          "count":1,
          "charge":-1,
          "enchantmentCharge":-1,
          "soul":""
        }]
    },
    "0-3188":{
      "refId":"mudcrab",
      "location":{
        "posX":61628.74609375,
        "posZ":79.09693145752,
        "posY":-78668.046875,
        "rotX":0.038600385189056,
        "rotY":0,
        "rotZ":-0.46940064430237
      },
      "stats":{
        "healthCurrent":15,
        "magickaCurrent":5,
        "healthModified":15,
        "fatigueBase":400,
        "fatigueModified":400,
        "healthBase":15,
        "magickaModified":5,
        "magickaBase":5,
        "fatigueCurrent":400
      }
    },
    "456831-0":{
      "refId":"kollop_02_pearl",
      "inventory":[]
    },
    "456800-0":{
      "refId":"kollop_02_pearl",
      "inventory":[{
          "refId":"ingred_pearl_01",
          "count":1,
          "charge":-1,
          "enchantmentCharge":-1,
          "soul":""
        }]
    },
    "0-3187":{
      "refId":"slaughterfish_small",
      "location":{
        "posX":61195.27734375,
        "posZ":-41.623115539551,
        "posY":-75945.65625,
        "rotX":-0.0072682285681367,
        "rotY":0,
        "rotZ":-1.9227945804596
      },
      "stats":{
        "healthCurrent":15,
        "magickaCurrent":10,
        "healthModified":15,
        "fatigueBase":300,
        "fatigueModified":300,
        "healthBase":15,
        "magickaModified":10,
        "magickaBase":10,
        "fatigueCurrent":248.4718170166
      }
    },
    "456813-0":{
      "refId":"kollop_03_pearl",
      "inventory":[{
          "refId":"ingred_pearl_01",
          "count":1,
          "charge":-1,
          "enchantmentCharge":-1,
          "soul":""
        }]
    },
    "0-3186":{
      "refId":"slaughterfish_small",
      "location":{
        "posX":61234.0859375,
        "posZ":-39.388603210449,
        "posY":-75991.8046875,
        "rotX":-0.010957998223603,
        "rotY":0,
        "rotZ":-1.9127538204193
      },
      "stats":{
        "healthCurrent":15,
        "magickaCurrent":10,
        "healthModified":15,
        "fatigueBase":300,
        "fatigueModified":300,
        "healthBase":15,
        "magickaModified":10,
        "magickaBase":10,
        "fatigueCurrent":266.06454467773
      }
    }
  }
}