{
  "packets":{
    "actorList":["0-3273","0-3274","0-3275","276561-0","276562-0","0-3266"],
    "ai":[],
    "cellChangeFrom":[],
    "cellChangeTo":[],
    "container":["276564-0","396690-0","396691-0","396692-0","396693-0","396694-0","396703-0","396716-0","276561-0","276562-0"],
    "death":[],
    "delete":[],
    "doorState":[],
    "equipment":["276561-0","276562-0"],
    "lock":[],
    "place":[],
    "position":["0-3266","276561-0","276562-0","0-3273","0-3274","0-3275"],
    "scale":[],
    "spawn":["0-3273","0-3274","0-3275","0-3266"],
    "state":[],
    "statsDynamic":["0-3266","276561-0","276562-0","0-3273","0-3274","0-3275"],
    "trap":[]
  },
  "entry":{
    "creationTime":1554786532,
    "description":"7, 2"
  },
  "lastVisit":{
    "Fendryn":1554786550
  },
  "recordLinks":[],
  "objectData":{
    "396693-0":{
      "refId":"flora_fire_fern_01",
      "inventory":[]
    },
    "396692-0":{
      "refId":"flora_fire_fern_01",
      "inventory":[]
    },
    "0-3266":{
      "refId":"cliff racer",
      "location":{
        "posX":57902.2890625,
        "posZ":4703.3427734375,
        "posY":21781.666015625,
        "rotX":0,
        "rotY":0,
        "rotZ":0.40697073936462
      },
      "stats":{
        "healthCurrent":45,
        "magickaCurrent":20,
        "healthModified":45,
        "fatigueBase":400,
        "magickaModified":20,
        "fatigueModified":400,
        "healthBase":45,
        "magickaBase":20,
        "fatigueCurrent":400
      }
    },
    "0-3274":{
      "refId":"kagouti",
      "location":{
        "posX":60202.2890625,
        "posZ":2626.3317871094,
        "posY":20549.00390625,
        "rotX":-0.95114296674728,
        "rotY":0,
        "rotZ":2.277640581131
      },
      "stats":{
        "healthCurrent":45,
        "magickaCurrent":10,
        "healthModified":45,
        "fatigueBase":400,
        "fatigueModified":400,
        "healthBase":45,
        "magickaModified":10,
        "magickaBase":10,
        "fatigueCurrent":400
      }
    },
    "0-3275":{
      "refId":"cliff racer",
      "location":{
        "posX":63122.18359375,
        "posZ":4997.5385742188,
        "posY":19400.6171875,
        "rotX":0,
        "rotY":0,
        "rotZ":-2.2186691761017
      },
      "stats":{
        "healthCurrent":45,
        "magickaCurrent":20,
        "healthModified":45,
        "fatigueBase":400,
        "fatigueModified":400,
        "healthBase":45,
        "magickaModified":20,
        "magickaBase":20,
        "fatigueCurrent":400
      }
    },
    "276561-0":{
      "refId":"abibaal assillariran",
      "location":{
        "posX":64107.6796875,
        "posZ":2765.1064453125,
        "posY":23103.2109375,
        "rotX":-0.031082306057215,
        "rotY":0,
        "rotZ":1.6869461536407
      },
      "stats":{
        "healthCurrent":90,
        "magickaCurrent":92,
        "healthModified":90,
        "fatigueBase":223,
        "fatigueModified":223,
        "healthBase":90,
        "magickaModified":92,
        "magickaBase":92,
        "fatigueCurrent":223
      },
      "equipment":{
        "1":{
          "refId":"netch_leather_boiled_cuirass",
          "count":1,
          "charge":-1,
          "enchantmentCharge":-1
        },
        "2":{
          "refId":"netch_leather_greaves",
          "count":1,
          "charge":-1,
          "enchantmentCharge":-1
        },
        "4":{
          "refId":"netch_leather_pauldron_right",
          "count":1,
          "charge":-1,
          "enchantmentCharge":-1
        },
        "7":{
          "refId":"netch_leather_boots",
          "count":1,
          "charge":-1,
          "enchantmentCharge":-1
        },
        "8":{
          "refId":"common_shirt_01_z",
          "count":1,
          "charge":-1,
          "enchantmentCharge":-1
        },
        "9":{
          "refId":"common_pants_01_z",
          "count":1,
          "charge":-1,
          "enchantmentCharge":-1
        },
        "16":{
          "refId":"chitin short bow",
          "count":1,
          "charge":-1,
          "enchantmentCharge":-1
        }
      },
      "inventory":[{
          "refId":"netch_leather_boots",
          "count":1,
          "charge":-1,
          "enchantmentCharge":-1,
          "soul":""
        },{
          "refId":"netch_leather_greaves",
          "count":1,
          "charge":-1,
          "enchantmentCharge":-1,
          "soul":""
        },{
          "refId":"netch_leather_pauldron_right",
          "count":1,
          "charge":-1,
          "enchantmentCharge":-1,
          "soul":""
        },{
          "refId":"netch_leather_boiled_cuirass",
          "count":1,
          "charge":-1,
          "enchantmentCharge":-1,
          "soul":""
        },{
          "refId":"common_shirt_01_z",
          "count":1,
          "charge":-1,
          "enchantmentCharge":-1,
          "soul":""
        },{
          "refId":"common_shoes_01",
          "count":1,
          "charge":-1,
          "enchantmentCharge":-1,
          "soul":""
        },{
          "refId":"common_pants_01_z",
          "count":1,
          "charge":-1,
          "enchantmentCharge":-1,
          "soul":""
        },{
          "refId":"chitin arrow",
          "count":40,
          "charge":-1,
          "enchantmentCharge":-1,
          "soul":""
        },{
          "refId":"chitin short bow",
          "count":1,
          "charge":-1,
          "enchantmentCharge":-1,
          "soul":""
        },{
          "refId":"chitin war axe",
          "count":1,
          "charge":-1,
          "enchantmentCharge":-1,
          "soul":""
        }]
    },
    "276564-0":{
      "refId":"de_p_chest_02_gold_50",
      "inventory":[{
          "refId":"gold_001",
          "count":50,
          "charge":-1,
          "enchantmentCharge":-1,
          "soul":""
        }]
    },
    "0-3273":{
      "refId":"guar_feral",
      "location":{
        "posX":58626.9453125,
        "posZ":2884.26953125,
        "posY":18205.361328125,
        "rotX":1.3168590068817,
        "rotY":0,
        "rotZ":2.3933479785919
      },
      "stats":{
        "healthCurrent":38,
        "magickaCurrent":5,
        "healthModified":38,
        "fatigueBase":400,
        "fatigueModified":400,
        "healthBase":38,
        "magickaModified":5,
        "magickaBase":5,
        "fatigueCurrent":400
      }
    },
    "276562-0":{
      "refId":"zelaku assarrapanat",
      "location":{
        "posX":63793.27734375,
        "posZ":2814.4643554688,
        "posY":22810.775390625,
        "rotX":0.17360435426235,
        "rotY":0,
        "rotZ":2.1984255313873
      },
      "stats":{
        "healthCurrent":103,
        "magickaCurrent":92,
        "healthModified":103,
        "fatigueBase":221,
        "fatigueModified":221,
        "healthBase":103,
        "magickaModified":92,
        "magickaBase":92,
        "fatigueCurrent":221
      },
      "equipment":{
        "0":{
          "refId":"netch_leather_boiled_helm",
          "count":1,
          "charge":-1,
          "enchantmentCharge":-1
        },
        "1":{
          "refId":"netch_leather_boiled_cuirass",
          "count":1,
          "charge":-1,
          "enchantmentCharge":-1
        },
        "5":{
          "refId":"netch_leather_gauntlet_left",
          "count":1,
          "charge":-1,
          "enchantmentCharge":-1
        },
        "6":{
          "refId":"netch_leather_gauntlet_right",
          "count":1,
          "charge":-1,
          "enchantmentCharge":-1
        },
        "7":{
          "refId":"netch_leather_boots",
          "count":1,
          "charge":-1,
          "enchantmentCharge":-1
        },
        "8":{
          "refId":"common_shirt_01_z",
          "count":1,
          "charge":-1,
          "enchantmentCharge":-1
        },
        "9":{
          "refId":"common_pants_03_c",
          "count":1,
          "charge":-1,