{
  "packets":{
    "actorList":["0-4383","0-4384","0-4385","0-4386","0-4387","0-4388","0-4389","355136-0","0-1830"],
    "ai":[],
    "cellChangeFrom":[],
    "cellChangeTo":[],
    "container":["313066-0","436233-0","436251-0","436271-0","436285-0","436288-0","436301-0","436330-0","436338-0","436339-0","436345-0","436346-0","436360-0","436363-0","355136-0"],
    "death":[],
    "delete":[],
    "doorState":[],
    "equipment":[],
    "lock":[],
    "place":[],
    "position":["355136-0","0-4383","0-4384","0-4385","0-4386","0-4387","0-4388","0-4389","0-1830"],
    "scale":[],
    "spawn":["0-4383","0-4384","0-4385","0-4386","0-4387","0-4388","0-4389","0-1830"],
    "state":[],
    "statsDynamic":["355136-0","0-4383","0-4384","0-4385","0-4386","0-4387","0-4388","0-4389","0-1830"],
    "trap":[]
  },
  "entry":{
    "creationTime":1555633459,
    "description":"7, 24"
  },
  "lastVisit":{
    "Fendryn":1555634689
  },
  "recordLinks":[],
  "objectData":{
    "436288-0":{
      "refId":"kollop_03_pearl",
      "inventory":[]
    },
    "0-4383":{
      "refId":"mudcrab",
      "location":{
        "posX":62308.67578125,
        "posZ":86.592086791992,
        "posY":196618.96875,
        "rotX":-0.66810655593872,
        "rotY":0,
        "rotZ":2.9454033374786
      },
      "stats":{
        "healthCurrent":15,
        "magickaCurrent":5,
        "healthModified":15,
        "fatigueBase":400,
        "fatigueModified":400,
        "healthBase":15,
        "magickaModified":5,
        "magickaBase":5,
        "fatigueCurrent":400
      }
    },
    "0-4386":{
      "refId":"slaughterfish",
      "location":{
        "posX":61434.59765625,
        "posZ":-1446.4577636719,
        "posY":204604.90625,
        "rotX":0,
        "rotY":0,
        "rotZ":-0.27883863449097
      },
      "stats":{
        "healthCurrent":23,
        "magickaCurrent":10,
        "healthModified":23,
        "fatigueBase":400,
        "fatigueModified":400,
        "healthBase":23,
        "magickaModified":10,
        "magickaBase":10,
        "fatigueCurrent":399.5
      }
    },
    "436339-0":{
      "refId":"kollop_02_pearl",
      "inventory":[]
    },
    "0-1830":{
      "refId":"cliff racer",
      "location":{
        "posX":60765.84375,
        "posZ":544.92108154297,
        "posY":196634.40625,
        "rotX":-0.00017022527754307,
        "rotY":0,
        "rotZ":0.37386465072632
      },
      "stats":{
        "healthCurrent":45,
        "magickaCurrent":20,
        "fatigueModified":400,
        "fatigueBase":400,
        "healthBase":45,
        "healthModified":45,
        "magickaModified":20,
        "magickaBase":20,
        "fatigueCurrent":400
      }
    },
    "0-4384":{
      "refId":"mudcrab-diseased",
      "location":{
        "posX":60391.7265625,
        "posZ":45.250549316406,
        "posY":197064.25,
        "rotX":-0.2393697053194,
        "rotY":0,
        "rotZ":-1.3185513019562
      },
      "stats":{
        "healthCurrent":15,
        "magickaCurrent":5,
        "healthModified":15,
        "fatigueBase":27,
        "fatigueModified":27,
        "healthBase":15,
        "magickaModified":5,
        "magickaBase":5,
        "fatigueCurrent":27
      }
    },
    "0-4387":{
      "refId":"slaughterfish_small",
      "location":{
        "posX":63819.15234375,
        "posZ":-471.39492797852,
        "posY":201867.5,
        "rotX":0,
        "rotY":0,
        "rotZ":-0.71400260925293
      },
      "stats":{
        "healthCurrent":15,
        "magickaCurrent":10,
        "healthModified":15,
        "fatigueBase":300,
        "fatigueModified":300,
        "healthBase":15,
        "magickaModified":10,
        "magickaBase":10,
        "fatigueCurrent":299.5
      }
    },
    "436233-0":{
      "refId":"kollop_03_pearl",
      "inventory":[]
    },
    "436330-0":{
      "refId":"kollop_01_pearl",
      "inventory":[{
          "refId":"ingred_pearl_01",
          "count":1,
          "charge":-1,
          "enchantmentCharge":-1,
          "soul":""
        }]
    },
    "0-4385":{
      "refId":"slaughterfish_small",
      "location":{
        "posX":60238.703125,
        "posZ":-851.244140625,
        "posY":198898.390625,
        "rotX":0,
        "rotY":0,
        "rotZ":-1.3923857212067
      },
      "stats":{
        "healthCurrent":15,
        "magickaCurrent":10,
        "healthModified":15,
        "fatigueBase":300,
        "fatigueModified":300,
        "healthBase":15,
        "magickaModified":10,
        "magickaBase":10,
        "fatigueCurrent":299.5
      }
    },
    "0-4388":{
      "refId":"dreugh",
      "location":{
        "posX":61195.8046875,
        "posZ":-340.32540893555,
        "posY":203439.859375,
        "rotX":0,
        "rotY":0,
        "rotZ":0.70408606529236
      },
      "stats":{
        "healthCurrent":60,
        "magickaCurrent":75,
        "healthModified":60,
        "fatigueBase":400,
        "fatigueModified":400,
        "healthBase":60,
        "magickaModified":75,
        "magickaBase":75,
        "fatigueCurrent":399.5
      }
    },
    "436271-0":{
      "refId":"kollop_03_pearl",
      "inventory":[]
    },
    "355136-0":{
      "refId":"slaughterfish",
      "location":{
        "posX":62797.8984375,
        "posZ":-134.55487060547,
        "posY":198286.703125,
        "rotX":0,
        "rotY":0,
        "rotZ":-1.4520723819733
      },
      "stats":{
        "healthCurrent":23,
        "magickaCurrent":10,
        "healthModified":23,
        "fatigueBase":400,
        "fatigueModified":400,
        "healthBase":23,
        "magickaModified":10,
        "magickaBase":10,
        "fatigueCurrent":399.93032836914
      },
      "inventory":[]
    },
    "436363-0":{
      "refId":"kollop_03_pearl",
      "inventory":[{
          "refId":"ingred_pearl_01",
          "count":1,
          "charge":-1,
          "enchantmentCharge":-1,
          "soul":""
        }]
    },
    "436360-0":{
      "refId":"kollop_01_pearl",
      "inventory":[]
    },
    "436285-0":{
      "refId":"kollop_01_pearl",
      "inventory":[{
          "refId":"ingred_pearl_01",
          "count":1,
          "charge":-1,
          "enchantmentCharge":-1,
          "soul":""
        }]
    },
    "313066-0":{
      "refId":"com_chest_01_misc04",
      "inventory":[{
          "refId":"imperial left pauldron",
          "count":1,
          "charge":-1,
          "enchantmentCharge":-1,
          "soul":""
        },{
          "refId":"steel staff",
          "count":1,
          "charge":-1,
          "enchantmentCharge":-1,
          "soul":""
        },{
          "refId":"steel axe",
          "count":1,
          "charge":-1,
          "enchantmentCharge":-1,
          "soul":""
        },{
          "refId":"chitin war axe",
          "count":1,
          "charge":-1,
          "enchantmentCharge":-1,
          "soul":""
        },{
          "refId":"steel tanto",
          "count":1,
          "charge":-1,
          "enchantmentCharge":-1,
          "soul":""
        }]
    },
    "436345-0":{
      "refId":"kollop_03_pearl",
      "inventory":[]
    },
    "436251-0":{
      "refId":"kollop_01_pearl",
      "inventory":[]
    },
    "436338-0":{
      "refId":"kollop_03_pearl",
      "inventory":[]
    },
    "436301-0":{
      "refId":"kollop_01_pearl",
      "inventory":[]
    },
    "436346-0":{
      "refId":"kollop_02_pearl",
      "inventory":[]
    },
    "0-4389":{
      "refId":"slaughterfish",
      "location":{
        "posX":64403.0234375,
        "posZ":-37.376754760742,
        "posY":199717.78125,
        "rotX":-0.052958570420742,
        "rotY":0,
        "rotZ":1.6977436542511
      },
      "stats":{
        "healthCurrent":23,
        "magickaCurrent":10,
        "healthModified":23,
        "fatigueBase":400,
        "fatigueModified":400,
        "healthBase":23,
        "magickaModified":10,
        "magickaBase":10,
        "fatigueCurrent":400
      }
    }
  }
}