{
  "packets":{
    "actorList":["0-2137","0-2138","0-2139","0-2141","0-2142","0-2175","232012-0","0-2140"],
    "ai":[],
    "cellChangeFrom":["232012-0"],
    "cellChangeTo":[],
    "container":["279150-0","279151-0","118244-0","118245-0","118246-0","118247-0","118248-0","118249-0","118250-0","118251-0","118253-0","118273-0","118274-0","456433-0","456437-0","456439-0","456455-0","456479-0","456487-0","456488-0","0-2137","0-2175","0-2138","0-2142","0-2141","232012-0"],
    "death":["0-2137","0-2175","0-2138","0-2142","0-2141"],
    "delete":[],
    "doorState":[],
    "equipment":[],
    "lock":[],
    "place":[],
    "position":["0-2137","0-2138","0-2139","0-2141","0-2142","0-2140","0-2175","232012-0"],
    "scale":[],
    "spawn":["0-2137","0-2138","0-2139","0-2141","0-2142","0-2175","0-2140"],
    "state":[],
    "statsDynamic":["0-2137","0-2138","0-2139","0-2141","0-2142","0-2140","0-2175","232012-0"],
    "trap":[]
  },
  "entry":{
    "creationTime":1554660018,
    "description":"8, -13"
  },
  "lastVisit":{
    "Fendryn":1555632464,
    "DizzyDasher":1554862797
  },
  "recordLinks":[],
  "objectData":{
    "118246-0":{
      "refId":"flora_marshmerrow_01",
      "inventory":[]
    },
    "0-2140":{
      "refId":"mudcrab",
      "location":{
        "posX":73528.90625,
        "posZ":64.521667480469,
        "posY":-101689.9921875,
        "rotX":0.022550497204065,
        "rotY":0,
        "rotZ":2.0734198093414
      },
      "stats":{
        "healthCurrent":15,
        "magickaCurrent":5,
        "healthModified":15,
        "fatigueBase":400,
        "fatigueModified":400,
        "healthBase":15,
        "magickaModified":5,
        "magickaBase":5,
        "fatigueCurrent":400
      }
    },
    "118251-0":{
      "refId":"flora_marshmerrow_03",
      "inventory":[]
    },
    "456479-0":{
      "refId":"kollop_03_pearl",
      "inventory":[{
          "refId":"ingred_pearl_01",
          "count":1,
          "charge":-1,
          "enchantmentCharge":-1,
          "soul":""
        }]
    },
    "118244-0":{
      "refId":"flora_saltrice_01",
      "inventory":[]
    },
    "118253-0":{
      "refId":"flora_marshmerrow_02",
      "inventory":[]
    },
    "118249-0":{
      "refId":"flora_saltrice_01",
      "inventory":[]
    },
    "0-2141":{
      "refId":"mudcrab",
      "location":{
        "posX":70397.9921875,
        "posZ":108.84848022461,
        "posY":-99750.2734375,
        "rotX":0.020976666361094,
        "rotY":0,
        "rotZ":1.3455054759979
      },
      "stats":{
        "healthCurrent":0,
        "magickaCurrent":5,
        "healthModified":15,
        "fatigueBase":400,
        "fatigueModified":400,
        "healthBase":15,
        "magickaModified":5,
        "magickaBase":5,
        "fatigueCurrent":356.15167236328
      },
      "inventory":[{
          "refId":"ingred_crab_meat_01",
          "count":2,
          "charge":-1,
          "enchantmentCharge":-1,
          "soul":""
        }],
      "killer":{
        "player":"Fendryn"
      }
    },
    "456433-0":{
      "refId":"kollop_02_pearl",
      "inventory":[{
          "refId":"ingred_pearl_01",
          "count":1,
          "charge":-1,
          "enchantmentCharge":-1,
          "soul":""
        }]
    },
    "456439-0":{
      "refId":"kollop_03_pearl",
      "inventory":[]
    },
    "0-2137":{
      "refId":"mudcrab",
      "location":{
        "posX":67063.859375,
        "posZ":190.65414428711,
        "posY":-102371.359375,
        "rotX":-0.040768295526505,
        "rotY":0,
        "rotZ":0.64148139953613
      },
      "stats":{
        "healthCurrent":0,
        "magickaCurrent":5,
        "healthModified":15,
        "fatigueBase":400,
        "fatigueModified":400,
        "healthBase":15,
        "magickaModified":5,
        "magickaBase":5,
        "fatigueCurrent":379.54824829102
      },
      "inventory":[],
      "killer":{
        "player":"Fendryn"
      }
    },
    "0-2139":{
      "refId":"mudcrab",
      "location":{
        "posX":71924.0546875,
        "posZ":128.28288269043,
        "posY":-100849.15625,
        "rotX":0.03256157040596,
        "rotY":0,
        "rotZ":1.8697001934052
      },
      "stats":{
        "healthCurrent":15,
        "magickaCurrent":5,
        "healthModified":15,
        "fatigueBase":400,
        "fatigueModified":400,
        "healthBase":15,
        "magickaModified":5,
        "magickaBase":5,
        "fatigueCurrent":400
      }
    },
    "118245-0":{
      "refId":"flora_saltrice_02",
      "inventory":[]
    },
    "279151-0":{
      "refId":"flora_kreshweed_01",
      "inventory":[{
          "refId":"ingred_kresh_fiber_01",
          "count":1,
          "charge":-1,
          "enchantmentCharge":-1,
          "soul":""
        }]
    },
    "456487-0":{
      "refId":"kollop_03_pearl",
      "inventory":[{
          "refId":"ingred_pearl_01",
          "count":1,
          "charge":-1,
          "enchantmentCharge":-1,
          "soul":""
        }]
    },
    "0-2138":{
      "refId":"mudcrab",
      "location":{
        "posX":67925.9296875,
        "posZ":178.43557739258,
        "posY":-101634.7734375,
        "rotX":0.0038053654134274,
        "rotY":0,
        "rotZ":-1.4577414989471
      },
      "stats":{
        "healthCurrent":0,
        "magickaCurrent":5,
        "healthModified":15,
        "fatigueBase":400,
        "fatigueModified":400,
        "healthBase":15,
        "magickaModified":5,
        "magickaBase":5,
        "fatigueCurrent":399.84463500977
      },
      "inventory":[{
          "refId":"ingred_crab_meat_01",
          "count":1,
          "charge":-1,
          "enchantmentCharge":-1,
          "soul":""
        }],
      "killer":{
        "player":"Fendryn"
      }
    },
    "118273-0":{
      "refId":"flora_marshmerrow_03",
      "inventory":[]
    },
    "0-2142":{
      "refId":"cliff racer",
      "location":{
        "posX":70379.765625,
        "posZ":67.483947753906,
        "posY":-99894.390625,
        "rotX":0.62841564416885,
        "rotY":0,
        "rotZ":1.0269114971161
      },
      "stats":{
        "healthCurrent":0,
        "magickaCurrent":20,
        "healthModified":45,
        "fatigueBase":400,
        "fatigueModified":400,
        "healthBase":45,
        "magickaModified":20,
        "magickaBase":20,
        "fatigueCurrent":400
      },
      "inventory":[],
      "killer":{
        "player":"Fendryn"
      }
    },
    "118274-0":{
      "refId":"flora_marshmerrow_01",
      "inventory":[{
          "refId":"ingred_marshmerrow_01",
          "count":1,
          "charge":-1,
          "enchantmentCharge":-1,
          "soul":""
        }]
    },
    "0-2175":{
      "refId":"rat",
      "location":{
        "posX":66740.2421875,
        "posZ":174.00131225586,
        "posY":-102313.7109375,
        "rotX":-0.50135761499405,
        "rotY":0,
        "rotZ":2.3366396427155
      },
      "stats":{
        "healthCurrent":0,
        "magickaCurrent":10,
        "healthModified":23,
        "fatigueBase":300,
        "fatigueModified":300,
        "healthBase":23,
        "magickaModified":10,
        "magickaBase":10,
        "fatigueCurrent":300
      },
      "inventory":[{
          "refId":"ingred_rat_meat_01",
          "count":1,
          "charge":-1,
          "enchantmentCharge":-1,
          "soul":""
        }],
      "killer":{
        "player":"Fendryn"
      }
    },
    "279150-0":{
      "refId":"flora_kreshweed_01",
      "inventory":[{
          "refId":"ingred_kresh_fiber_01",
          "count":1,
          "charge":-1,
          "enchantmentCharge":-1,
          "soul":""
        }]
    },
    "456455-0":{
      "refId":"kollop_03_pearl",
      "inventory":[]
    },
    "456437-0":{
      "refId":"kollop_02_pearl",
      "inventory":[]
    },
    "118247-0":{
      "refId":"flora_marshmerrow_02",
      "inventory":[]
    },
    "118250-0":{
      "refId":"flora_saltrice_02",