{
  "packets":{
    "actorList":["0-3276","0-3277","0-3278","0-3260","0-3252","0-3295"],
    "ai":[],
    "cellChangeFrom":[],
    "cellChangeTo":[],
    "container":["396538-0","396637-0","0-3260","0-3278","0-3276","0-3252","0-3295"],
    "death":["0-3260","0-3278","0-3276","0-3252","0-3295"],
    "delete":[],
    "doorState":[],
    "equipment":[],
    "lock":[],
    "place":[],
    "position":["0-3252","0-3276","0-3277","0-3278","0-3260","0-3295"],
    "scale":[],
    "spawn":["0-3276","0-3277","0-3278","0-3260","0-3252","0-3295"],
    "state":[],
    "statsDynamic":["0-3252","0-3276","0-3277","0-3278","0-3260","0-3295"],
    "trap":[]
  },
  "entry":{
    "creationTime":1554786535,
    "description":"8, 0"
  },
  "lastVisit":{
    "Fendryn":1555637674
  },
  "recordLinks":[],
  "objectData":{
    "0-3260":{
      "refId":"cliff racer",
      "location":{
        "posX":68827.578125,
        "posZ":1331.0209960938,
        "posY":6176.8330078125,
        "rotX":1.0370700359344,
        "rotY":0,
        "rotZ":-1.7741692066193
      },
      "stats":{
        "healthCurrent":0,
        "magickaCurrent":20,
        "healthModified":45,
        "fatigueBase":400,
        "fatigueModified":400,
        "healthBase":45,
        "magickaModified":20,
        "magickaBase":20,
        "fatigueCurrent":400
      },
      "inventory":[{
          "refId":"ingred_racer_plumes_01",
          "count":1,
          "charge":-1,
          "enchantmentCharge":-1,
          "soul":""
        }],
      "killer":{
        "player":"Fendryn"
      }
    },
    "0-3276":{
      "refId":"alit_diseased",
      "location":{
        "posX":69683.8125,
        "posZ":1030.4819335938,
        "posY":4603.9086914063,
        "rotX":0.29805001616478,
        "rotY":0,
        "rotZ":2.2085745334625
      },
      "stats":{
        "healthCurrent":0,
        "magickaCurrent":69,
        "healthModified":30,
        "fatigueBase":190,
        "fatigueModified":190,
        "healthBase":30,
        "magickaModified":75,
        "magickaBase":75,
        "fatigueCurrent":76.422828674316
      },
      "inventory":[{
          "refId":"ingred_alit_hide_01",
          "count":1,
          "charge":-1,
          "enchantmentCharge":-1,
          "soul":""
        }],
      "killer":{
        "player":"Fendryn"
      }
    },
    "0-3252":{
      "refId":"cliff racer",
      "location":{
        "posX":69584.78125,
        "posZ":1251.1673583984,
        "posY":5638.4970703125,
        "rotX":0.78786730766296,
        "rotY":0,
        "rotZ":-1.0849215984344
      },
      "stats":{
        "healthCurrent":0,
        "magickaCurrent":20,
        "healthModified":45,
        "fatigueBase":400,
        "fatigueModified":400,
        "healthBase":45,
        "magickaModified":20,
        "magickaBase":20,
        "fatigueCurrent":400
      },
      "inventory":[{
          "refId":"ingred_racer_plumes_01",
          "count":1,
          "charge":-1,
          "enchantmentCharge":-1,
          "soul":""
        }],
      "killer":{
        "player":"Fendryn"
      }
    },
    "0-3278":{
      "refId":"kwama forager",
      "location":{
        "posX":68590.8828125,
        "posZ":1267.6810302734,
        "posY":6187.57421875,
        "rotX":-0.45502564311028,
        "rotY":0,
        "rotZ":-1.7910349369049
      },
      "stats":{
        "healthCurrent":0,
        "magickaCurrent":15,
        "healthModified":23,
        "fatigueBase":300,
        "fatigueModified":300,
        "healthBase":23,
        "magickaModified":15,
        "magickaBase":15,
        "fatigueCurrent":300
      },
      "inventory":[{
          "refId":"ingred_kwama_cuttle_01",
          "count":1,
          "charge":-1,
          "enchantmentCharge":-1,
          "soul":""
        }],
      "killer":{
        "player":"Fendryn"
      }
    },
    "396637-0":{
      "refId":"contain_trama_shrub_01",
      "inventory":[{
          "refId":"ingred_trama_root_01",
          "count":2,
          "charge":-1,
          "enchantmentCharge":-1,
          "soul":""
        }]
    },
    "396538-0":{
      "refId":"flora_rm_scathecraw_01",
      "inventory":[{
          "refId":"ingred_scathecraw_01",
          "count":1,
          "charge":-1,
          "enchantmentCharge":-1,
          "soul":""
        }]
    },
    "0-3295":{
      "refId":"kwama forager blighted",
      "location":{
        "posX":69468.6953125,
        "posZ":1032.1838378906,
        "posY":5151.9926757813,
        "rotX":-0.53002238273621,
        "rotY":0,
        "rotZ":-1.9265129566193
      },
      "stats":{
        "healthCurrent":0,
        "magickaCurrent":100,
        "healthModified":45,
        "fatigueBase":400,
        "fatigueModified":400,
        "healthBase":45,
        "magickaModified":100,
        "magickaBase":100,
        "fatigueCurrent":400
      },
      "inventory":[{
          "refId":"ingred_kwama_cuttle_01",
          "count":2,
          "charge":-1,
          "enchantmentCharge":-1,
          "soul":""
        }],
      "killer":{
        "player":"Fendryn"
      }
    },
    "0-3277":{
      "refId":"scrib",
      "location":{
        "posX":67516.109375,
        "posZ":1574.8792724609,
        "posY":4686.1459960938,
        "rotX":0.029371522367001,
        "rotY":0,
        "rotZ":0.37429022789001
      },
      "stats":{
        "healthCurrent":8,
        "magickaCurrent":12,
        "healthModified":8,
        "fatigueBase":300,
        "fatigueModified":300,
        "healthBase":8,
        "magickaModified":12,
        "magickaBase":12,
        "fatigueCurrent":300
      }
    }
  }
}