{
  "packets":{
    "actorList":["0-2588","0-2589","0-2590","274670-0","274671-0","0-2632","0-2585","0-2587"],
    "ai":[],
    "cellChangeFrom":[],
    "cellChangeTo":[],
    "container":["107867-0","107868-0","107869-0","107870-0","107871-0","107872-0","107873-0","107874-0","107875-0","107876-0","107877-0","107878-0","107879-0","107880-0","107881-0","107882-0","107883-0","107884-0","107885-0","107886-0","107887-0","107888-0","107889-0","107890-0","107891-0","107892-0","107893-0","107894-0","107895-0","107896-0","107897-0","107898-0","107899-0","274673-0","405468-0","405469-0","405470-0","405471-0","436134-0","436137-0","436138-0","436148-0","274670-0","274671-0","0-2632"],
    "death":["274670-0","274671-0","0-2632"],
    "delete":[],
    "doorState":[],
    "equipment":["274670-0","274671-0"],
    "lock":[],
    "place":[],
    "position":["274670-0","274671-0","0-2588","0-2589","0-2590","0-2632","0-2585","0-2587"],
    "scale":[],
    "spawn":["0-2588","0-2589","0-2590","0-2632","0-2585","0-2587"],
    "state":[],
    "statsDynamic":["274670-0","274671-0","0-2588","0-2589","0-2590","0-2632","0-2585","0-2587"],
    "trap":[]
  },
  "entry":{
    "creationTime":1554686633,
    "description":"8, 16"
  },
  "lastVisit":{
    "the luch":1554873092,
    "Den":1554872738,
    "Fendryn":1555635467
  },
  "recordLinks":[],
  "objectData":{
    "0-2589":{
      "refId":"mudcrab-diseased",
      "location":{
        "posX":65997.3359375,
        "posZ":-80.162048339844,
        "posY":132722.109375,
        "rotX":-0.4707045853138,
        "rotY":0,
        "rotZ":-0.51844143867493
      },
      "stats":{
        "healthCurrent":15,
        "magickaCurrent":5,
        "healthModified":15,
        "fatigueBase":26,
        "fatigueModified":26,
        "healthBase":15,
        "magickaModified":5,
        "magickaBase":5,
        "fatigueCurrent":25.982448577881
      }
    },
    "436137-0":{
      "refId":"kollop_01_pearl",
      "inventory":[{
          "refId":"ingred_pearl_01",
          "count":1,
          "charge":-1,
          "enchantmentCharge":-1,
          "soul":""
        }]
    },
    "107867-0":{
      "refId":"flora_wickwheat_01",
      "inventory":[{
          "refId":"ingred_wickwheat_01",
          "count":1,
          "charge":-1,
          "enchantmentCharge":-1,
          "soul":""
        }]
    },
    "107894-0":{
      "refId":"flora_wickwheat_01",
      "inventory":[{
          "refId":"ingred_wickwheat_01",
          "count":1,
          "charge":-1,
          "enchantmentCharge":-1,
          "soul":""
        }]
    },
    "107888-0":{
      "refId":"flora_wickwheat_01",
      "inventory":[]
    },
    "107886-0":{
      "refId":"flora_wickwheat_03",
      "inventory":[{
          "refId":"ingred_wickwheat_01",
          "count":1,
          "charge":-1,
          "enchantmentCharge":-1,
          "soul":""
        }]
    },
    "107892-0":{
      "refId":"flora_wickwheat_03",
      "inventory":[{
          "refId":"ingred_wickwheat_01",
          "count":1,
          "charge":-1,
          "enchantmentCharge":-1,
          "soul":""
        }]
    },
    "0-2585":{
      "refId":"rat",
      "location":{
        "posX":69917.234375,
        "posZ":749.13751220703,
        "posY":132048.28125,
        "rotX":0.010967677459121,
        "rotY":0,
        "rotZ":-0.26514458656311
      },
      "stats":{
        "healthCurrent":23,
        "magickaCurrent":10,
        "healthModified":23,
        "fatigueBase":300,
        "fatigueModified":300,
        "healthBase":23,
        "magickaModified":10,
        "magickaBase":10,
        "fatigueCurrent":300
      }
    },
    "107883-0":{
      "refId":"flora_wickwheat_01",
      "inventory":[{
          "refId":"ingred_wickwheat_01",
          "count":1,
          "charge":-1,
          "enchantmentCharge":-1,
          "soul":""
        }]
    },
    "274673-0":{
      "refId":"com_chest_02_gold_25",
      "inventory":[]
    },
    "405471-0":{
      "refId":"flora_stoneflower_01",
      "inventory":[{
          "refId":"ingred_stoneflower_petals_01",
          "count":1,
          "charge":-1,
          "enchantmentCharge":-1,
          "soul":""
        }]
    },
    "107868-0":{
      "refId":"flora_wickwheat_02",
      "inventory":[{
          "refId":"ingred_wickwheat_01",
          "count":1,
          "charge":-1,
          "enchantmentCharge":-1,
          "soul":""
        }]
    },
    "436148-0":{
      "refId":"kollop_03_pearl",
      "inventory":[]
    },
    "0-2588":{
      "refId":"nix-hound",
      "location":{
        "posX":68896.609375,
        "posZ":89.000007629395,
        "posY":137120.921875,
        "rotX":0.036850068718195,
        "rotY":0,
        "rotZ":-1.4610617160797
      },
      "stats":{
        "healthCurrent":23,
        "magickaCurrent":10,
        "healthModified":23,
        "fatigueBase":400,
        "fatigueModified":400,
        "healthBase":23,
        "magickaModified":10,
        "magickaBase":10,
        "fatigueCurrent":400
      }
    },
    "107895-0":{
      "refId":"flora_wickwheat_02",
      "inventory":[]
    },
    "405470-0":{
      "refId":"flora_stoneflower_02",
      "inventory":[{
          "refId":"ingred_stoneflower_petals_01",
          "count":1,
          "charge":-1,
          "enchantmentCharge":-1,
          "soul":""
        }]
    },
    "107873-0":{
      "refId":"flora_wickwheat_01",
      "inventory":[{
          "refId":"ingred_wickwheat_01",
          "count":1,
          "charge":-1,
          "enchantmentCharge":-1,
          "soul":""
        }]
    },
    "107884-0":{
      "refId":"flora_wickwheat_02",
      "inventory":[{
          "refId":"ingred_wickwheat_01",
          "count":1,
          "charge":-1,
          "enchantmentCharge":-1,
          "soul":""
        }]
    },
    "274670-0":{
      "refId":"manirai mirshamammu",
      "location":{
        "posX":71690.171875,
        "posZ":752.42175292969,
        "posY":133264.984375,
        "rotX":0,
        "rotY":0,
        "rotZ":3.3831851482391
      },
      "stats":{
        "healthCurrent":0,
        "magickaCurrent":30,
        "healthModified":84,
        "fatigueBase":227,
        "fatigueModified":227,
        "healthBase":84,
        "magickaModified":90,
        "magickaBase":90,
        "fatigueCurrent":227
      },
      "equipment":[],
      "inventory":[{
          "refId":"chitin_shield",
          "count":1,
          "charge":-1,
          "enchantmentCharge":-1,
          "soul":""
        },{
          "refId":"expensive_robe_01",
          "count":1,
          "charge":-1,
          "enchantmentCharge":-1,
          "soul":""
        },{
          "refId":"expensive_shoes_01",
          "count":1,
          "charge":-1,
          "enchantmentCharge":-1,
          "soul":""
        },{
          "refId":"chitin war axe",
          "count":1,
          "charge":-1,
          "enchantmentCharge":-1,
          "soul":""
        }],
      "killer":{
        "player":"Fendryn"
      }
    },
    "0-2587":{
      "refId":"cliff racer",
      "location":{
        "posX":73638.3984375,
        "posZ":294.13330078125,
        "posY":138793.4375,
        "rotX":-2.4277716875076e-05,
        "rotY":0,
        "rotZ":0.56523108482361
      },
      "stats":{
        "healthCurrent":45,
        "magickaCurrent":20,
        "healthModified":45,
        "fatigueBase":400,
        "fatigueModified":400,
        "healthBase":45,
        "magickaModified":20,
        "magickaBase":20,
        "fatigueCurrent":400
      }
    },
    "107882-0":{
      "refId":"flora_wickwheat_01",
      "inventory":[{
          "refId":"ingred_wickwheat_01",
          "count":1,
          "charge":-1,
          "enchantmentCharge":-1,
          "soul":""
        }]
    },
    "107870-0":{
      "refId":"flora_wickwheat_04",
      "inventory":[{
          "refId":"ingred_wickwheat_01",
          "count":1,
          "charge":-1,