{
  "packets":{
    "actorList":["0-2982","0-2983","0-2984","0-2985","0-2986","355124-0","406208-0","0-2980","0-1832","0-2990","0-2989"],
    "ai":[],
    "cellChangeFrom":[],
    "cellChangeTo":[],
    "container":["283220-0","435776-0","435795-0","435811-0","435817-0","435819-0","435827-0","435833-0","435846-0","355124-0","406208-0"],
    "death":[],
    "delete":[],
    "doorState":[],
    "equipment":[],
    "lock":[],
    "place":[],
    "position":["355124-0","406208-0","0-2982","0-2983","0-2984","0-2985","0-2986","0-2980","0-1832","0-2990","0-2989"],
    "scale":[],
    "spawn":["0-2982","0-2983","0-2984","0-2985","0-2986","0-2980","0-1832","0-2990","0-2989"],
    "state":[],
    "statsDynamic":["355124-0","406208-0","0-2982","0-2983","0-2984","0-2985","0-2986","0-2980","0-1832","0-2990","0-2989"],
    "trap":[]
  },
  "entry":{
    "creationTime":1554681678,
    "description":"8, 20"
  },
  "lastVisit":{
    "Den":1554700355,
    "Fendryn":1555635304
  },
  "recordLinks":[],
  "objectData":{
    "355124-0":{
      "refId":"slaughterfish",
      "location":{
        "posX":72575.03125,
        "posZ":-623.42419433594,
        "posY":164985.21875,
        "rotX":0.21749033033848,
        "rotY":0,
        "rotZ":0.90647435188293
      },
      "stats":{
        "healthCurrent":23,
        "magickaCurrent":10,
        "healthModified":23,
        "fatigueBase":400,
        "fatigueModified":400,
        "healthBase":23,
        "magickaModified":10,
        "magickaBase":10,
        "fatigueCurrent":399.9582824707
      },
      "inventory":[{
          "refId":"ingred_scales_01",
          "count":2,
          "charge":-1,
          "enchantmentCharge":-1,
          "soul":""
        }]
    },
    "435795-0":{
      "refId":"kollop_03_pearl",
      "inventory":[]
    },
    "435833-0":{
      "refId":"kollop_02_pearl",
      "inventory":[{
          "refId":"ingred_pearl_01",
          "count":1,
          "charge":-1,
          "enchantmentCharge":-1,
          "soul":""
        }]
    },
    "0-2980":{
      "refId":"slaughterfish_small",
      "location":{
        "posX":70554.5546875,
        "posZ":-526.55529785156,
        "posY":163848.390625,
        "rotX":0,
        "rotY":0,
        "rotZ":-0.62781453132629
      },
      "stats":{
        "healthCurrent":15,
        "magickaCurrent":10,
        "healthModified":15,
        "fatigueBase":300,
        "fatigueModified":300,
        "healthBase":15,
        "magickaModified":10,
        "magickaBase":10,
        "fatigueCurrent":299.95803833008
      }
    },
    "435817-0":{
      "refId":"kollop_03_pearl",
      "inventory":[{
          "refId":"ingred_pearl_01",
          "count":1,
          "charge":-1,
          "enchantmentCharge":-1,
          "soul":""
        }]
    },
    "0-2990":{
      "refId":"cliff racer",
      "location":{
        "posX":70050.234375,
        "posZ":1467.3112792969,
        "posY":171093.078125,
        "rotX":0,
        "rotY":0,
        "rotZ":-1.9455378055573
      },
      "stats":{
        "healthCurrent":45,
        "magickaCurrent":20,
        "healthModified":45,
        "fatigueBase":400,
        "fatigueModified":400,
        "healthBase":45,
        "magickaModified":20,
        "magickaBase":20,
        "fatigueCurrent":400
      }
    },
    "435819-0":{
      "refId":"kollop_02_pearl",
      "inventory":[{
          "refId":"ingred_pearl_01",
          "count":1,
          "charge":-1,
          "enchantmentCharge":-1,
          "soul":""
        }]
    },
    "0-2985":{
      "refId":"mudcrab-diseased",
      "location":{
        "posX":68751.21875,
        "posZ":85.475402832031,
        "posY":167207.34375,
        "rotX":0.00013772957026958,
        "rotY":0,
        "rotZ":-3.062474489212
      },
      "stats":{
        "healthCurrent":15,
        "magickaCurrent":5,
        "healthModified":15,
        "fatigueBase":31,
        "fatigueModified":31,
        "healthBase":15,
        "magickaModified":5,
        "magickaBase":5,
        "fatigueCurrent":31
      }
    },
    "435811-0":{
      "refId":"kollop_02_pearl",
      "inventory":[]
    },
    "0-2984":{
      "refId":"rat",
      "location":{
        "posX":65734.9453125,
        "posZ":691.86877441406,
        "posY":168227.75,
        "rotX":-0.39170780777931,
        "rotY":0,
        "rotZ":-1.1177060604095
      },
      "stats":{
        "healthCurrent":23,
        "magickaCurrent":10,
        "healthModified":23,
        "fatigueBase":300,
        "fatigueModified":300,
        "healthBase":23,
        "magickaModified":10,
        "magickaBase":10,
        "fatigueCurrent":300
      }
    },
    "0-1832":{
      "refId":"cliff racer_blighted",
      "location":{
        "posX":73212.4375,
        "posZ":1202.0075683594,
        "posY":171911.265625,
        "rotX":-7.6368451118469e-05,
        "rotY":0,
        "rotZ":0.3963143825531
      },
      "stats":{
        "healthCurrent":90,
        "magickaCurrent":20,
        "healthModified":90,
        "fatigueBase":400,
        "fatigueModified":400,
        "healthBase":90,
        "magickaModified":20,
        "magickaBase":20,
        "fatigueCurrent":400
      }
    },
    "283220-0":{
      "refId":"flora_kreshweed_01",
      "inventory":[{
          "refId":"ingred_kresh_fiber_01",
          "count":1,
          "charge":-1,
          "enchantmentCharge":-1,
          "soul":""
        }]
    },
    "0-2989":{
      "refId":"dreugh",
      "location":{
        "posX":73581.3671875,
        "posZ":-773.31469726563,
        "posY":167916.5,
        "rotX":0,
        "rotY":0,
        "rotZ":-0.16943049430847
      },
      "stats":{
        "healthCurrent":60,
        "magickaCurrent":75,
        "healthModified":60,
        "fatigueBase":400,
        "fatigueModified":400,
        "healthBase":60,
        "magickaModified":75,
        "magickaBase":75,
        "fatigueCurrent":400
      }
    },
    "406208-0":{
      "refId":"mudcrab",
      "location":{
        "posX":72635.46875,
        "posZ":192.4719543457,
        "posY":170156.5625,
        "rotX":-0.25266939401627,
        "rotY":0,
        "rotZ":-1.8084814548492
      },
      "stats":{
        "healthCurrent":15,
        "magickaCurrent":5,
        "healthModified":15,
        "fatigueBase":400,
        "fatigueModified":400,
        "healthBase":15,
        "magickaModified":5,
        "magickaBase":5,
        "fatigueCurrent":400
      },
      "inventory":[{
          "refId":"ingred_crab_meat_01",
          "count":2,
          "charge":-1,
          "enchantmentCharge":-1,
          "soul":""
        }]
    },
    "0-2983":{
      "refId":"mudcrab-diseased",
      "location":{
        "posX":71793.9140625,
        "posZ":79.940147399902,
        "posY":170465.296875,
        "rotX":0.00035879760980606,
        "rotY":0,
        "rotZ":2.7382595539093
      },
      "stats":{
        "healthCurrent":15,
        "magickaCurrent":5,
        "healthModified":15,
        "fatigueBase":25,
        "fatigueModified":25,
        "healthBase":15,
        "magickaModified":5,
        "magickaBase":5,
        "fatigueCurrent":25
      }
    },
    "0-2982":{
      "refId":"kwama forager",
      "location":{
        "posX":67919.21875,
        "posZ":81.821937561035,
        "posY":164308.9375,
        "rotX":-0.16484935581684,
        "rotY":0,
        "rotZ":-2.3617031574249
      },
      "stats":{
        "healthCurrent":23,
        "magickaCurrent":15,
        "healthModified":23,
        "fatigueBase":300,
        "fatigueModified":300,
        "healthBase":23,
        "magickaModified":15,
        "magickaBase":15,
        "fatigueCurrent":300
      }
    },
    "0-2986":{
      "refId":"mudcrab-diseased",
      "location":{
        "posX":67662.09375,
        "posZ":118.00964355469,
        "posY":170275.375,
        "rotX":0.081029288470745,
        "rotY":0,
        "rotZ":-0.39633584022522
      },
      "stats":{
        "healthCurrent":15,