{
  "packets":{
    "actorList":["0-2233","0-2234","0-2235","0-2236","347360-0","0-2060"],
    "ai":[],
    "cellChangeFrom":[],
    "cellChangeTo":[],
    "container":["455795-0","455805-0","455812-0","347360-0"],
    "death":[],
    "delete":[],
    "doorState":[],
    "equipment":[],
    "lock":[],
    "place":[],
    "position":["0-2060","347360-0","0-2233","0-2234","0-2235","0-2236"],
    "scale":[],
    "spawn":["0-2233","0-2234","0-2235","0-2236","0-2060"],
    "state":[],
    "statsDynamic":["0-2060","347360-0","0-2233","0-2234","0-2235","0-2236"],
    "trap":[]
  },
  "entry":{
    "creationTime":1554662070,
    "description":"9, -8"
  },
  "lastVisit":{
    "DizzyDasher":1554782206,
    "Den":1555632249,
    "Fendryn":1555632326
  },
  "recordLinks":[],
  "objectData":{
    "0-2060":{
      "refId":"mudcrab",
      "location":{
        "posX":81891.75,
        "posZ":51.614929199219,
        "posY":-61622.81640625,
        "rotX":-0.05012484267354,
        "rotY":0,
        "rotZ":2.2818624973297
      },
      "stats":{
        "healthCurrent":15,
        "magickaCurrent":5,
        "healthModified":15,
        "fatigueBase":400,
        "fatigueModified":400,
        "healthBase":15,
        "magickaModified":5,
        "magickaBase":5,
        "fatigueCurrent":400
      }
    },
    "0-2233":{
      "refId":"shalk",
      "location":{
        "posX":76273.40625,
        "posZ":300.30975341797,
        "posY":-62865.61328125,
        "rotX":-0.52515625953674,
        "rotY":0,
        "rotZ":-1.4801361560822
      },
      "stats":{
        "healthCurrent":38,
        "magickaCurrent":30,
        "healthModified":38,
        "fatigueBase":400,
        "fatigueModified":400,
        "healthBase":38,
        "magickaModified":30,
        "magickaBase":30,
        "fatigueCurrent":400
      }
    },
    "0-2235":{
      "refId":"mudcrab-diseased",
      "location":{
        "posX":80105.1015625,
        "posZ":237.79237365723,
        "posY":-58508.453125,
        "rotX":0.36283859610558,
        "rotY":0,
        "rotZ":-3.0049068927765
      },
      "stats":{
        "healthCurrent":15,
        "magickaCurrent":5,
        "healthModified":15,
        "fatigueBase":31,
        "fatigueModified":31,
        "healthBase":15,
        "magickaModified":5,
        "magickaBase":5,
        "fatigueCurrent":31
      }
    },
    "0-2236":{
      "refId":"mudcrab-diseased",
      "location":{
        "posX":77350.3203125,
        "posZ":170.4362487793,
        "posY":-61825.31640625,
        "rotX":-0.0029906192794442,
        "rotY":0,
        "rotZ":-3.0496408939362
      },
      "stats":{
        "healthCurrent":15,
        "magickaCurrent":5,
        "healthModified":15,
        "fatigueBase":26,
        "fatigueModified":26,
        "healthBase":15,
        "magickaModified":5,
        "magickaBase":5,
        "fatigueCurrent":26
      }
    },
    "0-2234":{
      "refId":"slaughterfish",
      "location":{
        "posX":80898.7265625,
        "posZ":-209.11801147461,
        "posY":-61671.609375,
        "rotX":0.0021240450441837,
        "rotY":0,
        "rotZ":3.0045263767242
      },
      "stats":{
        "healthCurrent":23,
        "magickaCurrent":10,
        "healthModified":23,
        "fatigueBase":400,
        "fatigueModified":400,
        "healthBase":23,
        "magickaModified":10,
        "magickaBase":10,
        "fatigueCurrent":399.98123168945
      }
    },
    "347360-0":{
      "refId":"mudcrab-diseased",
      "location":{
        "posX":77215.2109375,
        "posZ":271.91851806641,
        "posY":-60803.5546875,
        "rotX":0,
        "rotY":0,
        "rotZ":0
      },
      "stats":{
        "healthCurrent":15,
        "magickaCurrent":5,
        "healthModified":15,
        "fatigueBase":29,
        "fatigueModified":29,
        "healthBase":15,
        "magickaModified":5,
        "magickaBase":5,
        "fatigueCurrent":29
      },
      "inventory":[{
          "refId":"ingred_crab_meat_01",
          "count":1,
          "charge":-1,
          "enchantmentCharge":-1,
          "soul":""
        }]
    },
    "455795-0":{
      "refId":"kollop_03_pearl",
      "inventory":[]
    },
    "455812-0":{
      "refId":"kollop_02_pearl",
      "inventory":[{
          "refId":"ingred_pearl_01",
          "count":1,
          "charge":-1,
          "enchantmentCharge":-1,
          "soul":""
        }]
    },
    "455805-0":{
      "refId":"kollop_03_pearl",
      "inventory":[{
          "refId":"ingred_pearl_01",
          "count":1,
          "charge":-1,
          "enchantmentCharge":-1,
          "soul":""
        }]
    }
  }
}