{
  "packets":{
    "actorList":["0-2166","0-2168","0-2171","0-2172","232011-0","232013-0","232014-0","0-2167","0-2169","0-2179"],
    "ai":[],
    "cellChangeFrom":[],
    "cellChangeTo":["232012-0"],
    "container":["279098-0","279099-0","304822-0","456132-0","456140-0","456144-0","456154-0","456159-0","456168-0","456176-0","232011-0","232013-0","232014-0"],
    "death":[],
    "delete":[],
    "doorState":[],
    "equipment":[],
    "lock":[],
    "place":[],
    "position":["232011-0","232013-0","232014-0","0-2166","0-2168","0-2171","0-2172","0-2167","0-2169","0-2179"],
    "scale":[],
    "spawn":["0-2166","0-2168","0-2171","0-2172","0-2167","0-2169","0-2179"],
    "state":[],
    "statsDynamic":["232011-0","232013-0","232014-0","0-2166","0-2168","0-2171","0-2172","0-2167","0-2169","0-2179"],
    "trap":[]
  },
  "entry":{
    "creationTime":1554660717,
    "description":"9, -13"
  },
  "lastVisit":{
    "Fendryn":1555632444
  },
  "recordLinks":[],
  "objectData":{
    "456154-0":{
      "refId":"kollop_03_pearl",
      "inventory":[{
          "refId":"ingred_pearl_01",
          "count":1,
          "charge":-1,
          "enchantmentCharge":-1,
          "soul":""
        }]
    },
    "456168-0":{
      "refId":"kollop_02_pearl",
      "inventory":[{
          "refId":"ingred_pearl_01",
          "count":1,
          "charge":-1,
          "enchantmentCharge":-1,
          "soul":""
        }]
    },
    "456176-0":{
      "refId":"kollop_03_pearl",
      "inventory":[{
          "refId":"ingred_pearl_01",
          "count":1,
          "charge":-1,
          "enchantmentCharge":-1,
          "soul":""
        }]
    },
    "304822-0":{
      "refId":"flora_kreshweed_01",
      "inventory":[]
    },
    "0-2172":{
      "refId":"slaughterfish_small",
      "location":{
        "posX":79476.6875,
        "posZ":-393.67144775391,
        "posY":-100069.5546875,
        "rotX":0.0093340445309877,
        "rotY":0,
        "rotZ":1.2649638652802
      },
      "stats":{
        "healthCurrent":15,
        "magickaCurrent":10,
        "healthModified":15,
        "fatigueBase":300,
        "fatigueModified":300,
        "healthBase":15,
        "magickaModified":10,
        "magickaBase":10,
        "fatigueCurrent":299.98440551758
      }
    },
    "279099-0":{
      "refId":"flora_kreshweed_01",
      "inventory":[{
          "refId":"ingred_kresh_fiber_01",
          "count":1,
          "charge":-1,
          "enchantmentCharge":-1,
          "soul":""
        }]
    },
    "0-2167":{
      "refId":"cliff racer",
      "location":{
        "posX":79477.8046875,
        "posZ":941.07116699219,
        "posY":-106429.5,
        "rotX":0.0024724863469601,
        "rotY":0,
        "rotZ":-1.7014944553375
      },
      "stats":{
        "healthCurrent":45,
        "magickaCurrent":20,
        "healthModified":45,
        "fatigueBase":400,
        "fatigueModified":400,
        "healthBase":45,
        "magickaModified":20,
        "magickaBase":20,
        "fatigueCurrent":400
      }
    },
    "0-2179":{
      "refId":"slaughterfish",
      "location":{
        "posX":81716.484375,
        "posZ":-58.108741760254,
        "posY":-99621.6875,
        "rotX":0,
        "rotY":0,
        "rotZ":-2.1224510669708
      },
      "stats":{
        "healthCurrent":23,
        "magickaCurrent":10,
        "healthModified":23,
        "fatigueBase":400,
        "fatigueModified":400,
        "healthBase":23,
        "magickaModified":10,
        "magickaBase":10,
        "fatigueCurrent":399.98510742188
      }
    },
    "0-2166":{
      "refId":"slaughterfish",
      "location":{
        "posX":75104.5,
        "posZ":-632.046875,
        "posY":-105526.15625,
        "rotX":-0.002618788741529,
        "rotY":0,
        "rotZ":1.9807431697845
      },
      "stats":{
        "healthCurrent":23,
        "magickaCurrent":10,
        "healthModified":23,
        "fatigueBase":400,
        "fatigueModified":400,
        "healthBase":23,
        "magickaModified":10,
        "magickaBase":10,
        "fatigueCurrent":399.98440551758
      }
    },
    "232011-0":{
      "refId":"netch_bull",
      "location":{
        "posX":76640.4140625,
        "posZ":975.58801269531,
        "posY":-99913.6015625,
        "rotX":0,
        "rotY":0,
        "rotZ":2.1000001430511
      },
      "stats":{
        "healthCurrent":45,
        "magickaCurrent":100,
        "healthModified":45,
        "fatigueBase":400,
        "fatigueModified":400,
        "healthBase":45,
        "magickaModified":100,
        "magickaBase":100,
        "fatigueCurrent":400
      },
      "inventory":[{
          "refId":"ingred_netch_leather_01",
          "count":2,
          "charge":-1,
          "enchantmentCharge":-1,
          "soul":""
        }]
    },
    "279098-0":{
      "refId":"flora_stoneflower_02",
      "inventory":[{
          "refId":"ingred_stoneflower_petals_01",
          "count":1,
          "charge":-1,
          "enchantmentCharge":-1,
          "soul":""
        }]
    },
    "456132-0":{
      "refId":"kollop_03_pearl",
      "inventory":[]
    },
    "456159-0":{
      "refId":"kollop_02_pearl",
      "inventory":[]
    },
    "232013-0":{
      "refId":"netch_betty",
      "location":{
        "posX":77074.7890625,
        "posZ":309.17730712891,
        "posY":-101160.2109375,
        "rotX":0,
        "rotY":0,
        "rotZ":0
      },
      "stats":{
        "healthCurrent":113,
        "magickaCurrent":75,
        "healthModified":113,
        "fatigueBase":500,
        "fatigueModified":500,
        "healthBase":113,
        "magickaModified":75,
        "magickaBase":75,
        "fatigueCurrent":500
      },
      "inventory":[{
          "refId":"ingred_netch_leather_01",
          "count":3,
          "charge":-1,
          "enchantmentCharge":-1,
          "soul":""
        }]
    },
    "232014-0":{
      "refId":"netch_betty",
      "location":{
        "posX":76159.828125,
        "posZ":392.77224731445,
        "posY":-101687.671875,
        "rotX":0,
        "rotY":0,
        "rotZ":1.700000166893
      },
      "stats":{
        "healthCurrent":113,
        "magickaCurrent":75,
        "healthModified":113,
        "fatigueBase":500,
        "fatigueModified":500,
        "healthBase":113,
        "magickaModified":75,
        "magickaBase":75,
        "fatigueCurrent":500
      },
      "inventory":[{
          "refId":"ingred_netch_leather_01",
          "count":2,
          "charge":-1,
          "enchantmentCharge":-1,
          "soul":""
        }]
    },
    "456144-0":{
      "refId":"kollop_03_pearl",
      "inventory":[{
          "refId":"ingred_pearl_01",
          "count":1,
          "charge":-1,
          "enchantmentCharge":-1,
          "soul":""
        }]
    },
    "456140-0":{
      "refId":"kollop_02_pearl",
      "inventory":[{
          "refId":"ingred_pearl_01",
          "count":1,
          "charge":-1,
          "enchantmentCharge":-1,
          "soul":""
        }]
    },
    "0-2169":{
      "refId":"slaughterfish_small",
      "location":{
        "posX":81254.2265625,
        "posZ":-625.15893554688,
        "posY":-101009.46875,
        "rotX":0,
        "rotY":0,
        "rotZ":-1.9777672290802
      },
      "stats":{
        "healthCurrent":15,
        "magickaCurrent":10,
        "healthModified":15,
        "fatigueBase":300,
        "fatigueModified":300,
        "healthBase":15,
        "magickaModified":10,
        "magickaBase":10,
        "fatigueCurrent":299.9924621582
      }
    },
    "232012-0":{
      "cellChangeTo":"8, -13"
    },
    "0-2168":{
      "refId":"cliff racer_blighted",
      "location":{
        "posX":79014.046875,
        "posZ":235.44749450684,
        "posY":-104913.0234375,
        "rotX":0.14269828796387,
        "rotY":0,
        "rotZ":3.0108435153961
      },
      "stats":{
        "healthCurrent":90,
        "magickaCurrent":20,
        "healthModified":90,