{
  "packets":{
    "actorList":["0-2023","0-2024","0-2025","89675-0","89677-0","89676-0"],
    "ai":[],
    "cellChangeFrom":[],
    "cellChangeTo":[],
    "container":["89675-0","89677-0","89676-0","0-2025","0-2023"],
    "death":["0-2025","0-2023","89676-0"],
    "delete":[],
    "doorState":[],
    "equipment":["89675-0","89676-0","89677-0"],
    "lock":[],
    "place":[],
    "position":["89675-0","89676-0","89677-0","0-2023","0-2024","0-2025"],
    "scale":[],
    "spawn":["0-2023","0-2024","0-2025"],
    "state":[],
    "statsDynamic":["89675-0","89676-0","89677-0","0-2023","0-2024","0-2025"],
    "trap":[]
  },
  "entry":{
    "creationTime":1554622037,
    "description":"Abinabi"
  },
  "lastVisit":{
    "Fendryn":1554622113
  },
  "recordLinks":[],
  "objectData":{
    "0-2024":{
      "refId":"ash_slave",
      "location":{
        "posX":-1735.1130371094,
        "posZ":-1208.7761230469,
        "posY":638.126953125,
        "rotX":0.06762707978487,
        "rotY":0,
        "rotZ":-1.9755356311798
      },
      "stats":{
        "healthCurrent":60,
        "magickaCurrent":146,
        "healthModified":60,
        "fatigueBase":347,
        "fatigueModified":347,
        "healthBase":60,
        "magickaModified":146,
        "magickaBase":146,
        "fatigueCurrent":347
      }
    },
    "89677-0":{
      "refId":"dreamer",
      "location":{
        "posX":-544.48138427734,
        "posZ":-1238.8740234375,
        "posY":3005.6904296875,
        "rotX":0.094856731593609,
        "rotY":0,
        "rotZ":0.48096966743469
      },
      "stats":{
        "healthCurrent":40,
        "magickaCurrent":80,
        "healthModified":40,
        "fatigueBase":140,
        "fatigueModified":140,
        "healthBase":40,
        "magickaModified":80,
        "magickaBase":80,
        "fatigueCurrent":140
      },
      "equipment":{
        "16":{
          "refId":"iron club",
          "count":1,
          "charge":-1,
          "enchantmentCharge":-1
        }
      },
      "inventory":[{
          "refId":"ingred_6th_corprusmeat_01",
          "count":1,
          "charge":-1,
          "enchantmentCharge":-1,
          "soul":""
        },{
          "refId":"iron club",
          "count":1,
          "charge":-1,
          "enchantmentCharge":-1,
          "soul":""
        }]
    },
    "89676-0":{
      "refId":"dreamer_f_01",
      "location":{
        "posX":-1799.2231445313,
        "posZ":-778.20910644531,
        "posY":2013.6252441406,
        "rotX":-0.30372682213783,
        "rotY":0,
        "rotZ":-0.014263391494751
      },
      "stats":{
        "healthCurrent":0,
        "magickaCurrent":80,
        "healthModified":35,
        "fatigueBase":150,
        "fatigueModified":150,
        "healthBase":35,
        "magickaModified":80,
        "magickaBase":80,
        "fatigueCurrent":109.70261383057
      },
      "equipment":{
        "16":{
          "refId":"iron club",
          "count":1,
          "charge":-1,
          "enchantmentCharge":-1
        }
      },
      "inventory":[{
          "refId":"ingred_6th_corprusmeat_04",
          "count":1,
          "charge":-1,
          "enchantmentCharge":-1,
          "soul":""
        },{
          "refId":"iron club",
          "count":1,
          "charge":-1,
          "enchantmentCharge":-1,
          "soul":""
        }],
      "killer":{
        "player":"Fendryn"
      }
    },
    "0-2023":{
      "refId":"corprus_stalker",
      "location":{
        "posX":702.11987304688,
        "posZ":-798.70910644531,
        "posY":3821.9599609375,
        "rotX":-0.019251374527812,
        "rotY":0,
        "rotZ":1.5979206562042
      },
      "stats":{
        "healthCurrent":0,
        "magickaCurrent":20,
        "healthModified":60,
        "fatigueBase":300,
        "fatigueModified":300,
        "healthBase":60,
        "magickaModified":50,
        "magickaBase":50,
        "fatigueCurrent":287.33947753906
      },
      "inventory":[],
      "killer":{
        "player":"Fendryn"
      }
    },
    "89675-0":{
      "refId":"dreamer_02",
      "location":{
        "posX":-366.37335205078,
        "posZ":-1312.673828125,
        "posY":3248.2001953125,
        "rotX":-0.24014295637608,
        "rotY":0,
        "rotZ":-2.5081231594086
      },
      "stats":{
        "healthCurrent":40,
        "magickaCurrent":80,
        "healthModified":40,
        "fatigueBase":160,
        "fatigueModified":160,
        "healthBase":40,
        "magickaModified":80,
        "magickaBase":80,
        "fatigueCurrent":160
      },
      "equipment":{
        "16":{
          "refId":"iron club",
          "count":1,
          "charge":-1,
          "enchantmentCharge":-1
        }
      },
      "inventory":[{
          "refId":"iron club",
          "count":1,
          "charge":-1,
          "enchantmentCharge":-1,
          "soul":""
        }]
    },
    "0-2025":{
      "refId":"corprus_lame",
      "location":{
        "posX":1322.8709716797,
        "posZ":-788.69653320313,
        "posY":3811.556640625,
        "rotX":-0.20212776958942,
        "rotY":0,
        "rotZ":1.4628412723541
      },
      "stats":{
        "healthCurrent":0,
        "magickaCurrent":160,
        "healthModified":90,
        "fatigueBase":370,
        "fatigueModified":370,
        "healthBase":90,
        "magickaModified":160,
        "magickaBase":160,
        "fatigueCurrent":368.36349487305
      },
      "inventory":[],
      "killer":{
        "player":"Fendryn"
      }
    }
  }
}