{
  "packets":{
    "actorList":["234367-0","234368-0","234371-0","197602-0","262014-0"],
    "ai":[],
    "cellChangeFrom":[],
    "cellChangeTo":[],
    "container":["234367-0","234368-0","234371-0","197602-0","262014-0"],
    "death":["234367-0","234368-0","234371-0","262014-0"],
    "delete":[],
    "doorState":[],
    "equipment":["234367-0","234368-0","234371-0"],
    "lock":[],
    "place":[],
    "position":["197602-0","234367-0","234368-0","234371-0","262014-0"],
    "scale":[],
    "spawn":[],
    "state":["234367-0","234368-0","234371-0","197602-0"],
    "statsDynamic":["197602-0","234367-0","234368-0","234371-0","262014-0"],
    "trap":[]
  },
  "entry":{
    "creationTime":1558211968,
    "description":"Akulakhan's Chamber"
  },
  "lastVisit":{
    "DizzyDasher":1558212000,
    "Den":1558212150,
    "Fendryn":1558212316
  },
  "recordLinks":[],
  "objectData":{
    "197602-0":{
      "refId":"heart_akulakhan",
      "location":{
        "posX":-11.591536521912,
        "posZ":-250.02796936035,
        "posY":3870.427734375,
        "rotX":0,
        "rotY":0,
        "rotZ":-0.099999666213989
      },
      "stats":{
        "healthCurrent":4283.5537109375,
        "magickaCurrent":0,
        "healthModified":5000,
        "fatigueBase":1000,
        "fatigueModified":1000,
        "healthBase":5000,
        "magickaModified":0,
        "magickaBase":0,
        "fatigueCurrent":1000
      },
      "inventory":[],
      "state":false
    },
    "234371-0":{
      "refId":"dreamer worker",
      "location":{
        "posX":2488.4458007813,
        "posZ":-1271.6791992188,
        "posY":6444.4951171875,
        "rotX":0,
        "rotY":0,
        "rotZ":1.6788623332977
      },
      "stats":{
        "healthCurrent":0,
        "magickaCurrent":75,
        "fatigueModified":223,
        "fatigueBase":223,
        "healthBase":0,
        "healthModified":0,
        "magickaModified":75,
        "magickaBase":75,
        "fatigueCurrent":223
      },
      "equipment":{
        "16":{
          "refId":"iron club",
          "count":1,
          "charge":-1,
          "enchantmentCharge":-1
        }
      },
      "inventory":[{
          "refId":"ingred_6th_corprusmeat_01",
          "count":1,
          "charge":-1,
          "enchantmentCharge":-1,
          "soul":""
        },{
          "refId":"iron club",
          "count":1,
          "charge":-1,
          "enchantmentCharge":-1,
          "soul":""
        }],
      "state":false
    },
    "234367-0":{
      "refId":"dreamer worker",
      "location":{
        "posX":-602.87963867188,
        "posZ":1800.517578125,
        "posY":7183.19921875,
        "rotX":0.081147484481335,
        "rotY":0,
        "rotZ":-0.59242749214172
      },
      "stats":{
        "healthCurrent":0,
        "magickaCurrent":75,
        "fatigueModified":223,
        "fatigueBase":223,
        "healthBase":0,
        "healthModified":0,
        "magickaModified":75,
        "magickaBase":75,
        "fatigueCurrent":223
      },
      "equipment":{
        "16":{
          "refId":"iron club",
          "count":1,
          "charge":-1,
          "enchantmentCharge":-1
        }
      },
      "inventory":[{
          "refId":"ingred_6th_corprusmeat_01",
          "count":1,
          "charge":-1,
          "enchantmentCharge":-1,
          "soul":""
        },{
          "refId":"iron club",
          "count":1,
          "charge":-1,
          "enchantmentCharge":-1,
          "soul":""
        }],
      "state":false
    },
    "262014-0":{
      "refId":"dagoth_ur_2",
      "location":{
        "posX":-15.629649162292,
        "posZ":-3263.0002441406,
        "posY":3307.9958496094,
        "rotX":-1.4468305110931,
        "rotY":0,
        "rotZ":0.0078375339508057
      },
      "stats":{
        "healthCurrent":0,
        "magickaCurrent":0,
        "healthModified":0,
        "fatigueBase":355,
        "fatigueModified":355,
        "healthBase":0,
        "magickaModified":0,
        "magickaBase":0,
        "fatigueCurrent":355
      },
      "inventory":[]
    },
    "234368-0":{
      "refId":"dreamer worker",
      "location":{
        "posX":-3454.8762207031,
        "posZ":1783.0234375,
        "posY":5859.3959960938,
        "rotX":0,
        "rotY":0,
        "rotZ":0.47222399711609
      },
      "stats":{
        "healthCurrent":0,
        "magickaCurrent":75,
        "fatigueModified":223,
        "fatigueBase":223,
        "healthBase":0,
        "healthModified":0,
        "magickaModified":75,
        "magickaBase":75,
        "fatigueCurrent":223
      },
      "equipment":{
        "16":{
          "refId":"iron club",
          "count":1,
          "charge":-1,
          "enchantmentCharge":-1
        }
      },
      "inventory":[{
          "refId":"ingred_6th_corprusmeat_01",
          "count":1,
          "charge":-1,
          "enchantmentCharge":-1,
          "soul":""
        },{
          "refId":"iron club",
          "count":1,
          "charge":-1,
          "enchantmentCharge":-1,
          "soul":""
        }],
      "state":false
    }
  }
}