{
  "packets":{
    "actorList":["298829-0","298830-0","298831-0","298833-0","0-4471"],
    "ai":[],
    "cellChangeFrom":[],
    "cellChangeTo":[],
    "container":["298829-0","298830-0","298831-0","298833-0","0-4471"],
    "death":["298833-0","298831-0","298830-0","298829-0","0-4471"],
    "delete":["408222-0","408221-0","408220-0","408197-0","408199-0","408200-0","408202-0","408196-0","408194-0","408198-0","408201-0","476631-0","408204-0","408213-0","408209-0","408203-0","408207-0","408211-0","408214-0","408210-0","408206-0","408205-0","408215-0","408208-0","408212-0","408224-0"],
    "doorState":[],
    "equipment":["298829-0","298830-0","298831-0","298833-0","0-4471"],
    "lock":[],
    "place":[],
    "position":["298829-0","298830-0","298831-0","298833-0","0-4471"],
    "scale":[],
    "spawn":["0-4471"],
    "state":[],
    "statsDynamic":["298829-0","298830-0","298831-0","298833-0","0-4471"],
    "trap":[]
  },
  "entry":{
    "creationTime":1555634458,
    "description":"Ald Daedroth, Left Wing"
  },
  "lastVisit":{
    "Den":1555634730,
    "Fendryn":1555634978
  },
  "recordLinks":[],
  "objectData":{
    "408196-0":{
      "refId":"ingred_ruby_01"
    },
    "408214-0":{
      "refId":"ingred_stoneflower_petals_01"
    },
    "408198-0":{
      "refId":"ingred_ruby_01"
    },
    "408215-0":{
      "refId":"ingred_stoneflower_petals_01"
    },
    "408212-0":{
      "refId":"ingred_heather_01"
    },
    "408208-0":{
      "refId":"ingred_fire_petal_01"
    },
    "298830-0":{
      "refId":"clendil",
      "location":{
        "posX":-660.89147949219,
        "posZ":225,
        "posY":546.88562011719,
        "rotX":0,
        "rotY":0,
        "rotZ":1.4831862449646
      },
      "stats":{
        "healthCurrent":0,
        "magickaCurrent":14,
        "healthModified":165,
        "fatigueBase":263,
        "fatigueModified":263,
        "healthBase":165,
        "magickaModified":50,
        "magickaBase":50,
        "fatigueCurrent":263
      },
      "equipment":[{
          "refId":"bonemold_armun-an_cuirass",
          "count":1,
          "charge":465,
          "enchantmentCharge":-1
        },{
          "refId":"bonemold_greaves",
          "count":1,
          "charge":-1,
          "enchantmentCharge":-1
        },null,null,{
          "refId":"bonemold_bracer_left",
          "count":1,
          "charge":-1,
          "enchantmentCharge":-1
        },{
          "refId":"bonemold_bracer_right",
          "count":1,
          "charge":-1,
          "enchantmentCharge":-1
        },{
          "refId":"bonemold_boots",
          "count":1,
          "charge":142,
          "enchantmentCharge":-1
        },{
          "refId":"common_shirt_04",
          "count":1,
          "charge":-1,
          "enchantmentCharge":-1
        },{
          "refId":"common_pants_02",
          "count":1,
          "charge":-1,
          "enchantmentCharge":-1
        },null,null,null,null,{
          "refId":"crimson despair amulet",
          "count":1,
          "charge":-1,
          "enchantmentCharge":0
        },null,{
          "refId":"steel spider blade",
          "count":1,
          "charge":784,
          "enchantmentCharge":4
        }],
      "inventory":[{
          "refId":"bonemold_bracer_right",
          "count":1,
          "charge":-1,
          "enchantmentCharge":-1,
          "soul":""
        },{
          "refId":"bonemold_bracer_left",
          "count":1,
          "charge":-1,
          "enchantmentCharge":-1,
          "soul":""
        },{
          "refId":"bonemold_boots",
          "count":1,
          "charge":142,
          "enchantmentCharge":-1,
          "soul":""
        },{
          "refId":"bonemold_greaves",
          "count":1,
          "charge":-1,
          "enchantmentCharge":-1,
          "soul":""
        },{
          "refId":"bonemold_armun-an_cuirass",
          "count":1,
          "charge":465,
          "enchantmentCharge":-1,
          "soul":""
        },{
          "refId":"crimson despair amulet",
          "count":1,
          "charge":-1,
          "enchantmentCharge":0,
          "soul":""
        },{
          "refId":"common_shirt_04",
          "count":1,
          "charge":-1,
          "enchantmentCharge":-1,
          "soul":""
        },{
          "refId":"common_pants_02",
          "count":1,
          "charge":-1,
          "enchantmentCharge":-1,
          "soul":""
        },{
          "refId":"steel spider blade",
          "count":1,
          "charge":784,
          "enchantmentCharge":4,
          "soul":""
        }],
      "killer":{
        "player":"Den"
      }
    },
    "408199-0":{
      "refId":"ingred_emerald_01"
    },
    "408224-0":{
      "refId":"p_fortify_strength_e"
    },
    "0-4471":{
      "refId":"dremora_lord",
      "location":{
        "posX":-1230.7575683594,
        "posZ":12.991214752197,
        "posY":196.01901245117,
        "rotX":0,
        "rotY":0,
        "rotZ":-1.6722433567047
      },
      "stats":{
        "healthCurrent":0,
        "magickaCurrent":34,
        "healthModified":280,
        "fatigueBase":500,
        "fatigueModified":500,
        "healthBase":280,
        "magickaModified":200,
        "magickaBase":200,
        "fatigueCurrent":500
      },
      "equipment":[],
      "inventory":[{
          "refId":"ingred_daedras_heart_01",
          "count":1,
          "charge":-1,
          "enchantmentCharge":-1,
          "soul":""
        },{
          "refId":"daedric tanto",
          "count":1,
          "charge":-1,
          "enchantmentCharge":-1,
          "soul":""
        }],
      "killer":{
        "player":"Den"
      }
    },
    "408205-0":{
      "refId":"ingred_diamond_01"
    },
    "408206-0":{
      "refId":"ingred_fire_petal_01"
    },
    "408204-0":{
      "refId":"ingred_diamond_01"
    },
    "408221-0":{
      "refId":"gold_025"
    },
    "408210-0":{
      "refId":"ingred_gold_kanet_01"
    },
    "298831-0":{
      "refId":"salvas areleth",
      "location":{
        "posX":-703.19262695313,
        "posZ":225.12133789063,
        "posY":668.98583984375,
        "rotX":0,
        "rotY":0,
        "rotZ":4.6831865310669
      },
      "stats":{
        "healthCurrent":0,
        "magickaCurrent":180,
        "healthModified":141,
        "fatigueBase":261,
        "fatigueModified":261,
        "healthBase":141,
        "magickaModified":200,
        "magickaBase":200,
        "fatigueCurrent":259.45745849609
      },
      "equipment":{
        "11":{
          "refId":"expensive_robe_02",
          "count":1,
          "charge":-1,
          "enchantmentCharge":-1
        },
        "15":{
          "refId":"indoril_belt",
          "count":1,
          "charge":-1,
          "enchantmentCharge":-1
        }
      },
      "inventory":[{
          "refId":"p_restore_fatigue_s",
          "count":1,
          "charge":-1,
          "enchantmentCharge":-1,
          "soul":""
        },{
          "refId":"indoril shield",
          "count":1,
          "charge":-1,
          "enchantmentCharge":-1,
          "soul":""
        },{
          "refId":"indoril boots",
          "count":1,
          "charge":-1,
          "enchantmentCharge":-1,
          "soul":""
        },{
          "refId":"indoril helmet",
          "count":1,
          "charge":-1,
          "enchantmentCharge":-1,
          "soul":""
        },{
          "refId":"expensive_robe_02",
          "count":1,
          "charge":-1,
          "enchantmentCharge":-1,
          "soul":""
        },{
          "refId":"indoril_belt",
          "count":1,
          "charge":-1,
          "enchantmentCharge":-1,
          "soul":""
        },{
          "refId":"demon mace",
          "count":1,
          "charge":-1,
          "enchantmentCharge":27,
          "soul":""
        }],
      "killer":{
        "player":"Den"
      }
    },
    "408197-0":{
      "refId":"ingred_ruby_01"
    },