{
  "packets":{
    "actorList":["0-1629","0-1630","0-1631","0-1632","0-1633","0-1634","0-1635","0-1636","0-1637"],
    "ai":[],
    "cellChangeFrom":[],
    "cellChangeTo":[],
    "container":["204980-0","204981-0","205006-0","249568-0","249569-0","249570-0","249585-0","249586-0","249587-0","249589-0","249590-0","249591-0","249592-0","249593-0","249594-0","249595-0","249596-0","388146-0","0-1632","0-1633","0-1630","0-1637","0-1636","0-1629","0-1635","0-1634","0-1631"],
    "death":["0-1632","0-1633","0-1630","0-1637","0-1636","0-1629","0-1635","0-1634","0-1631"],
    "delete":[],
    "doorState":[],
    "equipment":[],
    "lock":["205006-0","204981-0"],
    "place":[],
    "position":["0-1629","0-1630","0-1631","0-1632","0-1633","0-1634","0-1635","0-1636","0-1637"],
    "scale":[],
    "spawn":["0-1629","0-1630","0-1631","0-1632","0-1633","0-1634","0-1635","0-1636","0-1637"],
    "state":[],
    "statsDynamic":["0-1629","0-1630","0-1631","0-1632","0-1633","0-1634","0-1635","0-1636","0-1637"],
    "trap":[]
  },
  "entry":{
    "creationTime":1554612067,
    "description":"Aleft"
  },
  "lastVisit":{
    "Den":1554612255,
    "Fendryn":1554612255
  },
  "recordLinks":[],
  "objectData":{
    "0-1637":{
      "refId":"centurion_sphere",
      "location":{
        "posX":2800.6015625,
        "posZ":193.00001525879,
        "posY":925.9140625,
        "rotX":0.023207567632198,
        "rotY":0,
        "rotZ":-2.2230536937714
      },
      "stats":{
        "healthCurrent":0,
        "magickaCurrent":16,
        "healthModified":75,
        "fatigueBase":800,
        "fatigueModified":800,
        "healthBase":75,
        "magickaModified":70,
        "magickaBase":70,
        "fatigueCurrent":799.67004394531
      },
      "inventory":[{
          "refId":"ingred_scrap_metal_01",
          "count":1,
          "charge":-1,
          "enchantmentCharge":-1,
          "soul":""
        }],
      "killer":{
        "player":"Fendryn"
      }
    },
    "249586-0":{
      "refId":"dwrv_barrel10",
      "inventory":[]
    },
    "249596-0":{
      "refId":"dwrv_desk00",
      "inventory":[]
    },
    "249590-0":{
      "refId":"dwrv_barrel10",
      "inventory":[]
    },
    "249568-0":{
      "refId":"dwrv_barrel00",
      "inventory":[{
          "refId":"ingred_scrap_metal_01",
          "count":1,
          "charge":-1,
          "enchantmentCharge":-1,
          "soul":""
        }]
    },
    "0-1630":{
      "refId":"centurion_spider",
      "location":{
        "posX":1012.0765380859,
        "posZ":-191.00003051758,
        "posY":204.95874023438,
        "rotX":-0.22686342895031,
        "rotY":0,
        "rotZ":-2.9592125415802
      },
      "stats":{
        "healthCurrent":0,
        "magickaCurrent":20,
        "healthModified":38,
        "fatigueBase":400,
        "fatigueModified":400,
        "healthBase":38,
        "magickaModified":20,
        "magickaBase":20,
        "fatigueCurrent":398.59133911133
      },
      "inventory":[],
      "killer":{
        "player":"Den"
      }
    },
    "0-1633":{
      "refId":"dwarven ghost",
      "location":{
        "posX":1435.734375,
        "posZ":-191.00003051758,
        "posY":-591.94873046875,
        "rotX":0.010629116557539,
        "rotY":0,
        "rotZ":-2.0923855304718
      },
      "stats":{
        "healthCurrent":0,
        "magickaCurrent":5,
        "healthModified":60,
        "fatigueBase":400,
        "fatigueModified":400,
        "healthBase":60,
        "magickaModified":75,
        "magickaBase":75,
        "fatigueCurrent":399.84136962891
      },
      "inventory":[],
      "killer":{
        "player":"Den"
      }
    },
    "249587-0":{
      "refId":"dwrv_barrel10",
      "inventory":[{
          "refId":"ingred_scrap_metal_01",
          "count":1,
          "charge":-1,
          "enchantmentCharge":-1,
          "soul":""
        }]
    },
    "249569-0":{
      "refId":"dwrv_barrel10",
      "inventory":[{
          "refId":"ingred_scrap_metal_01",
          "count":1,
          "charge":-1,
          "enchantmentCharge":-1,
          "soul":""
        }]
    },
    "0-1635":{
      "refId":"centurion_sphere",
      "location":{
        "posX":2644.603515625,
        "posZ":193.00001525879,
        "posY":836.9453125,
        "rotX":0.15566942095757,
        "rotY":0,
        "rotZ":-2.1707680225372
      },
      "stats":{
        "healthCurrent":0,
        "magickaCurrent":61,
        "healthModified":75,
        "fatigueBase":800,
        "fatigueModified":800,
        "healthBase":75,
        "magickaModified":70,
        "magickaBase":70,
        "fatigueCurrent":799.58325195313
      },
      "inventory":[],
      "killer":{
        "player":"Den"
      }
    },
    "0-1636":{
      "refId":"centurion_sphere",
      "location":{
        "posX":2787.9321289063,
        "posZ":193.00001525879,
        "posY":1068.5869140625,
        "rotX":-0.16677097976208,
        "rotY":0,
        "rotZ":-2.4338924884796
      },
      "stats":{
        "healthCurrent":0,
        "magickaCurrent":16,
        "healthModified":75,
        "fatigueBase":800,
        "fatigueModified":800,
        "healthBase":75,
        "magickaModified":70,
        "magickaBase":70,
        "fatigueCurrent":800
      },
      "inventory":[],
      "killer":{
        "player":"Fendryn"
      }
    },
    "204981-0":{
      "refId":"dwrv_chest00_common",
      "inventory":[{
          "refId":"misc_dwrv_artifact50",
          "count":2,
          "charge":-1,
          "enchantmentCharge":-1,
          "soul":""
        }],
      "lockLevel":0
    },
    "0-1632":{
      "refId":"dwarven ghost",
      "location":{
        "posX":383.16577148438,
        "posZ":-191.00003051758,
        "posY":-479.90228271484,
        "rotX":0.015715612098575,
        "rotY":0,
        "rotZ":0.86932444572449
      },
      "stats":{
        "healthCurrent":0,
        "magickaCurrent":61,
        "healthModified":60,
        "fatigueBase":400,
        "fatigueModified":400,
        "healthBase":60,
        "magickaModified":75,
        "magickaBase":75,
        "fatigueCurrent":399.76666259766
      },
      "inventory":[{
          "refId":"ingred_ectoplasm_01",
          "count":1,
          "charge":-1,
          "enchantmentCharge":-1,
          "soul":""
        }],
      "killer":{
        "player":"Den"
      }
    },
    "388146-0":{
      "refId":"contain_corpse20",
      "inventory":[{
          "refId":"ingred_bonemeal_01",
          "count":1,
          "charge":-1,
          "enchantmentCharge":-1,
          "soul":""
        }]
    },
    "204980-0":{
      "refId":"dwrv_chest10_rare",
      "inventory":[{
          "refId":"misc_dwrv_mug00",
          "count":1,
          "charge":-1,
          "enchantmentCharge":-1,
          "soul":""
        },{
          "refId":"misc_dwrv_pitcher00",
          "count":1,
          "charge":-1,
          "enchantmentCharge":-1,
          "soul":""
        }]
    },
    "0-1629":{
      "refId":"centurion_steam",
      "location":{
        "posX":1955.4318847656,
        "posZ":193.00001525879,
        "posY":407.51129150391,
        "rotX":0.058565936982632,
        "rotY":0,
        "rotZ":0.59012675285339
      },
      "stats":{
        "healthCurrent":0,
        "magickaCurrent":30,
        "healthModified":150,
        "fatigueBase":1000,
        "fatigueModified":1000,
        "healthBase":150,
        "magickaModified":30,
        "magickaBase":30,
        "fatigueCurrent":1000
      },
      "inventory":[],
      "killer":{
        "player":"Den"
      }
    },
    "0-1631":{
      "refId":"dwarven ghost",
      "location":{
        "posX":2226.5007324219,
        "posZ":193.00001525879,
        "posY":402.09692382813,
        "rotX":0.0037636086344719,
        "rotY":0,
        "rotZ":-1.1032688617706
      },
      "stats":{
        "healthCurrent":0,
        "magickaCurrent":5,
        "healthModified":60,
        "fatigueBase":400,