{
  "packets":{
    "actorList":["369590-0","369591-0","369592-0","0-594","0-595"],
    "ai":[],
    "cellChangeFrom":[],
    "cellChangeTo":[],
    "container":["369603-0","369681-0","369682-0","369683-0","369684-0","369693-0","369696-0","369699-0","369700-0","369701-0","369706-0","369711-0","374737-0","374738-0","374739-0","374740-0","374741-0","374742-0","374743-0","374746-0","374747-0","374748-0","374749-0","369590-0","369591-0","369592-0","0-594","0-595"],
    "death":["369591-0","369592-0","369590-0","0-594","0-595"],
    "delete":[],
    "doorState":[],
    "equipment":["369590-0","369591-0","369592-0","0-594","0-595"],
    "lock":["369681-0","369712-0"],
    "place":["0-559","0-560","0-561","0-562","0-563","0-564","0-565","0-566","0-567","0-568"],
    "position":["369590-0","369591-0","369592-0","0-594","0-595"],
    "scale":[],
    "spawn":["0-594","0-595"],
    "state":[],
    "statsDynamic":["369590-0","369591-0","369592-0","0-594","0-595"],
    "trap":[]
  },
  "entry":{
    "creationTime":1554342394,
    "description":"Arkngthand, Heaven's Gallery"
  },
  "lastVisit":{
    "Den":1554344290,
    "Fendryn":1554344221
  },
  "recordLinks":[],
  "objectData":{
    "369701-0":{
      "refId":"dwrv_desk00",
      "inventory":[]
    },
    "374741-0":{
      "refId":"crate_01_empty",
      "inventory":[]
    },
    "0-561":{
      "refId":"common_pants_01",
      "location":{
        "posX":2470.8928222656,
        "posZ":11968.025390625,
        "posY":4035.2241210938,
        "rotX":0,
        "rotY":0,
        "rotZ":-2.8912217617035
      }
    },
    "369592-0":{
      "refId":"irbran kirbatha",
      "location":{
        "posX":2460.4350585938,
        "posZ":11969,
        "posY":3968.287109375,
        "rotX":0,
        "rotY":0,
        "rotZ":0.28665733337402
      },
      "stats":{
        "healthCurrent":0,
        "magickaCurrent":104,
        "healthModified":48,
        "fatigueBase":162,
        "fatigueModified":162,
        "healthBase":48,
        "magickaModified":104,
        "magickaBase":104,
        "fatigueCurrent":161.94166564941
      },
      "equipment":[],
      "inventory":[],
      "killer":{
        "player":"Den"
      }
    },
    "374747-0":{
      "refId":"dwrv_barrel00_empty",
      "inventory":[]
    },
    "374737-0":{
      "refId":"crate_01_empty",
      "inventory":[]
    },
    "0-565":{
      "refId":"cloth bracer left",
      "location":{
        "posX":2470.6865234375,
        "posZ":11989.002929688,
        "posY":4035.3920898438,
        "rotX":0,
        "rotY":0,
        "rotZ":-2.8912217617035
      }
    },
    "374742-0":{
      "refId":"crate_01_empty",
      "inventory":[]
    },
    "369693-0":{
      "refId":"crate_de_dwrv00",
      "inventory":[{
          "refId":"misc_dwrv_bowl00",
          "count":1,
          "charge":-1,
          "enchantmentCharge":-1,
          "soul":""
        },{
          "refId":"misc_dwrv_goblet00",
          "count":2,
          "charge":-1,
          "enchantmentCharge":-1,
          "soul":""
        }]
    },
    "374738-0":{
      "refId":"dwrv_barrel00_empty",
      "inventory":[]
    },
    "374748-0":{
      "refId":"dwrv_barrel00_empty",
      "inventory":[]
    },
    "0-563":{
      "refId":"common_shoes_01",
      "location":{
        "posX":2470.8928222656,
        "posZ":11979.133789063,
        "posY":4035.2241210938,
        "rotX":0,
        "rotY":0,
        "rotZ":-2.8912217617035
      }
    },
    "0-560":{
      "refId":"common_belt_02",
      "location":{
        "posX":2470.837890625,
        "posZ":11968,
        "posY":4035.1455078125,
        "rotX":0,
        "rotY":0,
        "rotZ":-2.8912217617035
      }
    },
    "369712-0":{
      "refId":"door_dwrv_load00",
      "lockLevel":0
    },
    "0-564":{
      "refId":"cloth bracer right",
      "location":{
        "posX":2470.6865234375,
        "posZ":11983.72265625,
        "posY":4035.3920898438,
        "rotX":0,
        "rotY":0,
        "rotZ":-2.8912217617035
      }
    },
    "369699-0":{
      "refId":"dwrv_desk00",
      "inventory":[]
    },
    "374743-0":{
      "refId":"crate_01_empty",
      "inventory":[]
    },
    "0-568":{
      "refId":"misc_dwrv_goblet00",
      "count":2,
      "location":{
        "posX":2965.5390625,
        "posZ":11983.696289063,
        "posY":3809.2163085938,
        "rotX":0,
        "rotY":0,
        "rotZ":-3.1099693775177
      }
    },
    "369681-0":{
      "refId":"dwrv_chest10_rare",
      "inventory":[],
      "lockLevel":0
    },
    "369684-0":{
      "refId":"dwrv_cabinet10",
      "inventory":[{
          "refId":"misc_dwrv_gear00",
          "count":1,
          "charge":-1,
          "enchantmentCharge":-1,
          "soul":""
        }]
    },
    "0-562":{
      "refId":"common_shirt_02",
      "location":{
        "posX":2470.8928222656,
        "posZ":11973.5859375,
        "posY":4035.2241210938,
        "rotX":0,
        "rotY":0,
        "rotZ":-2.8912217617035
      }
    },
    "0-595":{
      "refId":"db_assassin1",
      "location":{
        "posX":4535.74609375,
        "posZ":12353,
        "posY":4637.7485351563,
        "rotX":0,
        "rotY":0,
        "rotZ":2.4885761737823
      },
      "stats":{
        "healthCurrent":0,
        "magickaCurrent":106,
        "healthModified":50,
        "fatigueBase":164,
        "fatigueModified":164,
        "healthBase":50,
        "magickaModified":106,
        "magickaBase":106,
        "fatigueCurrent":164
      },
      "equipment":{
        "0":{
          "refId":"darkbrotherhood helm",
          "count":1,
          "charge":-1,
          "enchantmentCharge":-1
        },
        "2":{
          "refId":"darkbrotherhood greaves",
          "count":1,
          "charge":-1,
          "enchantmentCharge":-1
        },
        "3":{
          "refId":"darkbrotherhood pauldron_l",
          "count":1,
          "charge":-1,
          "enchantmentCharge":-1
        },
        "4":{
          "refId":"darkbrotherhood pauldron_r",
          "count":1,
          "charge":-1,
          "enchantmentCharge":-1
        },
        "5":{
          "refId":"darkbrotherhood gauntlet_l",
          "count":1,
          "charge":-1,
          "enchantmentCharge":-1
        },
        "6":{
          "refId":"darkbrotherhood gauntlet_r",
          "count":1,
          "charge":-1,
          "enchantmentCharge":-1
        },
        "7":{
          "refId":"darkbrotherhood boots",
          "count":1,
          "charge":-1,
          "enchantmentCharge":-1
        },
        "16":{
          "refId":"iron spider dagger",
          "count":1,
          "charge":-1,
          "enchantmentCharge":-1
        }
      },
      "inventory":[{
          "refId":"darkbrotherhood gauntlet_r",
          "count":1,
          "charge":-1,
          "enchantmentCharge":-1,
          "soul":""
        },{
          "refId":"darkbrotherhood gauntlet_l",
          "count":1,
          "charge":-1,
          "enchantmentCharge":-1,
          "soul":""
        },{
          "refId":"darkbrotherhood boots",
          "count":1,
          "charge":-1,
          "enchantmentCharge":-1,
          "soul":""
        },{
          "refId":"darkbrotherhood greaves",
          "count":1,
          "charge":-1,
          "enchantmentCharge":-1,
          "soul":""
        },{
          "refId":"darkbrotherhood pauldron_r",
          "count":1,
          "charge":232,
          "enchantmentCharge":-1,
          "soul":""
        },{
          "refId":"darkbrotherhood pauldron_l",
          "count":1,
          "charge":-1,
          "enchantmentCharge":-1,
          "soul":""
        },{
          "refId":"darkbrotherhood helm",
          "count":1,
          "charge":286,
          "enchantmentCharge":-1,
          "soul":""
        },{
          "refId":"iron spider dagger",
          "count":1,
          "charge":493,
          "enchantmentCharge":24,
          "soul":""
        }],