{
  "packets":{
    "actorList":["0-575","0-576","0-577","0-578","369231-0","369232-0","468332-0","0-579","0-580","0-582"],
    "ai":[],
    "cellChangeFrom":[],
    "cellChangeTo":[],
    "container":["369242-0","369243-0","369235-0","468438-0","369231-0","369232-0","468332-0","0-577","0-578","0-575","0-576","0-579","0-580","0-582"],
    "death":["0-577","0-578","468332-0","369231-0","0-575","0-576","0-579","0-580","369232-0","0-582"],
    "delete":[],
    "doorState":[],
    "equipment":["0-579","0-580","0-582"],
    "lock":[],
    "place":["0-586"],
    "position":["369231-0","369232-0","468332-0","0-575","0-576","0-577","0-578","0-579","0-580","0-582"],
    "scale":[],
    "spawn":["0-575","0-576","0-577","0-578","0-579","0-580","0-582"],
    "state":[],
    "statsDynamic":["369231-0","369232-0","468332-0","0-575","0-576","0-577","0-578","0-579","0-580","0-582"],
    "trap":["369235-0"]
  },
  "entry":{
    "creationTime":1554343061,
    "description":"Arkngthand, Deep Ore Passage"
  },
  "lastVisit":{
    "Den":1554343649,
    "Fendryn":1554343681
  },
  "recordLinks":[],
  "objectData":{
    "369242-0":{
      "refId":"dwrv_barrel00",
      "inventory":[{
          "refId":"ingred_scrap_metal_01",
          "count":2,
          "charge":-1,
          "enchantmentCharge":-1,
          "soul":""
        }]
    },
    "0-586":{
      "refId":"darkbrotherhood cuirass",
      "charge":285,
      "location":{
        "posX":5681.7006835938,
        "posZ":285.73751831055,
        "posY":4896.8740234375,
        "rotX":0,
        "rotY":0,
        "rotZ":-1.2553579807281
      }
    },
    "369235-0":{
      "refId":"dwrv_chest00",
      "inventory":[]
    },
    "369243-0":{
      "refId":"dwrv_barrel00",
      "inventory":[{
          "refId":"ingred_scrap_metal_01",
          "count":1,
          "charge":-1,
          "enchantmentCharge":-1,
          "soul":""
        }]
    },
    "0-577":{
      "refId":"centurion_sphere",
      "location":{
        "posX":134.74102783203,
        "posZ":928.99975585938,
        "posY":5388.1245117188,
        "rotX":0.11745771765709,
        "rotY":0,
        "rotZ":-2.7687728404999
      },
      "stats":{
        "healthCurrent":0,
        "magickaCurrent":34,
        "healthModified":75,
        "fatigueBase":800,
        "fatigueModified":800,
        "healthBase":75,
        "magickaModified":70,
        "magickaBase":70,
        "fatigueCurrent":799.66870117188
      },
      "inventory":[],
      "killer":{
        "player":"Fendryn"
      }
    },
    "468438-0":{
      "refId":"dwrv_chest00",
      "inventory":[{
          "refId":"misc_dwrv_gear00",
          "count":1,
          "charge":-1,
          "enchantmentCharge":-1,
          "soul":""
        }]
    },
    "369231-0":{
      "refId":"dwarven ghost",
      "location":{
        "posX":6106.3671875,
        "posZ":294.31991577148,
        "posY":4610.8798828125,
        "rotX":-0.089352644979954,
        "rotY":0,
        "rotZ":-2.0292146205902
      },
      "stats":{
        "healthCurrent":0,
        "magickaCurrent":5,
        "healthModified":60,
        "fatigueBase":400,
        "fatigueModified":400,
        "healthBase":60,
        "magickaModified":75,
        "magickaBase":75,
        "fatigueCurrent":400
      },
      "inventory":[],
      "killer":{
        "player":"Fendryn"
      }
    },
    "0-580":{
      "refId":"db_assassin1",
      "location":{
        "posX":6092.89453125,
        "posZ":291.90029907227,
        "posY":4300.5517578125,
        "rotX":-0.0061323773115873,
        "rotY":0,
        "rotZ":1.4302151203156
      },
      "stats":{
        "healthCurrent":0,
        "magickaCurrent":106,
        "healthModified":50,
        "fatigueBase":164,
        "fatigueModified":164,
        "healthBase":50,
        "magickaModified":106,
        "magickaBase":106,
        "fatigueCurrent":162.38966369629
      },
      "equipment":{
        "0":{
          "refId":"darkbrotherhood helm",
          "count":1,
          "charge":-1,
          "enchantmentCharge":-1
        },
        "2":{
          "refId":"darkbrotherhood greaves",
          "count":1,
          "charge":-1,
          "enchantmentCharge":-1
        },
        "3":{
          "refId":"darkbrotherhood pauldron_l",
          "count":1,
          "charge":-1,
          "enchantmentCharge":-1
        },
        "4":{
          "refId":"darkbrotherhood pauldron_r",
          "count":1,
          "charge":-1,
          "enchantmentCharge":-1
        },
        "5":{
          "refId":"darkbrotherhood gauntlet_l",
          "count":1,
          "charge":-1,
          "enchantmentCharge":-1
        },
        "6":{
          "refId":"darkbrotherhood gauntlet_r",
          "count":1,
          "charge":-1,
          "enchantmentCharge":-1
        },
        "7":{
          "refId":"darkbrotherhood boots",
          "count":1,
          "charge":-1,
          "enchantmentCharge":-1
        },
        "16":{
          "refId":"iron spider dagger",
          "count":1,
          "charge":-1,
          "enchantmentCharge":-1
        }
      },
      "inventory":[{
          "refId":"darkbrotherhood gauntlet_r",
          "count":1,
          "charge":-1,
          "enchantmentCharge":-1,
          "soul":""
        },{
          "refId":"darkbrotherhood gauntlet_l",
          "count":1,
          "charge":-1,
          "enchantmentCharge":-1,
          "soul":""
        },{
          "refId":"darkbrotherhood boots",
          "count":1,
          "charge":-1,
          "enchantmentCharge":-1,
          "soul":""
        },{
          "refId":"darkbrotherhood greaves",
          "count":1,
          "charge":-1,
          "enchantmentCharge":-1,
          "soul":""
        },{
          "refId":"darkbrotherhood pauldron_r",
          "count":1,
          "charge":-1,
          "enchantmentCharge":-1,
          "soul":""
        },{
          "refId":"darkbrotherhood pauldron_l",
          "count":1,
          "charge":237,
          "enchantmentCharge":-1,
          "soul":""
        },{
          "refId":"darkbrotherhood helm",
          "count":1,
          "charge":291,
          "enchantmentCharge":-1,
          "soul":""
        },{
          "refId":"iron spider dagger",
          "count":1,
          "charge":491,
          "enchantmentCharge":24,
          "soul":""
        }],
      "killer":{
        "player":"Den"
      }
    },
    "0-575":{
      "refId":"centurion_spider",
      "location":{
        "posX":6076.0893554688,
        "posZ":306.46099853516,
        "posY":4500.25,
        "rotX":-0.2438048273325,
        "rotY":0,
        "rotZ":-0.52209639549255
      },
      "stats":{
        "healthCurrent":0,
        "magickaCurrent":20,
        "healthModified":38,
        "fatigueBase":400,
        "fatigueModified":400,
        "healthBase":38,
        "magickaModified":20,
        "magickaBase":20,
        "fatigueCurrent":400
      },
      "inventory":[],
      "killer":{
        "player":"Den"
      }
    },
    "0-576":{
      "refId":"centurion_spider",
      "location":{
        "posX":6234.564453125,
        "posZ":416.26373291016,
        "posY":3529.5703125,
        "rotX":0.34012615680695,
        "rotY":0,
        "rotZ":-0.048152685165405
      },
      "stats":{
        "healthCurrent":0,
        "magickaCurrent":20,
        "healthModified":38,
        "fatigueBase":400,
        "fatigueModified":400,
        "healthBase":38,
        "magickaModified":20,
        "magickaBase":20,
        "fatigueCurrent":400
      },
      "inventory":[],
      "killer":{
        "player":"Den"
      }
    },
    "0-578":{
      "refId":"dwarven ghost",
      "location":{
        "posX":3327.689453125,
        "posZ":935.12133789063,
        "posY":4979.0322265625,
        "rotX":0.046681113541126,
        "rotY":0,
        "rotZ":-1.251439332962
      },
      "stats":{
        "healthCurrent":0,
        "magickaCurrent":5,