{
  "packets":{
    "actorList":["428540-0","428541-0","428542-0","0-1721"],
    "ai":[],
    "cellChangeFrom":[],
    "cellChangeTo":[],
    "container":["428664-0","428693-0","428540-0","428541-0","428542-0","0-1721"],
    "death":["428540-0","428541-0","0-1721"],
    "delete":["428694-0","428696-0","476650-0","428688-0","428687-0","428683-0","428685-0","428684-0","428691-0","428690-0","428692-0"],
    "doorState":["428663-0"],
    "equipment":["428540-0","428541-0","428542-0","0-1721"],
    "lock":["428663-0"],
    "place":["0-1720","0-1722","0-1723","0-1724"],
    "position":["428540-0","428541-0","428542-0","0-1721"],
    "scale":[],
    "spawn":["0-1721"],
    "state":[],
    "statsDynamic":["428540-0","428541-0","428542-0","0-1721"],
    "trap":["428663-0"]
  },
  "entry":{
    "creationTime":1554613473,
    "description":"Ashurnibibi, Shrine"
  },
  "lastVisit":{
    "Den":1554614069,
    "Fendryn":1554613712
  },
  "recordLinks":[],
  "objectData":{
    "428692-0":{
      "refId":"p_levitation_c"
    },
    "428684-0":{
      "refId":"sc_reddeath"
    },
    "0-1724":{
      "refId":"orcish_towershield",
      "location":{
        "posX":4141.7421875,
        "posZ":-557.23034667969,
        "posY":-2034.4543457031,
        "rotX":0,
        "rotY":0,
        "rotZ":2.3203709125519
      }
    },
    "428683-0":{
      "refId":"sc_restoration"
    },
    "0-1721":{
      "refId":"dremora_lord",
      "location":{
        "posX":3024.6357421875,
        "posZ":-622.98059082031,
        "posY":-1601.1430664063,
        "rotX":0.007789421826601,
        "rotY":0,
        "rotZ":-1.864403963089
      },
      "stats":{
        "healthCurrent":0,
        "magickaCurrent":57,
        "healthModified":280,
        "fatigueBase":500,
        "fatigueModified":500,
        "healthBase":280,
        "magickaModified":200,
        "magickaBase":200,
        "fatigueCurrent":500
      },
      "equipment":[],
      "inventory":[],
      "killer":{
        "player":"Fendryn"
      }
    },
    "428694-0":{
      "refId":"ingred_ruby_01"
    },
    "428542-0":{
      "refId":"joncis dalomax",
      "location":{
        "posX":5139.2729492188,
        "posZ":-623,
        "posY":-1462.3881835938,
        "rotX":0,
        "rotY":0,
        "rotZ":-1.8926045894623
      },
      "stats":{
        "healthCurrent":135,
        "magickaCurrent":160,
        "healthModified":135,
        "fatigueBase":255,
        "fatigueModified":255,
        "healthBase":135,
        "magickaModified":160,
        "magickaBase":160,
        "fatigueCurrent":255
      },
      "equipment":[{
          "refId":"templar_cuirass",
          "count":1,
          "charge":-1,
          "enchantmentCharge":-1
        },null,{
          "refId":"templar_pauldron_left",
          "count":1,
          "charge":-1,
          "enchantmentCharge":-1
        },{
          "refId":"templar_pauldron_right",
          "count":1,
          "charge":-1,
          "enchantmentCharge":-1
        },null,null,{
          "refId":"templar boots",
          "count":1,
          "charge":-1,
          "enchantmentCharge":-1
        },null,{
          "refId":"common_pants_01",
          "count":1,
          "charge":-1,
          "enchantmentCharge":-1
        }],
      "inventory":[{
          "refId":"templar boots",
          "count":1,
          "charge":-1,
          "enchantmentCharge":-1,
          "soul":""
        },{
          "refId":"templar_pauldron_right",
          "count":1,
          "charge":-1,
          "enchantmentCharge":-1,
          "soul":""
        },{
          "refId":"templar_pauldron_left",
          "count":1,
          "charge":-1,
          "enchantmentCharge":-1,
          "soul":""
        },{
          "refId":"templar_cuirass",
          "count":1,
          "charge":-1,
          "enchantmentCharge":-1,
          "soul":""
        },{
          "refId":"common_pants_01",
          "count":1,
          "charge":-1,
          "enchantmentCharge":-1,
          "soul":""
        }]
    },
    "0-1720":{
      "refId":"dreugh staff",
      "location":{
        "posX":1552.2905273438,
        "posZ":-877.53784179688,
        "posY":-1485.2973632813,
        "rotX":0,
        "rotY":0,
        "rotZ":-3.0684549808502
      }
    },
    "476650-0":{
      "refId":"ingred_cursed_daedras_heart_01"
    },
    "428663-0":{
      "refId":"in_dae_door_01",
      "doorState":1,
      "lockLevel":0
    },
    "428690-0":{
      "refId":"p_cure_paralyzation_s"
    },
    "428691-0":{
      "refId":"p_fire resistance_s"
    },
    "428541-0":{
      "refId":"durgash gro-rushub",
      "location":{
        "posX":3381.6474609375,
        "posZ":-623.09417724609,
        "posY":-1897.5158691406,
        "rotX":0.0038425195962191,
        "rotY":0,
        "rotZ":2.3278648853302
      },
      "stats":{
        "healthCurrent":0,
        "magickaCurrent":20,
        "healthModified":102,
        "fatigueBase":271,
        "fatigueModified":271,
        "healthBase":102,
        "magickaModified":90,
        "magickaBase":90,
        "fatigueCurrent":261.50137329102
      },
      "equipment":[],
      "inventory":[{
          "refId":"common_robe_02",
          "count":1,
          "charge":-1,
          "enchantmentCharge":-1,
          "soul":""
        },{
          "refId":"orcish warhammer",
          "count":1,
          "charge":3995,
          "enchantmentCharge":-1,
          "soul":""
        }],
      "killer":{
        "player":"Den"
      }
    },
    "428540-0":{
      "refId":"rolfish gra-dugul",
      "location":{
        "posX":2942.0869140625,
        "posZ":-622.98059082031,
        "posY":-1738.0224609375,
        "rotX":0.0016533602029085,
        "rotY":0,
        "rotZ":-0.52100992202759
      },
      "stats":{
        "healthCurrent":0,
        "magickaCurrent":94,
        "healthModified":118,
        "fatigueBase":254,
        "fatigueModified":254,
        "healthBase":118,
        "magickaModified":94,
        "magickaBase":94,
        "fatigueCurrent":244.83569335938
      },
      "equipment":[],
      "inventory":[{
          "refId":"orcish_boots",
          "count":1,
          "charge":-1,
          "enchantmentCharge":-1,
          "soul":""
        },{
          "refId":"orcish_greaves",
          "count":1,
          "charge":-1,
          "enchantmentCharge":-1,
          "soul":""
        },{
          "refId":"orcish_cuirass",
          "count":1,
          "charge":-1,
          "enchantmentCharge":-1,
          "soul":""
        },{
          "refId":"orcish battle axe",
          "count":1,
          "charge":2389,
          "enchantmentCharge":-1,
          "soul":""
        }],
      "killer":{
        "player":"Fendryn"
      }
    },
    "428688-0":{
      "refId":"bookskill_alchemy1"
    },
    "428685-0":{
      "refId":"sc_hellfire"
    },
    "0-1723":{
      "refId":"orcish_pauldron_left",
      "location":{
        "posX":3085.2534179688,
        "posZ":-622.96838378906,
        "posY":-1555.3192138672,
        "rotX":0,
        "rotY":0,
        "rotZ":2.3219153881073
      }
    },
    "428687-0":{
      "refId":"bookskill_destruction1"
    },
    "428664-0":{
      "refId":"chest_ashurninibi_01",
      "inventory":[]
    },
    "0-1722":{
      "refId":"orcish_pauldron_right",
      "location":{
        "posX":3071.9565429688,
        "posZ":-619.91040039063,
        "posY":-1555.5596923828,
        "rotX":0,
        "rotY":0,
        "rotZ":2.3219153881073
      }
    },
    "428693-0":{
      "refId":"urn_01_scrolls_01",
      "inventory":[{
          "refId":"sc_psychicprison",
          "count":1,
          "charge":-1,
          "enchantmentCharge":-1,
          "soul":""
        },{
          "refId":"sc_cureblight_ranged",
          "count":1,
          "charge":-1,
          "enchantmentCharge":-1,
          "soul":""
        },{
          "refId":"sc_elementalburstfire",
          "count":1,
          "charge":-1,