{
  "packets":{
    "actorList":["67647-0"],
    "ai":[],
    "cellChangeFrom":[],
    "cellChangeTo":[],
    "container":["57340-0","57341-0","459570-0","480676-0","67647-0"],
    "death":[],
    "delete":["67648-0","459574-0","459573-0","459571-0","459572-0","57346-0","480674-0","459576-0","459575-0","57343-0","57338-0","57339-0","459569-0","459567-0","459568-0","459566-0","57348-0","367715-0","57349-0","472798-0","57347-0","57345-0","57344-0"],
    "doorState":[],
    "equipment":["67647-0"],
    "lock":["459570-0","480676-0"],
    "place":["0-3413","0-3414","0-3415","0-3416","0-3417","0-3418","0-3421","0-3422","0-3426","0-3427","0-3428"],
    "position":["67647-0"],
    "scale":[],
    "spawn":[],
    "state":["67647-0"],
    "statsDynamic":["67647-0"],
    "trap":["480676-0"]
  },
  "entry":{
    "creationTime":1554268728,
    "description":"Balmora, Caius Cosades' House"
  },
  "lastVisit":{
    "Fendryn":1554443304,
    "Den":1554694044,
    "DizzyDasher":1555125795
  },
  "recordLinks":[],
  "objectData":{
    "0-3428":{
      "refId":"apparatus_a_spipe_01",
      "charge":1,
      "location":{
        "posX":-195.15872192383,
        "posZ":107.52361297607,
        "posY":-231.27722167969,
        "rotX":0,
        "rotY":0,
        "rotZ":-1.5297811031342
      }
    },
    "459567-0":{
      "refId":"misc_com_metal_plate_04"
    },
    "57338-0":{
      "refId":"misc_com_bottle_02"
    },
    "67647-0":{
      "refId":"caius cosades",
      "location":{
        "posX":-31.461820602417,
        "posZ":70,
        "posY":-205.49382019043,
        "rotX":0,
        "rotY":0,
        "rotZ":1.8000001907349
      },
      "stats":{
        "healthCurrent":201,
        "magickaCurrent":118,
        "fatigueModified":310,
        "fatigueBase":310,
        "healthBase":201,
        "healthModified":201,
        "magickaModified":118,
        "magickaBase":118,
        "fatigueCurrent":310
      },
      "equipment":{
        "7":{
          "refId":"common_shoes_04",
          "count":1,
          "charge":-1,
          "enchantmentCharge":-1
        },
        "15":{
          "refId":"common_belt_01",
          "count":1,
          "charge":-1,
          "enchantmentCharge":-1
        },
        "9":{
          "refId":"common_pants_02",
          "count":1,
          "charge":-1,
          "enchantmentCharge":-1
        }
      },
      "inventory":[{
          "refId":"common_belt_01",
          "count":1,
          "charge":-1,
          "enchantmentCharge":-1,
          "soul":""
        },{
          "refId":"common_shoes_04",
          "count":1,
          "charge":-1,
          "enchantmentCharge":-1,
          "soul":""
        },{
          "refId":"common_pants_02",
          "count":1,
          "charge":-1,
          "enchantmentCharge":-1,
          "soul":""
        },{
          "refId":"ingred_moon_sugar_01",
          "count":5,
          "charge":-1,
          "enchantmentCharge":-1,
          "soul":""
        }],
      "state":false
    },
    "57339-0":{
      "refId":"misc_de_goblet_03"
    },
    "57345-0":{
      "refId":"misc_com_silverware_spoon"
    },
    "57348-0":{
      "refId":"misc_de_pot_blue_01"
    },
    "57341-0":{
      "refId":"com_sack_01_moon sugar5",
      "inventory":[]
    },
    "459574-0":{
      "refId":"probe_apprentice_01"
    },
    "0-3422":{
      "refId":"ebony spear",
      "location":{
        "posX":-42.37572479248,
        "posZ":114.10405731201,
        "posY":-320.1311340332,
        "rotX":0,
        "rotY":0,
        "rotZ":3.1194112300873
      }
    },
    "459573-0":{
      "refId":"probe_apprentice_01"
    },
    "459568-0":{
      "refId":"misc_com_wood_fork"
    },
    "57343-0":{
      "refId":"misc_com_bottle_06"
    },
    "459572-0":{
      "refId":"probe_apprentice_01"
    },
    "0-3417":{
      "refId":"misc_soulgem_grand",
      "charge":0,
      "location":{
        "posX":-11.740302085876,
        "posZ":131.95808410645,
        "posY":47.987060546875,
        "rotX":0,
        "rotY":0,
        "rotZ":0.063024997711182
      },
      "soul":"ascended_sleeper"
    },
    "459571-0":{
      "refId":"probe_journeyman_01"
    },
    "480676-0":{
      "refId":"de_p_chest_02_caius",
      "inventory":[],
      "lockLevel":0
    },
    "0-3414":{
      "refId":"ingred_diamond_01",
      "count":3,
      "location":{
        "posX":-30.445407867432,
        "posZ":132.78045654297,
        "posY":63.323799133301,
        "rotX":0,
        "rotY":0,
        "rotZ":0.063024997711182
      }
    },
    "0-3413":{
      "refId":"ingred_moon_sugar_01",
      "count":7,
      "location":{
        "posX":-46.259559631348,
        "posZ":131.0876159668,
        "posY":57.067691802979,
        "rotX":0,
        "rotY":0,
        "rotZ":0.063024997711182
      }
    },
    "67648-0":{
      "refId":"ingred_moon_sugar_01"
    },
    "57340-0":{
      "refId":"com_sack_01_saltrice_5",
      "inventory":[]
    },
    "0-3426":{
      "refId":"daedric staff",
      "location":{
        "posX":-46.558387756348,
        "posZ":114.24864196777,
        "posY":-318.96899414063,
        "rotX":0,
        "rotY":0,
        "rotZ":-3.1088511943817
      }
    },
    "57344-0":{
      "refId":"misc_com_bottle_02"
    },
    "57346-0":{
      "refId":"misc_de_basket_01"
    },
    "57347-0":{
      "refId":"apparatus_a_spipe_01"
    },
    "57349-0":{
      "refId":"misc_de_goblet_03"
    },
    "0-3421":{
      "refId":"imperial shortsword",
      "location":{
        "posX":-36.768928527832,
        "posZ":113.64741516113,
        "posY":-304.67880249023,
        "rotX":0,
        "rotY":0,
        "rotZ":3.1194112300873
      }
    },
    "472798-0":{
      "refId":"bk_warofthefirstcouncil"
    },
    "459569-0":{
      "refId":"misc_com_wood_knife"
    },
    "459570-0":{
      "refId":"chest_small_02_rndgold",
      "inventory":[],
      "lockLevel":0
    },
    "480674-0":{
      "refId":"common_shirt_01"
    },
    "367715-0":{
      "refId":"light_de_lantern_02_128"
    },
    "459575-0":{
      "refId":"misc_de_pot_redware_01"
    },
    "0-3416":{
      "refId":"ingred_emerald_01",
      "count":2,
      "location":{
        "posX":-20.943891525269,
        "posZ":131.83114624023,
        "posY":43.418087005615,
        "rotX":0,
        "rotY":0,
        "rotZ":0.063024997711182
      }
    },
    "459576-0":{
      "refId":"misc_de_bowl_redware_03"
    },
    "0-3415":{
      "refId":"ingred_ruby_01",
      "count":2,
      "location":{
        "posX":-17.791078567505,
        "posZ":131.83116149902,
        "posY":51.927707672119,
        "rotX":0,
        "rotY":0,
        "rotZ":0.063024997711182
      }
    },
    "0-3427":{
      "refId":"apparatus_a_mortar_01",
      "location":{
        "posX":-198.24224853516,
        "posZ":107.44201660156,
        "posY":-271.44604492188,
        "rotX":0,
        "rotY":0,
        "rotZ":-1.5297811031342
      }
    },
    "0-3418":{
      "refId":"misc_soulgem_greater",
      "location":{
        "posX":-23.02972984314,
        "posZ":136.98443603516,
        "posY":70.327980041504,
        "rotX":0,
        "rotY":0,
        "rotZ":0.063024997711182
      }
    },
    "459566-0":{
      "refId":"misc_com_bucket_01"
    }
  }
}