{
  "packets":{
    "actorList":["0-3610","0-3611","0-3612","0-3613","0-3614","0-3615","0-3616","0-3617","414189-0","205434-0","205435-0","205436-0","205437-0","205438-0","205439-0"],
    "ai":[],
    "cellChangeFrom":[],
    "cellChangeTo":[],
    "container":["205536-0","205537-0","205663-0","205671-0","205672-0","414189-0","205434-0","205435-0","205436-0","205437-0","205438-0","205439-0","0-3616","0-3612","0-3615","0-3610","0-3613","0-3617"],
    "death":["0-3616","0-3612","0-3615","0-3610","0-3613","0-3617"],
    "delete":["414190-0","440254-0"],
    "doorState":["205511-0"],
    "equipment":["414189-0"],
    "lock":["205671-0","205663-0"],
    "place":[],
    "position":["205434-0","205435-0","205436-0","205437-0","205438-0","205439-0","414189-0","0-3610","0-3611","0-3612","0-3613","0-3614","0-3615","0-3616","0-3617"],
    "scale":[],
    "spawn":["0-3610","0-3611","0-3612","0-3613","0-3614","0-3615","0-3616","0-3617"],
    "state":[],
    "statsDynamic":["205434-0","205435-0","205436-0","205437-0","205438-0","205439-0","414189-0","0-3610","0-3611","0-3612","0-3613","0-3614","0-3615","0-3616","0-3617"],
    "trap":["205511-0","205663-0"]
  },
  "entry":{
    "creationTime":1554870561,
    "description":"Bthuand"
  },
  "lastVisit":{
    "Den":1554871855,
    "Fendryn":1554870957
  },
  "recordLinks":[],
  "objectData":{
    "205435-0":{
      "refId":"dead_scrib",
      "location":{
        "posX":878.43615722656,
        "posZ":-415,
        "posY":-408.54937744141,
        "rotX":0,
        "rotY":0,
        "rotZ":0
      },
      "stats":{
        "healthCurrent":0,
        "magickaCurrent":10,
        "healthModified":0,
        "fatigueBase":100,
        "fatigueModified":100,
        "healthBase":0,
        "magickaModified":10,
        "magickaBase":10,
        "fatigueCurrent":100
      },
      "inventory":[{
          "refId":"ingred_scrib_jelly_01",
          "count":1,
          "charge":-1,
          "enchantmentCharge":-1,
          "soul":""
        }]
    },
    "0-3612":{
      "refId":"centurion_sphere",
      "location":{
        "posX":-298.24880981445,
        "posZ":-223,
        "posY":1643.0559082031,
        "rotX":0,
        "rotY":0,
        "rotZ":0
      },
      "stats":{
        "healthCurrent":0,
        "magickaCurrent":25,
        "healthModified":75,
        "fatigueBase":800,
        "fatigueModified":800,
        "healthBase":75,
        "magickaModified":70,
        "magickaBase":70,
        "fatigueCurrent":800
      },
      "inventory":[],
      "killer":{
        "player":"Fendryn"
      }
    },
    "205537-0":{
      "refId":"dwrv_barrel10",
      "inventory":[{
          "refId":"ingred_scrap_metal_01",
          "count":1,
          "charge":-1,
          "enchantmentCharge":-1,
          "soul":""
        }]
    },
    "440254-0":{
      "refId":"spell_breaker_unique"
    },
    "0-3617":{
      "refId":"centurion_sphere",
      "location":{
        "posX":1264.3270263672,
        "posZ":-415,
        "posY":-276.20071411133,
        "rotX":0,
        "rotY":0,
        "rotZ":0
      },
      "stats":{
        "healthCurrent":0,
        "magickaCurrent":52,
        "healthModified":75,
        "fatigueBase":800,
        "fatigueModified":800,
        "healthBase":75,
        "magickaModified":70,
        "magickaBase":70,
        "fatigueCurrent":800
      },
      "inventory":[],
      "killer":{
        "player":"Fendryn"
      }
    },
    "205536-0":{
      "refId":"dwrv_barrel00",
      "inventory":[]
    },
    "205434-0":{
      "refId":"dead_scrib",
      "location":{
        "posX":-43.962432861328,
        "posZ":-223,
        "posY":1024.4241943359,
        "rotX":0,
        "rotY":0,
        "rotZ":5.4977874755859
      },
      "stats":{
        "healthCurrent":0,
        "magickaCurrent":10,
        "healthModified":0,
        "fatigueBase":100,
        "fatigueModified":100,
        "healthBase":0,
        "magickaModified":10,
        "magickaBase":10,
        "fatigueCurrent":100
      },
      "inventory":[]
    },
    "0-3614":{
      "refId":"scrib blighted",
      "location":{
        "posX":1740.1042480469,
        "posZ":-414.99996948242,
        "posY":-991.81274414063,
        "rotX":0,
        "rotY":0,
        "rotZ":2.988933801651
      },
      "stats":{
        "healthCurrent":30,
        "magickaCurrent":12,
        "healthModified":30,
        "fatigueBase":400,
        "fatigueModified":400,
        "healthBase":30,
        "magickaModified":12,
        "magickaBase":12,
        "fatigueCurrent":400
      }
    },
    "0-3613":{
      "refId":"centurion_steam",
      "location":{
        "posX":784.79119873047,
        "posZ":-415,
        "posY":1471.4864501953,
        "rotX":0,
        "rotY":0,
        "rotZ":0
      },
      "stats":{
        "healthCurrent":0,
        "magickaCurrent":30,
        "healthModified":150,
        "fatigueBase":1000,
        "fatigueModified":1000,
        "healthBase":150,
        "magickaModified":30,
        "magickaBase":30,
        "fatigueCurrent":990.43103027344
      },
      "inventory":[],
      "killer":{
        "player":"Fendryn"
      }
    },
    "205437-0":{
      "refId":"dead_scrib",
      "location":{
        "posX":107.92291259766,
        "posZ":-223,
        "posY":1204.6540527344,
        "rotX":0,
        "rotY":0,
        "rotZ":0.78539818525314
      },
      "stats":{
        "healthCurrent":0,
        "magickaCurrent":10,
        "healthModified":0,
        "fatigueBase":100,
        "fatigueModified":100,
        "healthBase":0,
        "magickaModified":10,
        "magickaBase":10,
        "fatigueCurrent":100
      },
      "inventory":[]
    },
    "205436-0":{
      "refId":"dead_scrib",
      "location":{
        "posX":410.42190551758,
        "posZ":-223,
        "posY":363.23114013672,
        "rotX":0,
        "rotY":0,
        "rotZ":5.4977874755859
      },
      "stats":{
        "healthCurrent":0,
        "magickaCurrent":10,
        "healthModified":0,
        "fatigueBase":100,
        "fatigueModified":100,
        "healthBase":0,
        "magickaModified":10,
        "magickaBase":10,
        "fatigueCurrent":100
      },
      "inventory":[{
          "refId":"ingred_scrib_jelly_01",
          "count":1,
          "charge":-1,
          "enchantmentCharge":-1,
          "soul":""
        }]
    },
    "205511-0":{
      "refId":"door_dwrv_inner00",
      "doorState":1
    },
    "205663-0":{
      "refId":"dwrv_closet00",
      "inventory":[{
          "refId":"dwemer_helm",
          "count":1,
          "charge":-1,
          "enchantmentCharge":-1,
          "soul":""
        }],
      "lockLevel":0
    },
    "205439-0":{
      "refId":"dead_scrib",
      "location":{
        "posX":359.74334716797,
        "posZ":-223,
        "posY":1144.3210449219,
        "rotX":0,
        "rotY":0,
        "rotZ":5.4977874755859
      },
      "stats":{
        "healthCurrent":0,
        "magickaCurrent":10,
        "healthModified":0,
        "fatigueBase":100,
        "fatigueModified":100,
        "healthBase":0,
        "magickaModified":10,
        "magickaBase":10,
        "fatigueCurrent":100
      },
      "inventory":[]
    },
    "0-3611":{
      "refId":"scrib blighted",
      "location":{
        "posX":1720.2930908203,
        "posZ":-414.99996948242,
        "posY":-1093.1590576172,
        "rotX":0.0020486935973167,
        "rotY":0,
        "rotZ":0.075888395309448
      },
      "stats":{
        "healthCurrent":30,
        "magickaCurrent":12,
        "healthModified":30,
        "fatigueBase":400,
        "fatigueModified":400,
        "healthBase":30,
        "magickaModified":12,
        "magickaBase":12,
        "fatigueCurrent":400
      }
    },
    "205672-0":{
      "refId":"dwrv_chest00_common",
      "inventory":[{
          "refId":"dwemer_bracer_right",
          "count":1,
          "charge":-1,
          "enchantmentCharge":-1,