{
  "packets":{
    "actorList":["0-4651","0-4652","234391-0","234389-0","234393-0","234392-0"],
    "ai":[],
    "cellChangeFrom":[],
    "cellChangeTo":[],
    "container":["211253-0","211254-0","211255-0","234391-0","234389-0","234393-0","234392-0","0-4651","0-4652"],
    "death":["0-4651","234389-0","0-4652","234392-0","234393-0"],
    "delete":["234426-0","234423-0","211262-0"],
    "doorState":["211214-0","211218-0","211219-0","211216-0","211220-0","211221-0","211222-0","211226-0","211227-0","211223-0","211225-0","211224-0"],
    "equipment":["234391-0"],
    "lock":[],
    "place":[],
    "position":["234389-0","234391-0","234392-0","234393-0","0-4651","0-4652"],
    "scale":[],
    "spawn":["0-4651","0-4652"],
    "state":[],
    "statsDynamic":["234389-0","234391-0","234392-0","234393-0","0-4651","0-4652"],
    "trap":[]
  },
  "entry":{
    "creationTime":1558211382,
    "description":"Dagoth Ur, Inner Facility"
  },
  "lastVisit":{
    "DizzyDasher":1558211490,
    "Den":1558212352,
    "Fendryn":1558212339
  },
  "recordLinks":[],
  "objectData":{
    "211253-0":{
      "refId":"dwrv_barrel00",
      "inventory":[{
          "refId":"ingred_scrap_metal_01",
          "count":1,
          "charge":-1,
          "enchantmentCharge":-1,
          "soul":""
        }]
    },
    "211221-0":{
      "refId":"door_dwrv_inner00",
      "doorState":1
    },
    "211262-0":{
      "refId":"misc_dwrv_artifact60"
    },
    "211225-0":{
      "refId":"door_dwrv_inner00",
      "doorState":1
    },
    "0-4651":{
      "refId":"ash_zombie",
      "location":{
        "posX":155.80026245117,
        "posZ":1.0000011920929,
        "posY":-291.42565917969,
        "rotX":0.031323175877333,
        "rotY":0,
        "rotZ":-1.2871239185333
      },
      "stats":{
        "healthCurrent":0,
        "magickaCurrent":100,
        "healthModified":90,
        "fatigueBase":400,
        "fatigueModified":400,
        "healthBase":90,
        "magickaModified":100,
        "magickaBase":100,
        "fatigueCurrent":399.06527709961
      },
      "inventory":[{
          "refId":"ingred_ash_salts_01",
          "count":2,
          "charge":-1,
          "enchantmentCharge":-1,
          "soul":""
        },{
          "refId":"spiked club",
          "count":1,
          "charge":-1,
          "enchantmentCharge":-1,
          "soul":""
        }],
      "killer":{
        "player":"Den"
      }
    },
    "211224-0":{
      "refId":"door_dwrv_inner00",
      "doorState":1
    },
    "211222-0":{
      "refId":"door_dwrv_inner00",
      "doorState":1
    },
    "211219-0":{
      "refId":"door_dwrv_inner00",
      "doorState":1
    },
    "234423-0":{
      "refId":"p_restore_speed_e"
    },
    "234393-0":{
      "refId":"bonewalker_greater",
      "location":{
        "posX":129.12509155273,
        "posZ":-383,
        "posY":-3103.6767578125,
        "rotX":0.065364323556423,
        "rotY":0,
        "rotZ":0.55230021476746
      },
      "stats":{
        "healthCurrent":0,
        "magickaCurrent":72,
        "healthModified":100,
        "fatigueBase":260,
        "fatigueModified":260,
        "healthBase":100,
        "magickaModified":75,
        "magickaBase":75,
        "fatigueCurrent":260
      },
      "inventory":[{
          "refId":"ingred_bonemeal_01",
          "count":2,
          "charge":-1,
          "enchantmentCharge":-1,
          "soul":""
        },{
          "refId":"misc_soulgem_lesser",
          "count":1,
          "charge":-1,
          "enchantmentCharge":-1,
          "soul":""
        }],
      "killer":{
        "player":"Den"
      }
    },
    "211214-0":{
      "refId":"door_dwrv_inner00",
      "doorState":1
    },
    "211227-0":{
      "refId":"door_dwrv_inner00",
      "doorState":1
    },
    "211226-0":{
      "refId":"door_dwrv_inner00",
      "doorState":1
    },
    "211216-0":{
      "refId":"door_dwrv_inner00",
      "doorState":1
    },
    "211218-0":{
      "refId":"door_dwrv_inner00",
      "doorState":1
    },
    "211255-0":{
      "refId":"dwrv_barrel10",
      "inventory":[{
          "refId":"ingred_scrap_metal_01",
          "count":1,
          "charge":-1,
          "enchantmentCharge":-1,
          "soul":""
        }]
    },
    "234389-0":{
      "refId":"dagoth drals",
      "location":{
        "posX":1131.9116210938,
        "posZ":-383,
        "posY":-176.87149047852,
        "rotX":0.084404371678829,
        "rotY":0,
        "rotZ":-2.6546657085419
      },
      "stats":{
        "healthCurrent":0,
        "magickaCurrent":80,
        "healthModified":240,
        "fatigueBase":250,
        "fatigueModified":250,
        "healthBase":240,
        "magickaModified":110,
        "magickaBase":110,
        "fatigueCurrent":250
      },
      "inventory":[{
          "refId":"amulet of 6th house",
          "count":1,
          "charge":-1,
          "enchantmentCharge":-1,
          "soul":""
        }],
      "killer":{
        "player":"Den"
      }
    },
    "234392-0":{
      "refId":"dagoth rather",
      "location":{
        "posX":717.70434570313,
        "posZ":-383,
        "posY":-2882.5493164063,
        "rotX":0.061797447502613,
        "rotY":0,
        "rotZ":2.0110466480255
      },
      "stats":{
        "healthCurrent":0,
        "magickaCurrent":96,
        "healthModified":280,
        "fatigueBase":600,
        "fatigueModified":600,
        "healthBase":280,
        "magickaModified":340,
        "magickaBase":340,
        "fatigueCurrent":600
      },
      "inventory":[{
          "refId":"amulet of 6th house",
          "count":1,
          "charge":-1,
          "enchantmentCharge":-1,
          "soul":""
        }],
      "killer":{
        "player":"Den"
      }
    },
    "211220-0":{
      "refId":"door_dwrv_inner00",
      "doorState":1
    },
    "234391-0":{
      "refId":"warrior dead 03",
      "location":{
        "posX":1432.5764160156,
        "posZ":-383.00006103516,
        "posY":-2887.9653320313,
        "rotX":0,
        "rotY":0,
        "rotZ":5.1831865310669
      },
      "stats":{
        "healthCurrent":0,
        "magickaCurrent":32,
        "healthModified":0,
        "fatigueBase":351,
        "fatigueModified":351,
        "healthBase":0,
        "magickaModified":32,
        "magickaBase":32,
        "fatigueCurrent":351
      },
      "equipment":{
        "0":{
          "refId":"imperial_chain_coif_helm",
          "count":1,
          "charge":-1,
          "enchantmentCharge":-1
        },
        "1":{
          "refId":"imperial_chain_cuirass",
          "count":1,
          "charge":-1,
          "enchantmentCharge":-1
        },
        "2":{
          "refId":"imperial_chain_greaves",
          "count":1,
          "charge":-1,
          "enchantmentCharge":-1
        },
        "3":{
          "refId":"imperial_chain_pauldron_left",
          "count":1,
          "charge":-1,
          "enchantmentCharge":-1
        },
        "4":{
          "refId":"imperial_chain_pauldron_right",
          "count":1,
          "charge":-1,
          "enchantmentCharge":-1
        },
        "17":{
          "refId":"blood_feast_shield",
          "count":1,
          "charge":-1,
          "enchantmentCharge":-1
        }
      },
      "inventory":[{
          "refId":"blood_feast_shield",
          "count":1,
          "charge":-1,
          "enchantmentCharge":-1,
          "soul":""
        },{
          "refId":"imperial_chain_greaves",
          "count":1,
          "charge":-1,
          "enchantmentCharge":-1,
          "soul":""
        },{
          "refId":"imperial_chain_pauldron_right",
          "count":1,
          "charge":-1,
          "enchantmentCharge":-1,
          "soul":""
        },{
          "refId":"imperial_chain_pauldron_left",
          "count":1,
          "charge":-1,
          "enchantmentCharge":-1,
          "soul":""
        },{
          "refId":"imperial_chain_cuirass",
          "count":1,