{
  "packets":{
    "actorList":["0-3012","0-3013","440258-0","0-3014"],
    "ai":[],
    "cellChangeFrom":[],
    "cellChangeTo":[],
    "container":["397788-0","397789-0","397790-0","397791-0","397792-0","397793-0","397794-0","397795-0","397799-0","397803-0","397807-0","440258-0","0-3013","0-3012","0-3014"],
    "death":["0-3013","440258-0","0-3012","0-3014"],
    "delete":["397801-0"],
    "doorState":["414208-0","348355-0"],
    "equipment":["440258-0","0-3013","0-3014"],
    "lock":[],
    "place":[],
    "position":["440258-0","0-3012","0-3013","0-3014"],
    "scale":[],
    "spawn":["0-3012","0-3013","0-3014"],
    "state":[],
    "statsDynamic":["440258-0","0-3012","0-3013","0-3014"],
    "trap":["397799-0"]
  },
  "entry":{
    "creationTime":1554700483,
    "description":"Drethan Ancestral Tomb"
  },
  "lastVisit":{
    "Den":1554700666
  },
  "recordLinks":[],
  "objectData":{
    "0-3012":{
      "refId":"bonelord",
      "location":{
        "posX":3182.5603027344,
        "posZ":577,
        "posY":-2605.7241210938,
        "rotX":0.14214012026787,
        "rotY":0,
        "rotZ":-0.70720601081848
      },
      "stats":{
        "healthCurrent":0,
        "magickaCurrent":40,
        "healthModified":90,
        "fatigueBase":500,
        "fatigueModified":500,
        "healthBase":90,
        "magickaModified":400,
        "magickaBase":400,
        "fatigueCurrent":499.76333618164
      },
      "inventory":[{
          "refId":"ingred_bonemeal_01",
          "count":6,
          "charge":-1,
          "enchantmentCharge":-1,
          "soul":""
        },{
          "refId":"misc_soulgem_lesser",
          "count":1,
          "charge":-1,
          "enchantmentCharge":-1,
          "soul":""
        }],
      "killer":{
        "player":"Den"
      }
    },
    "397792-0":{
      "refId":"urn_ash00",
      "inventory":[{
          "refId":"ingred_bonemeal_01",
          "count":1,
          "charge":-1,
          "enchantmentCharge":-1,
          "soul":""
        }]
    },
    "397803-0":{
      "refId":"chest_tomb_small00",
      "inventory":[]
    },
    "0-3013":{
      "refId":"skeleton champion",
      "location":{
        "posX":3894.8806152344,
        "posZ":577,
        "posY":-2192.7905273438,
        "rotX":0,
        "rotY":0,
        "rotZ":-2.9073059558868
      },
      "stats":{
        "healthCurrent":0,
        "magickaCurrent":30,
        "healthModified":150,
        "fatigueBase":1000,
        "fatigueModified":1000,
        "healthBase":150,
        "magickaModified":30,
        "magickaBase":30,
        "fatigueCurrent":1000
      },
      "equipment":{
        "17":{
          "refId":"iron_shield",
          "count":1,
          "charge":-1,
          "enchantmentCharge":-1
        },
        "16":{
          "refId":"silver longsword",
          "count":1,
          "charge":-1,
          "enchantmentCharge":-1
        }
      },
      "inventory":[{
          "refId":"iron_shield",
          "count":1,
          "charge":-1,
          "enchantmentCharge":-1,
          "soul":""
        },{
          "refId":"ingred_bonemeal_01",
          "count":1,
          "charge":-1,
          "enchantmentCharge":-1,
          "soul":""
        },{
          "refId":"silver longsword",
          "count":1,
          "charge":-1,
          "enchantmentCharge":-1,
          "soul":""
        }],
      "killer":{
        "player":"Den"
      }
    },
    "397801-0":{
      "refId":"ingred_bc_coda_flower"
    },
    "397799-0":{
      "refId":"chest_tomb_small01",
      "inventory":[{
          "refId":"light ring",
          "count":1,
          "charge":-1,
          "enchantmentCharge":-1,
          "soul":""
        }]
    },
    "397788-0":{
      "refId":"urn_ash00",
      "inventory":[{
          "refId":"ingred_bonemeal_01",
          "count":1,
          "charge":-1,
          "enchantmentCharge":-1,
          "soul":""
        }]
    },
    "397795-0":{
      "refId":"urn_ash00",
      "inventory":[{
          "refId":"ingred_bonemeal_01",
          "count":1,
          "charge":-1,
          "enchantmentCharge":-1,
          "soul":""
        }]
    },
    "414208-0":{
      "refId":"in_velothismall_ndoor_01",
      "doorState":1
    },
    "440258-0":{
      "refId":"marara",
      "location":{
        "posX":2769.2497558594,
        "posZ":577,
        "posY":-2538.1606445313,
        "rotX":0.0079207234084606,
        "rotY":0,
        "rotZ":1.352986574173
      },
      "stats":{
        "healthCurrent":0,
        "magickaCurrent":114,
        "healthModified":194,
        "fatigueBase":339,
        "fatigueModified":339,
        "healthBase":194,
        "magickaModified":126,
        "magickaBase":126,
        "fatigueCurrent":339
      },
      "equipment":{
        "7":{
          "refId":"extravagant_shoes_02",
          "count":1,
          "charge":-1,
          "enchantmentCharge":-1
        },
        "11":{
          "refId":"extravagant_robe_02",
          "count":1,
          "charge":-1,
          "enchantmentCharge":-1
        }
      },
      "inventory":[{
          "refId":"extravagant_robe_02",
          "count":1,
          "charge":-1,
          "enchantmentCharge":-1,
          "soul":""
        },{
          "refId":"extravagant_shoes_02",
          "count":1,
          "charge":-1,
          "enchantmentCharge":-1,
          "soul":""
        },{
          "refId":"misc_de_goblet_03",
          "count":4,
          "charge":1,
          "enchantmentCharge":-1,
          "soul":""
        },{
          "refId":"misc_de_pot_glass_peach_02",
          "count":1,
          "charge":1,
          "enchantmentCharge":-1,
          "soul":""
        },{
          "refId":"ingred_saltrice_01",
          "count":6,
          "charge":-1,
          "enchantmentCharge":-1,
          "soul":""
        }],
      "killer":{
        "player":"Den"
      }
    },
    "397794-0":{
      "refId":"urn_ash00",
      "inventory":[{
          "refId":"ingred_bonemeal_01",
          "count":1,
          "charge":-1,
          "enchantmentCharge":-1,
          "soul":""
        }]
    },
    "397790-0":{
      "refId":"urn_ash00",
      "inventory":[{
          "refId":"ingred_bonemeal_01",
          "count":1,
          "charge":-1,
          "enchantmentCharge":-1,
          "soul":""
        }]
    },
    "397793-0":{
      "refId":"urn_ash00",
      "inventory":[{
          "refId":"ingred_bonemeal_01",
          "count":1,
          "charge":-1,
          "enchantmentCharge":-1,
          "soul":""
        }]
    },
    "0-3014":{
      "refId":"db_assassin3",
      "location":{
        "posX":2659.7905273438,
        "posZ":577,
        "posY":-2580.5029296875,
        "rotX":0,
        "rotY":0,
        "rotZ":1.1597731113434
      },
      "stats":{
        "healthCurrent":0,
        "magickaCurrent":154,
        "healthModified":141,
        "fatigueBase":276,
        "fatigueModified":276,
        "healthBase":141,
        "magickaModified":154,
        "magickaBase":154,
        "fatigueCurrent":274.29153442383
      },
      "equipment":{
        "0":{
          "refId":"darkbrotherhood helm",
          "count":1,
          "charge":-1,
          "enchantmentCharge":-1
        },
        "1":{
          "refId":"darkbrotherhood cuirass",
          "count":1,
          "charge":-1,
          "enchantmentCharge":-1
        },
        "2":{
          "refId":"darkbrotherhood greaves",
          "count":1,
          "charge":-1,
          "enchantmentCharge":-1
        },
        "3":{
          "refId":"darkbrotherhood pauldron_l",
          "count":1,
          "charge":-1,
          "enchantmentCharge":-1
        },
        "4":{
          "refId":"darkbrotherhood pauldron_r",
          "count":1,
          "charge":-1,
          "enchantmentCharge":-1
        },
        "5":{
          "refId":"darkbrotherhood gauntlet_l",
          "count":1,
          "charge":-1,