{
  "packets":{
    "actorList":["150234-0","150233-0","0-916"],
    "ai":[],
    "cellChangeFrom":[],
    "cellChangeTo":[],
    "container":["404094-0","404097-0","150234-0","150233-0","0-916"],
    "death":["150234-0","150233-0","0-916"],
    "delete":["404096-0","150232-0","476668-0","404095-0","150231-0"],
    "doorState":[],
    "equipment":["150233-0","150234-0","0-916"],
    "lock":["404097-0","404094-0"],
    "place":["0-915","0-917","0-918"],
    "position":["150233-0","150234-0","0-916"],
    "scale":[],
    "spawn":["0-916"],
    "state":[],
    "statsDynamic":["150233-0","150234-0","0-916"],
    "trap":["404097-0"]
  },
  "entry":{
    "creationTime":1554429281,
    "description":"Ibishammus, Shrine"
  },
  "lastVisit":{
    "Den":1554429541,
    "Fendryn":1554429570
  },
  "recordLinks":[],
  "objectData":{
    "404094-0":{
      "refId":"com_chest_02_lev_gold",
      "inventory":[],
      "lockLevel":0
    },
    "404095-0":{
      "refId":"sc_blackdespair"
    },
    "404096-0":{
      "refId":"sc_blackweakness"
    },
    "404097-0":{
      "refId":"com_chest_daed_ruin_01",
      "inventory":[{
          "refId":"p_restore_luck_c",
          "count":1,
          "charge":-1,
          "enchantmentCharge":-1,
          "soul":""
        },{
          "refId":"cruel flameblade",
          "count":1,
          "charge":-1,
          "enchantmentCharge":-1,
          "soul":""
        }],
      "lockLevel":0
    },
    "150232-0":{
      "refId":"ingred_emerald_01"
    },
    "0-917":{
      "refId":"iron saber",
      "location":{
        "posX":484.73376464844,
        "posZ":-638.78009033203,
        "posY":747.83129882813,
        "rotX":0,
        "rotY":0,
        "rotZ":1.6870515346527
      }
    },
    "0-916":{
      "refId":"dremora_lord",
      "location":{
        "posX":-61.898059844971,
        "posZ":-638.99835205078,
        "posY":383.88305664063,
        "rotX":0.012756891548634,
        "rotY":0,
        "rotZ":1.3421947956085
      },
      "stats":{
        "healthCurrent":0,
        "magickaCurrent":11,
        "healthModified":280,
        "fatigueBase":500,
        "fatigueModified":500,
        "healthBase":280,
        "magickaModified":200,
        "magickaBase":200,
        "fatigueCurrent":495.51489257813
      },
      "equipment":[],
      "inventory":[],
      "killer":{
        "player":"Den"
      }
    },
    "150231-0":{
      "refId":"ingred_daedras_heart_01"
    },
    "476668-0":{
      "refId":"ingred_dae_cursed_diamond_01"
    },
    "150234-0":{
      "refId":"azuk gro-rugob",
      "location":{
        "posX":496.61669921875,
        "posZ":-638.99835205078,
        "posY":809.33929443359,
        "rotX":0,
        "rotY":0,
        "rotZ":2.6734011173248
      },
      "stats":{
        "healthCurrent":0,
        "magickaCurrent":88,
        "healthModified":208,
        "fatigueBase":333,
        "fatigueModified":333,
        "healthBase":208,
        "magickaModified":88,
        "magickaBase":88,
        "fatigueCurrent":332.89743041992
      },
      "equipment":{
        "7":{
          "refId":"orcish_boots",
          "count":1,
          "charge":-1,
          "enchantmentCharge":-1
        },
        "16":{
          "refId":"iron saber",
          "count":1,
          "charge":-1,
          "enchantmentCharge":-1
        }
      },
      "inventory":[],
      "killer":{
        "player":"Fendryn"
      }
    },
    "0-918":{
      "refId":"bonemold_greaves",
      "charge":136,
      "location":{
        "posX":532.02062988281,
        "posZ":-639.10131835938,
        "posY":731.42224121094,
        "rotX":0,
        "rotY":0,
        "rotZ":1.6870515346527
      }
    },
    "150233-0":{
      "refId":"garzonk gro-mulakh",
      "location":{
        "posX":-145.40454101563,
        "posZ":-638.99835205078,
        "posY":1178.8862304688,
        "rotX":0,
        "rotY":0,
        "rotZ":1.3339173793793
      },
      "stats":{
        "healthCurrent":0,
        "magickaCurrent":7,
        "healthModified":99,
        "fatigueBase":269,
        "fatigueModified":269,
        "healthBase":99,
        "magickaModified":88,
        "magickaBase":88,
        "fatigueCurrent":269
      },
      "equipment":{
        "11":{
          "refId":"extravagant_robe_02",
          "count":1,
          "charge":-1,
          "enchantmentCharge":-1
        }
      },
      "inventory":[{
          "refId":"extravagant_robe_02",
          "count":1,
          "charge":-1,
          "enchantmentCharge":-1,
          "soul":""
        }],
      "killer":{
        "player":"Den"
      }
    },
    "0-915":{
      "refId":"steel warhammer of smiting",
      "charge":2993,
      "location":{
        "posX":-41.374359130859,
        "posZ":-636.29779052734,
        "posY":1070.3560791016,
        "rotX":0,
        "rotY":0,
        "rotZ":3.0561745166779
      }
    }
  }
}