{
  "packets":{
    "actorList":["0-2017","0-2018","0-2019","0-2020","380360-0","380361-0","380362-0","409989-0"],
    "ai":[],
    "cellChangeFrom":[],
    "cellChangeTo":[],
    "container":["380360-0","380361-0","380362-0","409989-0","0-2018","0-2020","0-2019","0-2017"],
    "death":["0-2018","0-2020","0-2019","380361-0","380360-0","380362-0","0-2017"],
    "delete":[],
    "doorState":[],
    "equipment":["380360-0","380361-0","380362-0","409989-0","0-2018"],
    "lock":[],
    "place":[],
    "position":["380360-0","380361-0","380362-0","409989-0","0-2017","0-2018","0-2019","0-2020"],
    "scale":[],
    "spawn":["0-2017","0-2018","0-2019","0-2020"],
    "state":[],
    "statsDynamic":["380360-0","380361-0","380362-0","409989-0","0-2017","0-2018","0-2019","0-2020"],
    "trap":[]
  },
  "entry":{
    "creationTime":1554621386,
    "description":"Ilunibi, Marowak's Spine"
  },
  "lastVisit":{
    "Den":1554622146
  },
  "recordLinks":[],
  "objectData":{
    "0-2019":{
      "refId":"corprus_stalker",
      "location":{
        "posX":-2048.8107910156,
        "posZ":230.00440979004,
        "posY":3080.0285644531,
        "rotX":-0.0579664260149,
        "rotY":0,
        "rotZ":-0.81946444511414
      },
      "stats":{
        "healthCurrent":0,
        "magickaCurrent":35,
        "healthModified":60,
        "fatigueBase":300,
        "fatigueModified":300,
        "healthBase":60,
        "magickaModified":50,
        "magickaBase":50,
        "fatigueCurrent":299.48327636719
      },
      "inventory":[{
          "refId":"ingred_corprus_weepings_01",
          "count":1,
          "charge":-1,
          "enchantmentCharge":-1,
          "soul":""
        }],
      "killer":{
        "player":"Den"
      }
    },
    "0-2018":{
      "refId":"dremora",
      "location":{
        "posX":551.48291015625,
        "posZ":113.72652435303,
        "posY":7224.44140625,
        "rotX":0.11780538409948,
        "rotY":0,
        "rotZ":2.7866837978363
      },
      "stats":{
        "healthCurrent":0,
        "magickaCurrent":40,
        "healthModified":160,
        "fatigueBase":400,
        "fatigueModified":400,
        "healthBase":160,
        "magickaModified":100,
        "magickaBase":100,
        "fatigueCurrent":400
      },
      "equipment":{
        "16":{
          "refId":"dwarven halberd",
          "count":1,
          "charge":-1,
          "enchantmentCharge":-1
        }
      },
      "inventory":[{
          "refId":"dwarven halberd",
          "count":1,
          "charge":-1,
          "enchantmentCharge":-1,
          "soul":""
        }],
      "killer":{
        "player":"Den"
      }
    },
    "380362-0":{
      "refId":"dreamer",
      "location":{
        "posX":2202.0322265625,
        "posZ":96.229095458984,
        "posY":-240.15444946289,
        "rotX":0.1521110534668,
        "rotY":0,
        "rotZ":-0.17056202888489
      },
      "stats":{
        "healthCurrent":0,
        "magickaCurrent":80,
        "healthModified":40,
        "fatigueBase":160,
        "fatigueModified":160,
        "healthBase":40,
        "magickaModified":80,
        "magickaBase":80,
        "fatigueCurrent":155.68893432617
      },
      "equipment":{
        "16":{
          "refId":"iron club",
          "count":1,
          "charge":399,
          "enchantmentCharge":-1
        }
      },
      "inventory":[{
          "refId":"ingred_6th_corprusmeat_01",
          "count":1,
          "charge":-1,
          "enchantmentCharge":-1,
          "soul":""
        },{
          "refId":"iron club",
          "count":1,
          "charge":399,
          "enchantmentCharge":-1,
          "soul":""
        }],
      "killer":{
        "player":"Den"
      }
    },
    "409989-0":{
      "refId":"dead random male",
      "location":{
        "posX":67.652084350586,
        "posZ":64.782104492188,
        "posY":2766.0739746094,
        "rotX":0,
        "rotY":0,
        "rotZ":0
      },
      "stats":{
        "healthCurrent":0,
        "magickaCurrent":92,
        "healthModified":0,
        "fatigueBase":216,
        "fatigueModified":216,
        "healthBase":0,
        "magickaModified":92,
        "magickaBase":92,
        "fatigueCurrent":216
      },
      "equipment":{
        "0":{
          "refId":"imperial helmet armor",
          "count":1,
          "charge":-1,
          "enchantmentCharge":-1
        },
        "1":{
          "refId":"imperial_studded_cuirass",
          "count":1,
          "charge":-1,
          "enchantmentCharge":-1
        },
        "2":{
          "refId":"fur_greaves",
          "count":1,
          "charge":-1,
          "enchantmentCharge":-1
        },
        "3":{
          "refId":"fur_pauldron_left",
          "count":1,
          "charge":-1,
          "enchantmentCharge":-1
        },
        "5":{
          "refId":"steel_gauntlet_left",
          "count":1,
          "charge":-1,
          "enchantmentCharge":-1
        },
        "6":{
          "refId":"fur_bracer_right",
          "count":1,
          "charge":-1,
          "enchantmentCharge":-1
        },
        "7":{
          "refId":"imperial boots",
          "count":1,
          "charge":170,
          "enchantmentCharge":-1
        },
        "16":{
          "refId":"steel flamemace",
          "count":1,
          "charge":-1,
          "enchantmentCharge":-1
        },
        "17":{
          "refId":"steel_shield",
          "count":1,
          "charge":-1,
          "enchantmentCharge":-1
        }
      },
      "inventory":[{
          "refId":"fur_bracer_right",
          "count":1,
          "charge":-1,
          "enchantmentCharge":-1,
          "soul":""
        },{
          "refId":"imperial_studded_cuirass",
          "count":1,
          "charge":-1,
          "enchantmentCharge":-1,
          "soul":""
        },{
          "refId":"steel_gauntlet_left",
          "count":1,
          "charge":-1,
          "enchantmentCharge":-1,
          "soul":""
        },{
          "refId":"fur_greaves",
          "count":1,
          "charge":-1,
          "enchantmentCharge":-1,
          "soul":""
        },{
          "refId":"imperial helmet armor",
          "count":1,
          "charge":-1,
          "enchantmentCharge":-1,
          "soul":""
        },{
          "refId":"fur_pauldron_left",
          "count":1,
          "charge":-1,
          "enchantmentCharge":-1,
          "soul":""
        },{
          "refId":"steel_shield",
          "count":1,
          "charge":-1,
          "enchantmentCharge":-1,
          "soul":""
        },{
          "refId":"pick_apprentice_01",
          "count":1,
          "charge":-1,
          "enchantmentCharge":-1,
          "soul":""
        },{
          "refId":"steel flamemace",
          "count":1,
          "charge":-1,
          "enchantmentCharge":-1,
          "soul":""
        },{
          "refId":"imperial boots",
          "count":1,
          "charge":170,
          "enchantmentCharge":-1,
          "soul":""
        }]
    },
    "380361-0":{
      "refId":"dreamer",
      "location":{
        "posX":-2143.0791015625,
        "posZ":213.36859130859,
        "posY":3080.2468261719,
        "rotX":0.29181596636772,
        "rotY":0,
        "rotZ":-1.275651216507
      },
      "stats":{
        "healthCurrent":0,
        "magickaCurrent":80,
        "healthModified":40,
        "fatigueBase":160,
        "fatigueModified":160,
        "healthBase":40,
        "magickaModified":80,
        "magickaBase":80,
        "fatigueCurrent":146.03167724609
      },
      "equipment":{
        "16":{
          "refId":"iron club",
          "count":1,
          "charge":399,
          "enchantmentCharge":-1
        }
      },
      "inventory":[{
          "refId":"ingred_6th_corprusmeat_01",
          "count":1,
          "charge":-1,
          "enchantmentCharge":-1,
          "soul":""
        },{
          "refId":"iron club",
          "count":1,