{
  "packets":{
    "actorList":["0-1530","0-1531","0-1532","0-1533","0-1534"],
    "ai":[],
    "cellChangeFrom":[],
    "cellChangeTo":[],
    "container":["385522-0","385523-0","385524-0","385525-0","385526-0","385527-0","385528-0","385529-0","385530-0","385531-0","385532-0","385533-0","385534-0","385550-0","385554-0","385555-0","0-1531","0-1532","0-1533","0-1530","0-1534"],
    "death":["0-1531","0-1532","0-1533","0-1530","0-1534"],
    "delete":["385537-0","385539-0","385543-0","385542-0","385544-0","385546-0","385548-0","385557-0","385558-0","385556-0","385552-0","385551-0"],
    "doorState":["358007-0","343431-0","343430-0","343427-0"],
    "equipment":["0-1530"],
    "lock":["343427-0"],
    "place":[],
    "position":["0-1530","0-1531","0-1532","0-1533","0-1534"],
    "scale":[],
    "spawn":["0-1530","0-1531","0-1532","0-1533","0-1534"],
    "state":[],
    "statsDynamic":["0-1530","0-1531","0-1532","0-1533","0-1534"],
    "trap":["385555-0","385554-0"]
  },
  "entry":{
    "creationTime":1554609910,
    "description":"Indalen Ancestral Tomb"
  },
  "lastVisit":{
    "Den":1554785409,
    "Fendryn":1554610290
  },
  "recordLinks":[],
  "objectData":{
    "343431-0":{
      "refId":"in_velothismall_ndoor_01",
      "doorState":1
    },
    "0-1532":{
      "refId":"daedroth",
      "location":{
        "posX":142.81307983398,
        "posZ":2209,
        "posY":-1667.8206787109,
        "rotX":7.1525573730469e-07,
        "rotY":0,
        "rotZ":-1.1319530010223
      },
      "stats":{
        "healthCurrent":0,
        "magickaCurrent":0,
        "healthModified":180,
        "fatigueBase":600,
        "fatigueModified":600,
        "healthBase":180,
        "magickaModified":195,
        "magickaBase":195,
        "fatigueCurrent":599.16241455078
      },
      "inventory":[{
          "refId":"ingred_daedras_heart_01",
          "count":1,
          "charge":-1,
          "enchantmentCharge":-1,
          "soul":""
        }],
      "killer":{
        "player":"Fendryn"
      }
    },
    "385525-0":{
      "refId":"urn_ash00",
      "inventory":[{
          "refId":"ingred_bonemeal_01",
          "count":1,
          "charge":-1,
          "enchantmentCharge":-1,
          "soul":""
        }]
    },
    "385532-0":{
      "refId":"urn_ash00",
      "inventory":[{
          "refId":"ingred_bonemeal_01",
          "count":1,
          "charge":-1,
          "enchantmentCharge":-1,
          "soul":""
        }]
    },
    "385527-0":{
      "refId":"urn_ash00",
      "inventory":[{
          "refId":"ingred_bonemeal_01",
          "count":1,
          "charge":-1,
          "enchantmentCharge":-1,
          "soul":""
        }]
    },
    "385526-0":{
      "refId":"urn_ash00",
      "inventory":[{
          "refId":"ingred_bonemeal_01",
          "count":1,
          "charge":-1,
          "enchantmentCharge":-1,
          "soul":""
        }]
    },
    "385546-0":{
      "refId":"ingred_gold_kanet_01"
    },
    "385522-0":{
      "refId":"urn_ash00",
      "inventory":[{
          "refId":"ingred_bonemeal_01",
          "count":1,
          "charge":-1,
          "enchantmentCharge":-1,
          "soul":""
        }]
    },
    "385555-0":{
      "refId":"chest_tomb_small00",
      "inventory":[]
    },
    "0-1534":{
      "refId":"daedroth",
      "location":{
        "posX":2483.6970214844,
        "posZ":1953.0001220703,
        "posY":-2423.4538574219,
        "rotX":0.0021110977977514,
        "rotY":0,
        "rotZ":2.1591989994049
      },
      "stats":{
        "healthCurrent":0,
        "magickaCurrent":0,
        "healthModified":180,
        "fatigueBase":600,
        "fatigueModified":600,
        "healthBase":180,
        "magickaModified":195,
        "magickaBase":195,
        "fatigueCurrent":599.34539794922
      },
      "inventory":[],
      "killer":{
        "player":"Fendryn"
      }
    },
    "385543-0":{
      "refId":"cruel sparkbolt ring"
    },
    "385523-0":{
      "refId":"urn_ash00",
      "inventory":[{
          "refId":"ingred_bonemeal_01",
          "count":1,
          "charge":-1,
          "enchantmentCharge":-1,
          "soul":""
        }]
    },
    "385552-0":{
      "refId":"ingred_bc_bungler's_bane"
    },
    "0-1530":{
      "refId":"skeleton champion",
      "location":{
        "posX":1452.0639648438,
        "posZ":1974.0327148438,
        "posY":-3348.7492675781,
        "rotX":-0.46270000934601,
        "rotY":0,
        "rotZ":-2.8918368816376
      },
      "stats":{
        "healthCurrent":0,
        "magickaCurrent":30,
        "healthModified":150,
        "fatigueBase":1000,
        "fatigueModified":1000,
        "healthBase":150,
        "magickaModified":30,
        "magickaBase":30,
        "fatigueCurrent":974.30529785156
      },
      "equipment":{
        "17":{
          "refId":"iron_shield",
          "count":1,
          "charge":-1,
          "enchantmentCharge":-1
        },
        "16":{
          "refId":"silver longsword",
          "count":1,
          "charge":-1,
          "enchantmentCharge":-1
        }
      },
      "inventory":[{
          "refId":"iron_shield",
          "count":1,
          "charge":-1,
          "enchantmentCharge":-1,
          "soul":""
        },{
          "refId":"ingred_bonemeal_01",
          "count":3,
          "charge":-1,
          "enchantmentCharge":-1,
          "soul":""
        },{
          "refId":"silver longsword",
          "count":1,
          "charge":635,
          "enchantmentCharge":-1,
          "soul":""
        }],
      "killer":{
        "player":"Fendryn"
      }
    },
    "0-1531":{
      "refId":"daedroth",
      "location":{
        "posX":-431.04760742188,
        "posZ":2209,
        "posY":-989.02758789063,
        "rotX":0.0032203923910856,
        "rotY":0,
        "rotZ":-0.18398547172546
      },
      "stats":{
        "healthCurrent":0,
        "magickaCurrent":0,
        "healthModified":180,
        "fatigueBase":600,
        "fatigueModified":600,
        "healthBase":180,
        "magickaModified":195,
        "magickaBase":195,
        "fatigueCurrent":599.00610351563
      },
      "inventory":[],
      "killer":{
        "player":"Fendryn"
      }
    },
    "385529-0":{
      "refId":"urn_ash00",
      "inventory":[{
          "refId":"ingred_bonemeal_01",
          "count":1,
          "charge":-1,
          "enchantmentCharge":-1,
          "soul":""
        }]
    },
    "385528-0":{
      "refId":"urn_ash00",
      "inventory":[{
          "refId":"ingred_bonemeal_01",
          "count":1,
          "charge":-1,
          "enchantmentCharge":-1,
          "soul":""
        }]
    },
    "385548-0":{
      "refId":"ingred_daedras_heart_01"
    },
    "385556-0":{
      "refId":"p_restore_endurance_q"
    },
    "385530-0":{
      "refId":"urn_ash00",
      "inventory":[{
          "refId":"ingred_bonemeal_01",
          "count":1,
          "charge":-1,
          "enchantmentCharge":-1,
          "soul":""
        }]
    },
    "343430-0":{
      "refId":"in_velothismall_ndoor_01",
      "doorState":1
    },
    "358007-0":{
      "refId":"in_velothismall_ndoor_01",
      "doorState":1
    },
    "385550-0":{
      "refId":"chest_tomb_small01",
      "inventory":[{
          "refId":"common_amulet_03",
          "count":1,
          "charge":-1,
          "enchantmentCharge":-1,
          "soul":""
        }]
    },
    "385534-0":{
      "refId":"urn_ash00",
      "inventory":[{
          "refId":"ingred_bonemeal_01",
          "count":1,
          "charge":-1,
          "enchantmentCharge":-1,
          "soul":""
        }]
    },
    "385537-0":{
      "refId":"ingred_bittergreen_petals_01"
    },
    "385531-0":{
      "refId":"urn_ash00",
      "inventory":[{
          "refId":"ingred_bonemeal_01",
          "count":1,
          "charge":-1,
          "enchantmentCharge":-1,
          "soul":""
        }]
    },
    "385533-0":{
      "refId":"urn_ash00",