{
  "packets":{
    "actorList":["0-3405","0-3406","381217-0","381218-0","381219-0"],
    "ai":[],
    "cellChangeFrom":[],
    "cellChangeTo":[],
    "container":["381217-0","381218-0","381219-0","0-3405","0-3406"],
    "death":["381219-0","381217-0","0-3405","381218-0","0-3406"],
    "delete":["381233-0"],
    "doorState":[],
    "equipment":[],
    "lock":[],
    "place":[],
    "position":["381217-0","381218-0","381219-0","0-3405","0-3406"],
    "scale":[],
    "spawn":["0-3405","0-3406"],
    "state":[],
    "statsDynamic":["381217-0","381218-0","381219-0","0-3405","0-3406"],
    "trap":[]
  },
  "entry":{
    "creationTime":1554789577,
    "description":"Kogoruhn, Bleeding Heart"
  },
  "lastVisit":{
    "Den":1554789680
  },
  "recordLinks":[],
  "objectData":{
    "0-3405":{
      "refId":"ash_slave",
      "location":{
        "posX":-5574.0244140625,
        "posZ":-118.13963317871,
        "posY":2176.2878417969,
        "rotX":0.10119736194611,
        "rotY":0,
        "rotZ":1.3515145778656
      },
      "stats":{
        "healthCurrent":0,
        "magickaCurrent":114.2857208252,
        "healthModified":60,
        "fatigueBase":380,
        "fatigueModified":380,
        "healthBase":60,
        "magickaModified":200,
        "magickaBase":200,
        "fatigueCurrent":379.79248046875
      },
      "inventory":[{
          "refId":"ingred_ash_salts_01",
          "count":1,
          "charge":-1,
          "enchantmentCharge":-1,
          "soul":""
        }],
      "killer":{
        "player":"Den"
      }
    },
    "381217-0":{
      "refId":"atronach_flame",
      "location":{
        "posX":-3155.6530761719,
        "posZ":-355.73559570313,
        "posY":1807.2838134766,
        "rotX":0.27160567045212,
        "rotY":0,
        "rotZ":2.3639481067657
      },
      "stats":{
        "healthCurrent":0,
        "magickaCurrent":79,
        "healthModified":75,
        "fatigueBase":600,
        "fatigueModified":600,
        "healthBase":75,
        "magickaModified":105,
        "magickaBase":105,
        "fatigueCurrent":595.09954833984
      },
      "inventory":[{
          "refId":"ingred_fire_salts_01",
          "count":1,
          "charge":-1,
          "enchantmentCharge":-1,
          "soul":""
        }],
      "killer":{
        "player":"Den"
      }
    },
    "381233-0":{
      "refId":"shadow_shield"
    },
    "381218-0":{
      "refId":"dagoth elam",
      "location":{
        "posX":-6415.6489257813,
        "posZ":-127,
        "posY":2190.2243652344,
        "rotX":0.16716110706329,
        "rotY":0,
        "rotZ":-0.69559669494629
      },
      "stats":{
        "healthCurrent":0,
        "magickaCurrent":70.400001525879,
        "healthModified":240,
        "fatigueBase":250,
        "fatigueModified":250,
        "healthBase":240,
        "magickaModified":110,
        "magickaBase":110,
        "fatigueCurrent":225.28826904297
      },
      "inventory":[],
      "killer":{
        "player":"Den"
      }
    },
    "0-3406":{
      "refId":"ash_zombie",
      "location":{
        "posX":-6488.1752929688,
        "posZ":-127,
        "posY":2170.974609375,
        "rotX":0.086084648966789,
        "rotY":0,
        "rotZ":0.52367043495178
      },
      "stats":{
        "healthCurrent":0,
        "magickaCurrent":100,
        "healthModified":90,
        "fatigueBase":400,
        "fatigueModified":400,
        "healthBase":90,
        "magickaModified":100,
        "magickaBase":100,
        "fatigueCurrent":385.43692016602
      },
      "inventory":[{
          "refId":"ingred_ash_salts_01",
          "count":1,
          "charge":-1,
          "enchantmentCharge":-1,
          "soul":""
        },{
          "refId":"spiked club",
          "count":1,
          "charge":-1,
          "enchantmentCharge":-1,
          "soul":""
        }],
      "killer":{
        "player":"Den"
      }
    },
    "381219-0":{
      "refId":"atronach_flame",
      "location":{
        "posX":-3077.1630859375,
        "posZ":-376.63726806641,
        "posY":1685.1064453125,
        "rotX":0.22507639229298,
        "rotY":0,
        "rotZ":2.5778357982635
      },
      "stats":{
        "healthCurrent":0,
        "magickaCurrent":79,
        "healthModified":75,
        "fatigueBase":600,
        "fatigueModified":600,
        "healthBase":75,
        "magickaModified":105,
        "magickaBase":105,
        "fatigueCurrent":599.28460693359
      },
      "inventory":[],
      "killer":{
        "player":"Den"
      }
    }
  }
}