{
  "packets":{
    "actorList":["0-3375","0-3376","381715-0","381716-0","381717-0","381713-0","381714-0"],
    "ai":[],
    "cellChangeFrom":[],
    "cellChangeTo":[],
    "container":["381741-0","381715-0","381716-0","381717-0","381713-0","381714-0","0-3376","0-3375"],
    "death":["0-3376","381713-0","381714-0","0-3375"],
    "delete":["381742-0","381744-0"],
    "doorState":["381724-0","381727-0","381728-0","381729-0","381720-0","381726-0","381725-0"],
    "equipment":["381715-0","381716-0","381717-0"],
    "lock":["381727-0","381728-0","381729-0"],
    "place":[],
    "position":["381713-0","381714-0","381715-0","381716-0","381717-0","0-3375","0-3376"],
    "scale":[],
    "spawn":["0-3375","0-3376"],
    "state":[],
    "statsDynamic":["381713-0","381714-0","381715-0","381716-0","381717-0","0-3375","0-3376"],
    "trap":[]
  },
  "entry":{
    "creationTime":1554788986,
    "description":"Kogoruhn, Hall of Maki"
  },
  "lastVisit":{
    "Den":1554789367
  },
  "recordLinks":[],
  "objectData":{
    "381726-0":{
      "refId":"in_strong_vaultdoor00",
      "doorState":1
    },
    "0-3375":{
      "refId":"ash_slave",
      "location":{
        "posX":4388.6801757813,
        "posZ":-734.20202636719,
        "posY":-2227.8442382813,
        "rotX":-0.10546589642763,
        "rotY":0,
        "rotZ":-1.1757915019989
      },
      "stats":{
        "healthCurrent":0,
        "magickaCurrent":124.05062866211,
        "healthModified":60,
        "fatigueBase":380,
        "fatigueModified":380,
        "healthBase":60,
        "magickaModified":200,
        "magickaBase":200,
        "fatigueCurrent":379.72494506836
      },
      "inventory":[],
      "killer":{
        "player":"Den"
      }
    },
    "381728-0":{
      "refId":"in_strong_vaultdoor00",
      "doorState":1,
      "lockLevel":0
    },
    "381713-0":{
      "refId":"atronach_flame",
      "location":{
        "posX":2434.7768554688,
        "posZ":-383,
        "posY":68.219970703125,
        "rotX":0.079885311424732,
        "rotY":0,
        "rotZ":3.1296150684357
      },
      "stats":{
        "healthCurrent":0,
        "magickaCurrent":79,
        "healthModified":75,
        "fatigueBase":600,
        "fatigueModified":600,
        "healthBase":75,
        "magickaModified":105,
        "magickaBase":105,
        "fatigueCurrent":599.56689453125
      },
      "inventory":[],
      "killer":{
        "player":"Den"
      }
    },
    "381725-0":{
      "refId":"in_strong_vaultdoor00",
      "doorState":1
    },
    "381715-0":{
      "refId":"wizard dead 00",
      "location":{
        "posX":5.4030032157898,
        "posZ":-383.00003051758,
        "posY":-2770.0422363281,
        "rotX":0,
        "rotY":0,
        "rotZ":2.3561947345734
      },
      "stats":{
        "healthCurrent":0,
        "magickaCurrent":50,
        "healthModified":0,
        "fatigueBase":319,
        "fatigueModified":319,
        "healthBase":0,
        "magickaModified":50,
        "magickaBase":50,
        "fatigueCurrent":319
      },
      "equipment":[{
          "refId":"fur_cuirass",
          "count":1,
          "charge":-1,
          "enchantmentCharge":-1
        },{
          "refId":"netch_leather_greaves",
          "count":1,
          "charge":-1,
          "enchantmentCharge":-1
        },{
          "refId":"fur_pauldron_left",
          "count":1,
          "charge":-1,
          "enchantmentCharge":-1
        },{
          "refId":"fur_pauldron_right",
          "count":1,
          "charge":-1,
          "enchantmentCharge":-1
        },{
          "refId":"expensive_glove_left_01",
          "count":1,
          "charge":-1,
          "enchantmentCharge":-1
        },{
          "refId":"expensive_glove_right_01",
          "count":1,
          "charge":-1,
          "enchantmentCharge":-1
        },{
          "refId":"netch_leather_boots",
          "count":1,
          "charge":-1,
          "enchantmentCharge":-1
        },null,{
          "refId":"common_pants_03_b",
          "count":1,
          "charge":-1,
          "enchantmentCharge":-1
        },null,null,null,null,null,null,{
          "refId":"silver spear",
          "count":1,
          "charge":-1,
          "enchantmentCharge":-1
        }],
      "inventory":[{
          "refId":"p_reflection_s",
          "count":1,
          "charge":-1,
          "enchantmentCharge":-1,
          "soul":""
        },{
          "refId":"p_restore_fatigue_s",
          "count":1,
          "charge":-1,
          "enchantmentCharge":-1,
          "soul":""
        },{
          "refId":"p_fire_shield_s",
          "count":1,
          "charge":-1,
          "enchantmentCharge":-1,
          "soul":""
        },{
          "refId":"netch_leather_boots",
          "count":1,
          "charge":-1,
          "enchantmentCharge":-1,
          "soul":""
        },{
          "refId":"netch_leather_greaves",
          "count":1,
          "charge":-1,
          "enchantmentCharge":-1,
          "soul":""
        },{
          "refId":"fur_pauldron_right",
          "count":1,
          "charge":-1,
          "enchantmentCharge":-1,
          "soul":""
        },{
          "refId":"fur_pauldron_left",
          "count":1,
          "charge":-1,
          "enchantmentCharge":-1,
          "soul":""
        },{
          "refId":"fur_cuirass",
          "count":1,
          "charge":-1,
          "enchantmentCharge":-1,
          "soul":""
        },{
          "refId":"expensive_glove_left_01",
          "count":1,
          "charge":-1,
          "enchantmentCharge":-1,
          "soul":""
        },{
          "refId":"expensive_glove_right_01",
          "count":1,
          "charge":-1,
          "enchantmentCharge":-1,
          "soul":""
        },{
          "refId":"common_pants_03_b",
          "count":1,
          "charge":-1,
          "enchantmentCharge":-1,
          "soul":""
        },{
          "refId":"ingred_ash_salts_01",
          "count":1,
          "charge":-1,
          "enchantmentCharge":-1,
          "soul":""
        },{
          "refId":"ingred_crab_meat_01",
          "count":1,
          "charge":-1,
          "enchantmentCharge":-1,
          "soul":""
        },{
          "refId":"ingred_raw_ebony_01",
          "count":1,
          "charge":-1,
          "enchantmentCharge":-1,
          "soul":""
        },{
          "refId":"silver spear",
          "count":1,
          "charge":-1,
          "enchantmentCharge":-1,
          "soul":""
        }]
    },
    "381727-0":{
      "refId":"in_strong_vaultdoor00",
      "doorState":1,
      "lockLevel":0
    },
    "0-3376":{
      "refId":"ash_zombie",
      "location":{
        "posX":707.81628417969,
        "posZ":1.0000057220459,
        "posY":-1109.6137695313,
        "rotX":0.0033174883574247,
        "rotY":0,
        "rotZ":0.043612718582153
      },
      "stats":{
        "healthCurrent":0,
        "magickaCurrent":100,
        "healthModified":90,
        "fatigueBase":400,
        "fatigueModified":400,
        "healthBase":90,
        "magickaModified":100,
        "magickaBase":100,
        "fatigueCurrent":396.46731567383
      },
      "inventory":[{
          "refId":"ingred_ash_salts_01",
          "count":2,
          "charge":-1,
          "enchantmentCharge":-1,
          "soul":""
        },{
          "refId":"spiked club",
          "count":1,
          "charge":-1,
          "enchantmentCharge":-1,
          "soul":""
        }],
      "killer":{
        "player":"Den"
      }
    },
    "381744-0":{
      "refId":"glass halberd"
    },
    "381724-0":{
      "refId":"in_strong_vaultdoor00",
      "doorState":1
    },
    "381742-0":{
      "refId":"ingred_hound_meat_01"
    },
    "381741-0":{
      "refId":"de_p_desk_01",
      "inventory":[]
    },
    "381720-0":{
      "refId":"in_strong_vaultdoor00",
      "doorState":1
    },
    "381714-0":{
      "refId":"atronach_flame",