{
  "packets":{
    "actorList":["0-3373","0-3374","381985-0"],
    "ai":[],
    "cellChangeFrom":[],
    "cellChangeTo":[],
    "container":["381985-0","0-3374","0-3373"],
    "death":["0-3374","381985-0","0-3373"],
    "delete":[],
    "doorState":[],
    "equipment":[],
    "lock":[],
    "place":[],
    "position":["381985-0","0-3373","0-3374"],
    "scale":[],
    "spawn":["0-3373","0-3374"],
    "state":[],
    "statsDynamic":["381985-0","0-3373","0-3374"],
    "trap":[]
  },
  "entry":{
    "creationTime":1554788925,
    "description":"Kogoruhn, Hall of Phisto"
  },
  "lastVisit":{
    "Den":1554788986
  },
  "recordLinks":[],
  "objectData":{
    "0-3373":{
      "refId":"ascended_sleeper",
      "location":{
        "posX":2049.2954101563,
        "posZ":-286.99996948242,
        "posY":-743.83276367188,
        "rotX":0.032919365912676,
        "rotY":0,
        "rotZ":-1.4703772068024
      },
      "stats":{
        "healthCurrent":0,
        "magickaCurrent":8.4507036209106,
        "healthModified":300,
        "fatigueBase":400,
        "fatigueModified":400,
        "healthBase":300,
        "magickaModified":200,
        "magickaBase":200,
        "fatigueCurrent":399.44161987305
      },
      "inventory":[],
      "killer":{
        "player":"Den"
      }
    },
    "0-3374":{
      "refId":"ascended_sleeper",
      "location":{
        "posX":-775.046875,
        "posZ":-286.99969482422,
        "posY":1068.8763427734,
        "rotX":0.038287065923214,
        "rotY":0,
        "rotZ":-0.11447882652283
      },
      "stats":{
        "healthCurrent":0,
        "magickaCurrent":54.838710784912,
        "healthModified":300,
        "fatigueBase":400,
        "fatigueModified":400,
        "healthBase":300,
        "magickaModified":200,
        "magickaBase":200,
        "fatigueCurrent":400
      },
      "inventory":[{
          "refId":"ingred_ash_salts_01",
          "count":1,
          "charge":-1,
          "enchantmentCharge":-1,
          "soul":""
        }],
      "killer":{
        "player":"Den"
      }
    },
    "381985-0":{
      "refId":"dagoth delnus",
      "location":{
        "posX":155.35694885254,
        "posZ":-287,
        "posY":23.779027938843,
        "rotX":0.067626267671585,
        "rotY":0,
        "rotZ":-2.71067070961
      },
      "stats":{
        "healthCurrent":0,
        "magickaCurrent":66.956520080566,
        "healthModified":240,
        "fatigueBase":250,
        "fatigueModified":250,
        "healthBase":240,
        "magickaModified":110,
        "magickaBase":110,
        "fatigueCurrent":250
      },
      "inventory":[],
      "killer":{
        "player":"Den"
      }
    }
  }
}