{
  "packets":{
    "actorList":["0-4343","0-4344","0-4345","0-4346","0-4347","0-4348"],
    "ai":[],
    "cellChangeFrom":[],
    "cellChangeTo":[],
    "container":["206011-0","206078-0","206080-0","206081-0","206120-0","206121-0","206122-0","206123-0","206124-0","206125-0","206137-0","206138-0","206139-0","206140-0","354678-0","354679-0","414434-0","206059-0","0-4345","0-4344","0-4348","0-4347","0-4343","0-4346"],
    "death":["0-4345","0-4344","0-4348","0-4347","0-4343","0-4346"],
    "delete":[],
    "doorState":[],
    "equipment":[],
    "lock":["414434-0"],
    "place":[],
    "position":["0-4343","0-4344","0-4345","0-4346","0-4347","0-4348"],
    "scale":[],
    "spawn":["0-4343","0-4344","0-4345","0-4346","0-4347","0-4348"],
    "state":[],
    "statsDynamic":["0-4343","0-4344","0-4345","0-4346","0-4347","0-4348"],
    "trap":["206059-0"]
  },
  "entry":{
    "creationTime":1555632249,
    "description":"Mzahnch"
  },
  "lastVisit":{
    "Den":1555632637
  },
  "recordLinks":[],
  "objectData":{
    "206120-0":{
      "refId":"dwrv_barrel00",
      "inventory":[{
          "refId":"ingred_scrap_metal_01",
          "count":1,
          "charge":-1,
          "enchantmentCharge":-1,
          "soul":""
        },{
          "refId":"ingred_raw_ebony_01",
          "count":1,
          "charge":-1,
          "enchantmentCharge":-1,
          "soul":""
        }]
    },
    "206081-0":{
      "refId":"dwrv_barrel10",
      "inventory":[{
          "refId":"ingred_scrap_metal_01",
          "count":1,
          "charge":-1,
          "enchantmentCharge":-1,
          "soul":""
        }]
    },
    "206080-0":{
      "refId":"dwrv_barrel10",
      "inventory":[]
    },
    "206078-0":{
      "refId":"dwrv_closet00",
      "inventory":[{
          "refId":"misc_dwrv_pitcher00",
          "count":1,
          "charge":-1,
          "enchantmentCharge":-1,
          "soul":""
        }]
    },
    "0-4348":{
      "refId":"centurion_sphere",
      "location":{
        "posX":3139.9943847656,
        "posZ":257,
        "posY":1824.3852539063,
        "rotX":0.099492646753788,
        "rotY":0,
        "rotZ":-0.53668522834778
      },
      "stats":{
        "healthCurrent":0,
        "magickaCurrent":52,
        "healthModified":75,
        "fatigueBase":800,
        "fatigueModified":800,
        "healthBase":75,
        "magickaModified":70,
        "magickaBase":70,
        "fatigueCurrent":799.8779296875
      },
      "inventory":[{
          "refId":"ingred_scrap_metal_01",
          "count":1,
          "charge":-1,
          "enchantmentCharge":-1,
          "soul":""
        }],
      "killer":{
        "player":"Den"
      }
    },
    "0-4344":{
      "refId":"centurion_steam",
      "location":{
        "posX":3143.0463867188,
        "posZ":257,
        "posY":2121.4990234375,
        "rotX":0.064084716141224,
        "rotY":0,
        "rotZ":0.084098100662231
      },
      "stats":{
        "healthCurrent":0,
        "magickaCurrent":30,
        "healthModified":150,
        "fatigueBase":1000,
        "fatigueModified":1000,
        "healthBase":150,
        "magickaModified":30,
        "magickaBase":30,
        "fatigueCurrent":1000
      },
      "inventory":[],
      "killer":{
        "player":"Den"
      }
    },
    "206137-0":{
      "refId":"dwrv_barrel10",
      "inventory":[{
          "refId":"ingred_raw_ebony_01",
          "count":1,
          "charge":-1,
          "enchantmentCharge":-1,
          "soul":""
        }]
    },
    "0-4346":{
      "refId":"dwarven ghost",
      "location":{
        "posX":4152.9951171875,
        "posZ":35.573287963867,
        "posY":1788.5356445313,
        "rotX":-0.39163225889206,
        "rotY":0,
        "rotZ":-1.1581943035126
      },
      "stats":{
        "healthCurrent":0,
        "magickaCurrent":61,
        "healthModified":60,
        "fatigueBase":400,
        "fatigueModified":400,
        "healthBase":60,
        "magickaModified":75,
        "magickaBase":75,
        "fatigueCurrent":400
      },
      "inventory":[{
          "refId":"ingred_ectoplasm_01",
          "count":1,
          "charge":-1,
          "enchantmentCharge":-1,
          "soul":""
        }],
      "killer":{
        "player":"Den"
      }
    },
    "354679-0":{
      "refId":"dwrv_barrel00",
      "inventory":[{
          "refId":"ingred_raw_ebony_01",
          "count":1,
          "charge":-1,
          "enchantmentCharge":-1,
          "soul":""
        },{
          "refId":"ingred_raw_glass_01",
          "count":1,
          "charge":-1,
          "enchantmentCharge":-1,
          "soul":""
        }]
    },
    "206125-0":{
      "refId":"dwrv_barrel00",
      "inventory":[{
          "refId":"ingred_diamond_01",
          "count":1,
          "charge":-1,
          "enchantmentCharge":-1,
          "soul":""
        },{
          "refId":"ingred_scrap_metal_01",
          "count":1,
          "charge":-1,
          "enchantmentCharge":-1,
          "soul":""
        }]
    },
    "206123-0":{
      "refId":"dwrv_barrel00",
      "inventory":[{
          "refId":"ingred_ruby_01",
          "count":1,
          "charge":-1,
          "enchantmentCharge":-1,
          "soul":""
        },{
          "refId":"ingred_scrap_metal_01",
          "count":1,
          "charge":-1,
          "enchantmentCharge":-1,
          "soul":""
        }]
    },
    "206121-0":{
      "refId":"dwrv_barrel00",
      "inventory":[{
          "refId":"ingred_ruby_01",
          "count":1,
          "charge":-1,
          "enchantmentCharge":-1,
          "soul":""
        },{
          "refId":"ingred_raw_ebony_01",
          "count":1,
          "charge":-1,
          "enchantmentCharge":-1,
          "soul":""
        }]
    },
    "206138-0":{
      "refId":"dwrv_barrel10",
      "inventory":[{
          "refId":"ingred_scrap_metal_01",
          "count":1,
          "charge":-1,
          "enchantmentCharge":-1,
          "soul":""
        }]
    },
    "414434-0":{
      "refId":"dwrv_chest_small",
      "inventory":[],
      "lockLevel":0
    },
    "206140-0":{
      "refId":"dwrv_barrel10",
      "inventory":[{
          "refId":"ingred_ash_salts_01",
          "count":1,
          "charge":-1,
          "enchantmentCharge":-1,
          "soul":""
        }]
    },
    "206059-0":{
      "refId":"dwrv_chest00_common",
      "inventory":[{
          "refId":"dwemer_bracer_left",
          "count":1,
          "charge":-1,
          "enchantmentCharge":-1,
          "soul":""
        }]
    },
    "206124-0":{
      "refId":"dwrv_barrel00",
      "inventory":[{
          "refId":"ingred_scrap_metal_01",
          "count":1,
          "charge":-1,
          "enchantmentCharge":-1,
          "soul":""
        }]
    },
    "206139-0":{
      "refId":"dwrv_barrel10",
      "inventory":[{
          "refId":"ingred_raw_glass_01",
          "count":1,
          "charge":-1,
          "enchantmentCharge":-1,
          "soul":""
        }]
    },
    "0-4345":{
      "refId":"centurion_steam",
      "location":{
        "posX":3363.5795898438,
        "posZ":257,
        "posY":2441.7365722656,
        "rotX":0.065653674304485,
        "rotY":0,
        "rotZ":1.3733294010162
      },
      "stats":{
        "healthCurrent":0,
        "magickaCurrent":30,
        "healthModified":150,
        "fatigueBase":1000,
        "fatigueModified":1000,
        "healthBase":150,
        "magickaModified":30,
        "magickaBase":30,
        "fatigueCurrent":1000
      },
      "inventory":[],
      "killer":{
        "player":"Den"
      }
    },
    "0-4347":{
      "refId":"centurion_steam",
      "location":{
        "posX":3073.8947753906,
        "posZ":-127,
        "posY":1067.8334960938,
        "rotX":0.032971240580082,
        "rotY":0,
        "rotZ":-1.9223835468292
      },
      "stats":{
        "healthCurrent":0,
        "magickaCurrent":30,
        "healthModified":150,
        "fatigueBase":1000,