{
  "packets":{
    "actorList":["0-2401","0-2402","0-2403","0-2404","193304-0","377938-0"],
    "ai":[],
    "cellChangeFrom":[],
    "cellChangeTo":[],
    "container":["193220-0","193221-0","193230-0","193236-0","193237-0","193266-0","193276-0","193277-0","193278-0","193279-0","193280-0","193284-0","193300-0","193304-0","377938-0","0-2404","0-2401","0-2402"],
    "death":["0-2404","0-2401","0-2402"],
    "delete":["377939-0"],
    "doorState":[],
    "equipment":["193304-0"],
    "lock":["193284-0"],
    "place":[],
    "position":["193304-0","377938-0","0-2401","0-2402","0-2403","0-2404"],
    "scale":[],
    "spawn":["0-2401","0-2402","0-2403","0-2404"],
    "state":[],
    "statsDynamic":["193304-0","377938-0","0-2401","0-2402","0-2403","0-2404"],
    "trap":["193220-0"]
  },
  "entry":{
    "creationTime":1554678525,
    "description":"Nchuleftingth, Lower Levels"
  },
  "lastVisit":{
    "Fendryn":1554678796
  },
  "recordLinks":[],
  "objectData":{
    "0-2401":{
      "refId":"centurion_steam",
      "location":{
        "posX":2228.9848632813,
        "posZ":-127,
        "posY":857.05352783203,
        "rotX":0.059162281453609,
        "rotY":0,
        "rotZ":0.22469234466553
      },
      "stats":{
        "healthCurrent":0,
        "magickaCurrent":30,
        "healthModified":150,
        "fatigueBase":1000,
        "fatigueModified":1000,
        "healthBase":150,
        "magickaModified":30,
        "magickaBase":30,
        "fatigueCurrent":1000
      },
      "inventory":[{
          "refId":"ingred_scrap_metal_01",
          "count":1,
          "charge":-1,
          "enchantmentCharge":-1,
          "soul":""
        }],
      "killer":{
        "player":"Fendryn"
      }
    },
    "377938-0":{
      "refId":"centurion_fire_dead",
      "location":{
        "posX":1496.5516357422,
        "posZ":-511,
        "posY":2595.0014648438,
        "rotX":0,
        "rotY":0,
        "rotZ":2.8931846618652
      },
      "stats":{
        "healthCurrent":0,
        "magickaCurrent":50,
        "healthModified":0,
        "fatigueBase":50,
        "fatigueModified":50,
        "healthBase":0,
        "magickaModified":50,
        "magickaBase":50,
        "fatigueCurrent":50
      },
      "inventory":[]
    },
    "193284-0":{
      "refId":"dwrv_chest10",
      "inventory":[{
          "refId":"key_fg_nchur",
          "count":1,
          "charge":-1,
          "enchantmentCharge":-1,
          "soul":""
        }],
      "lockLevel":0
    },
    "193266-0":{
      "refId":"dwrv_barrel10",
      "inventory":[]
    },
    "193236-0":{
      "refId":"dwrv_barrel00",
      "inventory":[{
          "refId":"ingred_scrap_metal_01",
          "count":2,
          "charge":-1,
          "enchantmentCharge":-1,
          "soul":""
        }]
    },
    "193279-0":{
      "refId":"dwrv_barrel10",
      "inventory":[]
    },
    "0-2404":{
      "refId":"centurion_sphere",
      "location":{
        "posX":2432.2690429688,
        "posZ":-511,
        "posY":2275.4304199219,
        "rotX":0,
        "rotY":0,
        "rotZ":-2.843875169754
      },
      "stats":{
        "healthCurrent":0,
        "magickaCurrent":7,
        "healthModified":75,
        "fatigueBase":800,
        "fatigueModified":800,
        "healthBase":75,
        "magickaModified":70,
        "magickaBase":70,
        "fatigueCurrent":795.24554443359
      },
      "inventory":[],
      "killer":{
        "player":"Fendryn"
      }
    },
    "193237-0":{
      "refId":"dwrv_barrel00",
      "inventory":[{
          "refId":"ingred_scrap_metal_01",
          "count":1,
          "charge":-1,
          "enchantmentCharge":-1,
          "soul":""
        },{
          "refId":"ingred_diamond_01",
          "count":1,
          "charge":-1,
          "enchantmentCharge":-1,
          "soul":""
        }]
    },
    "193230-0":{
      "refId":"dwrv_barrel10",
      "inventory":[{
          "refId":"ingred_raw_ebony_01",
          "count":1,
          "charge":-1,
          "enchantmentCharge":-1,
          "soul":""
        }]
    },
    "193280-0":{
      "refId":"dwrv_barrel10",
      "inventory":[]
    },
    "0-2403":{
      "refId":"centurion_sphere",
      "location":{
        "posX":2817.5134277344,
        "posZ":257,
        "posY":431.65325927734,
        "rotX":0.015022987499833,
        "rotY":0,
        "rotZ":-2.878545999527
      },
      "stats":{
        "healthCurrent":75,
        "magickaCurrent":70,
        "healthModified":75,
        "fatigueBase":800,
        "fatigueModified":800,
        "healthBase":75,
        "magickaModified":70,
        "magickaBase":70,
        "fatigueCurrent":800
      }
    },
    "0-2402":{
      "refId":"centurion_sphere",
      "location":{
        "posX":902.22308349609,
        "posZ":-126.99999237061,
        "posY":-317.22821044922,
        "rotX":0.12668167054653,
        "rotY":0,
        "rotZ":0.87004017829895
      },
      "stats":{
        "healthCurrent":0,
        "magickaCurrent":52,
        "healthModified":75,
        "fatigueBase":800,
        "fatigueModified":800,
        "healthBase":75,
        "magickaModified":70,
        "magickaBase":70,
        "fatigueCurrent":800
      },
      "inventory":[{
          "refId":"ingred_scrap_metal_01",
          "count":1,
          "charge":-1,
          "enchantmentCharge":-1,
          "soul":""
        }],
      "killer":{
        "player":"Fendryn"
      }
    },
    "193220-0":{
      "refId":"dwrv_chest10",
      "inventory":[]
    },
    "377939-0":{
      "refId":"bk_hanginggardenswasten"
    },
    "193221-0":{
      "refId":"dwrv_closet00",
      "inventory":[{
          "refId":"dwemer_bracer_left",
          "count":1,
          "charge":-1,
          "enchantmentCharge":-1,
          "soul":""
        }]
    },
    "193278-0":{
      "refId":"dwrv_barrel00",
      "inventory":[]
    },
    "193300-0":{
      "refId":"dwrv_barrel00",
      "inventory":[{
          "refId":"ingred_scrap_metal_01",
          "count":2,
          "charge":-1,
          "enchantmentCharge":-1,
          "soul":""
        }]
    },
    "193276-0":{
      "refId":"dwrv_barrel00",
      "inventory":[{
          "refId":"ingred_scrap_metal_01",
          "count":2,
          "charge":-1,
          "enchantmentCharge":-1,
          "soul":""
        }]
    },
    "193304-0":{
      "refId":"anes vendu",
      "location":{
        "posX":1564.3712158203,
        "posZ":-511,
        "posY":2387.8701171875,
        "rotX":0,
        "rotY":0,
        "rotZ":5.1731858253479
      },
      "stats":{
        "healthCurrent":0,
        "magickaCurrent":82,
        "healthModified":0,
        "fatigueBase":164,
        "fatigueModified":164,
        "healthBase":0,
        "magickaModified":82,
        "magickaBase":82,
        "fatigueCurrent":164
      },
      "equipment":{
        "7":{
          "refId":"common_shoes_02",
          "count":1,
          "charge":-1,
          "enchantmentCharge":-1
        },
        "8":{
          "refId":"common_shirt_02",
          "count":1,
          "charge":-1,
          "enchantmentCharge":-1
        },
        "9":{
          "refId":"common_pants_02",
          "count":1,
          "charge":-1,
          "enchantmentCharge":-1
        },
        "15":{
          "refId":"common_belt_02",
          "count":1,
          "charge":-1,
          "enchantmentCharge":-1
        },
        "16":{
          "refId":"chitin dagger",
          "count":1,
          "charge":-1,
          "enchantmentCharge":-1
        }
      },
      "inventory":[{
          "refId":"common_belt_02",
          "count":1,
          "charge":-1,
          "enchantmentCharge":-1,
          "soul":""
        },{
          "refId":"common_shirt_02",
          "count":1,
          "charge":-1,
          "enchantmentCharge":-1,
          "soul":""
        },{
          "refId":"common_shoes_02",
          "count":1,
          "charge":-1,