{
  "packets":{
    "actorList":["0-4106","0-4107","0-4108","0-4109","0-4110"],
    "ai":[],
    "cellChangeFrom":[],
    "cellChangeTo":[],
    "container":["207536-0","207594-0","207595-0","207596-0","207597-0","207598-0","207599-0","207600-0","207601-0","207602-0","207603-0","207604-0","354794-0","354795-0","354796-0","354799-0","207528-0","0-4109","0-4108","0-4107","0-4106","0-4110"],
    "death":["0-4109","0-4108","0-4107","0-4106","0-4110"],
    "delete":["475803-0","322353-0","354812-0","354811-0","354813-0"],
    "doorState":["207478-0"],
    "equipment":[],
    "lock":["207528-0"],
    "place":["0-4111"],
    "position":["0-4106","0-4107","0-4108","0-4109","0-4110"],
    "scale":[],
    "spawn":["0-4106","0-4107","0-4108","0-4109","0-4110"],
    "state":[],
    "statsDynamic":["0-4106","0-4107","0-4108","0-4109","0-4110"],
    "trap":[]
  },
  "entry":{
    "creationTime":1555208522,
    "description":"Nchuleft"
  },
  "lastVisit":{
    "Den":1555637694,
    "Fendryn":1555208697
  },
  "recordLinks":[],
  "objectData":{
    "354795-0":{
      "refId":"dwrv_barrel00",
      "inventory":[]
    },
    "354799-0":{
      "refId":"dwrv_barrel00",
      "inventory":[{
          "refId":"ingred_scrap_metal_01",
          "count":1,
          "charge":-1,
          "enchantmentCharge":-1,
          "soul":""
        }]
    },
    "354794-0":{
      "refId":"dwrv_barrel00",
      "inventory":[{
          "refId":"ingred_scrap_metal_01",
          "count":2,
          "charge":-1,
          "enchantmentCharge":-1,
          "soul":""
        }]
    },
    "354812-0":{
      "refId":"misc_dwrv_coin00"
    },
    "0-4107":{
      "refId":"centurion_sphere",
      "location":{
        "posX":931.57501220703,
        "posZ":257,
        "posY":-1471.2680664063,
        "rotX":0.093075320124626,
        "rotY":0,
        "rotZ":-1.8655617237091
      },
      "stats":{
        "healthCurrent":0,
        "magickaCurrent":43,
        "healthModified":75,
        "fatigueBase":800,
        "fatigueModified":800,
        "healthBase":75,
        "magickaModified":70,
        "magickaBase":70,
        "fatigueCurrent":800
      },
      "inventory":[{
          "refId":"ingred_scrap_metal_01",
          "count":1,
          "charge":-1,
          "enchantmentCharge":-1,
          "soul":""
        }],
      "killer":{
        "player":"Fendryn"
      }
    },
    "0-4111":{
      "refId":"ingred_scrap_metal_01",
      "location":{
        "posX":-1376.1958007813,
        "posZ":640.16973876953,
        "posY":-1515.6008300781,
        "rotX":0,
        "rotY":0,
        "rotZ":-1.6025302410126
      }
    },
    "207596-0":{
      "refId":"dwrv_barrel00",
      "inventory":[{
          "refId":"ingred_scrap_metal_01",
          "count":1,
          "charge":-1,
          "enchantmentCharge":-1,
          "soul":""
        },{
          "refId":"ingred_raw_ebony_01",
          "count":1,
          "charge":-1,
          "enchantmentCharge":-1,
          "soul":""
        }]
    },
    "207536-0":{
      "refId":"dwrv_chest10_rare",
      "inventory":[{
          "refId":"misc_dwrv_gear00",
          "count":2,
          "charge":-1,
          "enchantmentCharge":-1,
          "soul":""
        }]
    },
    "322353-0":{
      "refId":"misc_dwrv_artifact40"
    },
    "207604-0":{
      "refId":"dwrv_barrel00",
      "inventory":[]
    },
    "207600-0":{
      "refId":"dwrv_barrel00",
      "inventory":[]
    },
    "207602-0":{
      "refId":"dwrv_barrel00",
      "inventory":[{
          "refId":"ingred_scrap_metal_01",
          "count":2,
          "charge":-1,
          "enchantmentCharge":-1,
          "soul":""
        }]
    },
    "207478-0":{
      "refId":"door_dwrv_inner00",
      "doorState":1
    },
    "207601-0":{
      "refId":"dwrv_barrel00",
      "inventory":[{
          "refId":"ingred_scrap_metal_01",
          "count":1,
          "charge":-1,
          "enchantmentCharge":-1,
          "soul":""
        }]
    },
    "207599-0":{
      "refId":"dwrv_barrel00",
      "inventory":[]
    },
    "354813-0":{
      "refId":"misc_dwrv_coin00"
    },
    "207603-0":{
      "refId":"dwrv_barrel00",
      "inventory":[{
          "refId":"ingred_scrap_metal_01",
          "count":2,
          "charge":-1,
          "enchantmentCharge":-1,
          "soul":""
        }]
    },
    "207528-0":{
      "refId":"dwrv_closet00",
      "inventory":[{
          "refId":"ingred_scrap_metal_01",
          "count":1,
          "charge":-1,
          "enchantmentCharge":-1,
          "soul":""
        }],
      "lockLevel":0
    },
    "207594-0":{
      "refId":"dwrv_barrel00",
      "inventory":[{
          "refId":"ingred_raw_ebony_01",
          "count":1,
          "charge":-1,
          "enchantmentCharge":-1,
          "soul":""
        },{
          "refId":"ingred_scrap_metal_01",
          "count":1,
          "charge":-1,
          "enchantmentCharge":-1,
          "soul":""
        }]
    },
    "354796-0":{
      "refId":"dwrv_barrel00",
      "inventory":[{
          "refId":"ingred_scrap_metal_01",
          "count":2,
          "charge":-1,
          "enchantmentCharge":-1,
          "soul":""
        }]
    },
    "0-4106":{
      "refId":"centurion_sphere",
      "location":{
        "posX":1084.8221435547,
        "posZ":257,
        "posY":-1711.7657470703,
        "rotX":0.14581291377544,
        "rotY":0,
        "rotZ":-1.5748112201691
      },
      "stats":{
        "healthCurrent":0,
        "magickaCurrent":25,
        "healthModified":75,
        "fatigueBase":800,
        "fatigueModified":800,
        "healthBase":75,
        "magickaModified":70,
        "magickaBase":70,
        "fatigueCurrent":799.7646484375
      },
      "inventory":[{
          "refId":"ingred_scrap_metal_01",
          "count":1,
          "charge":-1,
          "enchantmentCharge":-1,
          "soul":""
        }],
      "killer":{
        "player":"Fendryn"
      }
    },
    "0-4110":{
      "refId":"centurion_steam",
      "location":{
        "posX":-505.37377929688,
        "posZ":307.52618408203,
        "posY":-2348.7504882813,
        "rotX":-0.43502742052078,
        "rotY":0,
        "rotZ":0.071693658828735
      },
      "stats":{
        "healthCurrent":0,
        "magickaCurrent":30,
        "healthModified":150,
        "fatigueBase":1000,
        "fatigueModified":1000,
        "healthBase":150,
        "magickaModified":30,
        "magickaBase":30,
        "fatigueCurrent":1000
      },
      "inventory":[],
      "killer":{
        "player":"Fendryn"
      }
    },
    "207595-0":{
      "refId":"dwrv_barrel00",
      "inventory":[{
          "refId":"ingred_scrap_metal_01",
          "count":1,
          "charge":-1,
          "enchantmentCharge":-1,
          "soul":""
        }]
    },
    "0-4108":{
      "refId":"centurion_spider",
      "location":{
        "posX":-1330.0650634766,
        "posZ":641,
        "posY":-1434.5942382813,
        "rotX":-0.17104153335094,
        "rotY":0,
        "rotZ":-2.2803690433502
      },
      "stats":{
        "healthCurrent":0,
        "magickaCurrent":20,
        "healthModified":38,
        "fatigueBase":400,
        "fatigueModified":400,
        "healthBase":38,
        "magickaModified":20,
        "magickaBase":20,
        "fatigueCurrent":400
      },
      "inventory":[],
      "killer":{
        "player":"Fendryn"
      }
    },
    "0-4109":{
      "refId":"dwarven ghost",
      "location":{
        "posX":-872.44641113281,
        "posZ":449,
        "posY":-1673.9204101563,
        "rotX":0.0065812272951007,
        "rotY":0,
        "rotZ":0.86112809181213
      },
      "stats":{
        "healthCurrent":0,
        "magickaCurrent":47,
        "healthModified":60,
        "fatigueBase":400,
        "fatigueModified":400,
        "healthBase":60,
        "magickaModified":75,
        "magickaBase":75,
        "fatigueCurrent":399.56747436523
      },
      "inventory":[],