{
  "packets":{
    "actorList":["257942-0","257943-0","257944-0","257945-0","268172-0","268173-0","383867-0"],
    "ai":[],
    "cellChangeFrom":[],
    "cellChangeTo":[],
    "container":["258057-0","258068-0","258069-0","258070-0","268174-0","257942-0","257943-0","257944-0","257945-0","268172-0","268173-0","383867-0"],
    "death":["268173-0","257945-0","268172-0"],
    "delete":[],
    "doorState":["258000-0","258003-0","258002-0","257999-0","258031-0"],
    "equipment":["257942-0","257943-0","257944-0","268173-0","383867-0"],
    "lock":["257999-0","258031-0"],
    "place":[],
    "position":["257942-0","257943-0","257944-0","257945-0","268172-0","268173-0","383867-0"],
    "scale":[],
    "spawn":[],
    "state":[],
    "statsDynamic":["257942-0","257943-0","257944-0","257945-0","268172-0","268173-0","383867-0"],
    "trap":[]
  },
  "entry":{
    "creationTime":1558209136,
    "description":"Odrosal, Dwemer Training Academy"
  },
  "lastVisit":{
    "Den":1558209377,
    "Fendryn":1558209364
  },
  "recordLinks":[],
  "objectData":{
    "268172-0":{
      "refId":"atronach_flame",
      "location":{
        "posX":-180.60836791992,
        "posZ":-191,
        "posY":-2770.5581054688,
        "rotX":0.10130962729454,
        "rotY":0,
        "rotZ":-0.54809212684631
      },
      "stats":{
        "healthCurrent":0,
        "magickaCurrent":1,
        "healthModified":75,
        "fatigueBase":600,
        "fatigueModified":600,
        "healthBase":75,
        "magickaModified":105,
        "magickaBase":105,
        "fatigueCurrent":556.68371582031
      },
      "inventory":[{
          "refId":"ingred_fire_salts_01",
          "count":1,
          "charge":-1,
          "enchantmentCharge":-1,
          "soul":""
        }],
      "killer":{
        "player":"Fendryn"
      }
    },
    "258068-0":{
      "refId":"dwrv_barrel00",
      "inventory":[{
          "refId":"ingred_scrap_metal_01",
          "count":1,
          "charge":-1,
          "enchantmentCharge":-1,
          "soul":""
        }]
    },
    "257944-0":{
      "refId":"dreamer_dead",
      "location":{
        "posX":429.96325683594,
        "posZ":-191,
        "posY":-2874.5688476563,
        "rotX":0,
        "rotY":0,
        "rotZ":-0.6999990940094
      },
      "stats":{
        "healthCurrent":0,
        "magickaCurrent":20,
        "healthModified":0,
        "fatigueBase":178,
        "fatigueModified":178,
        "healthBase":0,
        "magickaModified":20,
        "magickaBase":20,
        "fatigueCurrent":178
      },
      "equipment":{
        "16":{
          "refId":"iron club",
          "count":1,
          "charge":-1,
          "enchantmentCharge":-1
        }
      },
      "inventory":[{
          "refId":"ingred_6th_corprusmeat_01",
          "count":1,
          "charge":-1,
          "enchantmentCharge":-1,
          "soul":""
        },{
          "refId":"iron club",
          "count":1,
          "charge":-1,
          "enchantmentCharge":-1,
          "soul":""
        }]
    },
    "257945-0":{
      "refId":"dagoth odros",
      "location":{
        "posX":87.521392822266,
        "posZ":-191,
        "posY":-2253.7553710938,
        "rotX":0.12610092759132,
        "rotY":0,
        "rotZ":-1.7961142063141
      },
      "stats":{
        "healthCurrent":0,
        "magickaCurrent":360,
        "healthModified":440,
        "fatigueBase":600,
        "fatigueModified":600,
        "healthBase":440,
        "magickaModified":360,
        "magickaBase":360,
        "fatigueCurrent":600
      },
      "inventory":[{
          "refId":"amulet of 6th house",
          "count":1,
          "charge":-1,
          "enchantmentCharge":-1,
          "soul":""
        }],
      "killer":{
        "player":"Fendryn"
      }
    },
    "268173-0":{
      "refId":"golden saint",
      "location":{
        "posX":81.874008178711,
        "posZ":-575,
        "posY":-2067.01953125,
        "rotX":0.0036575198173523,
        "rotY":0,
        "rotZ":1.2118618488312
      },
      "stats":{
        "healthCurrent":0,
        "magickaCurrent":746,
        "healthModified":250,
        "fatigueBase":700,
        "fatigueModified":700,
        "healthBase":250,
        "magickaModified":755,
        "magickaBase":755,
        "fatigueCurrent":700
      },
      "equipment":{
        "17":{
          "refId":"daedric_towershield",
          "count":1,
          "charge":-1,
          "enchantmentCharge":-1
        }
      },
      "inventory":[{
          "refId":"daedric_towershield",
          "count":1,
          "charge":-1,
          "enchantmentCharge":-1,
          "soul":""
        }],
      "killer":{
        "player":"Den"
      }
    },
    "258069-0":{
      "refId":"dwrv_barrel00",
      "inventory":[{
          "refId":"ingred_raw_ebony_01",
          "count":2,
          "charge":-1,
          "enchantmentCharge":-1,
          "soul":""
        }]
    },
    "268174-0":{
      "refId":"dwrv_chest_arrows_bolts",
      "inventory":[]
    },
    "258003-0":{
      "refId":"door_dwrv_inner00",
      "doorState":1
    },
    "258057-0":{
      "refId":"dwrv_chest_missile",
      "inventory":[]
    },
    "258070-0":{
      "refId":"dwrv_chest10_rare",
      "inventory":[{
          "refId":"dwemer_pauldron_right",
          "count":1,
          "charge":-1,
          "enchantmentCharge":-1,
          "soul":""
        },{
          "refId":"ingred_scrap_metal_01",
          "count":1,
          "charge":-1,
          "enchantmentCharge":-1,
          "soul":""
        },{
          "refId":"misc_dwrv_artifact50",
          "count":1,
          "charge":-1,
          "enchantmentCharge":-1,
          "soul":""
        }]
    },
    "257999-0":{
      "refId":"door_dwrv_inner00",
      "doorState":1,
      "lockLevel":0
    },
    "258031-0":{
      "refId":"door_dwrv_inner00",
      "doorState":1,
      "lockLevel":0
    },
    "258000-0":{
      "refId":"door_dwrv_inner00",
      "doorState":1
    },
    "383867-0":{
      "refId":"skeleton hero dead",
      "location":{
        "posX":367.60723876953,
        "posZ":-191,
        "posY":-1931.2016601563,
        "rotX":0,
        "rotY":0,
        "rotZ":-1.9159281253815
      },
      "stats":{
        "healthCurrent":0,
        "magickaCurrent":30,
        "healthModified":0,
        "fatigueBase":400,
        "fatigueModified":400,
        "healthBase":0,
        "magickaModified":30,
        "magickaBase":30,
        "fatigueCurrent":400
      },
      "equipment":[],
      "inventory":[{
          "refId":"gold_001",
          "count":3,
          "charge":-1,
          "enchantmentCharge":-1,
          "soul":""
        },{
          "refId":"steel warhammer",
          "count":1,
          "charge":-1,
          "enchantmentCharge":-1,
          "soul":""
        }]
    },
    "257943-0":{
      "refId":"dreamer_dead",
      "location":{
        "posX":381.67980957031,
        "posZ":-575,
        "posY":-1873.0678710938,
        "rotX":0,
        "rotY":0,
        "rotZ":0
      },
      "stats":{
        "healthCurrent":0,
        "magickaCurrent":20,
        "healthModified":0,
        "fatigueBase":178,
        "fatigueModified":178,
        "healthBase":0,
        "magickaModified":20,
        "magickaBase":20,
        "fatigueCurrent":178
      },
      "equipment":{
        "16":{
          "refId":"iron club",
          "count":1,
          "charge":-1,
          "enchantmentCharge":-1
        }
      },
      "inventory":[{
          "refId":"ingred_6th_corprusmeat_01",
          "count":1,
          "charge":-1,
          "enchantmentCharge":-1,
          "soul":""
        },{
          "refId":"iron club",
          "count":1,
          "charge":-1,
          "enchantmentCharge":-1,
          "soul":""
        }]
    },
    "257942-0":{
      "refId":"dreamer_dead",
      "location":{
        "posX":-1001.9265136719,
        "posZ":-191,
        "posY":-750.29296875,