{
  "packets":{
    "actorList":["0-3304","0-3305","0-3306","0-3307","89164-0","89165-0","89166-0"],
    "ai":[],
    "cellChangeFrom":[],
    "cellChangeTo":[],
    "container":["421890-0","421891-0","89164-0","89165-0","89166-0","0-3304","0-3305","0-3306","0-3307"],
    "death":["0-3304","0-3305","0-3306","89166-0","89165-0","89164-0","0-3307"],
    "delete":["421896-0","464082-0","464081-0","421895-0","421894-0","421892-0","464079-0","464080-0"],
    "doorState":[],
    "equipment":["89164-0","89165-0","89166-0"],
    "lock":["421890-0","421891-0"],
    "place":[],
    "position":["89164-0","89165-0","89166-0","0-3304","0-3305","0-3306","0-3307"],
    "scale":[],
    "spawn":["0-3304","0-3305","0-3306","0-3307"],
    "state":[],
    "statsDynamic":["89164-0","89165-0","89166-0","0-3304","0-3305","0-3306","0-3307"],
    "trap":[]
  },
  "entry":{
    "creationTime":1554787240,
    "description":"Piran"
  },
  "lastVisit":{
    "Fendryn":1554787564
  },
  "recordLinks":[],
  "objectData":{
    "421896-0":{
      "refId":"sc_frostguard"
    },
    "421892-0":{
      "refId":"p_light_s"
    },
    "0-3306":{
      "refId":"ash_slave",
      "location":{
        "posX":2658.056640625,
        "posZ":-1904.162109375,
        "posY":6429.4326171875,
        "rotX":0.021634979173541,
        "rotY":0,
        "rotZ":-0.025289058685303
      },
      "stats":{
        "healthCurrent":0,
        "magickaCurrent":33.333335876465,
        "healthModified":60,
        "fatigueBase":380,
        "fatigueModified":380,
        "healthBase":60,
        "magickaModified":200,
        "magickaBase":200,
        "fatigueCurrent":379.87832641602
      },
      "inventory":[],
      "killer":{
        "player":"Fendryn"
      }
    },
    "464082-0":{
      "refId":"ingred_ruby_01"
    },
    "89166-0":{
      "refId":"dreamer_f_01",
      "location":{
        "posX":2282.3986816406,
        "posZ":-1712.5932617188,
        "posY":6811.3149414063,
        "rotX":0.14545378088951,
        "rotY":0,
        "rotZ":-2.7183611392975
      },
      "stats":{
        "healthCurrent":0,
        "magickaCurrent":80,
        "healthModified":35,
        "fatigueBase":150,
        "fatigueModified":150,
        "healthBase":35,
        "magickaModified":80,
        "magickaBase":80,
        "fatigueCurrent":137.84463500977
      },
      "equipment":{
        "16":{
          "refId":"iron club",
          "count":1,
          "charge":-1,
          "enchantmentCharge":-1
        }
      },
      "inventory":[{
          "refId":"ingred_6th_corprusmeat_04",
          "count":1,
          "charge":-1,
          "enchantmentCharge":-1,
          "soul":""
        },{
          "refId":"iron club",
          "count":1,
          "charge":-1,
          "enchantmentCharge":-1,
          "soul":""
        }],
      "killer":{
        "player":"Fendryn"
      }
    },
    "421894-0":{
      "refId":"p_restore_health_s"
    },
    "464080-0":{
      "refId":"gold_005"
    },
    "421891-0":{
      "refId":"chest_tomb_small00",
      "inventory":[],
      "lockLevel":0
    },
    "0-3305":{
      "refId":"bonelord",
      "location":{
        "posX":4138.3520507813,
        "posZ":-1917.5432128906,
        "posY":3886.29296875,
        "rotX":0.14705348014832,
        "rotY":0,
        "rotZ":-2.6332542896271
      },
      "stats":{
        "healthCurrent":0,
        "magickaCurrent":12,
        "healthModified":90,
        "fatigueBase":500,
        "fatigueModified":500,
        "healthBase":90,
        "magickaModified":400,
        "magickaBase":400,
        "fatigueCurrent":500
      },
      "inventory":[],
      "killer":{
        "player":"Fendryn"
      }
    },
    "0-3304":{
      "refId":"corprus_stalker",
      "location":{
        "posX":2479.5737304688,
        "posZ":-1700.11328125,
        "posY":2534.6171875,
        "rotX":-0.23345302045345,
        "rotY":0,
        "rotZ":0.30264043807983
      },
      "stats":{
        "healthCurrent":0,
        "magickaCurrent":35,
        "healthModified":60,
        "fatigueBase":300,
        "fatigueModified":300,
        "healthBase":60,
        "magickaModified":50,
        "magickaBase":50,
        "fatigueCurrent":298.79080200195
      },
      "inventory":[],
      "killer":{
        "player":"Fendryn"
      }
    },
    "89165-0":{
      "refId":"dreamer_02",
      "location":{
        "posX":2209.095703125,
        "posZ":-1760.14453125,
        "posY":6562.08203125,
        "rotX":0.36353844404221,
        "rotY":0,
        "rotZ":2.9304182529449
      },
      "stats":{
        "healthCurrent":0,
        "magickaCurrent":80,
        "healthModified":40,
        "fatigueBase":160,
        "fatigueModified":160,
        "healthBase":40,
        "magickaModified":80,
        "magickaBase":80,
        "fatigueCurrent":147.23759460449
      },
      "equipment":{
        "16":{
          "refId":"iron club",
          "count":1,
          "charge":-1,
          "enchantmentCharge":-1
        }
      },
      "inventory":[{
          "refId":"iron club",
          "count":1,
          "charge":-1,
          "enchantmentCharge":-1,
          "soul":""
        }],
      "killer":{
        "player":"Fendryn"
      }
    },
    "421890-0":{
      "refId":"chest_small_02_gold_50",
      "inventory":[],
      "lockLevel":0
    },
    "464081-0":{
      "refId":"ingred_ruby_01"
    },
    "464079-0":{
      "refId":"gold_025"
    },
    "0-3307":{
      "refId":"ascended_sleeper",
      "location":{
        "posX":1711.6408691406,
        "posZ":-1635.7263183594,
        "posY":7816.544921875,
        "rotX":0.30649465322495,
        "rotY":0,
        "rotZ":1.8813812732697
      },
      "stats":{
        "healthCurrent":0,
        "magickaCurrent":7.6923079490662,
        "healthModified":300,
        "fatigueBase":400,
        "fatigueModified":400,
        "healthBase":300,
        "magickaModified":200,
        "magickaBase":200,
        "fatigueCurrent":366.0732421875
      },
      "inventory":[],
      "killer":{
        "player":"Fendryn"
      }
    },
    "89164-0":{
      "refId":"dreamer",
      "location":{
        "posX":2608.6723632813,
        "posZ":-1649.5534667969,
        "posY":7680.2319335938,
        "rotX":-0.11713790148497,
        "rotY":0,
        "rotZ":-2.4615700244904
      },
      "stats":{
        "healthCurrent":0,
        "magickaCurrent":80,
        "healthModified":40,
        "fatigueBase":160,
        "fatigueModified":160,
        "healthBase":40,
        "magickaModified":80,
        "magickaBase":80,
        "fatigueCurrent":151.87734985352
      },
      "equipment":{
        "16":{
          "refId":"iron club",
          "count":1,
          "charge":-1,
          "enchantmentCharge":-1
        }
      },
      "inventory":[{
          "refId":"ingred_6th_corprusmeat_01",
          "count":1,
          "charge":-1,
          "enchantmentCharge":-1,
          "soul":""
        },{
          "refId":"iron club",
          "count":1,
          "charge":399,
          "enchantmentCharge":-1,
          "soul":""
        }],
      "killer":{
        "player":"Fendryn"
      }
    },
    "421895-0":{
      "refId":"bookskill_alteration1"
    }
  }
}