{
  "packets":{
    "actorList":["270616-0","270617-0","270618-0","270619-0","270620-0","270621-0","270622-0","288320-0"],
    "ai":[],
    "cellChangeFrom":[],
    "cellChangeTo":["377941-0"],
    "container":["270676-0","270677-0","270722-0","270616-0","270617-0","270618-0","270619-0","270620-0","270621-0","270622-0","288320-0"],
    "death":[],
    "delete":[],
    "doorState":[],
    "equipment":["270616-0","270617-0","270618-0","270619-0","270620-0","270621-0","270622-0","288320-0"],
    "lock":[],
    "place":[],
    "position":["270616-0","270617-0","270618-0","270619-0","270620-0","270621-0","270622-0","288320-0"],
    "scale":[],
    "spawn":[],
    "state":[],
    "statsDynamic":["270616-0","270617-0","270618-0","270619-0","270620-0","270621-0","270622-0","288320-0"],
    "trap":[]
  },
  "entry":{
    "creationTime":1554685874,
    "description":"Sadrith Mora, Dirty Muriel's Cornerclub"
  },
  "lastVisit":{
    "Fendryn":1555203561
  },
  "recordLinks":[],
  "objectData":{
    "270676-0":{
      "refId":"com_cupboard_glasses",
      "inventory":[{
          "refId":"misc_de_glass_green_01",
          "count":4,
          "charge":-1,
          "enchantmentCharge":-1,
          "soul":""
        }]
    },
    "270621-0":{
      "refId":"rissinia",
      "location":{
        "posX":-304.76376342773,
        "posZ":129,
        "posY":-496.30960083008,
        "rotX":0,
        "rotY":0,
        "rotZ":0.60286951065063
      },
      "stats":{
        "healthCurrent":80,
        "magickaCurrent":102,
        "healthModified":80,
        "fatigueBase":195,
        "fatigueModified":195,
        "healthBase":80,
        "magickaModified":102,
        "magickaBase":102,
        "fatigueCurrent":195
      },
      "equipment":{
        "7":{
          "refId":"expensive_shoes_03",
          "count":1,
          "charge":-1,
          "enchantmentCharge":-1
        },
        "8":{
          "refId":"expensive_shirt_03",
          "count":1,
          "charge":-1,
          "enchantmentCharge":-1
        },
        "16":{
          "refId":"steel dagger",
          "count":1,
          "charge":-1,
          "enchantmentCharge":-1
        },
        "9":{
          "refId":"expensive_pants_03",
          "count":1,
          "charge":-1,
          "enchantmentCharge":-1
        }
      },
      "inventory":[{
          "refId":"bk_guide_to_sadrithmora",
          "count":2,
          "charge":-1,
          "enchantmentCharge":-1,
          "soul":""
        },{
          "refId":"bk_guide_to_ald_ruhn",
          "count":1,
          "charge":-1,
          "enchantmentCharge":-1,
          "soul":""
        },{
          "refId":"bk_guide_to_vivec",
          "count":1,
          "charge":-1,
          "enchantmentCharge":-1,
          "soul":""
        },{
          "refId":"expensive_shirt_03",
          "count":1,
          "charge":-1,
          "enchantmentCharge":-1,
          "soul":""
        },{
          "refId":"expensive_shoes_03",
          "count":1,
          "charge":-1,
          "enchantmentCharge":-1,
          "soul":""
        },{
          "refId":"expensive_pants_03",
          "count":1,
          "charge":-1,
          "enchantmentCharge":-1,
          "soul":""
        },{
          "refId":"steel dagger",
          "count":1,
          "charge":-1,
          "enchantmentCharge":-1,
          "soul":""
        }]
    },
    "270616-0":{
      "refId":"muriel sette",
      "location":{
        "posX":-65.228958129883,
        "posZ":385,
        "posY":11.256935119629,
        "rotX":0,
        "rotY":0,
        "rotZ":-0.76525044441223
      },
      "stats":{
        "healthCurrent":71,
        "magickaCurrent":157,
        "healthModified":71,
        "fatigueBase":197,
        "fatigueModified":197,
        "healthBase":71,
        "magickaModified":157,
        "magickaBase":157,
        "fatigueCurrent":197
      },
      "equipment":[null,null,null,null,null,null,{
          "refId":"common_shoes_04",
          "count":1,
          "charge":-1,
          "enchantmentCharge":-1
        },{
          "refId":"common_shirt_04_b",
          "count":1,
          "charge":-1,
          "enchantmentCharge":-1
        },null,{
          "refId":"common_skirt_04_c",
          "count":1,
          "charge":-1,
          "enchantmentCharge":-1
        }],
      "inventory":[{
          "refId":"common_skirt_04_c",
          "count":1,
          "charge":-1,
          "enchantmentCharge":-1,
          "soul":""
        },{
          "refId":"common_shirt_04_b",
          "count":1,
          "charge":-1,
          "enchantmentCharge":-1,
          "soul":""
        },{
          "refId":"common_shoes_04",
          "count":1,
          "charge":-1,
          "enchantmentCharge":-1,
          "soul":""
        },{
          "refId":"pick_journeyman_01",
          "count":4,
          "charge":-1,
          "enchantmentCharge":-1,
          "soul":""
        },{
          "refId":"gold_001",
          "count":18,
          "charge":-1,
          "enchantmentCharge":-1,
          "soul":""
        },{
          "refId":"probe_journeyman_01",
          "count":4,
          "charge":-1,
          "enchantmentCharge":-1,
          "soul":""
        }]
    },
    "270617-0":{
      "refId":"celegorn",
      "location":{
        "posX":-60.050559997559,
        "posZ":385.00006103516,
        "posY":184.52124023438,
        "rotX":0.012172508053482,
        "rotY":0,
        "rotZ":1.3334219455719
      },
      "stats":{
        "healthCurrent":67,
        "magickaCurrent":106,
        "healthModified":67,
        "fatigueBase":197,
        "fatigueModified":197,
        "healthBase":67,
        "magickaModified":106,
        "magickaBase":106,
        "fatigueCurrent":197
      },
      "equipment":{
        "7":{
          "refId":"common_shoes_04",
          "count":1,
          "charge":-1,
          "enchantmentCharge":-1
        },
        "8":{
          "refId":"common_shirt_04",
          "count":1,
          "charge":-1,
          "enchantmentCharge":-1
        },
        "16":{
          "refId":"steel jinkblade",
          "count":1,
          "charge":-1,
          "enchantmentCharge":-1
        },
        "9":{
          "refId":"common_pants_04",
          "count":1,
          "charge":-1,
          "enchantmentCharge":-1
        }
      },
      "inventory":[{
          "refId":"common_shirt_04",
          "count":1,
          "charge":-1,
          "enchantmentCharge":-1,
          "soul":""
        },{
          "refId":"common_shoes_04",
          "count":1,
          "charge":-1,
          "enchantmentCharge":-1,
          "soul":""
        },{
          "refId":"common_pants_04",
          "count":1,
          "charge":-1,
          "enchantmentCharge":-1,
          "soul":""
        },{
          "refId":"gold_001",
          "count":10,
          "charge":-1,
          "enchantmentCharge":-1,
          "soul":""
        },{
          "refId":"steel jinkblade",
          "count":1,
          "charge":-1,
          "enchantmentCharge":-1,
          "soul":""
        }]
    },
    "270620-0":{
      "refId":"both gro-durug",
      "location":{
        "posX":-112.16735839844,
        "posZ":129,
        "posY":-562.34906005859,
        "rotX":0,
        "rotY":0,
        "rotZ":5.5999989509583
      },
      "stats":{
        "healthCurrent":78,
        "magickaCurrent":100,
        "healthModified":78,
        "fatigueBase":210,
        "fatigueModified":210,
        "healthBase":78,
        "magickaModified":100,
        "magickaBase":100,
        "fatigueCurrent":210
      },
      "equipment":{
        "7":{
          "refId":"common_shoes_05",
          "count":1,
          "charge":-1,
          "enchantmentCharge":-1
        },
        "8":{
          "refId":"common_shirt_05",
          "count":1,
          "charge":-1,
          "enchantmentCharge":-1
        },