{
  "packets":{
    "actorList":["0-3082","0-3083","0-3084","0-3085","0-3086"],
    "ai":[],
    "cellChangeFrom":[],
    "cellChangeTo":[],
    "container":["385669-0","385670-0","385671-0","385672-0","385673-0","385674-0","385675-0","385676-0","385677-0","385678-0","385679-0","385680-0","385681-0","385687-0","385688-0","385668-0","0-3086","0-3085","0-3084","0-3083","0-3082"],
    "death":["0-3086","0-3085","0-3084","0-3083","0-3082"],
    "delete":["385685-0"],
    "doorState":["167477-0","167475-0"],
    "equipment":["0-3083","0-3085"],
    "lock":[],
    "place":[],
    "position":["0-3082","0-3083","0-3084","0-3085","0-3086"],
    "scale":[],
    "spawn":["0-3082","0-3083","0-3084","0-3085","0-3086"],
    "state":[],
    "statsDynamic":["0-3082","0-3083","0-3084","0-3085","0-3086"],
    "trap":["385668-0"]
  },
  "entry":{
    "creationTime":1554777539,
    "description":"Samarys Ancestral Tomb"
  },
  "lastVisit":{
    "DizzyDasher":1554779566,
    "Den":1554778146,
    "Fendryn":1554778148
  },
  "recordLinks":[],
  "objectData":{
    "0-3084":{
      "refId":"bonelord",
      "location":{
        "posX":-84.468406677246,
        "posZ":1.0000021457672,
        "posY":405.82803344727,
        "rotX":0.17410397529602,
        "rotY":0,
        "rotZ":-1.1185348033905
      },
      "stats":{
        "healthCurrent":0,
        "magickaCurrent":280,
        "healthModified":90,
        "fatigueBase":500,
        "fatigueModified":500,
        "healthBase":90,
        "magickaModified":400,
        "magickaBase":400,
        "fatigueCurrent":499.81829833984
      },
      "inventory":[{
          "refId":"ingred_bonemeal_01",
          "count":7,
          "charge":-1,
          "enchantmentCharge":-1,
          "soul":""
        },{
          "refId":"misc_soulgem_lesser",
          "count":1,
          "charge":-1,
          "enchantmentCharge":-1,
          "soul":""
        }],
      "killer":{
        "player":"Den"
      }
    },
    "385671-0":{
      "refId":"urn_ash00",
      "inventory":[{
          "refId":"ingred_bonemeal_01",
          "count":1,
          "charge":-1,
          "enchantmentCharge":-1,
          "soul":""
        }]
    },
    "385676-0":{
      "refId":"urn_ash00",
      "inventory":[{
          "refId":"ingred_bonemeal_01",
          "count":1,
          "charge":-1,
          "enchantmentCharge":-1,
          "soul":""
        }]
    },
    "385674-0":{
      "refId":"urn_ash00",
      "inventory":[{
          "refId":"ingred_bonemeal_01",
          "count":1,
          "charge":-1,
          "enchantmentCharge":-1,
          "soul":""
        }]
    },
    "0-3083":{
      "refId":"skeleton champion",
      "location":{
        "posX":-62.207630157471,
        "posZ":1.0011446475983,
        "posY":585.82861328125,
        "rotX":0.0019260765984654,
        "rotY":0,
        "rotZ":-1.409973859787
      },
      "stats":{
        "healthCurrent":0,
        "magickaCurrent":30,
        "healthModified":150,
        "fatigueBase":1000,
        "fatigueModified":1000,
        "healthBase":150,
        "magickaModified":30,
        "magickaBase":30,
        "fatigueCurrent":995.1640625
      },
      "equipment":[],
      "inventory":[{
          "refId":"iron_shield",
          "count":1,
          "charge":-1,
          "enchantmentCharge":-1,
          "soul":""
        },{
          "refId":"ingred_bonemeal_01",
          "count":3,
          "charge":-1,
          "enchantmentCharge":-1,
          "soul":""
        },{
          "refId":"silver claymore",
          "count":1,
          "charge":1257,
          "enchantmentCharge":-1,
          "soul":""
        }],
      "killer":{
        "player":"Den"
      }
    },
    "167475-0":{
      "refId":"in_velothismall_ndoor_01",
      "doorState":1
    },
    "385672-0":{
      "refId":"urn_ash00",
      "inventory":[{
          "refId":"ingred_bonemeal_01",
          "count":1,
          "charge":-1,
          "enchantmentCharge":-1,
          "soul":""
        }]
    },
    "385669-0":{
      "refId":"urn_ash00",
      "inventory":[{
          "refId":"ingred_bonemeal_01",
          "count":1,
          "charge":-1,
          "enchantmentCharge":-1,
          "soul":""
        }]
    },
    "385680-0":{
      "refId":"urn_ash00",
      "inventory":[{
          "refId":"ingred_bonemeal_01",
          "count":1,
          "charge":-1,
          "enchantmentCharge":-1,
          "soul":""
        }]
    },
    "0-3082":{
      "refId":"bonelord",
      "location":{
        "posX":728.14624023438,
        "posZ":0.9999948143959,
        "posY":494.07440185547,
        "rotX":0.11451230943203,
        "rotY":0,
        "rotZ":0.32677125930786
      },
      "stats":{
        "healthCurrent":0,
        "magickaCurrent":280,
        "healthModified":90,
        "fatigueBase":500,
        "fatigueModified":500,
        "healthBase":90,
        "magickaModified":400,
        "magickaBase":400,
        "fatigueCurrent":498.31881713867
      },
      "inventory":[{
          "refId":"ingred_bonemeal_01",
          "count":6,
          "charge":-1,
          "enchantmentCharge":-1,
          "soul":""
        },{
          "refId":"misc_soulgem_lesser",
          "count":1,
          "charge":-1,
          "enchantmentCharge":-1,
          "soul":""
        }],
      "killer":{
        "player":"Den"
      }
    },
    "385677-0":{
      "refId":"urn_ash00",
      "inventory":[{
          "refId":"ingred_bonemeal_01",
          "count":1,
          "charge":-1,
          "enchantmentCharge":-1,
          "soul":""
        }]
    },
    "385670-0":{
      "refId":"urn_ash00",
      "inventory":[{
          "refId":"ingred_bonemeal_01",
          "count":1,
          "charge":-1,
          "enchantmentCharge":-1,
          "soul":""
        }]
    },
    "385679-0":{
      "refId":"urn_ash00",
      "inventory":[{
          "refId":"ingred_bonemeal_01",
          "count":1,
          "charge":-1,
          "enchantmentCharge":-1,
          "soul":""
        }]
    },
    "385681-0":{
      "refId":"urn_ash00",
      "inventory":[{
          "refId":"ingred_bonemeal_01",
          "count":1,
          "charge":-1,
          "enchantmentCharge":-1,
          "soul":""
        }]
    },
    "385687-0":{
      "refId":"chest_tomb_large00",
      "inventory":[{
          "refId":"common_ring_05",
          "count":1,
          "charge":-1,
          "enchantmentCharge":-1,
          "soul":""
        },{
          "refId":"gold_001",
          "count":1,
          "charge":-1,
          "enchantmentCharge":-1,
          "soul":""
        }]
    },
    "385675-0":{
      "refId":"urn_ash00",
      "inventory":[{
          "refId":"ingred_bonemeal_01",
          "count":1,
          "charge":-1,
          "enchantmentCharge":-1,
          "soul":""
        }]
    },
    "0-3085":{
      "refId":"skeleton champion",
      "location":{
        "posX":-1541.8469238281,
        "posZ":1.025302529335,
        "posY":965.29638671875,
        "rotX":0,
        "rotY":0,
        "rotZ":-1.6728880405426
      },
      "stats":{
        "healthCurrent":0,
        "magickaCurrent":30,
        "healthModified":150,
        "fatigueBase":1000,
        "fatigueModified":1000,
        "healthBase":150,
        "magickaModified":30,
        "magickaBase":30,
        "fatigueCurrent":999.52087402344
      },
      "equipment":{
        "17":{
          "refId":"iron_shield",
          "count":1,
          "charge":-1,
          "enchantmentCharge":-1
        },
        "16":{
          "refId":"silver longsword",
          "count":1,
          "charge":-1,
          "enchantmentCharge":-1
        }
      },
      "inventory":[{
          "refId":"iron_shield",
          "count":1,
          "charge":-1,
          "enchantmentCharge":-1,
          "soul":""
        },{
          "refId":"ingred_bonemeal_01",
          "count":1,
          "charge":-1,
          "enchantmentCharge":-1,