{
  "packets":{
    "actorList":["0-2595","0-2596","0-2597","0-2598","0-2599"],
    "ai":[],
    "cellChangeFrom":[],
    "cellChangeTo":[],
    "container":["0-2597"],
    "death":["0-2597"],
    "delete":[],
    "doorState":[],
    "equipment":[],
    "lock":[],
    "place":[],
    "position":["0-2595","0-2596","0-2597","0-2598","0-2599"],
    "scale":[],
    "spawn":["0-2595","0-2596","0-2597","0-2598","0-2599"],
    "state":[],
    "statsDynamic":["0-2595","0-2596","0-2597","0-2598","0-2599"],
    "trap":[]
  },
  "entry":{
    "creationTime":1554686784,
    "description":"Sanit"
  },
  "lastVisit":{
    "Fendryn":1554686809
  },
  "recordLinks":[],
  "objectData":{
    "0-2595":{
      "refId":"ash_ghoul",
      "location":{
        "posX":9145.373046875,
        "posZ":-1324.9526367188,
        "posY":5827.2763671875,
        "rotX":-0.17814479768276,
        "rotY":0,
        "rotZ":0.048349380493164
      },
      "stats":{
        "healthCurrent":220,
        "magickaCurrent":136,
        "healthModified":220,
        "fatigueBase":365,
        "fatigueModified":365,
        "healthBase":220,
        "magickaModified":136,
        "magickaBase":136,
        "fatigueCurrent":365
      }
    },
    "0-2596":{
      "refId":"ash_ghoul",
      "location":{
        "posX":7270.2211914063,
        "posZ":-1897.7524414063,
        "posY":6539.2553710938,
        "rotX":-0.034017089754343,
        "rotY":0,
        "rotZ":-2.1141827106476
      },
      "stats":{
        "healthCurrent":220,
        "magickaCurrent":146,
        "healthModified":220,
        "fatigueBase":370,
        "fatigueModified":370,
        "healthBase":220,
        "magickaModified":146,
        "magickaBase":146,
        "fatigueCurrent":370
      }
    },
    "0-2597":{
      "refId":"corprus_stalker",
      "location":{
        "posX":4809.01953125,
        "posZ":-1383.2607421875,
        "posY":4135.6899414063,
        "rotX":0.089740492403507,
        "rotY":0,
        "rotZ":-0.91275906562805
      },
      "stats":{
        "healthCurrent":0,
        "magickaCurrent":20,
        "healthModified":60,
        "fatigueBase":300,
        "fatigueModified":300,
        "healthBase":60,
        "magickaModified":50,
        "magickaBase":50,
        "fatigueCurrent":288.86965942383
      },
      "inventory":[],
      "killer":{
        "player":"Fendryn"
      }
    },
    "0-2598":{
      "refId":"bonelord",
      "location":{
        "posX":6395.1586914063,
        "posZ":-1323.3109130859,
        "posY":4346.5810546875,
        "rotX":0.17257186770439,
        "rotY":0,
        "rotZ":-1.1302092075348
      },
      "stats":{
        "healthCurrent":90,
        "magickaCurrent":400,
        "healthModified":90,
        "fatigueBase":500,
        "fatigueModified":500,
        "healthBase":90,
        "magickaModified":400,
        "magickaBase":400,
        "fatigueCurrent":500
      }
    },
    "0-2599":{
      "refId":"ash_ghoul",
      "location":{
        "posX":8978.466796875,
        "posZ":-1221.6257324219,
        "posY":2995.0415039063,
        "rotX":0.24281053245068,
        "rotY":0,
        "rotZ":-0.22780609130859
      },
      "stats":{
        "healthCurrent":220,
        "magickaCurrent":160,
        "healthModified":220,
        "fatigueBase":380,
        "fatigueModified":380,
        "healthBase":220,
        "magickaModified":160,
        "magickaBase":160,
        "fatigueCurrent":380
      }
    }
  }
}