{
  "packets":{
    "actorList":["0-192","0-193","0-194","0-195","465940-0"],
    "ai":[],
    "cellChangeFrom":[],
    "cellChangeTo":[],
    "container":["391073-0","391074-0","391075-0","391076-0","391077-0","391078-0","391079-0","391080-0","391081-0","391082-0","391083-0","391084-0","391085-0","391086-0","391087-0","391088-0","391089-0","391090-0","391105-0","391117-0","391118-0","391102-0","465940-0","0-0","0-193","0-192","0-195","0-194"],
    "death":["0-193","0-192","0-195","0-194","465940-0"],
    "delete":["391099-0","391101-0","391114-0","391112-0","391106-0","391108-0"],
    "doorState":["333025-0","167718-0","167716-0"],
    "equipment":[],
    "lock":["167716-0"],
    "place":[],
    "position":["465940-0","0-192","0-193","0-194","0-195"],
    "scale":[],
    "spawn":["0-192","0-193","0-194","0-195"],
    "state":[],
    "statsDynamic":["465940-0","0-192","0-193","0-194","0-195"],
    "trap":["391102-0"]
  },
  "entry":{
    "creationTime":1554180661,
    "description":"Sarano Ancestral Tomb"
  },
  "lastVisit":{
    "Den":1554180889,
    "Fendryn":1554180891
  },
  "recordLinks":[],
  "objectData":{
    "333025-0":{
      "refId":"in_velothismall_ndoor_01",
      "doorState":1
    },
    "391088-0":{
      "refId":"urn_ash00",
      "inventory":[{
          "refId":"ingred_bonemeal_01",
          "count":1,
          "charge":-1,
          "enchantmentCharge":-1,
          "soul":""
        }]
    },
    "167716-0":{
      "refId":"in_velothismall_ndoor_01",
      "doorState":1,
      "lockLevel":0
    },
    "0-194":{
      "refId":"ancestor_ghost",
      "location":{
        "posX":971.2373046875,
        "posZ":-575,
        "posY":3584.0534667969,
        "rotX":-0.0024107061326504,
        "rotY":0,
        "rotZ":-0.80773520469666
      },
      "stats":{
        "healthCurrent":0,
        "magickaCurrent":320,
        "healthModified":23,
        "fatigueBase":400,
        "fatigueModified":400,
        "healthBase":23,
        "magickaModified":400,
        "magickaBase":400,
        "fatigueCurrent":400
      },
      "inventory":[],
      "killer":{
        "player":"Fendryn"
      }
    },
    "391083-0":{
      "refId":"urn_ash00",
      "inventory":[{
          "refId":"ingred_bonemeal_01",
          "count":1,
          "charge":-1,
          "enchantmentCharge":-1,
          "soul":""
        }]
    },
    "391101-0":{
      "refId":"ingred_chokeweed_01"
    },
    "0-193":{
      "refId":"ancestor_ghost",
      "location":{
        "posX":625.43988037109,
        "posZ":-121.77509307861,
        "posY":347.09313964844,
        "rotX":-0.2229822576046,
        "rotY":0,
        "rotZ":-2.335999250412
      },
      "stats":{
        "healthCurrent":0,
        "magickaCurrent":360,
        "healthModified":23,
        "fatigueBase":400,
        "fatigueModified":400,
        "healthBase":23,
        "magickaModified":400,
        "magickaBase":400,
        "fatigueCurrent":398.61068725586
      },
      "inventory":[],
      "killer":{
        "player":"Den"
      }
    },
    "465940-0":{
      "refId":"hunger_fghl",
      "location":{
        "posX":1671.4790039063,
        "posZ":-575,
        "posY":2192.7314453125,
        "rotX":-0.086948916316032,
        "rotY":0,
        "rotZ":3.1299870014191
      },
      "stats":{
        "healthCurrent":0,
        "magickaCurrent":50,
        "healthModified":50,
        "fatigueBase":50,
        "fatigueModified":50,
        "healthBase":50,
        "magickaModified":50,
        "magickaBase":50,
        "fatigueCurrent":48.993644714355
      },
      "inventory":[],
      "killer":{
        "player":"Fendryn"
      }
    },
    "391080-0":{
      "refId":"urn_ash00",
      "inventory":[{
          "refId":"ingred_bonemeal_01",
          "count":1,
          "charge":-1,
          "enchantmentCharge":-1,
          "soul":""
        }]
    },
    "391075-0":{
      "refId":"urn_ash00",
      "inventory":[{
          "refId":"ingred_bonemeal_01",
          "count":1,
          "charge":-1,
          "enchantmentCharge":-1,
          "soul":""
        }]
    },
    "391086-0":{
      "refId":"urn_ash00",
      "inventory":[{
          "refId":"ingred_bonemeal_01",
          "count":1,
          "charge":-1,
          "enchantmentCharge":-1,
          "soul":""
        }]
    },
    "391105-0":{
      "refId":"chest_tomb_large01",
      "inventory":[{
          "refId":"wooden staff",
          "count":1,
          "charge":-1,
          "enchantmentCharge":-1,
          "soul":""
        }]
    },
    "391117-0":{
      "refId":"chest_tomb_small01",
      "inventory":[{
          "refId":"common_amulet_02",
          "count":1,
          "charge":-1,
          "enchantmentCharge":-1,
          "soul":""
        }]
    },
    "391090-0":{
      "refId":"urn_ash00",
      "inventory":[{
          "refId":"ingred_bonemeal_01",
          "count":1,
          "charge":-1,
          "enchantmentCharge":-1,
          "soul":""
        }]
    },
    "391074-0":{
      "refId":"urn_ash00",
      "inventory":[{
          "refId":"ingred_bonemeal_01",
          "count":1,
          "charge":-1,
          "enchantmentCharge":-1,
          "soul":""
        }]
    },
    "0-195":{
      "refId":"ancestor_ghost",
      "location":{
        "posX":673.27197265625,
        "posZ":-319.00006103516,
        "posY":2032.0859375,
        "rotX":0.0029200073331594,
        "rotY":0,
        "rotZ":0.87442564964294
      },
      "stats":{
        "healthCurrent":0,
        "magickaCurrent":360,
        "healthModified":23,
        "fatigueBase":400,
        "fatigueModified":400,
        "healthBase":23,
        "magickaModified":400,
        "magickaBase":400,
        "fatigueCurrent":400
      },
      "inventory":[],
      "killer":{
        "player":"Den"
      }
    },
    "167718-0":{
      "refId":"in_velothismall_ndoor_01",
      "doorState":1
    },
    "391081-0":{
      "refId":"urn_ash00",
      "inventory":[{
          "refId":"ingred_bonemeal_01",
          "count":1,
          "charge":-1,
          "enchantmentCharge":-1,
          "soul":""
        }]
    },
    "391112-0":{
      "refId":"bk_bookoflifeandservice"
    },
    "391079-0":{
      "refId":"urn_ash00",
      "inventory":[{
          "refId":"ingred_bonemeal_01",
          "count":1,
          "charge":-1,
          "enchantmentCharge":-1,
          "soul":""
        }]
    },
    "0-0":{
      "refId":"ancestor_ghost",
      "inventory":[]
    },
    "391082-0":{
      "refId":"urn_ash00",
      "inventory":[{
          "refId":"ingred_bonemeal_01",
          "count":1,
          "charge":-1,
          "enchantmentCharge":-1,
          "soul":""
        }]
    },
    "391108-0":{
      "refId":"ingred_fire_salts_01"
    },
    "391106-0":{
      "refId":"gold_025"
    },
    "391118-0":{
      "refId":"chest_tomb_large02",
      "inventory":[]
    },
    "391102-0":{
      "refId":"chest_tomb_large00",
      "inventory":[]
    },
    "391114-0":{
      "refId":"ingred_kresh_fiber_01"
    },
    "391087-0":{
      "refId":"urn_ash00",
      "inventory":[{
          "refId":"ingred_bonemeal_01",
          "count":1,
          "charge":-1,
          "enchantmentCharge":-1,
          "soul":""
        }]
    },
    "0-192":{
      "refId":"ancestor_ghost",
      "location":{
        "posX":651.23889160156,
        "posZ":-319.00006103516,
        "posY":1308.7006835938,
        "rotX":0,
        "rotY":0,
        "rotZ":-2.757533788681
      },
      "stats":{
        "healthCurrent":0,
        "magickaCurrent":360,
        "healthModified":23,
        "fatigueBase":400,
        "fatigueModified":400,
        "healthBase":23,
        "magickaModified":400,
        "magickaBase":400,
        "fatigueCurrent":400
      },
      "inventory":[{
          "refId":"ingred_ectoplasm_01",
          "count":1,
          "charge":-1,
          "enchantmentCharge":-1,
          "soul":""
        }],