{
  "packets":{
    "actorList":["280097-0","280098-0","280099-0","280100-0","280101-0","280102-0","280104-0","280105-0","280107-0","479422-0","479423-0"],
    "ai":[],
    "cellChangeFrom":[],
    "cellChangeTo":[],
    "container":["395691-0","395692-0","395693-0","395694-0","395695-0","395696-0","290649-0","280097-0","280098-0","280099-0","280100-0","280101-0","280102-0","280104-0","280105-0","280107-0","479422-0","479423-0"],
    "death":["280107-0","479422-0","479423-0","280104-0","280105-0"],
    "delete":[],
    "doorState":[],
    "equipment":["280097-0","280098-0","280099-0","280100-0","280101-0","280102-0","280104-0","280105-0","280107-0"],
    "lock":["290649-0"],
    "place":[],
    "position":["280097-0","280098-0","280099-0","280100-0","280101-0","280102-0","280104-0","280105-0","280107-0","479422-0","479423-0"],
    "scale":[],
    "spawn":[],
    "state":[],
    "statsDynamic":["280097-0","280098-0","280099-0","280100-0","280101-0","280102-0","280104-0","280105-0","280107-0","479422-0","479423-0"],
    "trap":[]
  },
  "entry":{
    "creationTime":1555632000,
    "description":"Sinsibadon"
  },
  "lastVisit":{
    "Den":1555632184
  },
  "recordLinks":[],
  "objectData":{
    "280107-0":{
      "refId":"herd",
      "location":{
        "posX":974.13122558594,
        "posZ":537.58111572266,
        "posY":-133.18804931641,
        "rotX":0.28011366724968,
        "rotY":0,
        "rotZ":1.0616562366486
      },
      "stats":{
        "healthCurrent":0,
        "magickaCurrent":76,
        "healthModified":128,
        "fatigueBase":256,
        "fatigueModified":256,
        "healthBase":128,
        "magickaModified":76,
        "magickaBase":76,
        "fatigueCurrent":256
      },
      "equipment":{
        "1":{
          "refId":"netch_leather_cuirass",
          "count":1,
          "charge":-1,
          "enchantmentCharge":-1
        },
        "2":{
          "refId":"netch_leather_greaves",
          "count":1,
          "charge":-1,
          "enchantmentCharge":-1
        },
        "5":{
          "refId":"fur_bracer_left",
          "count":1,
          "charge":-1,
          "enchantmentCharge":-1
        },
        "6":{
          "refId":"fur_bracer_right",
          "count":1,
          "charge":-1,
          "enchantmentCharge":-1
        },
        "7":{
          "refId":"netch_leather_boots",
          "count":1,
          "charge":-1,
          "enchantmentCharge":-1
        },
        "9":{
          "refId":"common_pants_03_c",
          "count":1,
          "charge":-1,
          "enchantmentCharge":-1
        },
        "16":{
          "refId":"steel axe",
          "count":1,
          "charge":-1,
          "enchantmentCharge":-1
        }
      },
      "inventory":[{
          "refId":"fur_bracer_right",
          "count":1,
          "charge":-1,
          "enchantmentCharge":-1,
          "soul":""
        },{
          "refId":"fur_bracer_left",
          "count":1,
          "charge":-1,
          "enchantmentCharge":-1,
          "soul":""
        },{
          "refId":"netch_leather_boots",
          "count":1,
          "charge":-1,
          "enchantmentCharge":-1,
          "soul":""
        },{
          "refId":"netch_leather_greaves",
          "count":1,
          "charge":47,
          "enchantmentCharge":-1,
          "soul":""
        },{
          "refId":"netch_leather_cuirass",
          "count":1,
          "charge":147,
          "enchantmentCharge":-1,
          "soul":""
        },{
          "refId":"common_pants_03_c",
          "count":1,
          "charge":-1,
          "enchantmentCharge":-1,
          "soul":""
        },{
          "refId":"gold_001",
          "count":11,
          "charge":-1,
          "enchantmentCharge":-1,
          "soul":""
        },{
          "refId":"steel axe",
          "count":1,
          "charge":1199,
          "enchantmentCharge":-1,
          "soul":""
        }],
      "killer":{
        "player":"Den"
      }
    },
    "280105-0":{
      "refId":"dridyn berethi",
      "location":{
        "posX":-1724.3912353516,
        "posZ":685.68103027344,
        "posY":2202.8371582031,
        "rotX":0.37573534250259,
        "rotY":0,
        "rotZ":0.64648985862732
      },
      "stats":{
        "healthCurrent":0,
        "magickaCurrent":14,
        "healthModified":73,
        "fatigueBase":204,
        "fatigueModified":204,
        "healthBase":73,
        "magickaModified":126,
        "magickaBase":126,
        "fatigueCurrent":204
      },
      "equipment":{
        "1":{
          "refId":"netch_leather_cuirass",
          "count":1,
          "charge":-1,
          "enchantmentCharge":-1
        },
        "7":{
          "refId":"common_shoes_04",
          "count":1,
          "charge":-1,
          "enchantmentCharge":-1
        },
        "16":{
          "refId":"steel war axe",
          "count":1,
          "charge":-1,
          "enchantmentCharge":-1
        },
        "11":{
          "refId":"common_robe_05",
          "count":1,
          "charge":-1,
          "enchantmentCharge":-1
        }
      },
      "inventory":[{
          "refId":"p_restore_endurance_e",
          "count":1,
          "charge":-1,
          "enchantmentCharge":-1,
          "soul":""
        },{
          "refId":"netch_leather_cuirass",
          "count":1,
          "charge":-1,
          "enchantmentCharge":-1,
          "soul":""
        },{
          "refId":"common_robe_05",
          "count":1,
          "charge":-1,
          "enchantmentCharge":-1,
          "soul":""
        },{
          "refId":"common_shoes_04",
          "count":1,
          "charge":-1,
          "enchantmentCharge":-1,
          "soul":""
        },{
          "refId":"steel war axe",
          "count":1,
          "charge":-1,
          "enchantmentCharge":-1,
          "soul":""
        }],
      "killer":{
        "player":"Den"
      }
    },
    "290649-0":{
      "refId":"com_chest_11_k03",
      "inventory":[{
          "refId":"common_belt_02",
          "count":1,
          "charge":-1,
          "enchantmentCharge":-1,
          "soul":""
        },{
          "refId":"misc_de_pot_blue_01",
          "count":1,
          "charge":-1,
          "enchantmentCharge":-1,
          "soul":""
        }],
      "lockLevel":0
    },
    "395692-0":{
      "refId":"barrel_bandit_01",
      "inventory":[]
    },
    "395694-0":{
      "refId":"crate_bandit_01",
      "inventory":[]
    },
    "479422-0":{
      "refId":"nix-hound",
      "location":{
        "posX":-42.611892700195,
        "posZ":392.8987121582,
        "posY":371.14007568359,
        "rotX":-0.018237933516502,
        "rotY":0,
        "rotZ":2.9445259571075
      },
      "stats":{
        "healthCurrent":0,
        "magickaCurrent":10,
        "healthModified":23,
        "fatigueBase":400,
        "fatigueModified":400,
        "healthBase":23,
        "magickaModified":10,
        "magickaBase":10,
        "fatigueCurrent":399.83374023438
      },
      "inventory":[{
          "refId":"ingred_hound_meat_01",
          "count":1,
          "charge":-1,
          "enchantmentCharge":-1,
          "soul":""
        }],
      "killer":{
        "player":"Den"
      }
    },
    "280100-0":{
      "refId":"am-ra",
      "location":{
        "posX":-2834.9204101563,
        "posZ":526.29809570313,
        "posY":1420.1447753906,
        "rotX":-0.1568156927824,
        "rotY":0,
        "rotZ":-1.5438067913055
      },
      "stats":{
        "healthCurrent":40,
        "magickaCurrent":97,
        "healthModified":40,
        "fatigueBase":160,
        "fatigueModified":160,
        "healthBase":40,
        "magickaModified":97,
        "magickaBase":100,
        "fatigueCurrent":160
      },
      "equipment":[null,null,null,null,null,null,null,null,{
          "refId":"common_pants_04",
          "count":1,
          "charge":-1,
          "enchantmentCharge":-1
        }],