{
  "packets":{
    "actorList":["315154-0","315155-0","315156-0","482893-0","482894-0"],
    "ai":[],
    "cellChangeFrom":[],
    "cellChangeTo":[],
    "container":["315161-0","315162-0","357174-0","357175-0","357176-0","357177-0","357196-0","357243-0","357244-0","357245-0","357246-0","357247-0","315154-0","315155-0","315156-0","482893-0","482894-0"],
    "death":["315154-0","482893-0","482894-0"],
    "delete":[],
    "doorState":[],
    "equipment":["315154-0","315155-0","315156-0","482893-0","482894-0"],
    "lock":[],
    "place":[],
    "position":["315154-0","315155-0","315156-0","482893-0","482894-0"],
    "scale":[],
    "spawn":[],
    "state":[],
    "statsDynamic":["315154-0","315155-0","315156-0","482893-0","482894-0"],
    "trap":[]
  },
  "entry":{
    "creationTime":1554784105,
    "description":"Tel Aruhn, Upper Tower"
  },
  "lastVisit":{
    "Den":1555208175,
    "DizzyDasher":1554784129
  },
  "recordLinks":[],
  "objectData":{
    "315155-0":{
      "refId":"endase avel",
      "location":{
        "posX":-158.1993560791,
        "posZ":-193.0087890625,
        "posY":-1208.3388671875,
        "rotX":0.16434378921986,
        "rotY":0,
        "rotZ":0.099668741226196
      },
      "stats":{
        "healthCurrent":107,
        "magickaCurrent":164,
        "healthModified":107,
        "fatigueBase":255,
        "fatigueModified":255,
        "healthBase":107,
        "magickaModified":164,
        "magickaBase":164,
        "fatigueCurrent":255
      },
      "equipment":{
        "7":{
          "refId":"extravagant_shoes_01",
          "count":1,
          "charge":-1,
          "enchantmentCharge":-1
        },
        "11":{
          "refId":"shockmirror robe",
          "count":1,
          "charge":-1,
          "enchantmentCharge":-1
        },
        "12":{
          "refId":"third barrier ring",
          "count":1,
          "charge":-1,
          "enchantmentCharge":-1
        },
        "14":{
          "refId":"crimson despair amulet",
          "count":1,
          "charge":-1,
          "enchantmentCharge":-1
        },
        "16":{
          "refId":"devil tanto",
          "count":1,
          "charge":-1,
          "enchantmentCharge":-1
        }
      },
      "inventory":[{
          "refId":"crimson despair amulet",
          "count":1,
          "charge":-1,
          "enchantmentCharge":-1,
          "soul":""
        },{
          "refId":"third barrier ring",
          "count":1,
          "charge":-1,
          "enchantmentCharge":-1,
          "soul":""
        },{
          "refId":"shockmirror robe",
          "count":1,
          "charge":-1,
          "enchantmentCharge":-1,
          "soul":""
        },{
          "refId":"extravagant_shoes_01",
          "count":1,
          "charge":-1,
          "enchantmentCharge":-1,
          "soul":""
        },{
          "refId":"gold_001",
          "count":34,
          "charge":-1,
          "enchantmentCharge":-1,
          "soul":""
        },{
          "refId":"devil tanto",
          "count":1,
          "charge":-1,
          "enchantmentCharge":-1,
          "soul":""
        }]
    },
    "315156-0":{
      "refId":"brolmir",
      "location":{
        "posX":-522.75317382813,
        "posZ":-193.00845336914,
        "posY":-1907.185546875,
        "rotX":0.015229096636176,
        "rotY":0,
        "rotZ":-0.71944403648376
      },
      "stats":{
        "healthCurrent":138,
        "magickaCurrent":164,
        "healthModified":138,
        "fatigueBase":268,
        "fatigueModified":268,
        "healthBase":138,
        "magickaModified":164,
        "magickaBase":164,
        "fatigueCurrent":268
      },
      "equipment":{
        "0":{
          "refId":"demon mole crab",
          "count":1,
          "charge":-1,
          "enchantmentCharge":-1
        },
        "1":{
          "refId":"bonemold_armun-an_cuirass",
          "count":1,
          "charge":-1,
          "enchantmentCharge":-1
        },
        "2":{
          "refId":"bonemold_greaves",
          "count":1,
          "charge":-1,
          "enchantmentCharge":-1
        },
        "3":{
          "refId":"bonemold_armun-an_pauldron_l",
          "count":1,
          "charge":-1,
          "enchantmentCharge":-1
        },
        "4":{
          "refId":"bonemold_armun-an_pauldron_r",
          "count":1,
          "charge":-1,
          "enchantmentCharge":-1
        },
        "7":{
          "refId":"common_shoes_02",
          "count":1,
          "charge":-1,
          "enchantmentCharge":-1
        },
        "8":{
          "refId":"common_shirt_02",
          "count":1,
          "charge":-1,
          "enchantmentCharge":-1
        },
        "9":{
          "refId":"common_pants_03_c",
          "count":1,
          "charge":-1,
          "enchantmentCharge":-1
        },
        "12":{
          "refId":"first barrier ring",
          "count":1,
          "charge":-1,
          "enchantmentCharge":-1
        },
        "16":{
          "refId":"demon longbow",
          "count":1,
          "charge":-1,
          "enchantmentCharge":-1
        }
      },
      "inventory":[{
          "refId":"bonemold_greaves",
          "count":1,
          "charge":-1,
          "enchantmentCharge":-1,
          "soul":""
        },{
          "refId":"bonemold_armun-an_pauldron_r",
          "count":1,
          "charge":-1,
          "enchantmentCharge":-1,
          "soul":""
        },{
          "refId":"bonemold_armun-an_pauldron_l",
          "count":1,
          "charge":-1,
          "enchantmentCharge":-1,
          "soul":""
        },{
          "refId":"bonemold_armun-an_cuirass",
          "count":1,
          "charge":-1,
          "enchantmentCharge":-1,
          "soul":""
        },{
          "refId":"demon mole crab",
          "count":1,
          "charge":-1,
          "enchantmentCharge":-1,
          "soul":""
        },{
          "refId":"first barrier ring",
          "count":1,
          "charge":-1,
          "enchantmentCharge":-1,
          "soul":""
        },{
          "refId":"common_shirt_02",
          "count":1,
          "charge":-1,
          "enchantmentCharge":-1,
          "soul":""
        },{
          "refId":"common_shoes_02",
          "count":1,
          "charge":-1,
          "enchantmentCharge":-1,
          "soul":""
        },{
          "refId":"common_pants_03_c",
          "count":1,
          "charge":-1,
          "enchantmentCharge":-1,
          "soul":""
        },{
          "refId":"viper arrow",
          "count":50,
          "charge":-1,
          "enchantmentCharge":-1,
          "soul":""
        },{
          "refId":"demon longbow",
          "count":1,
          "charge":-1,
          "enchantmentCharge":-1,
          "soul":""
        }]
    },
    "482893-0":{
      "refId":"dremora_gothren_guard1",
      "location":{
        "posX":391.23968505859,
        "posZ":62.991241455078,
        "posY":-429.78088378906,
        "rotX":-0.045782551169395,
        "rotY":0,
        "rotZ":1.8084371089935
      },
      "stats":{
        "healthCurrent":0,
        "magickaCurrent":34,
        "healthModified":135,
        "fatigueBase":400,
        "fatigueModified":400,
        "healthBase":135,
        "magickaModified":100,
        "magickaBase":100,
        "fatigueCurrent":368.80337524414
      },
      "equipment":{
        "16":{
          "refId":"daedric staff",
          "count":1,
          "charge":-1,
          "enchantmentCharge":-1
        }
      },
      "inventory":[{
          "refId":"daedric staff",
          "count":1,
          "charge":1188,
          "enchantmentCharge":-1,
          "soul":""
        }],
      "killer":{
        "player":"Den"
      }
    },
    "357174-0":{
      "refId":"barrel_01_ingredients",
      "inventory":[{
          "refId":"ingred_corkbulb_root_01",
          "count":1,
          "charge":-1,
          "enchantmentCharge":-1,