{
  "packets":{
    "actorList":["0-4033","284133-0","284131-0","284132-0"],
    "ai":[],
    "cellChangeFrom":[],
    "cellChangeTo":[],
    "container":["357634-0","284133-0","284131-0","284132-0","0-4033"],
    "death":["0-4033","284131-0","284132-0"],
    "delete":["291305-0"],
    "doorState":[],
    "equipment":["284133-0"],
    "lock":[],
    "place":[],
    "position":["284131-0","284132-0","284133-0","0-4033"],
    "scale":[],
    "spawn":["0-4033"],
    "state":[],
    "statsDynamic":["284131-0","284132-0","284133-0","0-4033"],
    "trap":[]
  },
  "entry":{
    "creationTime":1555207018,
    "description":"Tel Branora, Tower Dungeon"
  },
  "lastVisit":{
    "Fendryn":1555207131
  },
  "recordLinks":[],
  "objectData":{
    "284131-0":{
      "refId":"atronach_flame",
      "location":{
        "posX":2368.7426757813,
        "posZ":143.01176452637,
        "posY":-50.487815856934,
        "rotX":0.15653572976589,
        "rotY":0,
        "rotZ":-1.8408229351044
      },
      "stats":{
        "healthCurrent":0,
        "magickaCurrent":53,
        "healthModified":75,
        "fatigueBase":600,
        "fatigueModified":600,
        "healthBase":75,
        "magickaModified":105,
        "magickaBase":105,
        "fatigueCurrent":599.33862304688
      },
      "inventory":[],
      "killer":{
        "player":"Fendryn"
      }
    },
    "291305-0":{
      "refId":"heart wall"
    },
    "284132-0":{
      "refId":"clannfear",
      "location":{
        "posX":444.00555419922,
        "posZ":-236.74661254883,
        "posY":1216.5,
        "rotX":0.007386764511466,
        "rotY":0,
        "rotZ":1.4825232028961
      },
      "stats":{
        "healthCurrent":0,
        "magickaCurrent":100,
        "healthModified":113,
        "fatigueBase":500,
        "fatigueModified":500,
        "healthBase":113,
        "magickaModified":100,
        "magickaBase":100,
        "fatigueCurrent":500
      },
      "inventory":[],
      "killer":{
        "player":"Fendryn"
      }
    },
    "284133-0":{
      "refId":"dead de male",
      "location":{
        "posX":-149.1328125,
        "posZ":-211.12847900391,
        "posY":821.609375,
        "rotX":0,
        "rotY":0,
        "rotZ":1.0168137550354
      },
      "stats":{
        "healthCurrent":0,
        "magickaCurrent":82,
        "healthModified":0,
        "fatigueBase":187,
        "fatigueModified":187,
        "healthBase":0,
        "magickaModified":82,
        "magickaBase":82,
        "fatigueCurrent":187
      },
      "equipment":{
        "7":{
          "refId":"common_shoes_03",
          "count":1,
          "charge":-1,
          "enchantmentCharge":-1
        },
        "8":{
          "refId":"common_shirt_03_c",
          "count":1,
          "charge":-1,
          "enchantmentCharge":-1
        },
        "16":{
          "refId":"steel vipercleaver",
          "count":1,
          "charge":-1,
          "enchantmentCharge":-1
        },
        "9":{
          "refId":"common_pants_03_c",
          "count":1,
          "charge":-1,
          "enchantmentCharge":-1
        }
      },
      "inventory":[{
          "refId":"common_shirt_03_c",
          "count":1,
          "charge":-1,
          "enchantmentCharge":-1,
          "soul":""
        },{
          "refId":"common_shoes_03",
          "count":1,
          "charge":-1,
          "enchantmentCharge":-1,
          "soul":""
        },{
          "refId":"common_pants_03_c",
          "count":1,
          "charge":-1,
          "enchantmentCharge":-1,
          "soul":""
        },{
          "refId":"steel vipercleaver",
          "count":1,
          "charge":-1,
          "enchantmentCharge":-1,
          "soul":""
        }]
    },
    "357634-0":{
      "refId":"de_r_chest_01_gold2",
      "inventory":[]
    },
    "0-4033":{
      "refId":"bonelord",
      "location":{
        "posX":214.77075195313,
        "posZ":138.06958007813,
        "posY":-48.909225463867,
        "rotX":0.3311567902565,
        "rotY":0,
        "rotZ":-2.0022599697113
      },
      "stats":{
        "healthCurrent":0,
        "magickaCurrent":160,
        "healthModified":90,
        "fatigueBase":500,
        "fatigueModified":500,
        "healthBase":90,
        "magickaModified":400,
        "magickaBase":400,
        "fatigueCurrent":500
      },
      "inventory":[{
          "refId":"ingred_bonemeal_01",
          "count":7,
          "charge":-1,
          "enchantmentCharge":-1,
          "soul":""
        },{
          "refId":"misc_soulgem_lesser",
          "count":1,
          "charge":-1,
          "enchantmentCharge":-1,
          "soul":""
        }],
      "killer":{
        "player":"Fendryn"
      }
    }
  }
}