{
  "packets":{
    "actorList":["0-4639","0-4640","234723-0","234724-0","383958-0"],
    "ai":[],
    "cellChangeFrom":[],
    "cellChangeTo":[],
    "container":["234881-0","234723-0","234724-0","383958-0","0-0","0-4639","0-4640"],
    "death":["0-4639","234723-0","0-4640","234724-0"],
    "delete":["234873-0","234870-0","234868-0","234815-0","234869-0","234883-0","234871-0","234867-0","234863-0","234874-0","234875-0","234848-0"],
    "doorState":["234753-0","234760-0","234755-0","234757-0"],
    "equipment":["383958-0"],
    "lock":["234881-0"],
    "place":[],
    "position":["234723-0","234724-0","383958-0","0-4639","0-4640"],
    "scale":[],
    "spawn":["0-4639","0-4640"],
    "state":[],
    "statsDynamic":["234723-0","234724-0","383958-0","0-4639","0-4640"],
    "trap":["234881-0"]
  },
  "entry":{
    "creationTime":1558209734,
    "description":"Tureynulal, Kagrenac's Library"
  },
  "lastVisit":{
    "Den":1558210096,
    "Fendryn":1558210101
  },
  "recordLinks":[],
  "objectData":{
    "234870-0":{
      "refId":"bookskill_medium armor3"
    },
    "0-4640":{
      "refId":"ash_zombie",
      "location":{
        "posX":-203.62594604492,
        "posZ":-191,
        "posY":-1638.0627441406,
        "rotX":0.022955797612667,
        "rotY":0,
        "rotZ":-0.93309807777405
      },
      "stats":{
        "healthCurrent":0,
        "magickaCurrent":100,
        "healthModified":90,
        "fatigueBase":400,
        "fatigueModified":400,
        "healthBase":90,
        "magickaModified":100,
        "magickaBase":100,
        "fatigueCurrent":400
      },
      "inventory":[{
          "refId":"ingred_ash_salts_01",
          "count":1,
          "charge":-1,
          "enchantmentCharge":-1,
          "soul":""
        },{
          "refId":"spiked club",
          "count":1,
          "charge":-1,
          "enchantmentCharge":-1,
          "soul":""
        }],
      "killer":{
        "player":"Den"
      }
    },
    "234881-0":{
      "refId":"dwrv_desk_tureynul",
      "inventory":[],
      "lockLevel":0
    },
    "234848-0":{
      "refId":"bk_pigchildren"
    },
    "234723-0":{
      "refId":"dagoth molos",
      "location":{
        "posX":-269.64129638672,
        "posZ":-191,
        "posY":-1170.1787109375,
        "rotX":0.030318483710289,
        "rotY":0,
        "rotZ":0.076036691665649
      },
      "stats":{
        "healthCurrent":0,
        "magickaCurrent":218,
        "healthModified":280,
        "fatigueBase":600,
        "fatigueModified":600,
        "healthBase":280,
        "magickaModified":340,
        "magickaBase":340,
        "fatigueCurrent":599.91918945313
      },
      "inventory":[{
          "refId":"amulet of 6th house",
          "count":1,
          "charge":-1,
          "enchantmentCharge":-1,
          "soul":""
        }],
      "killer":{
        "player":"Den"
      }
    },
    "234753-0":{
      "refId":"door_dwrv_inner00",
      "doorState":1
    },
    "234755-0":{
      "refId":"door_dwrv_inner00",
      "doorState":1
    },
    "0-0":{
      "refId":"corprus_lame",
      "inventory":[{
          "refId":"ingred_ash_salts_01",
          "count":1,
          "charge":-1,
          "enchantmentCharge":-1,
          "soul":""
        },{
          "refId":"spiked club",
          "count":1,
          "charge":-1,
          "enchantmentCharge":-1,
          "soul":""
        }]
    },
    "234867-0":{
      "refId":"bookskill_alchemy5"
    },
    "234871-0":{
      "refId":"glass_greaves"
    },
    "234883-0":{
      "refId":"bookskill_block4"
    },
    "383958-0":{
      "refId":"skeleton hero dead",
      "location":{
        "posX":-655.85473632813,
        "posZ":-383,
        "posY":-558.54138183594,
        "rotX":0,
        "rotY":0,
        "rotZ":2.950443983078
      },
      "stats":{
        "healthCurrent":0,
        "magickaCurrent":30,
        "healthModified":0,
        "fatigueBase":400,
        "fatigueModified":400,
        "healthBase":0,
        "magickaModified":30,
        "magickaBase":30,
        "fatigueCurrent":400
      },
      "equipment":[],
      "inventory":[{
          "refId":"ingred_bonemeal_01",
          "count":1,
          "charge":-1,
          "enchantmentCharge":-1,
          "soul":""
        },{
          "refId":"gold_001",
          "count":8,
          "charge":-1,
          "enchantmentCharge":-1,
          "soul":""
        },{
          "refId":"iron shortsword",
          "count":1,
          "charge":-1,
          "enchantmentCharge":-1,
          "soul":""
        }]
    },
    "234873-0":{
      "refId":"misc_soulgem_greater"
    },
    "234863-0":{
      "refId":"bk_vampiresofvvardenfell2"
    },
    "234869-0":{
      "refId":"bookskill_blunt weapon4"
    },
    "234815-0":{
      "refId":"bk_chroniclesnchuleft"
    },
    "234875-0":{
      "refId":"p_jump_q"
    },
    "234874-0":{
      "refId":"p_fortify_agility_s"
    },
    "234760-0":{
      "refId":"door_dwrv_inner00",
      "doorState":1
    },
    "234724-0":{
      "refId":"dagoth tureynul",
      "location":{
        "posX":33.668853759766,
        "posZ":-191,
        "posY":-2109.0444335938,
        "rotX":0.13216929137707,
        "rotY":0,
        "rotZ":-0.77881646156311
      },
      "stats":{
        "healthCurrent":0,
        "magickaCurrent":365,
        "healthModified":300,
        "fatigueBase":268,
        "fatigueModified":268,
        "healthBase":300,
        "magickaModified":500,
        "magickaBase":500,
        "fatigueCurrent":268
      },
      "inventory":[{
          "refId":"amulet of 6th house",
          "count":1,
          "charge":-1,
          "enchantmentCharge":-1,
          "soul":""
        },{
          "refId":"ingred_ash_salts_01",
          "count":1,
          "charge":-1,
          "enchantmentCharge":-1,
          "soul":""
        }],
      "killer":{
        "player":"Den"
      }
    },
    "0-4639":{
      "refId":"corprus_lame",
      "location":{
        "posX":-222.44815063477,
        "posZ":1,
        "posY":-424.10064697266,
        "rotX":-0.054429806768894,
        "rotY":0,
        "rotZ":-0.30249500274658
      },
      "stats":{
        "healthCurrent":0,
        "magickaCurrent":160,
        "healthModified":90,
        "fatigueBase":370,
        "fatigueModified":370,
        "healthBase":90,
        "magickaModified":160,
        "magickaBase":160,
        "fatigueCurrent":370
      },
      "inventory":[{
          "refId":"ingred_corprus_weepings_01",
          "count":1,
          "charge":-1,
          "enchantmentCharge":-1,
          "soul":""
        }],
      "killer":{
        "player":"Den"
      }
    },
    "234868-0":{
      "refId":"bookskill_athletics5"
    },
    "234757-0":{
      "refId":"door_dwrv_inner00",
      "doorState":1
    }
  }
}