{
  "packets":{
    "actorList":["0-1953","0-1954","0-1955","0-1956","0-1957","0-1958","469583-0","469584-0","469585-0"],
    "ai":[],
    "cellChangeFrom":[],
    "cellChangeTo":[],
    "container":["469583-0","469584-0","469585-0","0-1956","0-1955","0-1953","0-1958","0-1957","0-1954"],
    "death":["0-1956","0-1955","0-1953","0-1958","469584-0","0-1957","0-1954"],
    "delete":[],
    "doorState":[],
    "equipment":["469583-0","469584-0","469585-0","0-1954","0-1957"],
    "lock":[],
    "place":[],
    "position":["469583-0","469584-0","469585-0","0-1953","0-1954","0-1955","0-1956","0-1957","0-1958"],
    "scale":[],
    "spawn":["0-1953","0-1954","0-1955","0-1956","0-1957","0-1958"],
    "state":[],
    "statsDynamic":["469583-0","469584-0","469585-0","0-1953","0-1954","0-1955","0-1956","0-1957","0-1958"],
    "trap":[]
  },
  "entry":{
    "creationTime":1554617783,
    "description":"Vas, Entry Level"
  },
  "lastVisit":{
    "Den":1554618442
  },
  "recordLinks":[],
  "objectData":{
    "0-1957":{
      "refId":"skeleton champion",
      "location":{
        "posX":1091.8049316406,
        "posZ":385,
        "posY":2533.4260253906,
        "rotX":0.0063036736100912,
        "rotY":0,
        "rotZ":-1.1603605747223
      },
      "stats":{
        "healthCurrent":0,
        "magickaCurrent":30,
        "healthModified":150,
        "fatigueBase":1000,
        "fatigueModified":1000,
        "healthBase":150,
        "magickaModified":30,
        "magickaBase":30,
        "fatigueCurrent":1000
      },
      "equipment":{
        "17":{
          "refId":"iron_shield",
          "count":1,
          "charge":-1,
          "enchantmentCharge":-1
        },
        "16":{
          "refId":"silver claymore",
          "count":1,
          "charge":-1,
          "enchantmentCharge":-1
        }
      },
      "inventory":[{
          "refId":"iron_shield",
          "count":1,
          "charge":-1,
          "enchantmentCharge":-1,
          "soul":""
        },{
          "refId":"ingred_bonemeal_01",
          "count":2,
          "charge":-1,
          "enchantmentCharge":-1,
          "soul":""
        },{
          "refId":"silver claymore",
          "count":1,
          "charge":1257,
          "enchantmentCharge":-1,
          "soul":""
        }],
      "killer":{
        "player":"Den"
      }
    },
    "469585-0":{
      "refId":"jeberilie moniel",
      "location":{
        "posX":-1833.3713378906,
        "posZ":416.87994384766,
        "posY":2566.1833496094,
        "rotX":0,
        "rotY":0,
        "rotZ":1.7000002861023
      },
      "stats":{
        "healthCurrent":58,
        "magickaCurrent":140,
        "healthModified":58,
        "fatigueBase":193,
        "fatigueModified":193,
        "healthBase":58,
        "magickaModified":140,
        "magickaBase":140,
        "fatigueCurrent":193
      },
      "equipment":{
        "7":{
          "refId":"common_shoes_02",
          "count":1,
          "charge":-1,
          "enchantmentCharge":-1
        },
        "16":{
          "refId":"steel mace",
          "count":1,
          "charge":-1,
          "enchantmentCharge":-1
        },
        "11":{
          "refId":"common_robe_02_t",
          "count":1,
          "charge":-1,
          "enchantmentCharge":-1
        }
      },
      "inventory":[{
          "refId":"p_fortify_willpower_s",
          "count":1,
          "charge":-1,
          "enchantmentCharge":-1,
          "soul":""
        },{
          "refId":"common_robe_02_t",
          "count":1,
          "charge":-1,
          "enchantmentCharge":-1,
          "soul":""
        },{
          "refId":"common_shoes_02",
          "count":1,
          "charge":-1,
          "enchantmentCharge":-1,
          "soul":""
        },{
          "refId":"steel mace",
          "count":1,
          "charge":-1,
          "enchantmentCharge":-1,
          "soul":""
        }]
    },
    "0-1953":{
      "refId":"bonelord",
      "location":{
        "posX":1400.3895263672,
        "posZ":385,
        "posY":2573.9445800781,
        "rotX":0.2082621306181,
        "rotY":0,
        "rotZ":-2.6230084896088
      },
      "stats":{
        "healthCurrent":0,
        "magickaCurrent":100,
        "healthModified":90,
        "fatigueBase":500,
        "fatigueModified":500,
        "healthBase":90,
        "magickaModified":400,
        "magickaBase":400,
        "fatigueCurrent":499.60733032227
      },
      "inventory":[{
          "refId":"ingred_bonemeal_01",
          "count":7,
          "charge":-1,
          "enchantmentCharge":-1,
          "soul":""
        }],
      "killer":{
        "player":"Den"
      }
    },
    "469583-0":{
      "refId":"derelle ysciele",
      "location":{
        "posX":-1264.0382080078,
        "posZ":385,
        "posY":3017.2307128906,
        "rotX":0,
        "rotY":0,
        "rotZ":3.7831873893738
      },
      "stats":{
        "healthCurrent":45,
        "magickaCurrent":135,
        "healthModified":45,
        "fatigueBase":174,
        "fatigueModified":174,
        "healthBase":45,
        "magickaModified":135,
        "magickaBase":135,
        "fatigueCurrent":174
      },
      "equipment":{
        "7":{
          "refId":"common_shoes_02",
          "count":1,
          "charge":-1,
          "enchantmentCharge":-1
        },
        "11":{
          "refId":"common_robe_02_tt",
          "count":1,
          "charge":-1,
          "enchantmentCharge":-1
        }
      },
      "inventory":[{
          "refId":"common_robe_02_tt",
          "count":1,
          "charge":-1,
          "enchantmentCharge":-1,
          "soul":""
        },{
          "refId":"common_shoes_02",
          "count":1,
          "charge":-1,
          "enchantmentCharge":-1,
          "soul":""
        }]
    },
    "0-1954":{
      "refId":"skeleton champion",
      "location":{
        "posX":1753.1245117188,
        "posZ":513,
        "posY":2095.76953125,
        "rotX":0,
        "rotY":0,
        "rotZ":2.5524933338165
      },
      "stats":{
        "healthCurrent":0,
        "magickaCurrent":30,
        "healthModified":150,
        "fatigueBase":1000,
        "fatigueModified":1000,
        "healthBase":150,
        "magickaModified":30,
        "magickaBase":30,
        "fatigueCurrent":1000
      },
      "equipment":{
        "17":{
          "refId":"iron_shield",
          "count":1,
          "charge":-1,
          "enchantmentCharge":-1
        },
        "16":{
          "refId":"silver claymore",
          "count":1,
          "charge":-1,
          "enchantmentCharge":-1
        }
      },
      "inventory":[{
          "refId":"iron_shield",
          "count":1,
          "charge":-1,
          "enchantmentCharge":-1,
          "soul":""
        },{
          "refId":"ingred_bonemeal_01",
          "count":3,
          "charge":-1,
          "enchantmentCharge":-1,
          "soul":""
        },{
          "refId":"silver claymore",
          "count":1,
          "charge":1259,
          "enchantmentCharge":-1,
          "soul":""
        }],
      "killer":{
        "player":"Den"
      }
    },
    "469584-0":{
      "refId":"debentien sylbenitte",
      "location":{
        "posX":-970.15966796875,
        "posZ":385,
        "posY":2390.3681640625,
        "rotX":0,
        "rotY":0,
        "rotZ":-0.21364903450012
      },
      "stats":{
        "healthCurrent":0,
        "magickaCurrent":138,
        "healthModified":58,
        "fatigueBase":173,
        "fatigueModified":173,
        "healthBase":58,
        "magickaModified":138,
        "magickaBase":138,
        "fatigueCurrent":173
      },
      "equipment":[null,null,null,null,null,null,{
          "refId":"common_shoes_02",
          "count":1,
          "charge":-1,
          "enchantmentCharge":-1
        },{
          "refId":"common_shirt_02_t",
          "count":1,
          "charge":-1,