{
  "packets":{
    "actorList":["0-4645","261843-0","261844-0","261845-0","261847-0","384088-0"],
    "ai":[],
    "cellChangeFrom":[],
    "cellChangeTo":[],
    "container":["258199-0","258200-0","258201-0","258220-0","258221-0","258222-0","258223-0","258224-0","258225-0","258226-0","258230-0","258231-0","258232-0","261848-0","261849-0","261850-0","261851-0","261852-0","261853-0","261854-0","261843-0","261844-0","261845-0","261847-0","384088-0","0-0","0-4645"],
    "death":["0-4645","261844-0","261845-0","261847-0","261843-0"],
    "delete":["261869-0","261865-0","261870-0"],
    "doorState":["258181-0","258184-0","258179-0"],
    "equipment":["384088-0"],
    "lock":[],
    "place":[],
    "position":["261843-0","261844-0","261845-0","261847-0","384088-0","0-4645"],
    "scale":[],
    "spawn":["0-4645"],
    "state":[],
    "statsDynamic":["261843-0","261844-0","261845-0","261847-0","384088-0","0-4645"],
    "trap":[]
  },
  "entry":{
    "creationTime":1558210379,
    "description":"Vemynal, Outer Fortress"
  },
  "lastVisit":{
    "Den":1558210795,
    "Fendryn":1558210879
  },
  "recordLinks":{
    "potion":[]
  },
  "objectData":{
    "258199-0":{
      "refId":"dwrv_drawers00",
      "inventory":[{
          "refId":"sc_paper plain",
          "count":1,
          "charge":-1,
          "enchantmentCharge":-1,
          "soul":""
        }]
    },
    "258232-0":{
      "refId":"dwrv_barrel10",
      "inventory":[]
    },
    "261847-0":{
      "refId":"ash_zombie",
      "location":{
        "posX":36.803901672363,
        "posZ":-383,
        "posY":-3564.8715820313,
        "rotX":0.025942360982299,
        "rotY":0,
        "rotZ":-0.22631502151489
      },
      "stats":{
        "healthCurrent":0,
        "magickaCurrent":100,
        "healthModified":90,
        "fatigueBase":400,
        "fatigueModified":400,
        "healthBase":90,
        "magickaModified":100,
        "magickaBase":100,
        "fatigueCurrent":400
      },
      "inventory":[{
          "refId":"spiked club",
          "count":1,
          "charge":-1,
          "enchantmentCharge":-1,
          "soul":""
        }],
      "killer":{
        "player":"Den"
      }
    },
    "261848-0":{
      "refId":"dwrv_barrel00",
      "inventory":[{
          "refId":"ingred_scrap_metal_01",
          "count":2,
          "charge":-1,
          "enchantmentCharge":-1,
          "soul":""
        }]
    },
    "261870-0":{
      "refId":"apparatus_g_alembic_01"
    },
    "261844-0":{
      "refId":"dagoth nilor",
      "location":{
        "posX":-195.20559692383,
        "posZ":0.99999326467514,
        "posY":-1325.13671875,
        "rotX":0.072075642645359,
        "rotY":0,
        "rotZ":-1.751574754715
      },
      "stats":{
        "healthCurrent":0,
        "magickaCurrent":62.857147216797,
        "healthModified":240,
        "fatigueBase":250,
        "fatigueModified":250,
        "healthBase":240,
        "magickaModified":110,
        "magickaBase":110,
        "fatigueCurrent":250
      },
      "inventory":[{
          "refId":"amulet of 6th house",
          "count":1,
          "charge":-1,
          "enchantmentCharge":-1,
          "soul":""
        }],
      "killer":{
        "player":"Den"
      }
    },
    "261853-0":{
      "refId":"dwrv_chest10_rare",
      "inventory":[{
          "refId":"misc_dwrv_pitcher00",
          "count":1,
          "charge":-1,
          "enchantmentCharge":-1,
          "soul":""
        },{
          "refId":"misc_dwrv_artifact00",
          "count":1,
          "charge":-1,
          "enchantmentCharge":-1,
          "soul":""
        },{
          "refId":"dwemer jinksword",
          "count":1,
          "charge":-1,
          "enchantmentCharge":-1,
          "soul":""
        }]
    },
    "261854-0":{
      "refId":"dwrv_desk00",
      "inventory":[]
    },
    "384088-0":{
      "refId":"skeleton hero dead",
      "location":{
        "posX":-737.65588378906,
        "posZ":1,
        "posY":-1350.837890625,
        "rotX":0,
        "rotY":0,
        "rotZ":1.1008856296539
      },
      "stats":{
        "healthCurrent":0,
        "magickaCurrent":30,
        "healthModified":0,
        "fatigueBase":400,
        "fatigueModified":400,
        "healthBase":0,
        "magickaModified":30,
        "magickaBase":30,
        "fatigueCurrent":400
      },
      "equipment":[],
      "inventory":[{
          "refId":"ingred_bonemeal_01",
          "count":2,
          "charge":-1,
          "enchantmentCharge":-1,
          "soul":""
        },{
          "refId":"gold_001",
          "count":6,
          "charge":-1,
          "enchantmentCharge":-1,
          "soul":""
        },{
          "refId":"chitin war axe",
          "count":1,
          "charge":-1,
          "enchantmentCharge":-1,
          "soul":""
        }]
    },
    "258200-0":{
      "refId":"dwrv_drawers00",
      "inventory":[{
          "refId":"sc_paper plain",
          "count":1,
          "charge":-1,
          "enchantmentCharge":-1,
          "soul":""
        }]
    },
    "258225-0":{
      "refId":"dwrv_chest_arrows_bolts",
      "inventory":[]
    },
    "261843-0":{
      "refId":"dagoth garel",
      "location":{
        "posX":1234.1669921875,
        "posZ":1,
        "posY":-1369.5207519531,
        "rotX":0.040052223950624,
        "rotY":0,
        "rotZ":0.5387327671051
      },
      "stats":{
        "healthCurrent":0,
        "magickaCurrent":96,
        "healthModified":280,
        "fatigueBase":600,
        "fatigueModified":600,
        "healthBase":280,
        "magickaModified":340,
        "magickaBase":340,
        "fatigueCurrent":599.98303222656
      },
      "inventory":[],
      "killer":{
        "player":"Fendryn"
      }
    },
    "261845-0":{
      "refId":"bonewalker_greater",
      "location":{
        "posX":53.467422485352,
        "posZ":1.0000076293945,
        "posY":-409.79772949219,
        "rotX":0.050038248300552,
        "rotY":0,
        "rotZ":-0.21741914749146
      },
      "stats":{
        "healthCurrent":0,
        "magickaCurrent":60,
        "healthModified":100,
        "fatigueBase":260,
        "fatigueModified":260,
        "healthBase":100,
        "magickaModified":75,
        "magickaBase":75,
        "fatigueCurrent":260
      },
      "inventory":[{
          "refId":"ingred_bonemeal_01",
          "count":4,
          "charge":-1,
          "enchantmentCharge":-1,
          "soul":""
        },{
          "refId":"misc_soulgem_lesser",
          "count":1,
          "charge":-1,
          "enchantmentCharge":-1,
          "soul":""
        }],
      "killer":{
        "player":"Fendryn"
      }
    },
    "258181-0":{
      "refId":"door_dwrv_inner00",
      "doorState":1
    },
    "261850-0":{
      "refId":"dwrv_barrel00",
      "inventory":[{
          "refId":"ingred_scrap_metal_01",
          "count":1,
          "charge":-1,
          "enchantmentCharge":-1,
          "soul":""
        }]
    },
    "261851-0":{
      "refId":"dwrv_barrel00",
      "inventory":[{
          "refId":"ingred_scrap_metal_01",
          "count":1,
          "charge":-1,
          "enchantmentCharge":-1,
          "soul":""
        }]
    },
    "258223-0":{
      "refId":"dwrv_barrel00",
      "inventory":[{
          "refId":"ingred_scrap_metal_01",
          "count":1,
          "charge":-1,
          "enchantmentCharge":-1,
          "soul":""
        }]
    },
    "0-0":{
      "refId":"ash_slave",
      "inventory":[{
          "refId":"ingred_ash_salts_01",
          "count":1,
          "charge":-1,
          "enchantmentCharge":-1,
          "soul":""
        }]
    },
    "258179-0":{
      "refId":"door_dwrv_inner00",
      "doorState":1
    },
    "258184-0":{
      "refId":"door_dwrv_inner00",
      "doorState":1
    },
    "258201-0":{
      "refId":"dwrv_cabinet10",
      "inventory":[{
          "refId":"misc_dwrv_gear00",
          "count":1,