{
  "packets":{
    "actorList":["260492-0","260493-0","260494-0","260495-0","260496-0","260497-0"],
    "ai":[],
    "cellChangeFrom":[],
    "cellChangeTo":[],
    "container":["260538-0","260539-0","260540-0","260541-0","260542-0","260543-0","260544-0","260545-0","260546-0","260547-0","260548-0","260549-0","260550-0","260556-0","260492-0","260493-0","260494-0","260495-0","260496-0","260497-0"],
    "death":["260497-0","260494-0","260495-0"],
    "delete":["424937-0"],
    "doorState":["260522-0"],
    "equipment":[],
    "lock":["260556-0"],
    "place":["0-4326"],
    "position":["260492-0","260493-0","260494-0","260495-0","260496-0","260497-0"],
    "scale":[],
    "spawn":[],
    "state":[],
    "statsDynamic":["260492-0","260493-0","260494-0","260495-0","260496-0","260497-0"],
    "trap":[]
  },
  "entry":{
    "creationTime":1555385972,
    "description":"Vivec, St. Olms Yngling Manor Basement"
  },
  "lastVisit":{
    "the luch":1555386044,
    "Fendryn":1555386112
  },
  "recordLinks":[],
  "objectData":{
    "260541-0":{
      "refId":"com_sack_01_chpfood5",
      "inventory":[]
    },
    "260547-0":{
      "refId":"com_sack_02_chpfood3",
      "inventory":[]
    },
    "260556-0":{
      "refId":"chest_small_02_yngling",
      "inventory":[],
      "lockLevel":0
    },
    "260545-0":{
      "refId":"com_sack_03_chpfood5",
      "inventory":[{
          "refId":"ingred_hackle-lo_leaf_01",
          "count":5,
          "charge":-1,
          "enchantmentCharge":-1,
          "soul":""
        }]
    },
    "260538-0":{
      "refId":"barrel_01_cheapfood20",
      "inventory":[]
    },
    "260494-0":{
      "refId":"rat_cave_hhte2",
      "location":{
        "posX":-514.07916259766,
        "posZ":-127,
        "posY":1011.8950805664,
        "rotX":-0.35065186023712,
        "rotY":0,
        "rotZ":-2.9947946071625
      },
      "stats":{
        "healthCurrent":0,
        "magickaCurrent":10,
        "healthModified":45,
        "fatigueBase":125,
        "fatigueModified":125,
        "healthBase":45,
        "magickaModified":10,
        "magickaBase":10,
        "fatigueCurrent":123.60062408447
      },
      "inventory":[{
          "refId":"ingred_rat_meat_01",
          "count":2,
          "charge":-1,
          "enchantmentCharge":-1,
          "soul":""
        }],
      "killer":{
        "player":"Fendryn"
      }
    },
    "260495-0":{
      "refId":"rat_cave_hhte2",
      "location":{
        "posX":-272.08111572266,
        "posZ":-127,
        "posY":1031.0391845703,
        "rotX":-0.17670482397079,
        "rotY":0,
        "rotZ":-1.5057537555695
      },
      "stats":{
        "healthCurrent":0,
        "magickaCurrent":10,
        "healthModified":45,
        "fatigueBase":125,
        "fatigueModified":125,
        "healthBase":45,
        "magickaModified":10,
        "magickaBase":10,
        "fatigueCurrent":122.21237182617
      },
      "inventory":[{
          "refId":"ingred_rat_meat_01",
          "count":2,
          "charge":-1,
          "enchantmentCharge":-1,
          "soul":""
        }],
      "killer":{
        "player":"Fendryn"
      }
    },
    "260540-0":{
      "refId":"barrel_01_cheapfood20",
      "inventory":[]
    },
    "260492-0":{
      "refId":"rat_cave_hhte1",
      "location":{
        "posX":-391.59652709961,
        "posZ":-127,
        "posY":1018.6188964844,
        "rotX":0.013092615641654,
        "rotY":0,
        "rotZ":1.6267764568329
      },
      "stats":{
        "healthCurrent":38,
        "magickaCurrent":10,
        "healthModified":38,
        "fatigueBase":300,
        "fatigueModified":300,
        "healthBase":38,
        "magickaModified":10,
        "magickaBase":10,
        "fatigueCurrent":300
      },
      "inventory":[{
          "refId":"ingred_rat_meat_01",
          "count":2,
          "charge":-1,
          "enchantmentCharge":-1,
          "soul":""
        }]
    },
    "260522-0":{
      "refId":"in_v_s_jaildoor_01",
      "doorState":1
    },
    "0-4326":{
      "refId":"misc_com_bucket_01",
      "location":{
        "posX":-18.483716964722,
        "posZ":-110.20816040039,
        "posY":940.81384277344,
        "rotX":0,
        "rotY":0,
        "rotZ":0.402827501297
      },
      "goldValue":0
    },
    "260549-0":{
      "refId":"com_sack_01_chpfood5",
      "inventory":[{
          "refId":"ingred_saltrice_01",
          "count":5,
          "charge":-1,
          "enchantmentCharge":-1,
          "soul":""
        }]
    },
    "424937-0":{
      "refId":"misc_com_bucket_01"
    },
    "260497-0":{
      "refId":"rat_cave_hhte2",
      "location":{
        "posX":-417.40539550781,
        "posZ":-126.99999237061,
        "posY":566.37164306641,
        "rotX":-0.36606246232986,
        "rotY":0,
        "rotZ":1.0790078639984
      },
      "stats":{
        "healthCurrent":0,
        "magickaCurrent":10,
        "healthModified":45,
        "fatigueBase":125,
        "fatigueModified":125,
        "healthBase":45,
        "magickaModified":10,
        "magickaBase":10,
        "fatigueCurrent":125
      },
      "inventory":[],
      "killer":{
        "player":"Fendryn"
      }
    },
    "260496-0":{
      "refId":"rat_cave_hhte1",
      "location":{
        "posX":-295.6819152832,
        "posZ":-127,
        "posY":961.7568359375,
        "rotX":0.0079331174492836,
        "rotY":0,
        "rotZ":3.0332787036896
      },
      "stats":{
        "healthCurrent":38,
        "magickaCurrent":10,
        "healthModified":38,
        "fatigueBase":300,
        "fatigueModified":300,
        "healthBase":38,
        "magickaModified":10,
        "magickaBase":10,
        "fatigueCurrent":300
      },
      "inventory":[{
          "refId":"ingred_rat_meat_01",
          "count":2,
          "charge":-1,
          "enchantmentCharge":-1,
          "soul":""
        }]
    },
    "260546-0":{
      "refId":"com_sack_02_chpfood3",
      "inventory":[]
    },
    "260544-0":{
      "refId":"com_sack_03_chpfood5",
      "inventory":[]
    },
    "260542-0":{
      "refId":"com_sack_01_chpfood5",
      "inventory":[]
    },
    "260543-0":{
      "refId":"com_sack_03_chpfood5",
      "inventory":[]
    },
    "260539-0":{
      "refId":"barrel_01_cheapfood20",
      "inventory":[]
    },
    "260548-0":{
      "refId":"com_sack_01_chpfood5",
      "inventory":[{
          "refId":"ingred_scuttle_01",
          "count":5,
          "charge":-1,
          "enchantmentCharge":-1,
          "soul":""
        }]
    },
    "260550-0":{
      "refId":"com_sack_02_chpfood3",
      "inventory":[]
    },
    "260493-0":{
      "refId":"rat_cave_hhte1",
      "location":{
        "posX":-385.00463867188,
        "posZ":-127,
        "posY":565.97961425781,
        "rotX":0.014280313625932,
        "rotY":0,
        "rotZ":2.1425392627716
      },
      "stats":{
        "healthCurrent":38,
        "magickaCurrent":10,
        "healthModified":38,
        "fatigueBase":300,
        "fatigueModified":300,
        "healthBase":38,
        "magickaModified":10,
        "magickaBase":10,
        "fatigueCurrent":300
      },
      "inventory":[{
          "refId":"ingred_rat_meat_01",
          "count":2,
          "charge":-1,
          "enchantmentCharge":-1,
          "soul":""
        }]
    }
  }
}