{
  "packets":{
    "actorList":["0-919","0-920","0-921","0-922","0-923","0-924","0-925","0-926","0-927"],
    "ai":[],
    "cellChangeFrom":[],
    "cellChangeTo":[],
    "container":["219030-0","219031-0","219032-0","0-922","0-925","0-923","0-924","0-926","0-919","0-921","0-920","0-927"],
    "death":["0-922","0-925","0-923","0-924","0-926","0-919","0-921","0-920","0-927"],
    "delete":["406935-0","406936-0","406938-0","406937-0"],
    "doorState":["218982-0","218984-0","218980-0","219008-0","219006-0","219004-0","219002-0"],
    "equipment":["0-919","0-921","0-924","0-925"],
    "lock":[],
    "place":["0-939"],
    "position":["0-919","0-920","0-921","0-922","0-923","0-924","0-925","0-926","0-927"],
    "scale":[],
    "spawn":["0-919","0-920","0-921","0-922","0-923","0-924","0-925","0-926","0-927"],
    "state":[],
    "statsDynamic":["0-919","0-920","0-921","0-922","0-923","0-924","0-925","0-926","0-927"],
    "trap":[]
  },
  "entry":{
    "creationTime":1554429699,
    "description":"Vivec, Foreign Quarter Tomb"
  },
  "lastVisit":{
    "Fendryn":1554430130
  },
  "recordLinks":[],
  "objectData":{
    "406936-0":{
      "refId":"gold_005"
    },
    "0-922":{
      "refId":"bonelord",
      "location":{
        "posX":2139.3452148438,
        "posZ":-126.99999237061,
        "posY":988.59295654297,
        "rotX":0.12355089187622,
        "rotY":0,
        "rotZ":1.4540026187897
      },
      "stats":{
        "healthCurrent":0,
        "magickaCurrent":12,
        "healthModified":90,
        "fatigueBase":500,
        "fatigueModified":500,
        "healthBase":90,
        "magickaModified":400,
        "magickaBase":400,
        "fatigueCurrent":500
      },
      "inventory":[],
      "killer":{
        "player":"Fendryn"
      }
    },
    "0-925":{
      "refId":"skeleton champion",
      "location":{
        "posX":2114.2377929688,
        "posZ":-127,
        "posY":1047.681640625,
        "rotX":0.0063411109149456,
        "rotY":0,
        "rotZ":-0.43225717544556
      },
      "stats":{
        "healthCurrent":0,
        "magickaCurrent":30,
        "healthModified":150,
        "fatigueBase":1000,
        "fatigueModified":1000,
        "healthBase":150,
        "magickaModified":30,
        "magickaBase":30,
        "fatigueCurrent":993.52233886719
      },
      "equipment":{
        "17":{
          "refId":"iron_shield",
          "count":1,
          "charge":130,
          "enchantmentCharge":-1
        },
        "16":{
          "refId":"silver shortsword",
          "count":1,
          "charge":539,
          "enchantmentCharge":-1
        }
      },
      "inventory":[{
          "refId":"iron_shield",
          "count":1,
          "charge":130,
          "enchantmentCharge":-1,
          "soul":""
        },{
          "refId":"ingred_bonemeal_01",
          "count":3,
          "charge":-1,
          "enchantmentCharge":-1,
          "soul":""
        },{
          "refId":"silver shortsword",
          "count":1,
          "charge":539,
          "enchantmentCharge":-1,
          "soul":""
        }],
      "killer":{
        "player":"Fendryn"
      }
    },
    "406938-0":{
      "refId":"gold_001"
    },
    "406935-0":{
      "refId":"gold_010"
    },
    "0-923":{
      "refId":"bonelord",
      "location":{
        "posX":2365.021484375,
        "posZ":-127,
        "posY":1825.1960449219,
        "rotX":0.08330000936985,
        "rotY":0,
        "rotZ":-2.9466345310211
      },
      "stats":{
        "healthCurrent":0,
        "magickaCurrent":12,
        "healthModified":90,
        "fatigueBase":500,
        "fatigueModified":500,
        "healthBase":90,
        "magickaModified":400,
        "magickaBase":400,
        "fatigueCurrent":500
      },
      "inventory":[{
          "refId":"ingred_bonemeal_01",
          "count":9,
          "charge":-1,
          "enchantmentCharge":-1,
          "soul":""
        },{
          "refId":"misc_soulgem_lesser",
          "count":1,
          "charge":-1,
          "enchantmentCharge":-1,
          "soul":""
        }],
      "killer":{
        "player":"Fendryn"
      }
    },
    "219004-0":{
      "refId":"in_velothismall_ndoor_01",
      "doorState":1
    },
    "219008-0":{
      "refId":"in_velothismall_ndoor_01",
      "doorState":1
    },
    "0-926":{
      "refId":"rat",
      "location":{
        "posX":1252.5395507813,
        "posZ":-126.99999237061,
        "posY":1990.8587646484,
        "rotX":-0.34535139799118,
        "rotY":0,
        "rotZ":1.233824968338
      },
      "stats":{
        "healthCurrent":0,
        "magickaCurrent":10,
        "healthModified":23,
        "fatigueBase":300,
        "fatigueModified":300,
        "healthBase":23,
        "magickaModified":10,
        "magickaBase":10,
        "fatigueCurrent":300
      },
      "inventory":[{
          "refId":"ingred_rat_meat_01",
          "count":1,
          "charge":-1,
          "enchantmentCharge":-1,
          "soul":""
        }],
      "killer":{
        "player":"Fendryn"
      }
    },
    "219002-0":{
      "refId":"in_velothismall_ndoor_01",
      "doorState":1
    },
    "219030-0":{
      "refId":"com_chest_02_tomb_comn",
      "inventory":[{
          "refId":"gold_001",
          "count":69,
          "charge":-1,
          "enchantmentCharge":-1,
          "soul":""
        }]
    },
    "0-939":{
      "refId":"silver shortsword",
      "location":{
        "posX":2604.994140625,
        "posZ":-127.32827758789,
        "posY":1533.1284179688,
        "rotX":0,
        "rotY":0,
        "rotZ":-1.2007057666779
      }
    },
    "219006-0":{
      "refId":"in_velothismall_ndoor_01",
      "doorState":1
    },
    "219031-0":{
      "refId":"crate_01_empty",
      "inventory":[]
    },
    "0-919":{
      "refId":"skeleton champion",
      "location":{
        "posX":2629.458984375,
        "posZ":-127,
        "posY":1442.6752929688,
        "rotX":-0.092937953770161,
        "rotY":0,
        "rotZ":-0.3687891960144
      },
      "stats":{
        "healthCurrent":0,
        "magickaCurrent":30,
        "healthModified":150,
        "fatigueBase":1000,
        "fatigueModified":1000,
        "healthBase":150,
        "magickaModified":30,
        "magickaBase":30,
        "fatigueCurrent":996.68920898438
      },
      "equipment":{
        "17":{
          "refId":"iron_shield",
          "count":1,
          "charge":191,
          "enchantmentCharge":-1
        },
        "16":{
          "refId":"silver shortsword",
          "count":1,
          "charge":555,
          "enchantmentCharge":-1
        }
      },
      "inventory":[{
          "refId":"iron_shield",
          "count":1,
          "charge":191,
          "enchantmentCharge":-1,
          "soul":""
        },{
          "refId":"ingred_bonemeal_01",
          "count":1,
          "charge":-1,
          "enchantmentCharge":-1,
          "soul":""
        },{
          "refId":"silver shortsword",
          "count":1,
          "charge":555,
          "enchantmentCharge":-1,
          "soul":""
        }],
      "killer":{
        "player":"Fendryn"
      }
    },
    "219032-0":{
      "refId":"crate_01_empty",
      "inventory":[]
    },
    "218980-0":{
      "refId":"in_velothismall_ndoor_01",
      "doorState":1
    },
    "218982-0":{
      "refId":"in_velothismall_ndoor_01",
      "doorState":1
    },
    "0-927":{
      "refId":"rat_blighted",
      "location":{
        "posX":263.35467529297,
        "posZ":122.36616516113,
        "posY":-545.32983398438,
        "rotX":-0.36113905906677,
        "rotY":0,
        "rotZ":2.9186108112335
      },
      "stats":{
        "healthCurrent":0,
        "magickaCurrent":10,
        "healthModified":45,
        "fatigueBase":125,
        "fatigueModified":125,
        "healthBase":45,
        "magickaModified":10,
        "magickaBase":10,
        "fatigueCurrent":125
      },
      "inventory":[],