{
  "packets":{
    "actorList":["217853-0","217854-0","217855-0","217856-0","217857-0","217851-0","217852-0"],
    "ai":[],
    "cellChangeFrom":[],
    "cellChangeTo":[],
    "container":["218015-0","217929-0","217930-0","218011-0","218012-0","218013-0","218014-0","218026-0","242098-0","335593-0","335594-0","335592-0","217853-0","217854-0","217855-0","217856-0","217857-0","217851-0","217852-0"],
    "death":["217853-0","217854-0","217852-0"],
    "delete":[],
    "doorState":[],
    "equipment":["217851-0","217852-0","217853-0","217854-0","217855-0","217856-0","217857-0"],
    "lock":[],
    "place":[],
    "position":["217851-0","217852-0","217853-0","217854-0","217855-0","217856-0","217857-0"],
    "scale":[],
    "spawn":[],
    "state":[],
    "statsDynamic":["217851-0","217852-0","217853-0","217854-0","217855-0","217856-0","217857-0"],
    "trap":[]
  },
  "entry":{
    "creationTime":1554439727,
    "description":"Vivec, Black Shalk Cornerclub"
  },
  "lastVisit":{
    "Den":1554781888,
    "Fendryn":1554698455
  },
  "recordLinks":[],
  "objectData":{
    "218014-0":{
      "refId":"com_sack_01_chpfood5",
      "inventory":[{
          "refId":"ingred_scuttle_01",
          "count":5,
          "charge":-1,
          "enchantmentCharge":-1,
          "soul":""
        }]
    },
    "218026-0":{
      "refId":"pot_01",
      "inventory":[]
    },
    "217856-0":{
      "refId":"huleeya",
      "location":{
        "posX":250.18243408203,
        "posZ":-63,
        "posY":-110.0719909668,
        "rotX":0,
        "rotY":0,
        "rotZ":3.7269911766052
      },
      "stats":{
        "healthCurrent":72,
        "magickaCurrent":120,
        "healthModified":72,
        "fatigueBase":199,
        "fatigueModified":199,
        "healthBase":72,
        "magickaModified":120,
        "magickaBase":120,
        "fatigueCurrent":198.90856933594
      },
      "equipment":{
        "1":{
          "refId":"newtscale_cuirass",
          "count":1,
          "charge":-1,
          "enchantmentCharge":-1
        },
        "2":{
          "refId":"netch_leather_greaves",
          "count":1,
          "charge":-1,
          "enchantmentCharge":-1
        },
        "5":{
          "refId":"cloth bracer left",
          "count":1,
          "charge":-1,
          "enchantmentCharge":-1
        },
        "6":{
          "refId":"cloth bracer right",
          "count":1,
          "charge":-1,
          "enchantmentCharge":-1
        },
        "9":{
          "refId":"common_pants_03_b",
          "count":1,
          "charge":-1,
          "enchantmentCharge":-1
        },
        "16":{
          "refId":"imperial netch blade",
          "count":1,
          "charge":-1,
          "enchantmentCharge":-1
        }
      },
      "inventory":[{
          "refId":"p_restore_health_q",
          "count":2,
          "charge":-1,
          "enchantmentCharge":-1,
          "soul":""
        },{
          "refId":"p_restore_fatigue_q",
          "count":2,
          "charge":-1,
          "enchantmentCharge":-1,
          "soul":""
        },{
          "refId":"cloth bracer right",
          "count":1,
          "charge":-1,
          "enchantmentCharge":-1,
          "soul":""
        },{
          "refId":"cloth bracer left",
          "count":1,
          "charge":-1,
          "enchantmentCharge":-1,
          "soul":""
        },{
          "refId":"netch_leather_greaves",
          "count":1,
          "charge":-1,
          "enchantmentCharge":-1,
          "soul":""
        },{
          "refId":"newtscale_cuirass",
          "count":1,
          "charge":-1,
          "enchantmentCharge":-1,
          "soul":""
        },{
          "refId":"common_pants_03_b",
          "count":1,
          "charge":-1,
          "enchantmentCharge":-1,
          "soul":""
        },{
          "refId":"pick_journeyman_01",
          "count":2,
          "charge":-1,
          "enchantmentCharge":-1,
          "soul":""
        },{
          "refId":"probe_journeyman_01",
          "count":2,
          "charge":-1,
          "enchantmentCharge":-1,
          "soul":""
        },{
          "refId":"cruel sparkstar",
          "count":20,
          "charge":-1,
          "enchantmentCharge":-1,
          "soul":""
        },{
          "refId":"imperial netch blade",
          "count":1,
          "charge":-1,
          "enchantmentCharge":-1,
          "soul":""
        }]
    },
    "218012-0":{
      "refId":"com_sack_01_chpfood5",
      "inventory":[{
          "refId":"ingred_saltrice_01",
          "count":5,
          "charge":-1,
          "enchantmentCharge":-1,
          "soul":""
        }]
    },
    "335594-0":{
      "refId":"com_chest_02_lev_gold",
      "inventory":[{
          "refId":"gold_001",
          "count":105,
          "charge":-1,
          "enchantmentCharge":-1,
          "soul":""
        }]
    },
    "218015-0":{
      "refId":"chest_small_02_gold_50",
      "inventory":[{
          "refId":"gold_001",
          "count":155,
          "charge":-1,
          "enchantmentCharge":-1,
          "soul":""
        }]
    },
    "242098-0":{
      "refId":"com_closet_01_empty",
      "inventory":[]
    },
    "218011-0":{
      "refId":"com_sack_01_chpfood5",
      "inventory":[{
          "refId":"ingred_scuttle_01",
          "count":5,
          "charge":-1,
          "enchantmentCharge":-1,
          "soul":""
        }]
    },
    "335592-0":{
      "refId":"com_basket_01_chpfood5",
      "inventory":[{
          "refId":"ingred_saltrice_01",
          "count":5,
          "charge":-1,
          "enchantmentCharge":-1,
          "soul":""
        }]
    },
    "335593-0":{
      "refId":"com_sack_02_chpfood3",
      "inventory":[{
          "refId":"food_kwama_egg_01",
          "count":3,
          "charge":-1,
          "enchantmentCharge":-1,
          "soul":""
        }]
    },
    "217930-0":{
      "refId":"com_cupboard_wood_bowls",
      "inventory":[{
          "refId":"misc_com_wood_bowl_01",
          "count":4,
          "charge":-1,
          "enchantmentCharge":-1,
          "soul":""
        }]
    },
    "217857-0":{
      "refId":"hylf the harrier",
      "location":{
        "posX":528.10925292969,
        "posZ":-319,
        "posY":-46.149017333984,
        "rotX":0,
        "rotY":0,
        "rotZ":4.8831853866577
      },
      "stats":{
        "healthCurrent":121,
        "magickaCurrent":72,
        "healthModified":121,
        "fatigueBase":244,
        "fatigueModified":244,
        "healthBase":121,
        "magickaModified":72,
        "magickaBase":72,
        "fatigueCurrent":244
      },
      "equipment":{
        "1":{
          "refId":"nordic_ringmail_cuirass",
          "count":1,
          "charge":-1,
          "enchantmentCharge":-1
        },
        "7":{
          "refId":"fur_boots",
          "count":1,
          "charge":-1,
          "enchantmentCharge":-1
        },
        "8":{
          "refId":"common_shirt_02",
          "count":1,
          "charge":-1,
          "enchantmentCharge":-1
        },
        "16":{
          "refId":"steel war axe",
          "count":1,
          "charge":-1,
          "enchantmentCharge":-1
        },
        "9":{
          "refId":"common_pants_05",
          "count":1,
          "charge":-1,
          "enchantmentCharge":-1
        }
      },
      "inventory":[{
          "refId":"fur_boots",
          "count":1,
          "charge":-1,
          "enchantmentCharge":-1,
          "soul":""
        },{
          "refId":"nordic_ringmail_cuirass",
          "count":1,
          "charge":-1,
          "enchantmentCharge":-1,
          "soul":""
        },{
          "refId":"common_shirt_02",
          "count":1,
          "charge":-1,
          "enchantmentCharge":-1,
          "soul":""
        },{
          "refId":"common_pants_05",
          "count":1,
          "charge":-1,
          "enchantmentCharge":-1,