{
  "packets":{
    "actorList":["0-2949","277696-0","277699-0","277700-0","277697-0","277698-0"],
    "ai":[],
    "cellChangeFrom":[],
    "cellChangeTo":[],
    "container":["425161-0","425162-0","425163-0","277696-0","277699-0","277700-0","277697-0","277698-0"],
    "death":[],
    "delete":[],
    "doorState":[],
    "equipment":["277696-0","277699-0","277700-0"],
    "lock":[],
    "place":[],
    "position":["277696-0","277697-0","277698-0","277699-0","277700-0","0-2949"],
    "scale":[],
    "spawn":["0-2949"],
    "state":[],
    "statsDynamic":["277696-0","277697-0","277698-0","277699-0","277700-0","0-2949"],
    "trap":[]
  },
  "entry":{
    "creationTime":1554698174,
    "description":"Yakin, Shrine"
  },
  "lastVisit":{
    "Fendryn":1554698188
  },
  "recordLinks":[],
  "objectData":{
    "277697-0":{
      "refId":"ash_slave",
      "location":{
        "posX":5241.5419921875,
        "posZ":13615.256835938,
        "posY":2257.6701660156,
        "rotX":-0.073085136711597,
        "rotY":0,
        "rotZ":-2.6864454746246
      },
      "stats":{
        "healthCurrent":60,
        "magickaCurrent":38,
        "healthModified":60,
        "fatigueBase":344,
        "fatigueModified":344,
        "healthBase":60,
        "magickaModified":128,
        "magickaBase":128,
        "fatigueCurrent":343.85064697266
      },
      "inventory":[{
          "refId":"ingred_ash_salts_01",
          "count":1,
          "charge":-1,
          "enchantmentCharge":-1,
          "soul":""
        }]
    },
    "277698-0":{
      "refId":"ash_ghoul_fgr",
      "location":{
        "posX":3935.9494628906,
        "posZ":13454.331054688,
        "posY":3969.798828125,
        "rotX":-0.094531036913395,
        "rotY":0,
        "rotZ":-1.8224341869354
      },
      "stats":{
        "healthCurrent":220,
        "magickaCurrent":280,
        "healthModified":220,
        "fatigueBase":750,
        "fatigueModified":750,
        "healthBase":220,
        "magickaModified":280,
        "magickaBase":280,
        "fatigueCurrent":750
      },
      "inventory":[{
          "refId":"ingred_ash_salts_01",
          "count":1,
          "charge":-1,
          "enchantmentCharge":-1,
          "soul":""
        }]
    },
    "277699-0":{
      "refId":"dreamer_04",
      "location":{
        "posX":5338.798828125,
        "posZ":13828.73046875,
        "posY":4162.6791992188,
        "rotX":-0.0040981024503708,
        "rotY":0,
        "rotZ":-0.73848366737366
      },
      "stats":{
        "healthCurrent":45,
        "magickaCurrent":20,
        "healthModified":45,
        "fatigueBase":178,
        "fatigueModified":178,
        "healthBase":45,
        "magickaModified":20,
        "magickaBase":20,
        "fatigueCurrent":178
      },
      "equipment":{
        "16":{
          "refId":"iron club",
          "count":1,
          "charge":-1,
          "enchantmentCharge":-1
        }
      },
      "inventory":[{
          "refId":"ingred_6th_corprusmeat_01",
          "count":1,
          "charge":-1,
          "enchantmentCharge":-1,
          "soul":""
        },{
          "refId":"iron club",
          "count":1,
          "charge":-1,
          "enchantmentCharge":-1,
          "soul":""
        }]
    },
    "277696-0":{
      "refId":"dreamer_02",
      "location":{
        "posX":3039.6691894531,
        "posZ":13472.604492188,
        "posY":3972.3698730469,
        "rotX":0.10159737616777,
        "rotY":0,
        "rotZ":1.5258052349091
      },
      "stats":{
        "healthCurrent":40,
        "magickaCurrent":80,
        "healthModified":40,
        "fatigueBase":160,
        "fatigueModified":160,
        "healthBase":40,
        "magickaModified":80,
        "magickaBase":80,
        "fatigueCurrent":160
      },
      "equipment":{
        "16":{
          "refId":"iron club",
          "count":1,
          "charge":-1,
          "enchantmentCharge":-1
        }
      },
      "inventory":[{
          "refId":"iron club",
          "count":1,
          "charge":-1,
          "enchantmentCharge":-1,
          "soul":""
        }]
    },
    "277700-0":{
      "refId":"dreamer_05",
      "location":{
        "posX":4557.8120117188,
        "posZ":13963.647460938,
        "posY":4447.3803710938,
        "rotX":0,
        "rotY":0,
        "rotZ":1.0000001192093
      },
      "stats":{
        "healthCurrent":45,
        "magickaCurrent":20,
        "healthModified":45,
        "fatigueBase":178,
        "fatigueModified":178,
        "healthBase":45,
        "magickaModified":20,
        "magickaBase":20,
        "fatigueCurrent":178
      },
      "equipment":{
        "16":{
          "refId":"iron club",
          "count":1,
          "charge":-1,
          "enchantmentCharge":-1
        }
      },
      "inventory":[{
          "refId":"ingred_6th_corprusmeat_01",
          "count":1,
          "charge":-1,
          "enchantmentCharge":-1,
          "soul":""
        },{
          "refId":"iron club",
          "count":1,
          "charge":-1,
          "enchantmentCharge":-1,
          "soul":""
        }]
    },
    "0-2949":{
      "refId":"ash_slave",
      "location":{
        "posX":5282.6352539063,
        "posZ":13609.5078125,
        "posY":2140.859375,
        "rotX":-0.21634188294411,
        "rotY":0,
        "rotZ":-2.9076969623566
      },
      "stats":{
        "healthCurrent":60,
        "magickaCurrent":90,
        "healthModified":60,
        "fatigueBase":350,
        "fatigueModified":350,
        "healthBase":60,
        "magickaModified":150,
        "magickaBase":150,
        "fatigueCurrent":350
      }
    },
    "425161-0":{
      "refId":"chest_small_02_gold_50",
      "inventory":[{
          "refId":"gold_001",
          "count":155,
          "charge":-1,
          "enchantmentCharge":-1,
          "soul":""
        }]
    },
    "425163-0":{
      "refId":"com_sack_02_gold_100",
      "inventory":[{
          "refId":"gold_001",
          "count":100,
          "charge":-1,
          "enchantmentCharge":-1,
          "soul":""
        }]
    },
    "425162-0":{
      "refId":"de_r_chest_01_mcloth3",
      "inventory":[{
          "refId":"extravagant_shoes_01",
          "count":2,
          "charge":-1,
          "enchantmentCharge":-1,
          "soul":""
        },{
          "refId":"extravagant_amulet_01",
          "count":1,
          "charge":-1,
          "enchantmentCharge":-1,
          "soul":""
        }]
    }
  }
}