{
  "packets":{
    "actorList":["0-2944","0-2945","0-2946","0-2947","0-2948","88850-0","88971-0","277297-0","471433-0","471434-0"],
    "ai":[],
    "cellChangeFrom":[],
    "cellChangeTo":[],
    "container":["88850-0","88971-0","277297-0","471433-0","471434-0","0-2945","0-2944","0-2946"],
    "death":["0-2945","0-2944","0-2946","471433-0"],
    "delete":[],
    "doorState":[],
    "equipment":["277297-0","88850-0","88971-0"],
    "lock":[],
    "place":[],
    "position":["277297-0","471433-0","471434-0","88850-0","88971-0","0-2944","0-2945","0-2946","0-2947","0-2948"],
    "scale":[],
    "spawn":["0-2944","0-2945","0-2946","0-2947","0-2948"],
    "state":[],
    "statsDynamic":["277297-0","471433-0","471434-0","88850-0","88971-0","0-2944","0-2945","0-2946","0-2947","0-2948"],
    "trap":[]
  },
  "entry":{
    "creationTime":1554697998,
    "description":"Yakin"
  },
  "lastVisit":{
    "Fendryn":1554698174
  },
  "recordLinks":[],
  "objectData":{
    "0-2947":{
      "refId":"corprus_lame",
      "location":{
        "posX":-4090.1081542969,
        "posZ":-1319.5632324219,
        "posY":272.4553527832,
        "rotX":0.0015755966305733,
        "rotY":0,
        "rotZ":0.054256677627563
      },
      "stats":{
        "healthCurrent":90,
        "magickaCurrent":160,
        "healthModified":90,
        "fatigueBase":300,
        "fatigueModified":300,
        "healthBase":90,
        "magickaModified":160,
        "magickaBase":160,
        "fatigueCurrent":300
      }
    },
    "471433-0":{
      "refId":"ash_ghoul",
      "location":{
        "posX":368.04135131836,
        "posZ":-1007.4303588867,
        "posY":-2585.5659179688,
        "rotX":-0.0011122822761536,
        "rotY":0,
        "rotZ":1.3475787639618
      },
      "stats":{
        "healthCurrent":0,
        "magickaCurrent":5.1948051452637,
        "healthModified":220,
        "fatigueBase":400,
        "fatigueModified":400,
        "healthBase":220,
        "magickaModified":200,
        "magickaBase":200,
        "fatigueCurrent":398.92849731445
      },
      "inventory":[],
      "killer":{
        "player":"Fendryn"
      }
    },
    "0-2946":{
      "refId":"corprus_lame",
      "location":{
        "posX":-266.55935668945,
        "posZ":-1043.0450439453,
        "posY":-3566.0046386719,
        "rotX":-0.14034433662891,
        "rotY":0,
        "rotZ":0.082723379135132
      },
      "stats":{
        "healthCurrent":0,
        "magickaCurrent":160,
        "healthModified":90,
        "fatigueBase":370,
        "fatigueModified":370,
        "healthBase":90,
        "magickaModified":160,
        "magickaBase":160,
        "fatigueCurrent":370
      },
      "inventory":[],
      "killer":{
        "player":"Fendryn"
      }
    },
    "88850-0":{
      "refId":"dreamer",
      "location":{
        "posX":-2363.9331054688,
        "posZ":-1275.1176757813,
        "posY":-1021.0339355469,
        "rotX":0.094762042164803,
        "rotY":0,
        "rotZ":1.6287806034088
      },
      "stats":{
        "healthCurrent":40,
        "magickaCurrent":80,
        "healthModified":40,
        "fatigueBase":140,
        "fatigueModified":140,
        "healthBase":40,
        "magickaModified":80,
        "magickaBase":80,
        "fatigueCurrent":140
      },
      "equipment":{
        "16":{
          "refId":"iron club",
          "count":1,
          "charge":-1,
          "enchantmentCharge":-1
        }
      },
      "inventory":[{
          "refId":"ingred_6th_corprusmeat_01",
          "count":1,
          "charge":-1,
          "enchantmentCharge":-1,
          "soul":""
        },{
          "refId":"iron club",
          "count":1,
          "charge":-1,
          "enchantmentCharge":-1,
          "soul":""
        }]
    },
    "471434-0":{
      "refId":"ash_ghoul",
      "location":{
        "posX":-32.492622375488,
        "posZ":-1005.5737304688,
        "posY":-678.00024414063,
        "rotX":0.32589176297188,
        "rotY":0,
        "rotZ":3.1277725696564
      },
      "stats":{
        "healthCurrent":220,
        "magickaCurrent":126,
        "healthModified":220,
        "fatigueBase":371,
        "fatigueModified":371,
        "healthBase":220,
        "magickaModified":126,
        "magickaBase":126,
        "fatigueCurrent":371
      },
      "inventory":[{
          "refId":"ingred_ash_salts_01",
          "count":3,
          "charge":-1,
          "enchantmentCharge":-1,
          "soul":""
        }]
    },
    "88971-0":{
      "refId":"dreamer_f_01",
      "location":{
        "posX":-1379.9737548828,
        "posZ":-1112.4333496094,
        "posY":-929.70709228516,
        "rotX":0.051361121237278,
        "rotY":0,
        "rotZ":1.6348125934601
      },
      "stats":{
        "healthCurrent":35,
        "magickaCurrent":80,
        "healthModified":35,
        "fatigueBase":150,
        "fatigueModified":150,
        "healthBase":35,
        "magickaModified":80,
        "magickaBase":80,
        "fatigueCurrent":150
      },
      "equipment":{
        "16":{
          "refId":"iron club",
          "count":1,
          "charge":-1,
          "enchantmentCharge":-1
        }
      },
      "inventory":[{
          "refId":"ingred_6th_corprusmeat_04",
          "count":1,
          "charge":-1,
          "enchantmentCharge":-1,
          "soul":""
        },{
          "refId":"iron club",
          "count":1,
          "charge":-1,
          "enchantmentCharge":-1,
          "soul":""
        }]
    },
    "0-2945":{
      "refId":"corprus_lame",
      "location":{
        "posX":1243.2912597656,
        "posZ":-891.19219970703,
        "posY":-2613.2846679688,
        "rotX":-0.28431406617165,
        "rotY":0,
        "rotZ":3.1245901584625
      },
      "stats":{
        "healthCurrent":0,
        "magickaCurrent":160,
        "healthModified":90,
        "fatigueBase":370,
        "fatigueModified":370,
        "healthBase":90,
        "magickaModified":160,
        "magickaBase":160,
        "fatigueCurrent":370
      },
      "inventory":[{
          "refId":"ingred_corprus_weepings_01",
          "count":1,
          "charge":-1,
          "enchantmentCharge":-1,
          "soul":""
        }],
      "killer":{
        "player":"Fendryn"
      }
    },
    "0-2948":{
      "refId":"ash_ghoul",
      "location":{
        "posX":-4091.9443359375,
        "posZ":-1319.5786132813,
        "posY":320.12640380859,
        "rotX":0.022967981174588,
        "rotY":0,
        "rotZ":-3.0841886997223
      },
      "stats":{
        "healthCurrent":220,
        "magickaCurrent":160,
        "healthModified":220,
        "fatigueBase":379,
        "fatigueModified":379,
        "healthBase":220,
        "magickaModified":160,
        "magickaBase":160,
        "fatigueCurrent":379
      }
    },
    "0-2944":{
      "refId":"ash_slave",
      "location":{
        "posX":1087.533203125,
        "posZ":-754.97137451172,
        "posY":-3197.0932617188,
        "rotX":0.068522557616234,
        "rotY":0,
        "rotZ":3.0515835285187
      },
      "stats":{
        "healthCurrent":0,
        "magickaCurrent":2.6315789222717,
        "healthModified":60,
        "fatigueBase":380,
        "fatigueModified":380,
        "healthBase":60,
        "magickaModified":200,
        "magickaBase":200,
        "fatigueCurrent":380
      },
      "inventory":[],
      "killer":{
        "player":"Fendryn"
      }
    },
    "277297-0":{
      "refId":"dreamer_04",
      "location":{
        "posX":-3029.4204101563,
        "posZ":-1311.8116455078,
        "posY":-878.0087890625,
        "rotX":0.20424124598503,
        "rotY":0,
        "rotZ":0.22984099388123
      },
      "stats":{
        "healthCurrent":45,
        "magickaCurrent":20,
        "healthModified":45,
        "fatigueBase":178,
        "fatigueModified":178,
        "healthBase":45,
        "magickaModified":20,
        "magickaBase":20,